# This file uses centimeters as units for non-parametric coordinates.

mtllib Ribcage_low.mtl
g default
v 0.000000 0.791793 0.064922
v 0.000000 0.818601 0.039930
v -0.026797 0.814213 0.029500
v -0.035170 0.780104 0.036653
v 0.035170 0.780104 0.036653
v 0.026797 0.814213 0.029500
v 0.020004 0.801836 0.013904
v 0.047212 0.809305 0.025218
v 0.046719 0.804973 0.017902
v -0.046719 0.804973 0.017902
v -0.047212 0.809305 0.025218
v -0.020004 0.801836 0.013904
v 0.053668 0.779752 0.033766
v -0.053668 0.779752 0.033766
v 0.009040 0.821095 0.009581
v 0.017114 0.832198 0.018090
v -0.017114 0.832198 0.018090
v -0.009040 0.821095 0.009581
v 0.000000 0.832432 0.025267
v 0.000000 0.803979 0.013112
v 0.000000 0.820282 0.008509
v 0.006555 0.839752 0.011966
v 0.000000 0.840559 0.013338
v -0.006555 0.839752 0.011966
v 0.006862 0.833818 0.007524
v -0.006862 0.833818 0.007524
v 0.000000 0.834186 0.006591
v 0.013861 0.812017 0.013128
v 0.022318 0.823963 0.023507
v 0.000000 0.825647 0.032066
v -0.022318 0.823963 0.023507
v -0.013861 0.812017 0.013128
v 0.000000 0.812739 0.011288
v 0.000000 0.771509 0.018533
v -0.030014 0.772117 0.027846
v 0.030014 0.772117 0.027846
v -0.051617 0.777407 0.028239
v 0.051617 0.777407 0.028239
v 0.072411 0.734663 0.079130
v 0.042080 0.736364 0.077394
v 0.045312 0.710428 0.095712
v 0.066873 0.709277 0.089802
v -0.066873 0.709277 0.089802
v -0.045312 0.710428 0.095712
v -0.042080 0.736364 0.077394
v -0.072411 0.734663 0.079130
v 0.000000 0.743185 0.089682
v 0.000000 0.715998 0.105147
v 0.041513 0.731549 0.066678
v 0.067308 0.732756 0.066707
v -0.067308 0.732756 0.066707
v -0.041513 0.731549 0.066678
v 0.068531 0.704003 0.081864
v 0.041108 0.701227 0.083384
v -0.041108 0.701227 0.083384
v -0.068531 0.704003 0.081864
v 0.000000 0.699966 0.079561
v 0.000000 0.725106 0.055044
v 0.000000 0.747057 0.034165
v 0.035162 0.752432 0.047314
v 0.039527 0.758571 0.054303
v 0.000000 0.769339 0.073657
v -0.039527 0.758571 0.054303
v -0.035162 0.752432 0.047314
v -0.048865 0.653331 0.118445
v -0.097374 0.633236 0.119010
v -0.098715 0.589397 0.143103
v -0.053768 0.582026 0.159689
v 0.053768 0.582026 0.159689
v 0.098715 0.589397 0.143103
v 0.097374 0.633236 0.119010
v 0.048865 0.653331 0.118445
v 0.000000 0.658666 0.139362
v 0.000000 0.590561 0.177579
v -0.095740 0.629287 0.103541
v -0.044031 0.647293 0.105021
v 0.044031 0.647293 0.105021
v 0.095740 0.629287 0.103541
v -0.053560 0.573194 0.146937
v -0.087858 0.568180 0.138516
v 0.087858 0.568180 0.138516
v 0.053560 0.573194 0.146937
v 0.000000 0.641287 0.097906
v 0.000000 0.570443 0.132177
v 0.000000 0.682751 0.119418
v -0.044274 0.679837 0.108131
v -0.038885 0.673775 0.097933
v 0.000000 0.668202 0.088523
v 0.038885 0.673775 0.097933
v 0.044274 0.679837 0.108131
v -0.091502 0.469932 0.171070
v -0.051480 0.481492 0.186511
v -0.056837 0.541591 0.158714
v -0.091603 0.518181 0.150616
v 0.091603 0.518181 0.150616
v 0.056837 0.541591 0.158714
v 0.051480 0.481492 0.186511
v 0.091502 0.469932 0.171070
v 0.000000 0.546998 0.183991
v 0.000000 0.481235 0.200560
v -0.087740 0.507658 0.138087
v -0.055894 0.527270 0.140910
v 0.055894 0.527270 0.140910
v 0.087740 0.507658 0.138087
v 0.000000 0.466321 0.160547
v -0.043094 0.465763 0.174899
v 0.000000 0.534654 0.140942
v 0.043094 0.465763 0.174899
v -0.087982 0.454590 0.159545
v 0.087982 0.454590 0.159545
v 0.000000 0.566856 0.179759
v -0.055436 0.560232 0.159163
v -0.050497 0.555219 0.150415
v 0.000000 0.556887 0.137169
v 0.050497 0.555219 0.150415
v 0.055436 0.560232 0.159163
v 0.000000 0.427144 0.218020
v -0.044119 0.425887 0.201353
v 0.044119 0.425887 0.201353
v -0.041843 0.430403 0.175075
v -0.102020 0.393044 0.153673
v -0.109351 0.384269 0.170732
v 0.109351 0.384269 0.170732
v 0.102020 0.393044 0.153673
v 0.041843 0.430403 0.175075
v -0.111988 0.362333 0.179798
v -0.049244 0.389481 0.199167
v 0.049244 0.389481 0.199167
v 0.111988 0.362333 0.179798
v -0.049348 0.374131 0.186791
v -0.106205 0.350028 0.165382
v 0.106205 0.350028 0.165382
v 0.049348 0.374131 0.186791
v 0.000000 0.423666 0.168378
v 0.000000 0.383479 0.176952
v 0.000000 0.389347 0.222066
v 0.000000 0.453468 0.210633
v -0.044241 0.446559 0.196536
v -0.038237 0.441219 0.181859
v 0.000000 0.439240 0.167954
v 0.038237 0.441219 0.181859
v 0.044241 0.446559 0.196536
v 0.036156 0.297727 0.202583
v 0.042195 0.339245 0.202975
v 0.000000 0.335442 0.224263
v 0.000000 0.300269 0.222780
v -0.042195 0.339245 0.202975
v -0.036156 0.297727 0.202583
v 0.063828 0.284493 0.195419
v 0.069150 0.306919 0.195622
v -0.069150 0.306919 0.195622
v -0.063828 0.284493 0.195419
v 0.060530 0.308629 0.177312
v 0.040094 0.342161 0.179788
v -0.040094 0.342161 0.179788
v -0.060530 0.308629 0.177312
v 0.060570 0.287936 0.187480
v 0.034933 0.298560 0.190289
v -0.034933 0.298560 0.190289
v -0.060570 0.287936 0.187480
v 0.000000 0.302282 0.177788
v 0.000000 0.340298 0.177860
v 0.000000 0.363193 0.178146
v 0.040219 0.359277 0.187185
v 0.044291 0.359544 0.199588
v 0.000000 0.360900 0.219951
v -0.044291 0.359544 0.199588
v -0.040219 0.359277 0.187185
v 0.031599 0.275051 0.202762
v 0.000000 0.277706 0.220032
v -0.031599 0.275051 0.202762
v 0.000000 0.230735 0.211377
v 0.018983 0.235647 0.204790
v -0.018983 0.235647 0.204790
v 0.048110 0.256784 0.194729
v 0.044145 0.230037 0.201429
v -0.044145 0.230037 0.201429
v -0.048110 0.256784 0.194729
v 0.000000 0.220334 0.203852
v -0.013113 0.225189 0.199988
v 0.013113 0.225189 0.199988
v -0.012478 0.225696 0.191559
v 0.000000 0.220509 0.188598
v 0.012478 0.225696 0.191559
v -0.022719 0.238129 0.195360
v 0.000000 0.240353 0.181564
v 0.022719 0.238129 0.195360
v -0.047436 0.257398 0.184660
v -0.027928 0.273875 0.188253
v 0.027928 0.273875 0.188253
v 0.047436 0.257398 0.184660
v -0.041862 0.234167 0.195497
v 0.041862 0.234167 0.195497
v 0.000000 0.275410 0.178559
v 0.069315 0.211340 0.192405
v 0.080212 0.233931 0.184321
v -0.080212 0.233931 0.184321
v -0.069315 0.211340 0.192405
v 0.077292 0.235897 0.174017
v 0.067060 0.212250 0.187475
v -0.067060 0.212250 0.187475
v -0.077292 0.235897 0.174017
v 0.086654 0.259895 0.184644
v 0.082928 0.259736 0.176635
v -0.082928 0.259736 0.176635
v -0.086654 0.259895 0.184644
v 0.057550 0.224809 0.199089
v 0.064662 0.247348 0.189553
v 0.063218 0.247901 0.178666
v 0.055481 0.226120 0.192421
v -0.057550 0.224809 0.199089
v -0.064662 0.247348 0.189553
v -0.063218 0.247901 0.178666
v -0.055481 0.226120 0.192421
v 0.039052 0.265415 0.197465
v 0.031768 0.230271 0.204898
v 0.032307 0.236026 0.195279
v 0.038022 0.265977 0.186091
v -0.039052 0.265415 0.197465
v -0.031768 0.230271 0.204898
v -0.032307 0.236026 0.195279
v -0.038022 0.265977 0.186091
v 0.094224 0.216326 0.167494
v 0.117194 0.254547 0.172191
v -0.117194 0.254547 0.172191
v -0.094224 0.216326 0.167494
v 0.076228 0.270368 0.184754
v 0.075263 0.270863 0.177120
v -0.075263 0.270863 0.177120
v -0.076228 0.270368 0.184754
v 0.090505 0.293725 0.188077
v -0.090505 0.293725 0.188077
v 0.107795 0.283109 0.182907
v -0.107795 0.283109 0.182907
v 0.079246 0.291231 0.172897
v -0.079246 0.291231 0.172897
v 0.093676 0.282098 0.166788
v -0.093676 0.282098 0.166788
v 0.119124 0.260790 0.158890
v 0.095511 0.218001 0.153770
v -0.095511 0.218001 0.153770
v -0.119124 0.260790 0.158890
v 0.085919 0.242414 0.183731
v 0.084858 0.243960 0.175594
v 0.098769 0.236924 0.158145
v 0.097718 0.234731 0.172334
v -0.085919 0.242414 0.183731
v -0.084858 0.243960 0.175594
v -0.098769 0.236924 0.158145
v -0.097718 0.234731 0.172334
v 0.127074 0.275063 0.147223
v -0.127074 0.275063 0.147223
v 0.085756 0.250886 0.176484
v 0.088473 0.250158 0.184401
v 0.104799 0.243038 0.173059
v 0.103187 0.246770 0.158600
v -0.085756 0.250886 0.176484
v -0.088473 0.250158 0.184401
v -0.104799 0.243038 0.173059
v -0.103187 0.246770 0.158600
v 0.138183 0.271960 0.169226
v -0.138183 0.271960 0.169226
v 0.154555 0.251708 0.134403
v 0.158842 0.240094 0.155761
v -0.158842 0.240094 0.155761
v -0.154555 0.251708 0.134403
v 0.159773 0.265101 0.128301
v -0.159773 0.265101 0.128301
v 0.171602 0.259804 0.148939
v -0.171602 0.259804 0.148939
v 0.073111 0.193421 0.179308
v -0.073111 0.193421 0.179308
v 0.083171 0.193020 0.189615
v -0.083171 0.193020 0.189615
v 0.116985 0.197571 0.157562
v 0.110097 0.201708 0.146015
v -0.110097 0.201708 0.146015
v -0.116985 0.197571 0.157562
v -0.086291 0.209418 0.161476
v -0.072843 0.226367 0.173852
v -0.059491 0.241673 0.181091
v -0.047212 0.249414 0.185080
v -0.036313 0.255529 0.185833
v -0.027617 0.260331 0.187362
v 0.000000 0.258975 0.178600
v 0.027617 0.260331 0.187362
v 0.036313 0.255529 0.185833
v 0.047212 0.249414 0.185080
v 0.059491 0.241673 0.181091
v 0.072843 0.226367 0.173852
v 0.086291 0.209418 0.161476
v 0.099018 0.185738 0.155574
v -0.099018 0.185738 0.155574
v 0.083380 0.237106 0.183699
v 0.082200 0.239590 0.175653
v 0.095564 0.226345 0.157396
v 0.094560 0.227841 0.169987
v -0.083380 0.237106 0.183699
v -0.082200 0.239590 0.175653
v -0.095564 0.226345 0.157396
v -0.094560 0.227841 0.169987
v 0.079688 0.172151 0.170857
v -0.079688 0.172151 0.170857
v 0.086733 0.169081 0.183021
v -0.086733 0.169081 0.183021
v 0.108502 0.182969 0.164741
v 0.092098 0.204153 0.175747
v 0.077807 0.226686 0.191628
v 0.063834 0.239967 0.196998
v 0.048224 0.248175 0.201810
v 0.036284 0.254778 0.204858
v 0.022750 0.259532 0.212288
v 0.000000 0.261523 0.219531
v -0.022750 0.259532 0.212288
v -0.036284 0.254778 0.204858
v -0.048224 0.248175 0.201810
v -0.063834 0.239967 0.196998
v -0.077807 0.226686 0.191628
v -0.092098 0.204153 0.175747
v -0.108502 0.182969 0.164741
v 0.148550 0.165647 0.152069
v 0.150194 0.180830 0.146610
v -0.150194 0.180830 0.146610
v -0.148550 0.165647 0.152069
v 0.143327 0.178338 0.128561
v -0.143327 0.178338 0.128561
v 0.142885 0.160333 0.131746
v -0.142885 0.160333 0.131746
v 0.127873 0.142180 0.139684
v 0.118318 0.146594 0.137334
v 0.103871 0.171055 0.148505
v 0.103843 0.173745 0.158808
v -0.103843 0.173745 0.158808
v -0.103871 0.171055 0.148505
v -0.118318 0.146594 0.137334
v -0.127873 0.142180 0.139684
v 0.097125 0.151003 0.174649
v 0.110679 0.131278 0.165233
v -0.110679 0.131278 0.165233
v -0.097125 0.151003 0.174649
v 0.091523 0.148625 0.165329
v 0.106739 0.129958 0.156855
v -0.106739 0.129958 0.156855
v -0.091523 0.148625 0.165329
v 0.122247 0.135922 0.159461
v 0.103536 0.160984 0.168662
v 0.093854 0.177303 0.175879
v 0.087092 0.197235 0.185377
v 0.073038 0.216892 0.197424
v 0.060298 0.226636 0.202561
v 0.048522 0.238035 0.208204
v 0.033325 0.241117 0.209499
v 0.018098 0.241392 0.210131
v 0.000000 0.239320 0.215712
v -0.018098 0.241392 0.210131
v -0.033325 0.241117 0.209499
v -0.048522 0.238035 0.208204
v -0.060298 0.226636 0.202561
v -0.073038 0.216892 0.197424
v -0.087092 0.197235 0.185377
v -0.093854 0.177303 0.175879
v -0.103536 0.160984 0.168662
v -0.122247 0.135922 0.159461
v 0.117486 0.100992 0.155454
v 0.129682 0.106993 0.144796
v -0.129682 0.106993 0.144796
v -0.117486 0.100992 0.155454
v 0.115677 0.099055 0.151056
v -0.115677 0.099055 0.151056
v -0.109614 0.133122 0.146556
v -0.094522 0.154997 0.155809
v -0.076253 0.198716 0.173188
v -0.067151 0.217108 0.182075
v -0.056591 0.229555 0.188887
v -0.043689 0.239698 0.194337
v -0.033853 0.243316 0.191776
v -0.026344 0.246697 0.190905
v 0.000000 0.249314 0.179962
v 0.026344 0.246697 0.190905
v 0.033853 0.243316 0.191776
v 0.043689 0.239698 0.194337
v 0.056591 0.229555 0.188887
v 0.067151 0.217108 0.182075
v 0.076253 0.198716 0.173188
v 0.094522 0.154997 0.155809
v 0.109614 0.133122 0.146556
v 0.127453 0.102168 0.135744
v -0.125408 0.108312 0.137856
v 0.138552 0.125349 0.123020
v -0.138552 0.125349 0.123020
v 0.145376 0.121335 0.133657
v -0.145376 0.121335 0.133657
v 0.128803 0.079213 0.148885
v 0.135114 0.089617 0.137457
v -0.135114 0.089617 0.137457
v -0.128803 0.079213 0.148885
v 0.137170 0.117247 0.154033
v 0.118580 0.113142 0.159335
v 0.113107 0.114644 0.151501
v 0.118873 0.119126 0.141467
v 0.128509 0.133986 0.130090
v 0.135007 0.132705 0.136531
v -0.137170 0.117247 0.154033
v -0.118580 0.113142 0.159335
v -0.113107 0.114644 0.151501
v -0.118873 0.119126 0.141467
v -0.128509 0.133986 0.130090
v -0.135007 0.132705 0.136531
v 0.132450 0.089107 0.129879
v -0.132450 0.089107 0.129879
v 0.341883 0.094011 -0.138308
v 0.323851 0.118855 -0.141265
v -0.323851 0.118855 -0.141265
v -0.341883 0.094011 -0.138308
v 0.316895 0.114113 -0.141504
v -0.316895 0.114113 -0.141504
v 0.331356 0.093159 -0.137813
v -0.331356 0.093159 -0.137813
v 0.123169 0.078515 0.142372
v -0.123169 0.078515 0.142372
v 0.169536 0.050494 0.108364
v 0.160090 0.032300 0.123979
v -0.160090 0.032300 0.123979
v -0.169536 0.050494 0.108364
v 0.166810 0.035022 0.126141
v -0.166810 0.035022 0.126141
v 0.175442 0.048487 0.113980
v -0.175442 0.048487 0.113980
v 0.149863 0.069123 0.120411
v 0.140689 0.053121 0.133646
v 0.147812 0.057741 0.138946
v 0.152422 0.067724 0.125864
v -0.149863 0.069123 0.120411
v -0.140689 0.053121 0.133646
v -0.147812 0.057741 0.138946
v -0.152422 0.067724 0.125864
v 0.151119 0.039868 0.128347
v 0.159987 0.059536 0.114211
v 0.163232 0.057369 0.120215
v 0.157309 0.046102 0.131897
v -0.151119 0.039868 0.128347
v -0.159987 0.059536 0.114211
v -0.163232 0.057369 0.120215
v -0.157309 0.046102 0.131897
v 0.141428 0.077776 0.125097
v 0.131847 0.064102 0.137885
v 0.139251 0.067553 0.143784
v 0.143010 0.077481 0.130459
v -0.141428 0.077776 0.125097
v -0.131847 0.064102 0.137885
v -0.139251 0.067553 0.143784
v -0.143010 0.077481 0.130459
v 0.197947 0.037145 0.099735
v 0.188553 0.020327 0.100486
v -0.188553 0.020327 0.100486
v -0.197947 0.037145 0.099735
v 0.165695 0.018856 0.116045
v 0.183525 0.011596 0.098205
v -0.183525 0.011596 0.098205
v -0.165695 0.018856 0.116045
v 0.194918 0.018541 0.111055
v 0.201638 0.034251 0.109100
v -0.201638 0.034251 0.109100
v -0.194918 0.018541 0.111055
v 0.188317 0.008924 0.103164
v 0.167664 0.016797 0.120070
v -0.167664 0.016797 0.120070
v -0.188317 0.008924 0.103164
v 0.214175 0.010586 0.087190
v 0.222163 0.006278 0.097763
v -0.222163 0.006278 0.097763
v -0.214175 0.010586 0.087190
v 0.225952 0.020119 0.099092
v -0.225952 0.020119 0.099092
v 0.222212 0.022869 0.086412
v -0.222212 0.022869 0.086412
v 0.187038 -0.021606 0.084360
v 0.191972 -0.019667 0.094317
v -0.191972 -0.019667 0.094317
v -0.187038 -0.021606 0.084360
v 0.199203 -0.012874 0.090796
v -0.199203 -0.012874 0.090796
v 0.193473 -0.010689 0.077023
v -0.193473 -0.010689 0.077023
v 0.173920 0.004740 0.106138
v 0.174986 0.001553 0.110223
v 0.189984 0.000798 0.099626
v 0.185818 0.004092 0.091714
v -0.173920 0.004740 0.106138
v -0.174986 0.001553 0.110223
v -0.189984 0.000798 0.099626
v -0.185818 0.004092 0.091714
v 0.211069 0.011309 0.103803
v 0.203451 0.015379 0.093761
v 0.210556 0.028737 0.091604
v 0.215250 0.026475 0.103577
v -0.211069 0.011309 0.103803
v -0.203451 0.015379 0.093761
v -0.210556 0.028737 0.091604
v -0.215250 0.026475 0.103577
v 0.194790 0.092767 0.110848
v 0.184531 0.084133 0.126740
v 0.174805 0.089946 0.107909
v 0.182607 0.100375 0.097339
v -0.194790 0.092767 0.110848
v -0.184531 0.084133 0.126740
v -0.174805 0.089946 0.107909
v -0.182607 0.100375 0.097339
v 0.251033 0.082538 0.078809
v 0.245056 0.059290 0.098160
v 0.232457 0.066339 0.085596
v 0.234175 0.081738 0.062985
v -0.251033 0.082538 0.078809
v -0.245056 0.059290 0.098160
v -0.232457 0.066339 0.085596
v -0.234175 0.081738 0.062985
v 0.208690 0.072644 0.116738
v 0.219397 0.086363 0.100627
v 0.204324 0.089459 0.089168
v 0.197488 0.078398 0.098542
v -0.208690 0.072644 0.116738
v -0.219397 0.086363 0.100627
v -0.204324 0.089459 0.089168
v -0.197488 0.078398 0.098542
v 0.156139 0.096325 0.136390
v 0.167153 0.109277 0.120750
v 0.157756 0.114930 0.110363
v 0.150281 0.100424 0.123004
v -0.156139 0.096325 0.136390
v -0.167153 0.109277 0.120750
v -0.157756 0.114930 0.110363
v -0.150281 0.100424 0.123004
v 0.272159 0.073454 0.055907
v 0.271392 0.042113 0.068624
v 0.248203 0.054174 0.053562
v 0.250467 0.074886 0.039358
v -0.272159 0.073454 0.055907
v -0.271392 0.042113 0.068624
v -0.248203 0.054174 0.053562
v -0.250467 0.074886 0.039358
v 0.300884 0.068556 -0.030181
v 0.308471 0.048538 -0.022915
v 0.289854 0.055090 -0.032798
v 0.290481 0.069639 -0.041293
v -0.300884 0.068556 -0.030181
v -0.308471 0.048538 -0.022915
v -0.289854 0.055090 -0.032798
v -0.295891 0.074541 -0.047848
v 0.287307 0.039751 0.023684
v 0.285150 0.063899 0.012181
v 0.271627 0.064891 0.002170
v 0.272523 0.050244 0.003369
v -0.287307 0.039751 0.023684
v -0.285150 0.063899 0.012181
v -0.271627 0.064891 0.002170
v -0.272523 0.050244 0.003369
v 0.327332 0.092338 -0.089198
v 0.342652 0.071746 -0.091156
v 0.321492 0.073648 -0.091972
v 0.318217 0.088431 -0.091585
v -0.327332 0.092338 -0.089198
v -0.342652 0.071746 -0.091156
v -0.321492 0.073648 -0.091972
v -0.318217 0.088431 -0.091585
v 0.327907 0.063716 -0.059857
v 0.317027 0.081732 -0.063611
v 0.309553 0.082243 -0.073505
v 0.308058 0.063901 -0.065028
v -0.327907 0.063716 -0.059857
v -0.317027 0.081732 -0.063611
v -0.309553 0.082243 -0.073505
v -0.308058 0.063901 -0.065028
v 0.334377 0.102209 -0.114297
v 0.345307 0.081426 -0.116619
v 0.329463 0.084094 -0.114723
v 0.323725 0.096370 -0.110700
v -0.334377 0.102209 -0.114297
v -0.345307 0.081426 -0.116619
v -0.329463 0.084094 -0.114723
v -0.323725 0.096370 -0.110700
v 0.328355 0.111017 -0.130432
v 0.344521 0.089039 -0.130631
v 0.331179 0.090730 -0.129502
v 0.323947 0.105472 -0.128503
v -0.328355 0.111017 -0.130432
v -0.344521 0.089039 -0.130631
v -0.331179 0.090730 -0.129502
v -0.323947 0.105472 -0.128503
v -0.060087 0.235308 0.186701
v -0.070294 0.220497 0.178903
v -0.079783 0.202791 0.170162
v -0.099845 0.162380 0.150138
v -0.113347 0.142113 0.141041
v -0.124921 0.128163 0.132828
v -0.133934 0.117730 0.127592
v -0.152924 0.109376 0.114933
v -0.177793 0.096478 0.100267
v -0.195693 0.087993 0.092551
v -0.233421 0.076944 0.078554
v -0.244574 0.063816 0.046558
v -0.270532 0.060263 -0.000209
v -0.287752 0.064735 -0.035882
v -0.305311 0.073201 -0.067183
v -0.318345 0.082007 -0.091954
v -0.325767 0.091402 -0.114101
v -0.325870 0.098757 -0.129297
v -0.323303 0.105526 -0.138714
v -0.330730 0.110054 -0.139564
v -0.336919 0.104628 -0.130392
v -0.341977 0.097150 -0.115143
v -0.339103 0.087099 -0.090703
v -0.325879 0.072968 -0.061234
v -0.308868 0.059159 -0.024575
v -0.294825 0.054311 0.021549
v -0.283055 0.060711 0.065135
v -0.255633 0.075695 0.093230
v -0.212313 0.085778 0.110925
v -0.191812 0.093339 0.118203
v -0.164119 0.107190 0.132406
v -0.142599 0.119386 0.140125
v -0.135188 0.126305 0.142951
v -0.127015 0.137462 0.147577
v -0.103540 0.169728 0.163036
v -0.095252 0.183592 0.172134
v -0.090076 0.201749 0.179400
v -0.076679 0.223573 0.195217
v -0.063585 0.234628 0.201240
v -0.048594 0.241699 0.204654
v -0.034233 0.246521 0.207120
v -0.019520 0.249073 0.212239
v 0.000000 0.249460 0.218492
v 0.019520 0.249073 0.212239
v 0.034233 0.246521 0.207120
v 0.048594 0.241699 0.204654
v 0.063585 0.234628 0.201240
v 0.076679 0.223573 0.195217
v 0.090076 0.201749 0.179400
v 0.095252 0.183592 0.172134
v 0.103540 0.169728 0.163036
v 0.127015 0.137462 0.147577
v 0.135188 0.126305 0.142951
v 0.142599 0.119386 0.140125
v 0.164119 0.107190 0.132406
v 0.191812 0.093339 0.118203
v 0.212313 0.085778 0.110925
v 0.255633 0.075695 0.093230
v 0.283055 0.060711 0.065135
v 0.294825 0.054311 0.021549
v 0.308868 0.059159 -0.024575
v 0.325879 0.072968 -0.061234
v 0.339103 0.087099 -0.090703
v 0.341977 0.097150 -0.115143
v 0.336919 0.104628 -0.130392
v 0.330730 0.110054 -0.139564
v 0.323303 0.105526 -0.138714
v 0.325870 0.098757 -0.129297
v 0.325767 0.091402 -0.114101
v 0.318345 0.082007 -0.091954
v 0.305311 0.073201 -0.067183
v 0.287752 0.064735 -0.035882
v 0.270532 0.060263 -0.000209
v 0.244574 0.063816 0.046558
v 0.233421 0.076944 0.078554
v 0.195693 0.087993 0.092551
v 0.177793 0.096478 0.100267
v 0.152924 0.109376 0.114933
v 0.133934 0.117730 0.127592
v 0.124921 0.128163 0.132828
v 0.113347 0.142113 0.141041
v 0.099845 0.162380 0.150138
v 0.079783 0.202791 0.170162
v 0.070294 0.220497 0.178903
v 0.060087 0.235308 0.186701
v 0.047462 0.244579 0.189773
v 0.036246 0.248804 0.189616
v 0.027374 0.251520 0.188893
v 0.000000 0.252992 0.179423
v -0.027374 0.251520 0.188893
v -0.036246 0.248804 0.189616
v -0.047462 0.244579 0.189773
v 0.128108 0.107618 0.140097
v 0.151912 0.096804 0.127849
v 0.176684 0.084128 0.117039
v 0.203885 0.071186 0.110287
v 0.241678 0.058854 0.094208
v 0.256149 0.046113 0.062446
v 0.279065 0.040048 0.016359
v 0.297689 0.045904 -0.029505
v 0.318187 0.056772 -0.064786
v 0.333892 0.066923 -0.093745
v 0.338571 0.077664 -0.114436
v 0.338202 0.085104 -0.129179
v 0.338162 0.092532 -0.136884
v 0.326214 0.106365 -0.139160
v 0.319434 0.115781 -0.141794
v 0.326001 0.106732 -0.128452
v 0.326492 0.100643 -0.111238
v 0.320432 0.091670 -0.090296
v 0.311454 0.084143 -0.069551
v 0.293792 0.071829 -0.036691
v 0.279362 0.065823 0.007713
v 0.263237 0.076362 0.047416
v 0.243071 0.084436 0.072226
v 0.210588 0.091305 0.093003
v 0.187453 0.100189 0.100469
v 0.162871 0.115195 0.114696
v 0.143702 0.126974 0.128885
v 0.133809 0.136097 0.133148
v 0.121879 0.147392 0.136586
v 0.105093 0.174011 0.152246
v 0.101709 0.184160 0.159987
v 0.146989 0.153972 0.144743
v -0.128108 0.107618 0.140097
v -0.127453 0.102168 0.135744
v -0.176684 0.084128 0.117039
v -0.203885 0.071186 0.110287
v -0.241678 0.058854 0.094208
v -0.256149 0.046113 0.062446
v -0.279065 0.040048 0.016359
v -0.297689 0.045904 -0.029505
v -0.318187 0.056772 -0.064786
v -0.333892 0.066923 -0.093745
v -0.338571 0.077664 -0.114436
v -0.338202 0.085104 -0.129179
v -0.338162 0.092532 -0.136884
v -0.326214 0.106365 -0.139160
v -0.319434 0.115781 -0.141794
v -0.326001 0.106732 -0.128452
v -0.326492 0.100643 -0.111238
v -0.320432 0.091670 -0.090296
v -0.311454 0.084143 -0.069551
v -0.290481 0.069639 -0.041293
v -0.279362 0.065823 0.007713
v -0.263237 0.076362 0.047416
v -0.243071 0.084436 0.072226
v -0.210588 0.091305 0.093003
v -0.187453 0.100189 0.100469
v -0.162871 0.115195 0.114696
v -0.143702 0.126974 0.128885
v -0.133809 0.136097 0.133148
v -0.121879 0.147392 0.136586
v -0.105093 0.174011 0.152246
v -0.101709 0.184160 0.159987
v -0.146989 0.153972 0.144743
v 0.258372 0.052874 0.085152
v 0.272409 0.068329 0.082064
v 0.265023 0.078378 0.067069
v 0.255096 0.080766 0.059080
v 0.243116 0.076935 0.049248
v 0.237628 0.066330 0.059183
v 0.241406 0.060476 0.069733
v 0.250821 0.054079 0.078193
v -0.258372 0.052874 0.085152
v -0.272409 0.068329 0.082064
v -0.265023 0.078378 0.067069
v -0.255096 0.080766 0.059080
v -0.243116 0.076935 0.049248
v -0.237628 0.066330 0.059183
v -0.241406 0.060476 0.069733
v -0.250821 0.054079 0.078193
v 0.083995 0.176372 0.164752
v -0.083995 0.176372 0.164752
v 0.089512 0.181860 0.159358
v -0.089512 0.181860 0.159358
v 0.235627 0.084556 0.091752
v 0.236419 0.080772 0.101435
v 0.228695 0.064529 0.106928
v 0.224542 0.063863 0.101399
v 0.216732 0.071714 0.091372
v 0.217257 0.081120 0.084724
v 0.223412 0.083898 0.083824
v 0.228087 0.086399 0.085653
v -0.235627 0.084556 0.091752
v -0.236419 0.080772 0.101435
v -0.228695 0.064529 0.106928
v -0.224542 0.063863 0.101399
v -0.216732 0.071714 0.091372
v -0.217257 0.081120 0.084724
v -0.223412 0.083898 0.083824
v -0.228087 0.086399 0.085653
v 0.278270 0.041092 0.049201
v 0.288142 0.057945 0.046297
v 0.277774 0.069324 0.037009
v 0.270206 0.071807 0.030257
v 0.259612 0.070566 0.023286
v 0.254517 0.061256 0.029792
v 0.259125 0.051637 0.033658
v 0.266053 0.043492 0.042527
v -0.278270 0.041092 0.049201
v -0.288142 0.057945 0.046297
v -0.277774 0.069324 0.037009
v -0.270206 0.071807 0.030257
v -0.259612 0.070566 0.023286
v -0.254517 0.061256 0.029792
v -0.259125 0.051637 0.033658
v -0.266053 0.043492 0.042527
v 0.239659 0.014417 0.076749
v 0.230543 0.000297 0.074245
v -0.230543 0.000297 0.074245
v -0.239659 0.014417 0.076749
v 0.260874 0.009768 0.024065
v 0.259637 -0.007956 0.021187
v -0.259637 -0.007956 0.021187
v -0.260874 0.009768 0.024065
v 0.237844 -0.002801 0.080939
v -0.237844 -0.002801 0.080939
v 0.246483 0.011738 0.079054
v -0.246483 0.011738 0.079054
v 0.222951 0.006084 0.081593
v 0.230667 0.018329 0.081907
v 0.235259 0.016213 0.092169
v 0.231571 0.001575 0.090740
v -0.222951 0.006084 0.081593
v -0.230667 0.018329 0.081907
v -0.235259 0.016213 0.092169
v -0.231571 0.001575 0.090740
v 0.237331 -0.006439 0.052880
v 0.247113 0.011117 0.057381
v -0.237331 -0.006439 0.052880
v -0.247113 0.011117 0.057381
v 0.247143 -0.010695 0.059048
v 0.257915 0.006452 0.060390
v -0.257915 0.006452 0.060390
v -0.247143 -0.010695 0.059048
v 0.263143 -0.011017 0.030390
v 0.266535 0.007071 0.028897
v -0.266535 0.007071 0.028897
v -0.263143 -0.011017 0.030390
v 0.302380 0.004558 -0.033439
v 0.301889 0.015551 -0.028205
v -0.301889 0.015551 -0.028205
v -0.302380 0.004558 -0.033439
v 0.320167 0.040239 -0.097617
v 0.319530 0.046138 -0.093345
v -0.319530 0.046138 -0.093345
v -0.320167 0.040239 -0.097617
v 0.323671 0.063544 -0.133709
v 0.327102 0.080372 -0.135521
v -0.327102 0.080372 -0.135521
v -0.323671 0.063544 -0.133709
v 0.290928 0.019294 -0.029890
v 0.290229 0.008295 -0.034042
v -0.290229 0.008295 -0.034042
v -0.290928 0.019294 -0.029890
v 0.301823 0.047996 -0.098408
v 0.305499 0.039589 -0.097343
v -0.305499 0.039589 -0.097343
v -0.301823 0.047996 -0.098408
v 0.311936 0.062888 -0.125802
v 0.311839 0.061204 -0.133580
v -0.311839 0.061204 -0.133580
v -0.311936 0.062888 -0.125802
v 0.243655 0.012672 0.066370
v 0.232354 -0.004752 0.062478
v 0.242730 -0.008773 0.069750
v 0.253010 0.009565 0.069142
v -0.243655 0.012672 0.066370
v -0.232354 -0.004752 0.062478
v -0.242730 -0.008773 0.069750
v -0.253010 0.009565 0.069142
v 0.287167 0.011848 -0.004794
v 0.287648 -0.004441 -0.006354
v 0.280545 -0.001088 -0.010815
v 0.277747 0.014135 -0.008936
v -0.287167 0.011848 -0.004794
v -0.287648 -0.004441 -0.006354
v -0.280545 -0.001088 -0.010815
v -0.277747 0.014135 -0.008936
v 0.310987 0.031388 -0.063599
v 0.314463 0.020216 -0.065940
v 0.301352 0.022985 -0.069394
v 0.298227 0.032551 -0.067543
v -0.310987 0.031388 -0.063599
v -0.314463 0.020216 -0.065940
v -0.301352 0.022985 -0.069394
v -0.298227 0.032551 -0.067543
v 0.248564 -0.007494 0.036031
v 0.252892 0.009331 0.039105
v 0.261843 0.006265 0.043742
v 0.255667 -0.011978 0.044202
v -0.248564 -0.007494 0.036031
v -0.252892 0.009331 0.039105
v -0.261843 0.006265 0.043742
v -0.255667 -0.011978 0.044202
v 0.323667 0.054969 -0.117430
v 0.324060 0.065547 -0.119896
v 0.306182 0.055730 -0.113981
v 0.308655 0.051068 -0.117537
v -0.323667 0.054969 -0.117430
v -0.324060 0.065547 -0.119896
v -0.306182 0.055730 -0.113981
v -0.308655 0.051068 -0.117537
v 0.264688 0.149239 0.071984
v 0.263708 0.143609 0.071024
v -0.263708 0.143609 0.071024
v -0.264688 0.149239 0.071984
v 0.182265 0.147264 0.110381
v 0.187984 0.162563 0.114580
v -0.182265 0.147264 0.110381
v -0.187984 0.162563 0.114580
v 0.185518 0.138621 0.121290
v -0.185518 0.138621 0.121290
v 0.192514 0.149307 0.132842
v -0.192514 0.149307 0.132842
v 0.195640 0.160651 0.131605
v -0.195640 0.160651 0.131605
v 0.148931 0.185525 0.139436
v 0.111252 0.202764 0.149758
v 0.096964 0.217933 0.157132
v 0.096587 0.225751 0.160123
v 0.099948 0.234066 0.162673
v 0.106567 0.242334 0.164709
v 0.115144 0.253336 0.164461
v 0.154973 0.238486 0.140949
v -0.148931 0.185525 0.139436
v -0.111252 0.202764 0.149758
v -0.096964 0.217933 0.157132
v -0.096587 0.225751 0.160123
v -0.099948 0.234066 0.162673
v -0.106567 0.242334 0.164709
v -0.115144 0.253336 0.164461
v -0.154973 0.238486 0.140949
v 0.087394 0.225976 0.177718
v 0.088970 0.232163 0.179527
v 0.091611 0.237489 0.180843
v 0.096516 0.245685 0.182048
v 0.107598 0.258519 0.179993
v 0.119506 0.277692 0.178244
v 0.108138 0.276946 0.159205
v 0.101321 0.264681 0.167325
v 0.096254 0.250585 0.170113
v 0.093085 0.239794 0.168997
v 0.088260 0.233312 0.166565
v 0.084881 0.226972 0.165723
v 0.078539 0.219309 0.168822
v 0.074193 0.213115 0.175214
v 0.070935 0.209445 0.178369
v 0.070028 0.204536 0.184082
v 0.073998 0.203023 0.192500
v 0.080558 0.207697 0.192914
v 0.083575 0.214261 0.187974
v 0.084157 0.217418 0.185209
v -0.087394 0.225976 0.177718
v -0.088970 0.232163 0.179527
v -0.091611 0.237489 0.180843
v -0.096516 0.245685 0.182048
v -0.107598 0.258519 0.179993
v -0.119506 0.277692 0.178244
v -0.108138 0.276946 0.159205
v -0.101321 0.264681 0.167325
v -0.096254 0.250585 0.170113
v -0.093085 0.239794 0.168997
v -0.088260 0.233312 0.166565
v -0.084881 0.226972 0.165723
v -0.078539 0.219309 0.168822
v -0.074193 0.213115 0.175214
v -0.070935 0.209445 0.178369
v -0.070028 0.204536 0.184082
v -0.073998 0.203023 0.192500
v -0.080558 0.207697 0.192914
v -0.083575 0.214261 0.187974
v -0.084157 0.217418 0.185209
v 0.196331 0.164262 0.124885
v -0.196331 0.164262 0.124885
v 0.223247 0.141882 0.089697
v 0.228411 0.155270 0.096724
v -0.223247 0.141882 0.089697
v -0.228411 0.155270 0.096724
v 0.236402 0.138409 0.111305
v 0.243862 0.148725 0.110366
v -0.243862 0.148725 0.110366
v -0.236402 0.138409 0.111305
v 0.132794 0.189650 0.152387
v 0.127733 0.173939 0.160408
v 0.118430 0.171982 0.154924
v 0.114032 0.176682 0.151166
v 0.122158 0.195713 0.142238
v 0.123491 0.196591 0.145793
v -0.132794 0.189650 0.152387
v -0.127733 0.173939 0.160408
v -0.118430 0.171982 0.154924
v -0.114032 0.176682 0.151166
v -0.122158 0.195713 0.142238
v -0.123491 0.196591 0.145793
v 0.235777 0.157260 0.108400
v -0.235777 0.157260 0.108400
v 0.225968 0.134375 0.095402
v -0.225968 0.134375 0.095402
v 0.275374 0.129248 0.089181
v 0.278404 0.142333 0.091779
v -0.278404 0.142333 0.091779
v -0.275374 0.129248 0.089181
v 0.265185 0.135820 0.073444
v -0.265185 0.135820 0.073444
v 0.273641 0.148554 0.085737
v -0.273641 0.148554 0.085737
v 0.336308 0.140915 0.008796
v 0.339896 0.157320 0.005442
v -0.339896 0.157320 0.005442
v -0.336308 0.140915 0.008796
v 0.321449 0.158233 -0.000972
v 0.314546 0.147775 -0.000288
v -0.314546 0.147775 -0.000288
v -0.321449 0.158233 -0.000972
v 0.354238 0.172763 -0.056184
v 0.350273 0.165526 -0.059034
v -0.350273 0.165526 -0.059034
v -0.354238 0.172763 -0.056184
v 0.362710 0.159552 -0.058010
v 0.363752 0.169487 -0.056321
v -0.363752 0.169487 -0.056321
v -0.362710 0.159552 -0.058010
v 0.359084 0.177268 -0.122806
v 0.356628 0.185200 -0.121983
v -0.356628 0.185200 -0.121983
v -0.359084 0.177268 -0.122806
v 0.345127 0.186953 -0.117756
v 0.343066 0.178724 -0.119806
v -0.343066 0.178724 -0.119806
v -0.345127 0.186953 -0.117756
v 0.340221 0.203250 -0.154250
v 0.335216 0.193277 -0.154120
v -0.335216 0.193277 -0.154120
v -0.340221 0.203250 -0.154250
v 0.356525 0.193596 -0.154080
v 0.353441 0.204404 -0.155488
v -0.353441 0.204404 -0.155488
v -0.356525 0.193596 -0.154080
v 0.316047 0.147683 0.054638
v 0.312799 0.132623 0.054872
v -0.316047 0.147683 0.054638
v -0.312799 0.132623 0.054872
v 0.332225 0.164041 0.003923
v -0.332225 0.164041 0.003923
v 0.304841 0.162930 0.044386
v 0.291957 0.155007 0.034836
v 0.289619 0.143112 0.034072
v -0.304841 0.162930 0.044386
v -0.291957 0.155007 0.034836
v -0.289619 0.143112 0.034072
v 0.296347 0.132149 0.039304
v -0.296347 0.132149 0.039304
v 0.323769 0.136373 0.002181
v -0.323769 0.136373 0.002181
v 0.352775 0.161117 -0.059888
v -0.352775 0.161117 -0.059888
v 0.364514 0.164637 -0.094118
v 0.367734 0.177831 -0.091439
v -0.364514 0.164637 -0.094118
v -0.367734 0.177831 -0.091439
v 0.354128 0.179129 -0.088432
v 0.350201 0.171470 -0.090865
v -0.354128 0.179129 -0.088432
v -0.350201 0.171470 -0.090865
v 0.357063 0.166446 -0.095249
v -0.357063 0.166446 -0.095249
v 0.340741 0.164915 -0.028809
v 0.336556 0.157120 -0.029325
v 0.340795 0.150333 -0.029043
v 0.352822 0.151936 -0.024061
v 0.354730 0.162439 -0.023272
v -0.340741 0.164915 -0.028809
v -0.336556 0.157120 -0.029325
v -0.340795 0.150333 -0.029043
v -0.352822 0.151936 -0.024061
v -0.354730 0.162439 -0.023272
v 0.350829 0.176409 -0.123882
v -0.350829 0.176409 -0.123882
v 0.348436 0.187738 -0.152919
v -0.348436 0.187738 -0.152919
v 0.345055 0.168221 -0.026187
v -0.345055 0.168221 -0.026187
v 0.359540 0.175477 -0.055695
v -0.359540 0.175477 -0.055695
v 0.360398 0.183064 -0.092319
v -0.360398 0.183064 -0.092319
v 0.351302 0.190892 -0.119770
v -0.351302 0.190892 -0.119770
v 0.348687 0.210652 -0.156180
v -0.348687 0.210652 -0.156180
v 0.347338 0.198352 -0.155024
v -0.347338 0.198352 -0.155024
v 0.228170 -0.022049 0.039816
v 0.222995 -0.034915 0.041572
v -0.222995 -0.034915 0.041572
v -0.228170 -0.022049 0.039816
v 0.235663 -0.025973 0.046351
v -0.235663 -0.025973 0.046351
v 0.229997 -0.035784 0.047260
v -0.229997 -0.035784 0.047260
v 0.209660 -0.031102 0.058575
v 0.214539 -0.018613 0.054490
v 0.225488 -0.024682 0.062575
v 0.216963 -0.032645 0.064324
v -0.209660 -0.031102 0.058575
v -0.214539 -0.018613 0.054490
v -0.225488 -0.024682 0.062575
v -0.216963 -0.032645 0.064324
v 0.203624 -0.014917 0.066443
v 0.197123 -0.026677 0.071534
v 0.204220 -0.027145 0.080755
v 0.211325 -0.018933 0.076969
v -0.203624 -0.014917 0.066443
v -0.197123 -0.026677 0.071534
v -0.204220 -0.027145 0.080755
v -0.211325 -0.018933 0.076969
v 0.274052 -0.023953 -0.048747
v 0.280417 -0.024628 -0.042925
v -0.280417 -0.024628 -0.042925
v -0.274052 -0.023953 -0.048747
v 0.276592 -0.011893 -0.050343
v -0.276592 -0.011893 -0.050343
v 0.284365 -0.013626 -0.045672
v -0.284365 -0.013626 -0.045672
v 0.253895 -0.037114 0.007402
v 0.245116 -0.036610 0.003029
v 0.251011 -0.023278 0.000599
v 0.255877 -0.023249 0.004591
v -0.253895 -0.037114 0.007402
v -0.245116 -0.036610 0.003029
v -0.251011 -0.023278 0.000599
v -0.255877 -0.023249 0.004591
v 0.226645 -0.037432 0.029513
v 0.236833 -0.039175 0.036374
v 0.242095 -0.024586 0.034812
v 0.234644 -0.021707 0.028623
v -0.226645 -0.037432 0.029513
v -0.236833 -0.039175 0.036374
v -0.242095 -0.024586 0.034812
v -0.234644 -0.021707 0.028623
v 0.289380 0.022291 -0.128200
v 0.301582 0.022924 -0.127533
v -0.301582 0.022924 -0.127533
v -0.289380 0.022291 -0.128200
v 0.292470 0.038731 -0.130735
v -0.292470 0.038731 -0.130735
v 0.298001 0.038552 -0.130517
v -0.298001 0.038552 -0.130517
v 0.290639 -0.003008 -0.099052
v 0.298816 0.001285 -0.099027
v 0.297664 0.008569 -0.094433
v 0.291855 0.007976 -0.095739
v -0.290639 -0.003008 -0.099052
v -0.298816 0.001285 -0.099027
v -0.297664 0.008569 -0.094433
v -0.291855 0.007976 -0.095739
v 0.285912 -0.013760 -0.077435
v 0.291844 -0.011584 -0.074592
v 0.291900 -0.001145 -0.073526
v 0.285978 -0.001519 -0.076423
v -0.285912 -0.013760 -0.077435
v -0.291844 -0.011584 -0.074592
v -0.291900 -0.001145 -0.073526
v -0.285978 -0.001519 -0.076423
v 0.301778 0.015156 -0.118566
v 0.295004 0.012321 -0.121025
v 0.291578 0.024564 -0.121938
v 0.299928 0.024428 -0.118403
v -0.301778 0.015156 -0.118566
v -0.295004 0.012321 -0.121025
v -0.291578 0.024564 -0.121938
v -0.299928 0.024428 -0.118403
v 0.266486 -0.032359 -0.014699
v 0.259088 -0.032648 -0.019906
v 0.264029 -0.019370 -0.022589
v 0.268479 -0.020205 -0.018825
v -0.266486 -0.032359 -0.014699
v -0.259088 -0.032648 -0.019906
v -0.264029 -0.019370 -0.022589
v -0.268479 -0.020205 -0.018825
v 0.304820 0.128613 0.067394
v 0.308605 0.146242 0.069146
v 0.294559 0.160391 0.057468
v 0.282979 0.153834 0.045970
v 0.280133 0.142725 0.044090
v 0.285668 0.131725 0.048605
v -0.304820 0.128613 0.067394
v -0.308605 0.146242 0.069146
v -0.294559 0.160391 0.057468
v -0.282979 0.153834 0.045970
v -0.280133 0.142725 0.044090
v -0.285668 0.131725 0.048605
v 0.282784 0.223645 0.083475
v 0.284266 0.249391 0.090527
v -0.284266 0.249391 0.090527
v -0.282784 0.223645 0.083475
v 0.212471 0.224558 0.122912
v 0.216687 0.248810 0.124653
v -0.212471 0.224558 0.122912
v -0.216687 0.248810 0.124653
v 0.201987 0.253854 0.102034
v -0.201987 0.253854 0.102034
v 0.269168 0.249547 0.074417
v -0.269168 0.249547 0.074417
v 0.210692 0.223384 0.110779
v -0.210692 0.223384 0.110779
v 0.202776 0.239562 0.100729
v -0.202776 0.239562 0.100729
v 0.271299 0.225413 0.075023
v -0.271299 0.225413 0.075023
v 0.264131 0.237484 0.067719
v -0.264131 0.237484 0.067719
v 0.334703 0.241985 -0.013047
v 0.335682 0.230320 -0.013978
v -0.335682 0.230320 -0.013978
v -0.334703 0.241985 -0.013047
v 0.310848 0.231535 0.032158
v 0.312872 0.244378 0.029570
v -0.310848 0.231535 0.032158
v -0.312872 0.244378 0.029570
v 0.327536 0.249130 0.045632
v -0.327536 0.249130 0.045632
v 0.351074 0.245889 -0.002392
v -0.351074 0.245889 -0.002392
v 0.322766 0.218237 0.046307
v -0.322766 0.218237 0.046307
v 0.350354 0.220793 -0.004336
v -0.350354 0.220793 -0.004336
v 0.312374 0.218064 0.033628
v -0.312374 0.218064 0.033628
v 0.338403 0.221414 -0.013181
v -0.338403 0.221414 -0.013181
v 0.291599 0.248212 0.053420
v 0.288526 0.236933 0.051594
v 0.292433 0.217252 0.057428
v 0.306480 0.220802 0.072742
v 0.306524 0.251793 0.072184
v -0.291599 0.248212 0.053420
v -0.288526 0.236933 0.051594
v -0.292433 0.217252 0.057428
v -0.306480 0.220802 0.072742
v -0.306524 0.251793 0.072184
v 0.354284 0.246842 -0.083301
v 0.354599 0.239116 -0.082837
v -0.354599 0.239116 -0.082837
v -0.354284 0.246842 -0.083301
v 0.346001 0.261323 -0.167792
v 0.351941 0.253286 -0.165731
v -0.351941 0.253286 -0.165731
v -0.346001 0.261323 -0.167792
v 0.361625 0.232160 -0.084568
v -0.361625 0.232160 -0.084568
v 0.365991 0.244983 -0.162633
v -0.365991 0.244983 -0.162633
v 0.371323 0.240068 -0.082183
v -0.371323 0.240068 -0.082183
v 0.369288 0.253793 -0.083015
v -0.369288 0.253793 -0.083015
v 0.347273 0.241671 -0.048639
v 0.346803 0.234975 -0.050204
v 0.349275 0.226073 -0.050948
v 0.360846 0.226889 -0.046166
v 0.357588 0.241945 -0.046960
v -0.347273 0.241671 -0.048639
v -0.346803 0.234975 -0.050204
v -0.349275 0.226073 -0.050948
v -0.360846 0.226889 -0.046166
v -0.357588 0.241945 -0.046960
v 0.367271 0.251926 -0.163659
v 0.364784 0.262347 -0.166679
v -0.364784 0.262347 -0.166679
v -0.367271 0.251926 -0.163659
v 0.370014 0.258814 -0.122517
v 0.371518 0.244488 -0.116364
v 0.366160 0.235846 -0.112913
v 0.355445 0.245200 -0.120581
v 0.353894 0.252808 -0.131084
v -0.370014 0.258814 -0.122517
v -0.371518 0.244488 -0.116364
v -0.366160 0.235846 -0.112913
v -0.355445 0.245200 -0.120581
v -0.353894 0.252808 -0.131084
v 0.355870 0.269695 -0.169619
v 0.361030 0.258289 -0.124497
v 0.357703 0.253067 -0.082716
v 0.351010 0.247074 -0.045316
v 0.339437 0.250112 -0.006033
v 0.320971 0.252506 0.034208
v 0.300381 0.255240 0.063585
v 0.278390 0.251485 0.084260
v 0.211140 0.256376 0.114569
v 0.165553 0.267536 0.138155
v 0.133806 0.280913 0.156996
v 0.116378 0.288285 0.165404
v 0.103316 0.294701 0.171772
v 0.088179 0.304192 0.176492
v 0.068614 0.318182 0.183457
v 0.043800 0.341529 0.194135
v 0.043775 0.359138 0.193669
v 0.049673 0.375255 0.193540
v 0.108374 0.349744 0.174817
v -0.355870 0.269695 -0.169619
v -0.361030 0.258289 -0.124497
v -0.357703 0.253067 -0.082716
v -0.351010 0.247074 -0.045316
v -0.339437 0.250112 -0.006033
v -0.320971 0.252506 0.034208
v -0.300381 0.255240 0.063585
v -0.278390 0.251485 0.084260
v -0.211140 0.256376 0.114569
v -0.165553 0.267536 0.138155
v -0.133806 0.280913 0.156996
v -0.116378 0.288285 0.165404
v -0.103316 0.294701 0.171772
v -0.088179 0.304192 0.176492
v -0.068614 0.318182 0.183457
v -0.043800 0.341529 0.194135
v -0.043775 0.359138 0.193669
v -0.049673 0.375255 0.193540
v -0.108374 0.349744 0.174817
v 0.358962 0.256500 -0.166775
v -0.358962 0.256500 -0.166775
v 0.285458 0.360240 0.082568
v 0.276949 0.361061 0.068179
v -0.276949 0.361061 0.068179
v -0.285458 0.360240 0.082568
v 0.290940 0.341733 0.089463
v -0.290940 0.341733 0.089463
v 0.287730 0.326984 0.080483
v -0.287730 0.326984 0.080483
v 0.275161 0.329754 0.067037
v -0.275161 0.329754 0.067037
v 0.326329 0.414758 -0.188911
v 0.336032 0.368843 -0.191544
v -0.336032 0.368843 -0.191544
v -0.326329 0.414758 -0.188911
v 0.196085 0.366618 0.129397
v 0.198234 0.352380 0.135493
v 0.193083 0.332710 0.132978
v 0.189962 0.339038 0.118296
v -0.196085 0.366618 0.129397
v -0.198234 0.352380 0.135493
v -0.193083 0.332710 0.132978
v -0.189962 0.339038 0.118296
v 0.152666 0.374098 0.148986
v 0.146983 0.371568 0.133987
v 0.150651 0.342863 0.143307
v 0.151359 0.343773 0.154602
v 0.155853 0.357221 0.156912
v -0.152666 0.374098 0.148986
v -0.146983 0.371568 0.133987
v -0.150651 0.342863 0.143307
v -0.151359 0.343773 0.154602
v -0.155853 0.357221 0.156912
v 0.361764 0.369818 -0.185267
v -0.361764 0.369818 -0.185267
v 0.355940 0.398619 -0.197053
v -0.355940 0.398619 -0.197053
v 0.341288 0.419607 -0.198247
v -0.341288 0.419607 -0.198247
v 0.326881 0.358326 0.020793
v 0.327934 0.320587 0.022093
v 0.337420 0.314602 0.034743
v 0.341595 0.338555 0.042328
v 0.335940 0.357424 0.033287
v -0.326881 0.358326 0.020793
v -0.327934 0.320587 0.022093
v -0.337420 0.314602 0.034743
v -0.341595 0.338555 0.042328
v -0.335940 0.357424 0.033287
v 0.303885 0.359606 0.043126
v 0.305845 0.316957 0.043299
v 0.313182 0.317162 0.059738
v 0.321144 0.345147 0.067709
v 0.313784 0.361613 0.056734
v -0.303885 0.359606 0.043126
v -0.305845 0.316957 0.043299
v -0.313182 0.317162 0.059738
v -0.321144 0.345147 0.067709
v -0.313784 0.361613 0.056734
v 0.187759 0.366293 0.115537
v -0.187759 0.366293 0.115537
v 0.345055 0.319938 0.003071
v 0.341253 0.354979 0.000521
v 0.353573 0.355419 0.008593
v 0.363192 0.336877 0.013899
v 0.359610 0.315511 0.007645
v -0.345055 0.319938 0.003071
v -0.341253 0.354979 0.000521
v -0.353573 0.355419 0.008593
v -0.363192 0.336877 0.013899
v -0.359610 0.315511 0.007645
v 0.358675 0.331922 -0.038987
v 0.358154 0.355610 -0.030606
v 0.377034 0.356314 -0.031787
v 0.384055 0.340693 -0.027065
v 0.373619 0.322109 -0.037912
v -0.358675 0.331922 -0.038987
v -0.358154 0.355610 -0.030606
v -0.377034 0.356314 -0.031787
v -0.384055 0.340693 -0.027065
v -0.373619 0.322109 -0.037912
v 0.370347 0.344614 -0.089730
v 0.371387 0.364749 -0.070201
v 0.387401 0.364125 -0.070051
v 0.391341 0.351244 -0.076779
v 0.388080 0.336332 -0.081118
v -0.370347 0.344614 -0.089730
v -0.371387 0.364749 -0.070201
v -0.387401 0.364125 -0.070051
v -0.391341 0.351244 -0.076779
v -0.388080 0.336332 -0.081118
v 0.366060 0.352802 -0.114826
v 0.368843 0.369170 -0.100931
v 0.386564 0.369456 -0.102401
v 0.390149 0.360144 -0.108876
v 0.382236 0.344244 -0.113149
v -0.366060 0.352802 -0.114826
v -0.368843 0.369170 -0.100931
v -0.386564 0.369456 -0.102401
v -0.390149 0.360144 -0.108876
v -0.382236 0.344244 -0.113149
v 0.354715 0.362951 -0.156331
v 0.361921 0.378352 -0.151279
v 0.373966 0.379394 -0.153190
v 0.378035 0.371982 -0.161850
v 0.369429 0.359261 -0.164960
v -0.354715 0.362951 -0.156331
v -0.361921 0.378352 -0.151279
v -0.373966 0.379394 -0.153190
v -0.378035 0.371982 -0.161850
v -0.369429 0.359261 -0.164960
v 0.315452 0.387646 -0.195158
v 0.358098 0.369304 -0.154055
v 0.364395 0.360102 -0.108334
v 0.366208 0.352673 -0.081545
v 0.353493 0.342731 -0.037555
v 0.337701 0.332777 -0.001385
v 0.322667 0.335724 0.016589
v 0.298431 0.333614 0.034805
v 0.272397 0.343693 0.066254
v 0.185587 0.349993 0.114692
v 0.148295 0.355042 0.138106
v 0.103524 0.368496 0.158753
v 0.045528 0.396668 0.179910
v 0.000000 0.401473 0.173414
v -0.045528 0.396668 0.179910
v -0.103524 0.368496 0.158753
v -0.148295 0.355042 0.138106
v -0.185587 0.349993 0.114692
v -0.272397 0.343693 0.066254
v -0.298431 0.333614 0.034805
v -0.322667 0.335724 0.016589
v -0.337701 0.332777 -0.001385
v -0.353493 0.342731 -0.037555
v -0.366208 0.352673 -0.081545
v -0.364395 0.360102 -0.108334
v -0.358098 0.369304 -0.154055
v -0.315452 0.387646 -0.195158
v 0.208305 0.434107 0.142586
v 0.206732 0.476829 0.129658
v -0.206732 0.476829 0.129658
v -0.208305 0.434107 0.142586
v 0.271831 0.426262 0.107908
v 0.276703 0.465126 0.103932
v -0.276703 0.465126 0.103932
v -0.271831 0.426262 0.107908
v 0.197982 0.474089 0.111301
v -0.197982 0.474089 0.111301
v 0.200838 0.428717 0.126005
v -0.200838 0.428717 0.126005
v 0.154587 0.448317 0.152950
v 0.149473 0.489475 0.135569
v 0.148900 0.481524 0.122619
v 0.146260 0.434716 0.143455
v -0.154587 0.448317 0.152950
v -0.149473 0.489475 0.135569
v -0.148900 0.481524 0.122619
v -0.146260 0.434716 0.143455
v 0.261657 0.463762 0.092458
v -0.261657 0.463762 0.092458
v 0.255708 0.425956 0.101177
v -0.255708 0.425956 0.101177
v 0.229158 0.426302 0.115780
v 0.241258 0.429337 0.129787
v 0.244303 0.470632 0.121889
v 0.234176 0.471946 0.104359
v -0.229158 0.426302 0.115780
v -0.241258 0.429337 0.129787
v -0.244303 0.470632 0.121889
v -0.234176 0.471946 0.104359
v -0.277501 0.447859 0.111533
v -0.247479 0.452730 0.131985
v -0.211977 0.457722 0.140558
v -0.153211 0.468564 0.148858
v -0.093067 0.492824 0.164611
v -0.059027 0.509958 0.178499
v 0.000000 0.521843 0.190170
v 0.059027 0.509958 0.178499
v 0.093067 0.492824 0.164611
v 0.153211 0.468564 0.148858
v 0.211977 0.457722 0.140558
v 0.247479 0.452730 0.131985
v 0.277501 0.447859 0.111533
v 0.318344 0.440632 0.068799
v 0.317242 0.459519 0.065613
v -0.317242 0.459519 0.065613
v -0.318344 0.440632 0.068799
v 0.312619 0.420678 0.061681
v -0.312619 0.420678 0.061681
v 0.374110 0.464782 -0.042383
v 0.369685 0.476606 -0.038522
v -0.369685 0.476606 -0.038522
v -0.374110 0.464782 -0.042383
v 0.366105 0.446409 -0.053784
v -0.366105 0.446409 -0.053784
v 0.347516 0.459403 0.022283
v 0.347899 0.445189 0.023072
v 0.343156 0.428356 0.015414
v -0.347516 0.459403 0.022283
v -0.347899 0.445189 0.023072
v -0.343156 0.428356 0.015414
v 0.349867 0.504358 -0.204222
v 0.347548 0.521723 -0.202727
v -0.347548 0.521723 -0.202727
v -0.349867 0.504358 -0.204222
v 0.341235 0.484075 -0.203331
v -0.341235 0.484075 -0.203331
v 0.306412 0.460453 0.055409
v 0.294862 0.418428 0.048162
v -0.294862 0.418428 0.048162
v -0.306412 0.460453 0.055409
v 0.374186 0.497777 -0.119778
v 0.377295 0.487008 -0.129853
v 0.373434 0.470700 -0.130211
v -0.374186 0.497777 -0.119778
v -0.377295 0.487008 -0.129853
v -0.373434 0.470700 -0.130211
v 0.336574 0.464880 0.019659
v 0.328987 0.429006 0.002136
v -0.328987 0.429006 0.002136
v -0.336574 0.464880 0.019659
v 0.361243 0.479660 -0.042836
v 0.352198 0.447375 -0.061020
v -0.352198 0.447375 -0.061020
v -0.361243 0.479660 -0.042836
v 0.354354 0.495120 -0.126657
v 0.349112 0.471117 -0.137238
v -0.349112 0.471117 -0.137238
v -0.354354 0.495120 -0.126657
v 0.312692 0.508727 -0.204920
v 0.325091 0.479643 -0.203981
v -0.325091 0.479643 -0.203981
v -0.312692 0.508727 -0.204920
v 0.315300 0.497656 -0.204970
v 0.345653 0.484869 -0.134204
v 0.343526 0.471335 -0.052619
v 0.324325 0.451014 0.014335
v 0.295557 0.441849 0.046643
v 0.253650 0.445135 0.093811
v 0.228769 0.446358 0.103954
v 0.198385 0.449491 0.116388
v 0.146854 0.456466 0.131544
v 0.089428 0.480591 0.151535
v 0.051608 0.493124 0.154990
v 0.000000 0.498772 0.149825
v -0.051608 0.493124 0.154990
v -0.089428 0.480591 0.151535
v -0.146854 0.456466 0.131544
v -0.198385 0.449491 0.116388
v -0.228769 0.446358 0.103954
v -0.253650 0.445135 0.093811
v -0.295557 0.441849 0.046643
v -0.324325 0.451014 0.014335
v -0.343526 0.471335 -0.052619
v -0.345653 0.484869 -0.134204
v -0.315300 0.497656 -0.204970
v 0.381053 0.475369 -0.088788
v 0.375078 0.492453 -0.079379
v 0.361365 0.489694 -0.081744
v 0.351725 0.481546 -0.085451
v 0.353537 0.463605 -0.100559
v 0.369974 0.459299 -0.094243
v -0.381053 0.475369 -0.088788
v -0.375078 0.492453 -0.079379
v -0.361365 0.489694 -0.081744
v -0.351725 0.481546 -0.085451
v -0.353537 0.463605 -0.100559
v -0.369974 0.459299 -0.094243
v 0.245236 0.561667 0.095587
v 0.237016 0.600541 0.085949
v -0.237016 0.600541 0.085949
v -0.245236 0.561667 0.095587
v 0.158403 0.611361 0.110551
v 0.169735 0.571471 0.128110
v -0.158403 0.611361 0.110551
v -0.169735 0.571471 0.128110
v 0.321951 0.559869 -0.042193
v 0.325894 0.594982 -0.033992
v -0.325894 0.594982 -0.033992
v -0.321951 0.559869 -0.042193
v 0.351373 0.578029 -0.112924
v 0.357009 0.609998 -0.103693
v -0.357009 0.609998 -0.103693
v -0.351373 0.578029 -0.112924
v 0.332252 0.617263 -0.193822
v 0.333871 0.645609 -0.191113
v -0.333871 0.645609 -0.191113
v -0.332252 0.617263 -0.193822
v 0.306908 0.617367 -0.193943
v 0.313807 0.642976 -0.191963
v -0.313807 0.642976 -0.191963
v -0.306908 0.617367 -0.193943
v 0.321004 0.592651 -0.157698
v 0.330991 0.619016 -0.157060
v -0.330991 0.619016 -0.157060
v -0.321004 0.592651 -0.157698
v 0.298726 0.564836 -0.049369
v 0.309350 0.595721 -0.049195
v -0.309350 0.595721 -0.049195
v -0.298726 0.564836 -0.049369
v 0.227648 0.551980 0.091017
v 0.226101 0.592152 0.072783
v -0.226101 0.592152 0.072783
v -0.227648 0.551980 0.091017
v 0.159528 0.547838 0.120654
v 0.163825 0.599885 0.092894
v -0.163825 0.599885 0.092894
v -0.159528 0.547838 0.120654
v 0.262837 0.554931 0.018887
v 0.265345 0.592228 0.010933
v 0.288341 0.598778 0.027672
v 0.287437 0.558501 0.020163
v -0.262837 0.554931 0.018887
v -0.265345 0.592228 0.010933
v -0.288341 0.598778 0.027672
v -0.287437 0.558501 0.020163
v 0.270550 0.556188 0.061637
v 0.264892 0.602057 0.059235
v 0.242875 0.592645 0.047637
v 0.238201 0.556811 0.054747
v -0.270550 0.556188 0.061637
v -0.264892 0.602057 0.059235
v -0.242875 0.592645 0.047637
v -0.238201 0.556811 0.054747
v 0.345183 0.591865 -0.161532
v 0.349969 0.620644 -0.154247
v -0.345183 0.591865 -0.161532
v -0.349969 0.620644 -0.154247
v 0.335235 0.607926 -0.105713
v 0.321650 0.579584 -0.111516
v -0.335235 0.607926 -0.105713
v -0.321650 0.579584 -0.111516
v 0.204585 0.548137 0.105345
v 0.203391 0.594668 0.082641
v 0.203767 0.605591 0.102108
v 0.214333 0.572083 0.116204
v -0.204585 0.548137 0.105345
v -0.203391 0.594668 0.082641
v -0.203767 0.605591 0.102108
v -0.214333 0.572083 0.116204
v 0.342054 0.603309 -0.068250
v 0.338527 0.566584 -0.077231
v 0.312643 0.572879 -0.079096
v 0.324595 0.598789 -0.076926
v -0.342054 0.603309 -0.068250
v -0.338527 0.566584 -0.077231
v -0.312643 0.572879 -0.079096
v -0.324595 0.598789 -0.076926
v -0.054497 0.622348 0.143314
v -0.099046 0.613200 0.132982
v -0.159864 0.596249 0.122321
v -0.207766 0.590941 0.113704
v -0.243347 0.583057 0.094795
v -0.276045 0.578906 0.064333
v -0.293419 0.578631 0.025119
v -0.328290 0.577198 -0.035920
v -0.345547 0.584602 -0.070240
v -0.358185 0.593625 -0.107741
v -0.352086 0.606812 -0.159168
v -0.332923 0.631624 -0.193484
v -0.310594 0.630520 -0.194320
v -0.323306 0.607756 -0.156533
v -0.324455 0.596939 -0.108178
v -0.315503 0.587767 -0.079356
v -0.299011 0.582928 -0.052020
v -0.259397 0.573477 0.010795
v -0.236408 0.575197 0.047927
v -0.222547 0.570661 0.076784
v -0.201176 0.569252 0.088149
v -0.159583 0.576805 0.102977
v -0.089885 0.602058 0.119799
v -0.049692 0.609818 0.124492
v 0.000000 0.606337 0.114487
v 0.049692 0.609818 0.124492
v 0.089885 0.602058 0.119799
v 0.159583 0.576805 0.102977
v 0.201176 0.569252 0.088149
v 0.222547 0.570661 0.076784
v 0.236408 0.575197 0.047927
v 0.259397 0.573477 0.010795
v 0.299011 0.582928 -0.052020
v 0.315503 0.587767 -0.079356
v 0.324455 0.596939 -0.108178
v 0.323306 0.607756 -0.156533
v 0.310594 0.630520 -0.194320
v 0.332923 0.631624 -0.193484
v 0.352086 0.606812 -0.159168
v 0.358185 0.593625 -0.107741
v 0.345547 0.584602 -0.070240
v 0.328290 0.577198 -0.035920
v 0.293419 0.578631 0.025119
v 0.276045 0.578906 0.064333
v 0.243347 0.583057 0.094795
v 0.207766 0.590941 0.113704
v 0.159864 0.596249 0.122321
v 0.099046 0.613200 0.132982
v 0.054497 0.622348 0.143314
v 0.000000 0.629583 0.163549
v 0.254947 0.558163 0.089279
v 0.255161 0.583137 0.090298
v 0.245369 0.602400 0.078952
v 0.229454 0.593087 0.064720
v 0.225837 0.571959 0.068360
v 0.230866 0.553614 0.080588
v -0.254947 0.558163 0.089279
v -0.255161 0.583137 0.090298
v -0.245369 0.602400 0.078952
v -0.229454 0.593087 0.064720
v -0.225837 0.571959 0.068360
v -0.230866 0.553614 0.080588
v 0.290747 0.465002 0.092431
v 0.294213 0.446229 0.101288
v 0.286301 0.421420 0.094831
v 0.266871 0.421595 0.083483
v 0.261961 0.444481 0.076381
v 0.274899 0.465460 0.078481
v -0.290747 0.465002 0.092431
v -0.294213 0.446229 0.101288
v -0.286301 0.421420 0.094831
v -0.266871 0.421595 0.083483
v -0.261961 0.444481 0.076381
v -0.274899 0.465460 0.078481
v 0.182899 0.690190 0.056751
v 0.177182 0.718587 0.047428
v -0.177182 0.718587 0.047428
v -0.182899 0.690190 0.056751
v 0.210759 0.677960 0.040294
v 0.211493 0.716641 0.027256
v -0.211493 0.716641 0.027256
v -0.210759 0.677960 0.040294
v 0.286195 0.689731 -0.070159
v 0.274775 0.732442 -0.064666
v -0.274775 0.732442 -0.064666
v -0.286195 0.689731 -0.070159
v 0.092947 0.734228 0.075216
v 0.096008 0.706253 0.086338
v -0.092947 0.734228 0.075216
v -0.096008 0.706253 0.086338
v 0.163584 0.719790 0.059090
v 0.165027 0.690388 0.067604
v -0.163584 0.719790 0.059090
v -0.165027 0.690388 0.067604
v 0.088809 0.734195 0.066002
v -0.088809 0.734195 0.066002
v 0.153880 0.716719 0.048501
v 0.167948 0.712064 0.037550
v -0.167948 0.712064 0.037550
v -0.153880 0.716719 0.048501
v 0.124800 0.701624 0.078015
v 0.116819 0.728027 0.067442
v 0.115559 0.727958 0.062956
v -0.124800 0.701624 0.078015
v -0.116819 0.728027 0.067442
v -0.115559 0.727958 0.062956
v 0.096169 0.700648 0.079845
v 0.123093 0.695253 0.073623
v -0.123093 0.695253 0.073623
v -0.096169 0.700648 0.079845
v 0.170026 0.686895 0.048539
v 0.160648 0.686658 0.058249
v -0.160648 0.686658 0.058249
v -0.170026 0.686895 0.048539
v 0.201893 0.717382 0.014636
v 0.200305 0.672165 0.033446
v -0.200305 0.672165 0.033446
v -0.201893 0.717382 0.014636
v 0.192619 0.681573 0.050895
v 0.186172 0.719879 0.040447
v 0.178952 0.719653 0.031981
v 0.184892 0.676695 0.044171
v -0.192619 0.681573 0.050895
v -0.186172 0.719879 0.040447
v -0.178952 0.719653 0.031981
v -0.184892 0.676695 0.044171
v 0.140923 0.723710 0.063071
v 0.145626 0.695830 0.073015
v 0.142638 0.691217 0.065887
v 0.135953 0.721844 0.057701
v -0.140923 0.723710 0.063071
v -0.145626 0.695830 0.073015
v -0.142638 0.691217 0.065887
v -0.135953 0.721844 0.057701
v 0.258906 0.731883 -0.075155
v -0.258906 0.731883 -0.075155
v 0.244877 0.685426 -0.003739
v 0.250132 0.724784 -0.019729
v 0.233007 0.723482 -0.029153
v -0.244877 0.685426 -0.003739
v -0.250132 0.724784 -0.019729
v -0.233007 0.723482 -0.029153
v 0.238499 0.682588 -0.018747
v -0.238499 0.682588 -0.018747
v 0.277015 0.686005 -0.079963
v -0.277015 0.686005 -0.079963
v 0.276694 0.748768 -0.118939
v 0.285737 0.698484 -0.129549
v -0.285737 0.698484 -0.129549
v -0.276694 0.748768 -0.118939
v 0.273206 0.711469 -0.178184
v 0.261581 0.767366 -0.167399
v -0.261581 0.767366 -0.167399
v -0.273206 0.711469 -0.178184
v 0.281970 0.766012 -0.167660
v 0.291657 0.745577 -0.116581
v 0.304519 0.708229 -0.127666
v 0.296152 0.718574 -0.176041
v -0.296152 0.718574 -0.176041
v -0.304519 0.708229 -0.127666
v -0.291657 0.745577 -0.116581
v -0.281970 0.766012 -0.167660
v 0.069761 0.722385 0.087495
v 0.044539 0.725710 0.091033
v 0.000000 0.730127 0.099593
v -0.044539 0.725710 0.091033
v -0.069761 0.722385 0.087495
v -0.095351 0.720855 0.084297
v -0.122094 0.715460 0.075115
v -0.143830 0.709718 0.069890
v -0.165173 0.704832 0.065287
v -0.181525 0.704625 0.054883
v -0.192119 0.702596 0.050248
v -0.214088 0.700330 0.037680
v -0.250181 0.707632 -0.009661
v -0.288197 0.710515 -0.063553
v -0.301135 0.734652 -0.119914
v -0.290146 0.758454 -0.165226
v -0.256058 0.731256 -0.176619
v -0.281430 0.723351 -0.124345
v -0.258690 0.702991 -0.082365
v -0.230009 0.700076 -0.027322
v -0.195427 0.690820 0.017830
v -0.173996 0.697728 0.031223
v -0.165529 0.696948 0.040059
v -0.153978 0.698090 0.049917
v -0.137829 0.704539 0.058686
v -0.118331 0.709556 0.065395
v -0.092076 0.713883 0.069520
v -0.067783 0.715665 0.071206
v -0.041715 0.712675 0.070734
v 0.000000 0.714611 0.071128
v 0.041715 0.712675 0.070734
v 0.067783 0.715665 0.071206
v 0.092076 0.713883 0.069520
v 0.118331 0.709556 0.065395
v 0.137829 0.704539 0.058686
v 0.153978 0.698090 0.049917
v 0.165529 0.696948 0.040059
v 0.173996 0.697728 0.031223
v 0.195427 0.690820 0.017830
v 0.230009 0.700076 -0.027322
v 0.258690 0.702991 -0.082365
v 0.281430 0.723351 -0.124345
v 0.256058 0.731256 -0.176619
v 0.290146 0.758454 -0.165226
v 0.301135 0.734652 -0.119914
v 0.288197 0.710515 -0.063553
v 0.250181 0.707632 -0.009661
v 0.214088 0.700330 0.037680
v 0.192119 0.702596 0.050248
v 0.181525 0.704625 0.054883
v 0.165173 0.704832 0.065287
v 0.143830 0.709718 0.069890
v 0.122094 0.715460 0.075115
v 0.095351 0.720855 0.084297
v 0.230355 0.680895 0.019645
v 0.231998 0.704046 0.017020
v 0.229489 0.721281 0.006133
v 0.218074 0.718849 -0.004387
v 0.213137 0.695602 -0.001294
v 0.224587 0.675262 0.010758
v -0.230355 0.680895 0.019645
v -0.231998 0.704046 0.017020
v -0.229489 0.721281 0.006133
v -0.218074 0.718849 -0.004387
v -0.213137 0.695602 -0.001294
v -0.224587 0.675262 0.010758
v 0.270132 0.740944 -0.100609
v 0.268033 0.714324 -0.108685
v 0.281968 0.693054 -0.108890
v 0.299233 0.699621 -0.103244
v 0.293735 0.722410 -0.089107
v 0.284381 0.741412 -0.096758
v -0.270132 0.740944 -0.100609
v -0.268033 0.714324 -0.108685
v -0.281968 0.693054 -0.108890
v -0.299233 0.699621 -0.103244
v -0.293735 0.722410 -0.089107
v -0.284381 0.741412 -0.096758
v 0.278905 0.708498 -0.160973
v 0.266709 0.729061 -0.158794
v 0.270097 0.758568 -0.152499
v 0.285999 0.759817 -0.149275
v 0.299484 0.744946 -0.140860
v 0.302063 0.713865 -0.159963
v -0.278905 0.708498 -0.160973
v -0.266709 0.729061 -0.158794
v -0.270097 0.758568 -0.152499
v -0.285999 0.759817 -0.149275
v -0.299484 0.744946 -0.140860
v -0.302063 0.713865 -0.159963
v 0.137655 0.579387 0.133623
v 0.132282 0.603218 0.125989
v 0.130563 0.620281 0.113347
v 0.133236 0.613016 0.097220
v 0.127914 0.587576 0.109314
v 0.126870 0.554198 0.129714
v -0.137655 0.579387 0.133623
v -0.132282 0.603218 0.125989
v -0.130563 0.620281 0.113347
v -0.133236 0.613016 0.097220
v -0.127914 0.587576 0.109314
v -0.126870 0.554198 0.129714
v 0.127241 0.787898 0.024143
v 0.122303 0.813615 0.014497
v -0.122303 0.813615 0.014497
v -0.127241 0.787898 0.024143
v 0.093924 0.785534 0.033339
v 0.089626 0.807171 0.020761
v -0.093924 0.785534 0.033339
v -0.089626 0.807171 0.020761
v 0.148677 0.789906 0.018175
v 0.132687 0.818901 0.007029
v -0.132687 0.818901 0.007029
v -0.148677 0.789906 0.018175
v 0.122228 0.783556 0.014876
v 0.144674 0.781279 0.009799
v -0.144674 0.781279 0.009799
v -0.122228 0.783556 0.014876
v 0.088097 0.784509 0.021883
v -0.088097 0.784509 0.021883
v 0.177887 0.799660 -0.026972
v 0.184411 0.805489 -0.021974
v -0.184411 0.805489 -0.021974
v -0.177887 0.799660 -0.026972
v 0.164672 0.837894 -0.028360
v -0.164672 0.837894 -0.028360
v 0.083883 0.803081 0.018315
v -0.083883 0.803081 0.018315
v 0.113490 0.811367 0.006963
v -0.113490 0.811367 0.006963
v 0.126062 0.816195 0.001725
v -0.126062 0.816195 0.001725
v 0.162901 0.788246 -0.004010
v 0.168195 0.797024 0.003045
v 0.149003 0.828362 -0.011075
v -0.162901 0.788246 -0.004010
v -0.168195 0.797024 0.003045
v -0.149003 0.828362 -0.011075
v 0.144080 0.822470 -0.012776
v -0.144080 0.822470 -0.012776
v 0.158306 0.834304 -0.035389
v -0.158306 0.834304 -0.035389
v 0.196029 0.820615 -0.040214
v 0.177797 0.845455 -0.046582
v -0.177797 0.845455 -0.046582
v -0.196029 0.820615 -0.040214
v 0.221611 0.823224 -0.076300
v 0.198121 0.854355 -0.087322
v -0.198121 0.854355 -0.087322
v -0.221611 0.823224 -0.076300
v 0.199108 0.862171 -0.122668
v 0.226729 0.827447 -0.116267
v -0.226729 0.827447 -0.116267
v -0.199108 0.862171 -0.122668
v 0.196666 0.861709 -0.149916
v 0.220378 0.825342 -0.157910
v -0.220378 0.825342 -0.157910
v -0.196666 0.861709 -0.149916
v 0.170043 0.842198 -0.058601
v 0.196054 0.805445 -0.046094
v -0.196054 0.805445 -0.046094
v -0.170043 0.842198 -0.058601
v 0.183581 0.850569 -0.089100
v 0.215605 0.804590 -0.081060
v -0.215605 0.804590 -0.081060
v -0.183581 0.850569 -0.089100
v 0.223231 0.812660 -0.120186
v 0.192071 0.855843 -0.123034
v -0.192071 0.855843 -0.123034
v -0.223231 0.812660 -0.120186
v 0.191718 0.853721 -0.148346
v 0.213510 0.811239 -0.159893
v -0.213510 0.811239 -0.159893
v -0.191718 0.853721 -0.148346
v 0.178959 0.847341 -0.078415
v 0.208860 0.806122 -0.067373
v 0.211931 0.823653 -0.059948
v 0.190972 0.851169 -0.070546
v -0.178959 0.847341 -0.078415
v -0.208860 0.806122 -0.067373
v -0.211931 0.823653 -0.059948
v -0.190972 0.851169 -0.070546
v 0.198803 0.858639 -0.101655
v 0.225116 0.826316 -0.096852
v 0.220295 0.808067 -0.097709
v 0.189587 0.852322 -0.103187
v -0.198803 0.858639 -0.101655
v -0.225116 0.826316 -0.096852
v -0.220295 0.808067 -0.097709
v -0.189587 0.852322 -0.103187
v 0.190408 0.857110 -0.135310
v 0.218629 0.809732 -0.142166
v -0.190408 0.857110 -0.135310
v -0.218629 0.809732 -0.142166
v 0.196380 0.863456 -0.134757
v 0.228680 0.830696 -0.134944
v -0.196380 0.863456 -0.134757
v -0.228680 0.830696 -0.134944
v 0.185239 0.815337 -0.161091
v 0.202764 0.829187 -0.140068
v 0.205216 0.830388 -0.124402
v 0.203857 0.826149 -0.101918
v 0.200712 0.822898 -0.084938
v 0.195382 0.822753 -0.072504
v 0.183676 0.819606 -0.052752
v 0.168366 0.813230 -0.031700
v 0.153659 0.801598 -0.009814
v 0.135732 0.794377 0.000996
v 0.116212 0.791934 0.005851
v 0.085819 0.791439 0.017526
v 0.050188 0.787828 0.020942
v 0.027493 0.780000 0.016006
v 0.000000 0.784469 0.012561
v -0.027493 0.780000 0.016006
v -0.050188 0.787828 0.020942
v -0.085819 0.791439 0.017526
v -0.116212 0.791934 0.005851
v -0.135732 0.794377 0.000996
v -0.153659 0.801598 -0.009814
v -0.168366 0.813230 -0.031700
v -0.183676 0.819606 -0.052752
v -0.195382 0.822753 -0.072504
v -0.200712 0.822898 -0.084938
v -0.203857 0.826149 -0.101918
v -0.205216 0.830388 -0.124402
v -0.202764 0.829187 -0.140068
v -0.185239 0.815337 -0.161091
v 0.216643 0.843403 -0.153434
v 0.221304 0.846035 -0.139586
v 0.221500 0.845355 -0.121458
v 0.216736 0.844146 -0.097929
v 0.213922 0.839644 -0.079606
v 0.204356 0.837858 -0.063266
v 0.189279 0.833315 -0.041541
v 0.178463 0.822034 -0.022025
v 0.161848 0.814210 -0.000320
v 0.143466 0.805218 0.017705
v 0.125712 0.800638 0.023632
v 0.092029 0.796746 0.032130
v 0.050774 0.793837 0.032959
v 0.032748 0.795267 0.035877
v 0.000000 0.804903 0.054629
v -0.032748 0.795267 0.035877
v -0.050774 0.793837 0.032959
v -0.092029 0.796746 0.032130
v -0.125712 0.800638 0.023632
v -0.143466 0.805218 0.017705
v -0.161848 0.814210 -0.000320
v -0.178463 0.822034 -0.022025
v -0.189279 0.833315 -0.041541
v -0.204356 0.837858 -0.063266
v -0.213922 0.839644 -0.079606
v -0.216736 0.844146 -0.097929
v -0.221500 0.845355 -0.121458
v -0.221304 0.846035 -0.139586
v -0.216643 0.843403 -0.153434
vt 0.922549 0.363081
vt 0.986227 0.094482
vt 0.804301 0.118468
vt 0.439620 0.609956
vt 0.632189 0.337704
vt 0.965405 0.109610
vt 0.341883 0.193466
vt 0.943454 0.089815
vt 0.959087 0.095574
vt 0.951213 0.108679
vt 0.833025 0.111492
vt 0.562508 0.122821
vt 0.557613 0.120633
vt 0.816534 0.109125
vt 0.365081 0.197833
vt 0.327125 0.185616
vt 0.808429 0.130288
vt 0.537105 0.115002
vt 0.947964 0.083248
vt 0.959751 0.086798
vt 0.820122 0.101088
vt 0.832180 0.103570
vt 0.974650 0.079835
vt 0.804661 0.091124
vt 0.840057 0.097090
vt 0.939459 0.076199
vt 0.815823 0.084681
vt 0.960627 0.079541
vt 0.961739 0.070765
vt 0.963944 0.067334
vt 0.822803 0.094288
vt 0.825997 0.086038
vt 0.951129 0.076619
vt 0.957390 0.071056
vt 0.829684 0.088363
vt 0.832547 0.096233
vt 0.948263 0.070980
vt 0.832272 0.084610
vt 0.927687 0.079373
vt 0.841952 0.124827
vt 0.929259 0.097301
vt 0.829653 0.134924
vt 0.352955 0.194752
vt 0.579120 0.132988
vt 0.847029 0.133198
vt 0.920813 0.102251
vt 0.927292 0.115406
vt 0.741676 0.331022
vt 0.733824 0.336265
vt 0.653871 0.290284
vt 0.658601 0.280612
vt 0.889312 0.315642
vt 0.872052 0.314411
vt 0.850150 0.933187
vt 0.516877 0.597171
vt 0.919783 0.305482
vt 0.625435 0.278774
vt 0.767551 0.317696
vt 0.724658 0.483123
vt 0.648914 0.300949
vt 0.668680 0.305555
vt 0.480980 0.606362
vt 0.493744 0.620478
vt 0.850804 0.953223
vt 0.889912 0.327387
vt 0.706202 0.460748
vt 0.714869 0.471064
vt 0.702669 0.482952
vt 0.748359 0.330201
vt 0.845746 0.916675
vt 0.494496 0.598713
vt 0.506332 0.592276
vt 0.846791 0.927346
vt 0.729741 0.445967
vt 0.481271 0.574620
vt 0.744819 0.459486
vt 0.452074 0.578538
vt 0.745778 0.488002
vt 0.459541 0.603190
vt 0.743815 0.494337
vt 0.613689 0.308015
vt 0.919619 0.326575
vt 0.889600 0.348942
vt 0.858906 0.116397
vt 0.583745 0.500412
vt 0.883889 0.236809
vt 0.281903 0.287083
vt 0.295682 0.274962
vt 0.085203 0.710340
vt 0.688441 0.219228
vt 0.699581 0.192198
vt 0.069646 0.700480
vt 0.922105 0.207361
vt 0.652616 0.202903
vt 0.921169 0.260328
vt 0.638753 0.247054
vt 0.888877 0.282745
vt 0.885535 0.263710
vt 0.690742 0.442782
vt 0.676834 0.243552
vt 0.538405 0.560852
vt 0.350112 0.235049
vt 0.358732 0.228221
vt 0.009604 0.669319
vt 0.687821 0.419774
vt 0.711970 0.243635
vt 0.333801 0.250254
vt 0.556394 0.534010
vt 0.574518 0.505708
vt 0.311152 0.265892
vt 0.674375 0.355229
vt 0.680884 0.388209
vt 0.655476 0.389152
vt 0.052919 0.693867
vt 0.525850 0.522406
vt 0.712285 0.365068
vt 0.522097 0.574624
vt 0.502930 0.555012
vt 0.717506 0.411091
vt 0.697974 0.438554
vt 0.987369 0.698060
vt 0.990067 0.780166
vt 0.877345 0.156189
vt 0.578211 0.481534
vt 0.724720 0.146936
vt 0.751560 0.150099
vt 0.480048 0.857134
vt 0.679803 0.331366
vt 0.918007 0.160568
vt 0.677900 0.151466
vt 0.671807 0.163653
vt 0.880241 0.193324
vt 0.676543 0.342220
vt 0.569684 0.468370
vt 0.986872 0.709866
vt 0.499926 0.768821
vt 0.692566 0.322250
vt 0.534881 0.479781
vt 0.733398 0.326361
vt 0.559965 0.441854
vt 0.711338 0.301142
vt 0.585479 0.434303
vt 0.499562 0.790066
vt 0.982825 0.750312
vt 0.548063 0.417515
vt 0.881278 0.136168
vt 0.851483 0.133060
vt 0.731347 0.282860
vt 0.698213 0.271176
vt 0.493020 0.822226
vt 0.728577 0.126900
vt 0.570702 0.491252
vt 0.535670 0.492860
vt 0.683223 0.343172
vt 0.884768 0.097325
vt 0.915982 0.094401
vt 0.704577 0.091805
vt 0.885292 0.111622
vt 0.739890 0.089577
vt 0.745757 0.269828
vt 0.517637 0.000017
vt 0.520420 0.399317
vt 0.531275 0.001349
vt 0.564046 0.003445
vt 0.726769 0.672986
vt 0.763748 0.276368
vt 0.876928 0.073822
vt 0.376918 0.669234
vt 0.755966 0.070724
vt 0.580258 0.001247
vt 0.494632 0.392314
vt 0.486930 0.347468
vt 0.740531 0.663496
vt 0.790336 0.278873
vt 0.779304 0.306291
vt 0.506552 0.425550
vt 0.530032 0.405451
vt 0.514149 0.428292
vt 0.752531 0.278332
vt 0.913258 0.069455
vt 0.696977 0.110075
vt 0.524944 0.437385
vt 0.609763 0.053628
vt 0.269742 0.021399
vt 0.767132 0.036973
vt 0.738698 0.021553
vt 0.624916 0.032281
vt 0.879224 0.038347
vt 0.195719 0.826207
vt 0.187238 0.840485
vt 0.861630 0.014807
vt 0.355600 0.922874
vt 0.192481 0.793810
vt 0.828634 0.293071
vt 0.361340 0.950308
vt 0.873445 0.041085
vt 0.453697 0.402312
vt 0.365974 0.902008
vt 0.262482 0.020882
vt 0.825196 0.302451
vt 0.852560 0.308626
vt 0.196106 0.819045
vt 0.627255 0.025389
vt 0.357235 0.915853
vt 0.242765 0.013120
vt 0.460780 0.428768
vt 0.473868 0.423873
vt 0.814820 0.292940
vt 0.466741 0.397000
vt 0.812919 0.281739
vt 0.758218 0.655021
vt 0.555914 0.018377
vt 0.476795 0.387774
vt 0.873276 0.063989
vt 0.386447 0.670393
vt 0.762820 0.050819
vt 0.732951 0.037008
vt 0.878033 0.052799
vt 0.818050 0.289376
vt 0.874000 0.052559
vt 0.485196 0.421285
vt 0.808634 0.280792
vt 0.623717 0.059515
vt 0.270634 0.037296
vt 0.639223 0.039269
vt 0.292659 0.063568
vt 0.291264 0.057702
vt 0.303506 0.052326
vt 0.644175 0.079645
vt 0.650032 0.066198
vt 0.654897 0.069759
vt 0.955790 0.148090
vt 0.960303 0.150695
vt 0.281224 0.060276
vt 0.284191 0.067287
vt 0.656298 0.057942
vt 0.661610 0.063396
vt 0.655408 0.079027
vt 0.649125 0.086301
vt 0.301004 0.067633
vt 0.660383 0.081896
vt 0.678665 0.000013
vt 0.228219 0.060778
vt 0.662168 0.071981
vt 0.664678 0.002302
vt 0.239213 0.058688
vt 0.644709 0.027732
vt 0.652649 0.032664
vt 0.649001 0.039781
vt 0.953794 0.161416
vt 0.259339 0.047110
vt 0.267314 0.046508
vt 0.265650 0.054926
vt 0.666910 0.068050
vt 0.668065 0.026143
vt 0.664652 0.021828
vt 0.247349 0.058790
vt 0.250803 0.065156
vt 0.953168 0.151028
vt 0.286426 0.073977
vt 0.257872 0.037878
vt 0.238706 0.028188
vt 0.658881 0.003535
vt 0.244696 0.053970
vt 0.961635 0.147159
vt 0.957689 0.145992
vt 0.956261 0.019220
vt 0.952137 0.019240
vt 0.951444 0.016565
vt 0.958730 0.015260
vt 0.949000 0.150601
vt 0.951770 0.147488
vt 0.966226 0.023817
vt 0.963195 0.026482
vt 0.961455 0.022481
vt 0.963224 0.017822
vt 0.961563 0.162467
vt 0.955239 0.165050
vt 0.940920 0.035003
vt 0.947943 0.034095
vt 0.952963 0.038665
vt 0.953660 0.041585
vt 0.967706 0.165232
vt 0.967395 0.168300
vt 0.956855 0.171584
vt 0.953688 0.167633
vt 0.943532 0.052380
vt 0.327624 0.917752
vt 0.939091 0.042538
vt 0.947290 0.047858
vt 0.963314 0.144515
vt 0.956702 0.141064
vt 0.951613 0.142160
vt 0.946881 0.146963
vt 0.668404 0.058731
vt 0.665495 0.052477
vt 0.954047 0.030397
vt 0.660227 0.036820
vt 0.676054 0.029910
vt 0.958819 0.027230
vt 0.977639 0.157700
vt 0.975692 0.164174
vt 0.924133 0.031270
vt 0.932648 0.036786
vt 0.929088 0.043743
vt 0.317390 0.915485
vt 0.218203 0.830071
vt 0.209784 0.826633
vt 0.211963 0.821024
vt 0.219378 0.823623
vt 0.341902 0.919371
vt 0.332578 0.920252
vt 0.333768 0.913897
vt 0.341484 0.913361
vt 0.204391 0.845705
vt 0.341917 0.939213
vt 0.218165 0.850388
vt 0.327409 0.939995
vt 0.209670 0.795733
vt 0.344203 0.949722
vt 0.348337 0.900503
vt 0.223412 0.795465
vt 0.335772 0.896571
vt 0.330902 0.950107
vt 0.208936 0.806885
vt 0.222156 0.806647
vt 0.943136 0.171463
vt 0.939670 0.165787
vt 0.323583 0.911085
vt 0.957513 0.053167
vt 0.967440 0.058423
vt 0.318401 0.907661
vt 0.262946 0.513223
vt 0.928476 0.172603
vt 0.985726 0.159663
vt 0.987769 0.148774
vt 0.916874 0.026731
vt 0.913136 0.034912
vt 0.960180 0.181054
vt 0.968079 0.179895
vt 0.231019 0.815305
vt 0.229782 0.824555
vt 0.237899 0.840058
vt 0.232909 0.831187
vt 0.931888 0.188663
vt 0.244141 0.821311
vt 0.976418 0.177214
vt 0.228868 0.839872
vt 0.940320 0.037959
vt 0.949497 0.044378
vt 0.962734 0.048293
vt 0.975022 0.051562
vt 0.918433 0.018744
vt 0.925467 0.024068
vt 0.933639 0.031500
vt 0.235286 0.805779
vt 0.310670 0.900049
vt 0.306864 0.888315
vt 0.323064 0.892560
vt 0.325459 0.902068
vt 0.957940 0.175626
vt 0.967219 0.173035
vt 0.975056 0.169516
vt 0.931042 0.179960
vt 0.984822 0.166879
vt 0.946669 0.177664
vt 0.319558 0.926573
vt 0.311124 0.925338
vt 0.309058 0.920382
vt 0.228110 0.852990
vt 0.317289 0.940227
vt 0.301989 0.940654
vt 0.235969 0.795574
vt 0.302583 0.951247
vt 0.318585 0.951327
vt 0.268538 0.843785
vt 0.273837 0.830274
vt 0.278890 0.912793
vt 0.280840 0.898363
vt 0.275151 0.819698
vt 0.245287 0.815388
vt 0.252066 0.804661
vt 0.279426 0.809498
vt 0.279608 0.887044
vt 0.243030 0.856528
vt 0.271194 0.860925
vt 0.280022 0.801443
vt 0.252259 0.795822
vt 0.273739 0.948552
vt 0.280341 0.923517
vt 0.273123 0.938555
vt 0.944266 0.142729
vt 0.949406 0.137686
vt 0.114794 0.771270
vt 0.122404 0.782803
vt 0.969973 0.020563
vt 0.966592 0.014239
vt 0.958029 0.135969
vt 0.965102 0.138436
vt 0.959005 0.010056
vt 0.951546 0.010273
vt 0.950424 0.000156
vt 0.114845 0.746682
vt 0.324651 0.440137
vt 0.338988 0.437655
vt 0.161930 0.704157
vt 0.135141 0.700089
vt 0.982189 0.047127
vt 0.178841 0.790294
vt 0.967736 0.043895
vt 0.971272 0.035075
vt 0.982165 0.034162
vt 0.958123 0.037963
vt 0.964144 0.036219
vt 0.665031 0.036123
vt 0.659375 0.029747
vt 0.654634 0.024895
vt 0.233439 0.036464
vt 0.251408 0.045926
vt 0.254042 0.052178
vt 0.950849 0.159368
vt 0.950395 0.161657
vt 0.945197 0.159416
vt 0.938806 0.156277
vt 0.285583 0.474914
vt 0.928575 0.152483
vt 0.924896 0.164868
vt 0.261233 0.481547
vt 0.167860 0.767085
vt 0.933710 0.024699
vt 0.926925 0.012988
vt 0.323200 0.492270
vt 0.961927 0.126664
vt 0.946187 0.128957
vt 0.309465 0.500432
vt 0.129449 0.751448
vt 0.132912 0.766568
vt 0.324981 0.476813
vt 0.969358 0.129170
vt 0.139322 0.739785
vt 0.980868 0.135541
vt 0.306053 0.454951
vt 0.969205 0.154757
vt 0.973603 0.147615
vt 0.965545 0.157977
vt 0.269523 0.059879
vt 0.274876 0.052102
vt 0.283297 0.045994
vt 0.630978 0.065752
vt 0.642330 0.054314
vt 0.651225 0.048921
vt 0.952026 0.026706
vt 0.945263 0.028770
vt 0.942771 0.024487
vt 0.133154 0.723941
vt 0.940656 0.016362
vt 0.168199 0.741015
vt 0.168646 0.716957
vt 0.302595 0.400403
vt 0.314089 0.421353
vt 0.294174 0.432186
vt 0.284500 0.406027
vt 0.190269 0.712949
vt 0.194297 0.734828
vt 0.312133 0.396456
vt 0.251568 0.469002
vt 0.194738 0.784915
vt 0.194771 0.789599
vt 0.280820 0.451936
vt 0.255058 0.465887
vt 0.241264 0.432720
vt 0.254108 0.415843
vt 0.187720 0.756953
vt 0.285965 0.443407
vt 0.268563 0.406461
vt 0.171193 0.755162
vt 0.190353 0.747928
vt 0.309714 0.459333
vt 0.307263 0.462070
vt 0.294681 0.467183
vt 0.290190 0.468857
vt 0.169560 0.755996
vt 0.169487 0.760389
vt 0.167512 0.764415
vt 0.168183 0.757200
vt 0.319789 0.476849
vt 0.321152 0.473810
vt 0.318978 0.487002
vt 0.316019 0.485568
vt 0.144978 0.740082
vt 0.148478 0.739898
vt 0.141306 0.749839
vt 0.137275 0.750821
vt 0.307885 0.492393
vt 0.310261 0.494006
vt 0.297478 0.491983
vt 0.298666 0.487325
vt 0.138724 0.761073
vt 0.143043 0.757576
vt 0.151822 0.762333
vt 0.147833 0.768587
vt 0.292014 0.465280
vt 0.314786 0.462275
vt 0.315041 0.467137
vt 0.322529 0.468689
vt 0.976939 0.133020
vt 0.967876 0.150386
vt 0.971307 0.144166
vt 0.965102 0.153193
vt 0.271117 0.063882
vt 0.278852 0.056911
vt 0.288223 0.052430
vt 0.636093 0.070823
vt 0.646351 0.061350
vt 0.654116 0.054451
vt 0.952060 0.024465
vt 0.946969 0.024121
vt 0.945345 0.020737
vt 0.943897 0.013808
vt 0.128017 0.727728
vt 0.147609 0.736514
vt 0.170295 0.752218
vt 0.155348 0.738370
vt 0.169953 0.753663
vt 0.160852 0.742828
vt 0.310637 0.476074
vt 0.313464 0.477039
vt 0.306428 0.490595
vt 0.305617 0.490700
vt 0.159186 0.745335
vt 0.152206 0.749408
vt 0.305157 0.490864
vt 0.305132 0.490681
vt 0.149249 0.755112
vt 0.159117 0.769256
vt 0.161661 0.763084
vt 0.971431 0.025871
vt 0.128700 0.788460
vt 0.962250 0.032441
vt 0.967032 0.028863
vt 0.669162 0.035159
vt 0.664486 0.028446
vt 0.661048 0.023181
vt 0.231415 0.039608
vt 0.247340 0.051174
vt 0.250860 0.056385
vt 0.951097 0.158084
vt 0.948296 0.156012
vt 0.944623 0.151543
vt 0.941304 0.147377
vt 0.292899 0.478875
vt 0.289640 0.483109
vt 0.288531 0.472938
vt 0.293023 0.470867
vt 0.304458 0.490398
vt 0.310621 0.476063
vt 0.157631 0.756352
vt 0.304741 0.463223
vt 0.301389 0.467981
vt 0.299361 0.470857
vt 0.299331 0.466019
vt 0.165849 0.757322
vt 0.168188 0.757133
vt 0.305128 0.462798
vt 0.304446 0.462936
vt 0.305090 0.462393
vt 0.306275 0.462917
vt 0.169646 0.755395
vt 0.312509 0.468000
vt 0.306342 0.463426
vt 0.169709 0.753537
vt 0.165752 0.745727
vt 0.310670 0.476130
vt 0.310730 0.476068
vt 0.162725 0.752695
vt 0.161337 0.751898
vt 0.162782 0.752291
vt 0.162772 0.752786
vt 0.162660 0.752660
vt 0.162806 0.752868
vt 0.165104 0.755965
vt 0.167904 0.756860
vt 0.169594 0.753447
vt 0.166025 0.749861
vt 0.169586 0.753326
vt 0.310641 0.476089
vt 0.162788 0.752816
vt 0.162784 0.752816
vt 0.162766 0.752776
vt 0.305766 0.463032
vt 0.305766 0.463032
vt 0.305766 0.463032
vt 0.305766 0.463032
vt 0.169461 0.752615
vt 0.169404 0.752084
vt 0.169504 0.753097
vt 0.169470 0.752955
vt 0.305766 0.463032
vt 0.305766 0.463032
vt 0.169469 0.752990
vt 0.169505 0.753161
vt 0.167621 0.756635
vt 0.169460 0.752989
vt 0.305766 0.463032
vt 0.305766 0.463032
vt 0.305766 0.463032
vt 0.305766 0.463032
vt 0.164946 0.755642
vt 0.169443 0.752963
vt 0.305766 0.463032
vt 0.305766 0.463032
vt 0.305766 0.463032
vt 0.305766 0.463032
vt 0.163357 0.753307
vt 0.165031 0.750804
vt 0.169414 0.752567
vt 0.169395 0.752685
vt 0.169412 0.752850
vt 0.310648 0.476121
vt 0.162743 0.752742
vt 0.310650 0.476097
vt 0.310662 0.476104
vt 0.162757 0.752750
vt 0.162758 0.752752
vt 0.162757 0.752753
vt 0.162755 0.752745
vt 0.310674 0.476098
vt 0.162755 0.752740
vt 0.162758 0.752750
vt 0.310671 0.476083
vt 0.162758 0.752753
vt 0.162762 0.752754
vt 0.310657 0.476094
vt 0.310655 0.476095
vt 0.310655 0.476094
vt 0.310656 0.476094
vt 0.310656 0.476093
vt 0.310658 0.476093
vt 0.310655 0.476094
vt 0.310654 0.476093
vt 0.162758 0.752758
vt 0.162748 0.752734
vt 0.162748 0.752721
vt 0.162760 0.752738
vt 0.310659 0.476096
vt 0.310654 0.476096
vt 0.310653 0.476095
vt 0.310663 0.476094
vt 0.162758 0.752752
vt 0.162758 0.752752
vt 0.162758 0.752753
vt 0.162758 0.752753
vt 0.310655 0.476094
vt 0.310655 0.476094
vt 0.162758 0.752753
vt 0.162758 0.752753
vt 0.310655 0.476094
vt 0.310656 0.476094
vt 0.162758 0.752752
vt 0.162758 0.752753
vt 0.310655 0.476094
vt 0.310655 0.476094
vt 0.162758 0.752753
vt 0.162758 0.752753
vt 0.310656 0.476094
vt 0.310655 0.476094
vt 0.162758 0.752753
vt 0.162758 0.752752
vt 0.310655 0.476094
vt 0.310655 0.476094
vt 0.310655 0.476094
vt 0.310655 0.476094
vt 0.162758 0.752753
vt 0.162758 0.752753
vt 0.310655 0.476094
vt 0.310655 0.476094
vt 0.162758 0.752753
vt 0.310655 0.476094
vt 0.310655 0.476094
vt 0.162758 0.752753
vt 0.007093 0.137894
vt 0.003856 0.139764
vt 0.354278 0.527633
vt 0.162758 0.752752
vt 0.162758 0.752753
vt 0.359443 0.532724
vt 0.000000 0.152088
vt 0.162758 0.752753
vt 0.350820 0.509165
vt 0.019891 0.141489
vt 0.162758 0.752753
vt 0.349845 0.519393
vt 0.019141 0.158412
vt 0.011900 0.158805
vt 0.006929 0.163487
vt 0.027919 0.155173
vt 0.162758 0.752753
vt 0.162758 0.752753
vt 0.162758 0.752753
vt 0.162758 0.752753
vt 0.306202 0.463493
vt 0.305947 0.463023
vt 0.310820 0.475985
vt 0.305536 0.464072
vt 0.305906 0.463941
vt 0.305359 0.463002
vt 0.305262 0.463173
vt 0.305557 0.462856
vt 0.169458 0.752884
vt 0.169466 0.752836
vt 0.169467 0.752766
vt 0.169460 0.752902
vt 0.169435 0.752821
vt 0.169437 0.752748
vt 0.169451 0.752803
vt 0.169447 0.752823
vt 0.169445 0.752897
vt 0.169451 0.752866
vt 0.169455 0.752882
vt 0.169455 0.752914
vt 0.169457 0.752889
vt 0.169459 0.752916
vt 0.306155 0.463408
vt 0.305788 0.463047
vt 0.305785 0.463040
vt 0.305875 0.462904
vt 0.305575 0.463848
vt 0.305735 0.463066
vt 0.305943 0.463620
vt 0.305866 0.463735
vt 0.305661 0.463036
vt 0.305554 0.463049
vt 0.305623 0.462989
vt 0.305716 0.463003
vt 0.305767 0.462985
vt 0.305708 0.462943
vt 0.169459 0.752866
vt 0.169460 0.752862
vt 0.169460 0.752872
vt 0.169457 0.752869
vt 0.169456 0.752855
vt 0.169456 0.752847
vt 0.169457 0.752857
vt 0.169456 0.752861
vt 0.169456 0.752867
vt 0.169456 0.752863
vt 0.169456 0.752864
vt 0.169457 0.752866
vt 0.169457 0.752868
vt 0.169457 0.752871
vt 0.305798 0.463011
vt 0.305773 0.463040
vt 0.305768 0.463037
vt 0.305769 0.463035
vt 0.305776 0.463019
vt 0.305779 0.463007
vt 0.305754 0.463027
vt 0.305732 0.463028
vt 0.305757 0.463014
vt 0.305765 0.463024
vt 0.305763 0.463045
vt 0.305753 0.463047
vt 0.305760 0.463040
vt 0.305763 0.463040
vt 0.305766 0.463035
vt 0.305767 0.463033
vt 0.305760 0.463035
vt 0.305763 0.463036
vt 0.305766 0.463028
vt 0.305762 0.463029
vt 0.305772 0.463027
vt 0.169457 0.752867
vt 0.169457 0.752867
vt 0.169457 0.752867
vt 0.169457 0.752866
vt 0.169457 0.752865
vt 0.169457 0.752865
vt 0.169457 0.752866
vt 0.169457 0.752866
vt 0.169457 0.752866
vt 0.169457 0.752866
vt 0.169457 0.752866
vt 0.169457 0.752866
vt 0.169457 0.752866
vt 0.169457 0.752866
vt 0.305765 0.463033
vt 0.305765 0.463033
vt 0.305765 0.463032
vt 0.305771 0.463030
vt 0.305762 0.463033
vt 0.305764 0.463032
vt 0.305764 0.463033
vt 0.305764 0.463034
vt 0.305766 0.463031
vt 0.305765 0.463031
vt 0.305765 0.463030
vt 0.305766 0.463030
vt 0.305767 0.463031
vt 0.305769 0.463029
vt 0.169457 0.752866
vt 0.169457 0.752866
vt 0.169457 0.752866
vt 0.169457 0.752866
vt 0.169457 0.752866
vt 0.169457 0.752866
vt 0.169457 0.752866
vt 0.169457 0.752866
vt 0.169457 0.752866
vt 0.169457 0.752866
vt 0.169457 0.752866
vt 0.169457 0.752866
vt 0.169457 0.752866
vt 0.169457 0.752866
vt 0.305765 0.463032
vt 0.305765 0.463032
vt 0.305765 0.463032
vt 0.305767 0.463031
vt 0.305766 0.463031
vt 0.305766 0.463031
vt 0.305766 0.463031
vt 0.305766 0.463031
vt 0.305766 0.463031
vt 0.305766 0.463031
vt 0.305765 0.463032
vt 0.305765 0.463032
vt 0.305765 0.463032
vt 0.305765 0.463032
vt 0.169458 0.752867
vt 0.169458 0.752869
vt 0.169457 0.752867
vt 0.169457 0.752866
vt 0.169457 0.752865
vt 0.169457 0.752864
vt 0.169457 0.752862
vt 0.305765 0.463032
vt 0.305765 0.463032
vt 0.305765 0.463032
vt 0.305765 0.463032
vt 0.305766 0.463032
vt 0.305766 0.463032
vt 0.305766 0.463032
vt 0.169457 0.752866
vt 0.169457 0.752866
vt 0.169457 0.752866
vt 0.169457 0.752866
vt 0.169457 0.752866
vt 0.169457 0.752866
vt 0.169457 0.752866
vt 0.305766 0.463032
vt 0.305766 0.463032
vt 0.305766 0.463032
vt 0.305766 0.463032
vt 0.305766 0.463032
vt 0.305766 0.463032
vt 0.305766 0.463032
vt 0.305766 0.463032
vt 0.305766 0.463032
vt 0.305766 0.463032
vt 0.305766 0.463032
vt 0.305766 0.463032
vt 0.305766 0.463032
vt 0.305766 0.463032
vt 0.169457 0.752866
vt 0.169457 0.752866
vt 0.169457 0.752866
vt 0.169457 0.752866
vt 0.169457 0.752866
vt 0.169457 0.752866
vt 0.169457 0.752866
vt 0.305766 0.463032
vt 0.169457 0.752866
vt 0.169457 0.752866
vt 0.169457 0.752866
vt 0.169457 0.752866
vt 0.169457 0.752866
vt 0.169457 0.752866
vt 0.169457 0.752866
vt 0.169457 0.752866
vt 0.169457 0.752866
vt 0.169457 0.752866
vt 0.169457 0.752866
vt 0.169457 0.752866
vt 0.169457 0.752866
vt 0.169457 0.752866
vt 0.169457 0.752865
vt 0.169458 0.752863
vt 0.169458 0.752848
vt 0.169458 0.752859
vt 0.169447 0.752733
vt 0.169456 0.752804
vt 0.305766 0.463032
vt 0.305766 0.463032
vt 0.305766 0.463032
vt 0.305766 0.463032
vt 0.305766 0.463032
vt 0.305766 0.463031
vt 0.305765 0.463031
vt 0.305763 0.463031
vt 0.305764 0.463031
vt 0.305750 0.463036
vt 0.305759 0.463032
vt 0.305734 0.463045
vt 0.305345 0.463623
vt 0.305686 0.463063
vt 0.305289 0.463934
vt 0.169458 0.752833
vt 0.169463 0.752855
vt 0.169463 0.752874
vt 0.169457 0.752877
vt 0.169456 0.752870
vt 0.169454 0.752863
vt 0.169453 0.752841
vt 0.169456 0.752831
vt 0.938533 0.135098
vt 0.299724 0.499349
vt 0.140177 0.772858
vt 0.934284 0.140763
vt 0.290301 0.491658
vt 0.152074 0.774787
vt 0.310655 0.476094
vt 0.310655 0.476094
vt 0.310655 0.476094
vt 0.310655 0.476094
vt 0.162758 0.752753
vt 0.162758 0.752753
vt 0.310655 0.476094
vt 0.310655 0.476094
vt 0.310655 0.476094
vt 0.310655 0.476094
vt 0.162758 0.752753
vt 0.162758 0.752753
vt 0.162758 0.752753
vt 0.162758 0.752753
vt 0.310655 0.476094
vt 0.310655 0.476094
vt 0.162758 0.752753
vt 0.310655 0.476094
vt 0.310655 0.476094
vt 0.162758 0.752753
vt 0.162758 0.752753
vt 0.162758 0.752753
vt 0.162758 0.752753
vt 0.162758 0.752753
vt 0.310655 0.476094
vt 0.310655 0.476094
vt 0.162758 0.752753
vt 0.162758 0.752753
vt 0.310655 0.476094
vt 0.310655 0.476094
vt 0.162758 0.752753
vt 0.162758 0.752753
vt 0.162758 0.752753
vt 0.162758 0.752753
vt 0.310655 0.476094
vt 0.310655 0.476094
vt 0.310655 0.476094
vt 0.310655 0.476094
vt 0.162758 0.752753
vt 0.162758 0.752753
vt 0.310655 0.476094
vt 0.310655 0.476094
vt 0.310655 0.476094
vt 0.310655 0.476094
vt 0.162758 0.752753
vt 0.162758 0.752753
vt 0.162758 0.752753
vt 0.162758 0.752753
vt 0.310655 0.476094
vt 0.310655 0.476094
vt 0.310655 0.476094
vt 0.310655 0.476094
vt 0.162758 0.752753
vt 0.162758 0.752753
vt 0.162758 0.752753
vt 0.162758 0.752753
vt 0.310655 0.476094
vt 0.310655 0.476094
vt 0.162758 0.752753
vt 0.162758 0.752753
vt 0.162758 0.752753
vt 0.162758 0.752753
vt 0.310655 0.476094
vt 0.310655 0.476094
vt 0.310655 0.476094
vt 0.310655 0.476094
vt 0.162758 0.752753
vt 0.162758 0.752753
vt 0.162758 0.752753
vt 0.162758 0.752753
vt 0.310655 0.476094
vt 0.310655 0.476094
vt 0.310655 0.476094
vt 0.310655 0.476094
vt 0.162758 0.752753
vt 0.162758 0.752753
vt 0.162758 0.752753
vt 0.162758 0.752753
vt 0.310655 0.476094
vt 0.310655 0.476094
vt 0.162758 0.752753
vt 0.162758 0.752753
vt 0.162758 0.752753
vt 0.162758 0.752753
vt 0.310655 0.476094
vt 0.310655 0.476094
vt 0.310655 0.476094
vt 0.310655 0.476094
vt 0.162758 0.752753
vt 0.162758 0.752753
vt 0.162758 0.752753
vt 0.162758 0.752753
vt 0.310655 0.476094
vt 0.310655 0.476094
vt 0.310655 0.476094
vt 0.310655 0.476094
vt 0.161026 0.284229
vt 0.193961 0.327370
vt 0.178263 0.337383
vt 0.154442 0.288136
vt 0.232667 0.751323
vt 0.286722 0.747799
vt 0.287738 0.767575
vt 0.228739 0.772506
vt 0.207620 0.383677
vt 0.223650 0.371724
vt 0.339896 0.742160
vt 0.342252 0.760656
vt 0.237899 0.363008
vt 0.221798 0.726345
vt 0.284564 0.731465
vt 0.256119 0.354232
vt 0.279198 0.712300
vt 0.267967 0.346808
vt 0.214241 0.708746
vt 0.276739 0.698572
vt 0.930497 0.171094
vt 0.935657 0.179808
vt 0.938642 0.188339
vt 0.274288 0.340695
vt 0.210970 0.698901
vt 0.293007 0.782218
vt 0.394295 0.739656
vt 0.395521 0.747238
vt 0.230983 0.294102
vt 0.222241 0.306669
vt 0.341483 0.692263
vt 0.337597 0.707090
vt 0.224277 0.738586
vt 0.245199 0.296662
vt 0.344586 0.776971
vt 0.203648 0.320886
vt 0.338674 0.730551
vt 0.192610 0.265112
vt 0.206826 0.255423
vt 0.388616 0.703035
vt 0.386824 0.685858
vt 0.170557 0.278642
vt 0.392460 0.728723
vt 0.217521 0.249517
vt 0.394978 0.766774
vt 0.137469 0.154468
vt 0.176247 0.204780
vt 0.165166 0.218983
vt 0.129221 0.172574
vt 0.425536 0.696923
vt 0.427979 0.677964
vt 0.445487 0.676545
vt 0.441763 0.694257
vt 0.126111 0.257747
vt 0.137383 0.252474
vt 0.511640 0.736762
vt 0.454885 0.748075
vt 0.450669 0.734618
vt 0.501593 0.726190
vt 0.088003 0.192825
vt 0.071010 0.153946
vt 0.081622 0.153117
vt 0.102499 0.193719
vt 0.589621 0.718360
vt 0.552481 0.724719
vt 0.546263 0.716038
vt 0.587658 0.707828
vt 0.102543 0.138414
vt 0.110571 0.128409
vt 0.544074 0.690485
vt 0.546601 0.677870
vt 0.585494 0.675775
vt 0.585430 0.688479
vt 0.077617 0.105566
vt 0.055207 0.072429
vt 0.067337 0.061563
vt 0.087278 0.097355
vt 0.659478 0.675500
vt 0.625418 0.684307
vt 0.625865 0.667989
vt 0.663618 0.664939
vt 0.052082 0.121519
vt 0.030156 0.088946
vt 0.038956 0.082997
vt 0.061393 0.116277
vt 0.667310 0.708758
vt 0.628817 0.714193
vt 0.627755 0.703593
vt 0.662649 0.698382
vt 0.009138 0.022573
vt 0.020607 0.053067
vt 0.009684 0.056108
vt 0.003481 0.014378
vt 0.693638 0.687480
vt 0.703573 0.686570
vt 0.040100 0.040848
vt 0.017980 0.016590
vt 0.009749 0.006560
vt 0.045464 0.030893
vt 0.692510 0.676863
vt 0.705551 0.676758
vt 0.173555 0.233074
vt 0.186406 0.219037
vt 0.509216 0.673945
vt 0.500598 0.691969
vt 0.205775 0.202164
vt 0.519026 0.750389
vt 0.450474 0.652201
vt 0.115750 0.243383
vt 0.097277 0.252562
vt 0.147651 0.147788
vt 0.128716 0.238003
vt 0.428323 0.652175
vt 0.437156 0.749386
vt 0.433963 0.737301
vt 0.148929 0.245339
vt 0.447977 0.719127
vt 0.432001 0.723807
vt 0.142242 0.230146
vt 0.116425 0.183890
vt 0.500161 0.709124
vt 0.090163 0.148426
vt 0.544357 0.706452
vt 0.586919 0.701426
vt 0.066763 0.112736
vt 0.046777 0.074845
vt 0.629000 0.692332
vt 0.030214 0.045873
vt 0.662004 0.686347
vt 0.017930 0.024032
vt 0.686823 0.681691
vt 0.121134 0.119544
vt 0.555004 0.731452
vt 0.094507 0.092015
vt 0.592936 0.724660
vt 0.072771 0.052052
vt 0.636081 0.722242
vt 0.049529 0.021486
vt 0.674564 0.715351
vt 0.000482 0.000000
vt 0.716565 0.679643
vt 0.009904 0.013604
vt 0.700022 0.681145
vt 0.039234 0.190012
vt 0.031220 0.177359
vt 0.040386 0.174304
vt 0.048839 0.185854
vt 0.339057 0.522135
vt 0.344179 0.529975
vt 0.332684 0.533832
vt 0.327832 0.525475
vt 0.049520 0.169961
vt 0.027280 0.198806
vt 0.323849 0.516177
vt 0.347027 0.544474
vt 0.025877 0.181090
vt 0.033228 0.193230
vt 0.334220 0.540164
vt 0.347749 0.536979
vt 0.034186 0.164371
vt 0.025158 0.166856
vt 0.013423 0.175833
vt 0.017845 0.169740
vt 0.318305 0.538017
vt 0.313844 0.528550
vt 0.312051 0.521231
vt 0.320689 0.544400
vt 0.070204 0.251156
vt 0.058493 0.233189
vt 0.064022 0.230440
vt 0.075921 0.249834
vt 0.310338 0.539932
vt 0.312871 0.547161
vt 0.291695 0.553110
vt 0.290225 0.546585
vt 0.073810 0.230505
vt 0.084448 0.249567
vt 0.283376 0.539275
vt 0.304571 0.530566
vt 0.076711 0.227757
vt 0.067405 0.258824
vt 0.282528 0.535060
vt 0.313257 0.557417
vt 0.043952 0.196715
vt 0.037275 0.200475
vt 0.054468 0.193481
vt 0.030214 0.207925
vt 0.275384 0.557793
vt 0.273017 0.552095
vt 0.265593 0.545727
vt 0.265215 0.541748
vt 0.054684 0.214979
vt 0.049280 0.218924
vt 0.043669 0.226745
vt 0.064655 0.213980
vt 0.086747 0.268958
vt 0.082693 0.271478
vt 0.199423 0.581890
vt 0.199175 0.576449
vt 0.215123 0.570849
vt 0.214533 0.577321
vt 0.095043 0.267089
vt 0.191611 0.571881
vt 0.210483 0.564069
vt 0.078159 0.277218
vt 0.216089 0.583102
vt 0.188810 0.567267
vt 0.100437 0.301015
vt 0.104142 0.297026
vt 0.109450 0.300614
vt 0.104637 0.305648
vt 0.114449 0.310436
vt 0.117988 0.296784
vt 0.113236 0.307781
vt 0.112862 0.298457
vt 0.230634 0.566391
vt 0.232080 0.570936
vt 0.231821 0.578234
vt 0.225563 0.559572
vt 0.095638 0.282422
vt 0.091895 0.287736
vt 0.086982 0.291148
vt 0.103574 0.280295
vt 0.251317 0.558955
vt 0.254784 0.563687
vt 0.251922 0.571311
vt 0.245045 0.553184
vt 0.192800 0.575741
vt 0.193217 0.582697
vt 0.185268 0.578753
vt 0.182627 0.579989
vt 0.309837 0.853001
vt 0.306738 0.869021
vt 0.184964 0.913904
vt 0.238211 0.918132
vt 0.236747 0.934734
vt 0.185417 0.932575
vt 0.361761 0.861088
vt 0.356315 0.878905
vt 0.317602 0.802640
vt 0.245371 0.878516
vt 0.236742 0.944106
vt 0.369035 0.811246
vt 0.194968 0.873417
vt 0.186217 0.938527
vt 0.316698 0.834950
vt 0.235943 0.910183
vt 0.315925 0.821911
vt 0.241795 0.886883
vt 0.314808 0.812689
vt 0.363254 0.841687
vt 0.189280 0.904665
vt 0.363540 0.830153
vt 0.194313 0.883785
vt 0.365595 0.819889
vt 0.440135 0.853544
vt 0.405285 0.841080
vt 0.409915 0.833270
vt 0.442255 0.846111
vt 0.173646 0.873905
vt 0.173892 0.881877
vt 0.152515 0.883272
vt 0.151431 0.874178
vt 0.387374 0.825144
vt 0.384744 0.832539
vt 0.116965 0.878235
vt 0.118745 0.870711
vt 0.373383 0.884206
vt 0.389351 0.815223
vt 0.136832 0.935261
vt 0.163798 0.940797
vt 0.394683 0.886552
vt 0.428347 0.890414
vt 0.442159 0.838143
vt 0.413009 0.825459
vt 0.106163 0.924165
vt 0.377515 0.864779
vt 0.150103 0.908581
vt 0.168118 0.914387
vt 0.166155 0.933676
vt 0.143357 0.928839
vt 0.396191 0.865119
vt 0.431543 0.874240
vt 0.113982 0.900618
vt 0.109252 0.916367
vt 0.382671 0.845328
vt 0.172433 0.895681
vt 0.149542 0.897746
vt 0.438014 0.859237
vt 0.401129 0.855351
vt 0.114274 0.890922
vt 0.466328 0.858703
vt 0.465142 0.863362
vt 0.069991 0.860710
vt 0.092904 0.869133
vt 0.091300 0.873670
vt 0.069351 0.866090
vt 0.540379 0.892739
vt 0.514093 0.877335
vt 0.523149 0.877127
vt 0.543803 0.889497
vt 0.044622 0.857282
vt 0.037841 0.851362
vt 0.463182 0.869598
vt 0.089444 0.880007
vt 0.064754 0.876218
vt 0.532847 0.896956
vt 0.503848 0.886807
vt 0.046201 0.871529
vt 0.459118 0.880114
vt 0.086882 0.891014
vt 0.061484 0.884443
vt 0.458426 0.891208
vt 0.081459 0.900731
vt 0.055995 0.892107
vt 0.466972 0.853693
vt 0.054408 0.899685
vt 0.080956 0.906684
vt 0.490750 0.865459
vt 0.487980 0.870306
vt 0.487249 0.877576
vt 0.483416 0.889464
vt 0.483401 0.898687
vt 0.492737 0.861029
vt 0.508620 0.904754
vt 0.505180 0.894359
vt 0.534437 0.900397
vt 0.538310 0.905588
vt 0.031206 0.881928
vt 0.040487 0.876308
vt 0.014613 0.861041
vt 0.008251 0.862396
vt 0.018098 0.859433
vt 0.015092 0.851525
vt 0.014653 0.846846
vt 0.543413 0.912165
vt 0.522010 0.869622
vt 0.010764 0.839610
vt 0.026556 0.886098
vt 0.825899 0.238897
vt 0.542134 0.898847
vt 0.009827 0.854847
vt 0.694992 0.611969
vt 0.590421 0.067279
vt 0.601450 0.137447
vt 0.663504 0.551888
vt 0.498309 0.061731
vt 0.386588 0.603129
vt 0.381862 0.635504
vt 0.368959 0.634265
vt 0.604144 0.064151
vt 0.704389 0.528782
vt 0.400333 0.606155
vt 0.547987 0.048875
vt 0.721766 0.597705
vt 0.693316 0.535369
vt 0.540168 0.048712
vt 0.524798 0.076517
vt 0.673514 0.546076
vt 0.661268 0.523537
vt 0.676119 0.513612
vt 0.685296 0.541422
vt 0.466814 0.177700
vt 0.460290 0.193256
vt 0.446338 0.185918
vt 0.452889 0.169659
vt 0.572560 0.036274
vt 0.718370 0.636644
vt 0.585453 0.034940
vt 0.744409 0.625796
vt 0.736588 0.625806
vt 0.728547 0.630497
vt 0.397093 0.532881
vt 0.465651 0.121181
vt 0.409176 0.532204
vt 0.495132 0.138284
vt 0.522166 0.037519
vt 0.532220 0.043864
vt 0.687461 0.507855
vt 0.699228 0.507044
vt 0.477302 0.183088
vt 0.488397 0.186807
vt 0.418201 0.460201
vt 0.469707 0.198454
vt 0.600984 0.162137
vt 0.401110 0.486449
vt 0.402855 0.462436
vt 0.651903 0.529900
vt 0.444617 0.162962
vt 0.437673 0.181203
vt 0.571301 0.366419
vt 0.590657 0.387768
vt 0.585127 0.393650
vt 0.558144 0.370134
vt 0.588401 0.354177
vt 0.596857 0.336550
vt 0.593767 0.382642
vt 0.580456 0.363429
vt 0.565023 0.355078
vt 0.587225 0.331794
vt 0.547881 0.365594
vt 0.579606 0.399525
vt 0.477509 0.159701
vt 0.462863 0.149475
vt 0.488731 0.165684
vt 0.500481 0.166725
vt 0.396443 0.508196
vt 0.453625 0.142929
vt 0.665790 0.495403
vt 0.651691 0.503144
vt 0.676389 0.490237
vt 0.687553 0.486746
vt 0.605813 0.183849
vt 0.591173 0.186878
vt 0.487232 0.132073
vt 0.475545 0.127189
vt 0.715312 0.603048
vt 0.705250 0.607931
vt 0.518450 0.071049
vt 0.508486 0.065969
vt 0.659603 0.479721
vt 0.645474 0.486729
vt 0.592943 0.207893
vt 0.607737 0.207849
vt 0.676989 0.467378
vt 0.669133 0.474737
vt 0.441283 0.214791
vt 0.433723 0.207225
vt 0.420966 0.205516
vt 0.400608 0.431625
vt 0.415970 0.426379
vt 0.447436 0.220291
vt 0.641166 0.457705
vt 0.633393 0.465035
vt 0.593876 0.240504
vt 0.605720 0.238676
vt 0.656826 0.444110
vt 0.647479 0.452400
vt 0.421722 0.242012
vt 0.416069 0.231259
vt 0.406120 0.226118
vt 0.394598 0.397680
vt 0.405169 0.395020
vt 0.424608 0.250130
vt 0.622573 0.429817
vt 0.616528 0.440360
vt 0.590643 0.268221
vt 0.599963 0.272659
vt 0.639797 0.418194
vt 0.625764 0.421823
vt 0.408663 0.257329
vt 0.405298 0.249613
vt 0.395195 0.242965
vt 0.389195 0.375807
vt 0.401215 0.372070
vt 0.411189 0.263791
vt 0.610142 0.413978
vt 0.606464 0.421554
vt 0.587545 0.290539
vt 0.594621 0.294527
vt 0.624574 0.403790
vt 0.612937 0.407628
vt 0.388063 0.282654
vt 0.382776 0.276547
vt 0.377490 0.270463
vt 0.382413 0.338409
vt 0.392190 0.333920
vt 0.390954 0.287913
vt 0.354815 0.298985
vt 0.367826 0.303173
vt 0.344383 0.303163
vt 0.361109 0.314305
vt 0.384402 0.316107
vt 0.376853 0.306520
vt 0.533995 0.843775
vt 0.526656 0.859745
vt 0.901235 0.782587
vt 0.943110 0.779619
vt 0.948280 0.796420
vt 0.898398 0.705620
vt 0.574988 0.852327
vt 0.599126 0.856222
vt 0.595651 0.870547
vt 0.588403 0.776322
vt 0.852775 0.783882
vt 0.876648 0.783148
vt 0.878228 0.797785
vt 0.846891 0.708862
vt 0.546457 0.783027
vt 0.938901 0.717799
vt 0.901684 0.719491
vt 0.543852 0.801278
vt 0.939032 0.736227
vt 0.900695 0.736977
vt 0.583237 0.789633
vt 0.581783 0.807118
vt 0.540436 0.830775
vt 0.541264 0.817996
vt 0.939346 0.753126
vt 0.938454 0.765889
vt 0.579736 0.823110
vt 0.578388 0.835955
vt 0.900075 0.765941
vt 0.900503 0.753061
vt 0.610259 0.793106
vt 0.874629 0.719308
vt 0.851815 0.721876
vt 0.600631 0.826531
vt 0.601224 0.839364
vt 0.857260 0.754366
vt 0.879292 0.753632
vt 0.876883 0.766218
vt 0.852319 0.766921
vt 0.622275 0.830285
vt 0.625240 0.843437
vt 0.622419 0.860243
vt 0.621353 0.873882
vt 0.632765 0.798874
vt 0.679509 0.795374
vt 0.652916 0.787585
vt 0.634521 0.863468
vt 0.661555 0.865679
vt 0.834132 0.707679
vt 0.840138 0.785369
vt 0.638065 0.845944
vt 0.664926 0.850890
vt 0.839116 0.767588
vt 0.760906 0.816513
vt 0.715235 0.804904
vt 0.697476 0.870126
vt 0.744589 0.883298
vt 0.810725 0.796778
vt 0.771829 0.713396
vt 0.775304 0.781343
vt 0.812501 0.783565
vt 0.700785 0.856839
vt 0.749755 0.867677
vt 0.774783 0.767574
vt 0.811554 0.768395
vt 0.725859 0.714020
vt 0.725174 0.783037
vt 0.724079 0.766558
vt 0.861383 0.872709
vt 0.813980 0.833736
vt 0.806640 0.895029
vt 0.848801 0.877633
vt 0.692002 0.779916
vt 0.692075 0.793798
vt 0.671693 0.716558
vt 0.661150 0.777198
vt 0.801267 0.883024
vt 0.837899 0.877641
vt 0.669873 0.767336
vt 0.695172 0.764866
vt 0.605768 0.810947
vt 0.876460 0.737550
vt 0.625724 0.813798
vt 0.856374 0.737626
vt 0.672729 0.820984
vt 0.639929 0.815123
vt 0.647663 0.800857
vt 0.677042 0.805483
vt 0.842212 0.736886
vt 0.837024 0.721615
vt 0.776745 0.888996
vt 0.772823 0.902340
vt 0.777832 0.873681
vt 0.615714 0.739567
vt 0.626194 0.748051
vt 0.636503 0.751405
vt 0.711364 0.812882
vt 0.705548 0.825614
vt 0.773771 0.722024
vt 0.807882 0.721365
vt 0.809215 0.737426
vt 0.776606 0.735759
vt 0.757089 0.838371
vt 0.760350 0.823266
vt 0.724296 0.736216
vt 0.724797 0.720706
vt 0.784990 0.835321
vt 0.781959 0.844202
vt 0.698575 0.726021
vt 0.699159 0.735384
vt 0.669152 0.740353
vt 0.669164 0.730365
vt 0.812597 0.847798
vt 0.841844 0.864639
vt 0.840638 0.868179
vt 0.809778 0.857380
vt 0.636710 0.737795
vt 0.637192 0.741611
vt 0.835380 0.873596
vt 0.806693 0.867664
vt 0.783874 0.861736
vt 0.754525 0.857570
vt 0.706957 0.844505
vt 0.667814 0.835672
vt 0.637036 0.831104
vt 0.842485 0.753083
vt 0.811329 0.752879
vt 0.771293 0.754059
vt 0.722001 0.755522
vt 0.692584 0.751735
vt 0.669134 0.751086
vt 0.640242 0.748421
vt 0.124684 0.615902
vt 0.115999 0.640143
vt 0.106247 0.630269
vt 0.111590 0.607390
vt 0.278451 0.252693
vt 0.268509 0.266805
vt 0.258139 0.249909
vt 0.266987 0.233756
vt 0.083132 0.675811
vt 0.095195 0.688227
vt 0.240580 0.222108
vt 0.248707 0.210858
vt 0.168501 0.522738
vt 0.148574 0.564836
vt 0.135007 0.557812
vt 0.156875 0.515866
vt 0.226030 0.166704
vt 0.212775 0.175159
vt 0.197899 0.151384
vt 0.210387 0.142522
vt 0.196117 0.479075
vt 0.182482 0.501537
vt 0.169512 0.494801
vt 0.184315 0.475473
vt 0.172878 0.111875
vt 0.156404 0.092476
vt 0.168411 0.084099
vt 0.183518 0.103518
vt 0.195631 0.447532
vt 0.207483 0.446659
vt 0.129667 0.019765
vt 0.136893 0.040172
vt 0.125020 0.040750
vt 0.126521 0.011098
vt 0.200470 0.426483
vt 0.192351 0.425411
vt 0.192328 0.419831
vt 0.202600 0.417505
vt 0.137583 0.017696
vt 0.136996 0.012172
vt 0.179650 0.443037
vt 0.174263 0.434065
vt 0.152255 0.033784
vt 0.156611 0.024254
vt 0.151242 0.488550
vt 0.143493 0.480226
vt 0.153714 0.459651
vt 0.163947 0.468116
vt 0.180021 0.047275
vt 0.170785 0.056869
vt 0.140999 0.509958
vt 0.117515 0.557191
vt 0.108077 0.547106
vt 0.132138 0.500712
vt 0.235777 0.128446
vt 0.256458 0.151739
vt 0.248143 0.161617
vt 0.227624 0.139618
vt 0.097071 0.607601
vt 0.088791 0.623402
vt 0.074426 0.611367
vt 0.082806 0.595545
vt 0.282280 0.226191
vt 0.264892 0.201590
vt 0.277350 0.187722
vt 0.299089 0.211039
vt 0.042854 0.657148
vt 0.065725 0.669198
vt 0.315319 0.228262
vt 0.294592 0.243545
vt 0.107419 0.696061
vt 0.027003 0.646407
vt 0.247958 0.257939
vt 0.257697 0.276475
vt 0.329326 0.215293
vt 0.311019 0.198551
vt 0.059802 0.600683
vt 0.127300 0.646475
vt 0.137183 0.622968
vt 0.069503 0.584063
vt 0.290355 0.175276
vt 0.230413 0.230115
vt 0.098409 0.537993
vt 0.160205 0.573403
vt 0.179318 0.528802
vt 0.124251 0.492036
vt 0.244351 0.118293
vt 0.187577 0.161622
vt 0.199306 0.186811
vt 0.264392 0.142051
vt 0.084512 0.589034
vt 0.097127 0.599948
vt 0.142367 0.617035
vt 0.073345 0.578392
vt 0.114499 0.601054
vt 0.128344 0.609258
vt 0.206270 0.085435
vt 0.198541 0.095658
vt 0.162993 0.119402
vt 0.213144 0.075955
vt 0.136931 0.590211
vt 0.122603 0.583727
vt 0.081415 0.564129
vt 0.067810 0.551850
vt 0.090440 0.572860
vt 0.099948 0.581630
vt 0.236367 0.182868
vt 0.223904 0.193000
vt 0.211277 0.202850
vt 0.274126 0.155138
vt 0.264379 0.166990
vt 0.253367 0.179442
vt 0.140147 0.071748
vt 0.151406 0.066657
vt 0.185810 0.075645
vt 0.192568 0.066483
vt 0.056247 0.637609
vt 0.075218 0.650194
vt 0.027214 0.626280
vt 0.042543 0.626895
vt 0.102804 0.670020
vt 0.091540 0.655438
vt 0.266920 0.173209
vt 0.254478 0.187030
vt 0.289002 0.151624
vt 0.278631 0.160256
vt 0.228472 0.199124
vt 0.240129 0.188792
vt 0.172142 0.424594
vt 0.146168 0.451163
vt 0.207174 0.481918
vt 0.217480 0.444133
vt 0.186610 0.038008
vt 0.157683 0.014605
vt 0.114794 0.039478
vt 0.129553 0.076017
vt 0.136121 0.472303
vt 0.194600 0.506412
vt 0.199036 0.057811
vt 0.145077 0.098969
vt 0.200669 0.406597
vt 0.192190 0.414318
vt 0.136522 0.006699
vt 0.127210 0.000019
vt 0.767521 0.408931
vt 0.764759 0.396302
vt 0.774083 0.392967
vt 0.777898 0.405801
vt 0.833227 0.946283
vt 0.829958 0.936566
vt 0.783539 0.412506
vt 0.770539 0.416142
vt 0.746721 0.950691
vt 0.759633 0.948068
vt 0.764222 0.960730
vt 0.747299 0.964906
vt 0.788931 0.424479
vt 0.796254 0.439860
vt 0.783541 0.449439
vt 0.776997 0.432270
vt 0.662831 0.963662
vt 0.712459 0.955786
vt 0.708002 0.973139
vt 0.664346 0.978721
vt 0.751152 0.349161
vt 0.741421 0.352360
vt 0.809285 0.939777
vt 0.813822 0.949194
vt 0.798442 0.951073
vt 0.794322 0.941684
vt 0.760999 0.367607
vt 0.750748 0.369548
vt 0.781064 0.944279
vt 0.783813 0.953809
vt 0.771872 0.958960
vt 0.768388 0.948715
vt 0.776241 0.329777
vt 0.730733 0.356101
vt 0.830370 0.904782
vt 0.836666 0.957070
vt 0.806169 0.386870
vt 0.799223 0.374705
vt 0.754181 0.400142
vt 0.756601 0.412626
vt 0.780860 0.913147
vt 0.767031 0.914743
vt 0.775113 0.970028
vt 0.786803 0.964673
vt 0.739838 0.371324
vt 0.784390 0.347192
vt 0.796212 0.911457
vt 0.802423 0.961332
vt 0.818920 0.959003
vt 0.811606 0.908711
vt 0.758377 0.382945
vt 0.768369 0.380756
vt 0.791413 0.361267
vt 0.747734 0.385742
vt 0.766396 0.365428
vt 0.757016 0.347916
vt 0.765883 0.339824
vt 0.775177 0.356771
vt 0.827443 0.931113
vt 0.807824 0.934119
vt 0.809509 0.921849
vt 0.828591 0.919123
vt 0.788914 0.383022
vt 0.795803 0.391793
vt 0.786928 0.397243
vt 0.780792 0.390222
vt 0.770044 0.936389
vt 0.769212 0.926009
vt 0.780348 0.926403
vt 0.779337 0.937225
vt 0.774400 0.378042
vt 0.782707 0.370205
vt 0.792944 0.935191
vt 0.794298 0.923808
vt 0.802350 0.397661
vt 0.789611 0.408494
vt 0.741817 0.927863
vt 0.760622 0.924170
vt 0.759338 0.940807
vt 0.747460 0.942556
vt 0.757320 0.421021
vt 0.815982 0.391999
vt 0.767832 0.974325
vt 0.757110 0.909856
vt 0.735074 0.910402
vt 0.735693 0.899220
vt 0.828472 0.410260
vt 0.766582 0.440407
vt 0.795126 0.419129
vt 0.810371 0.415083
vt 0.774329 0.460140
vt 0.838117 0.427376
vt 0.702568 0.986879
vt 0.693539 0.914227
vt 0.653133 0.915601
vt 0.652336 0.902470
vt 0.813943 0.507672
vt 0.793136 0.468924
vt 0.804696 0.455223
vt 0.827091 0.500162
vt 0.871862 0.480137
vt 0.849526 0.446407
vt 0.861968 0.440250
vt 0.798871 0.517044
vt 0.729906 0.953708
vt 0.729473 0.969595
vt 0.726065 0.983318
vt 0.715611 0.912487
vt 0.821270 0.430811
vt 0.804294 0.437562
vt 0.700148 0.930651
vt 0.722664 0.928167
vt 0.727096 0.945854
vt 0.705473 0.945864
vt 0.816839 0.455124
vt 0.836571 0.497780
vt 0.659266 0.954565
vt 0.832319 0.450590
vt 0.852008 0.488310
vt 0.658011 0.936506
vt 0.864587 0.504286
vt 0.847514 0.511381
vt 0.623262 0.936034
vt 0.637702 0.935532
vt 0.641836 0.953548
vt 0.630194 0.953764
vt 0.863341 0.533785
vt 0.877058 0.536502
vt 0.875178 0.546837
vt 0.866899 0.540532
vt 0.614404 0.953660
vt 0.604230 0.944067
vt 0.859006 0.546820
vt 0.866340 0.566667
vt 0.843995 0.558850
vt 0.853140 0.541876
vt 0.621760 0.986843
vt 0.605217 0.983957
vt 0.613735 0.966662
vt 0.627987 0.969097
vt 0.835756 0.519252
vt 0.819138 0.526844
vt 0.642250 0.967688
vt 0.645712 0.985621
vt 0.585883 0.970297
vt 0.596905 0.951594
vt 0.606844 0.954677
vt 0.606304 0.964754
vt 0.879015 0.553784
vt 0.888586 0.548250
vt 0.896067 0.551605
vt 0.876238 0.567834
vt 0.609977 0.921921
vt 0.587973 0.941496
vt 0.580898 0.937351
vt 0.618451 0.996600
vt 0.812994 0.542999
vt 0.884308 0.501407
vt 0.636118 1.000000
vt 0.628597 0.917804
vt 0.589021 0.952501
vt 0.579189 0.962914
vt 0.872556 0.516339
vt 0.891759 0.518965
vt 0.854094 0.520986
vt 0.842886 0.531684
vt 0.832044 0.547054
vt 0.826017 0.555411
vt 0.374733 0.173504
vt 0.337450 0.159553
vt 0.568526 0.181551
vt 0.571922 0.160057
vt 0.535558 0.143892
vt 0.522039 0.163060
vt 0.341217 0.136412
vt 0.387374 0.155755
vt 0.343186 0.123760
vt 0.397855 0.145201
vt 0.514592 0.173477
vt 0.504417 0.168255
vt 0.379742 0.152598
vt 0.389840 0.141618
vt 0.560865 0.178471
vt 0.560399 0.193372
vt 0.365750 0.172266
vt 0.564647 0.154651
vt 0.396141 0.127837
vt 0.404716 0.129804
vt 0.547191 0.225654
vt 0.555262 0.207623
vt 0.562769 0.212208
vt 0.486803 0.201753
vt 0.349732 0.106725
vt 0.507351 0.190229
vt 0.497658 0.207199
vt 0.351136 0.167703
vt 0.359720 0.170393
vt 0.551029 0.147669
vt 0.559035 0.151764
vt 0.358225 0.143455
vt 0.370649 0.149477
vt 0.539108 0.169942
vt 0.552190 0.174339
vt 0.361639 0.132409
vt 0.378077 0.137042
vt 0.548794 0.188417
vt 0.533817 0.180221
vt 0.402989 0.109311
vt 0.410291 0.110847
vt 0.354681 0.087811
vt 0.385037 0.122694
vt 0.369124 0.115022
vt 0.543730 0.203536
vt 0.527000 0.197882
vt 0.376755 0.094573
vt 0.391677 0.103660
vt 0.535157 0.221783
vt 0.518147 0.217832
vt 0.348714 0.162555
vt 0.352626 0.137157
vt 0.530704 0.170519
vt 0.545694 0.149645
vt 0.357063 0.127842
vt 0.527355 0.180279
vt 0.365342 0.110208
vt 0.520933 0.198673
vt 0.425602 0.099180
vt 0.361815 0.072225
vt 0.482514 0.219326
vt 0.491850 0.223317
vt 0.436323 0.083556
vt 0.365357 0.052625
vt 0.547928 0.281846
vt 0.552979 0.267374
vt 0.480661 0.239774
vt 0.473551 0.252454
vt 0.444493 0.036604
vt 0.389033 0.014788
vt 0.377836 0.028172
vt 0.369515 0.017741
vt 0.472426 0.265950
vt 0.459177 0.267536
vt 0.420961 0.012692
vt 0.408684 0.011008
vt 0.399477 0.010459
vt 0.440594 0.019780
vt 0.471025 0.283338
vt 0.475437 0.293752
vt 0.511327 0.315954
vt 0.525919 0.306665
vt 0.401385 0.087150
vt 0.383558 0.076960
vt 0.530537 0.240375
vt 0.510682 0.235173
vt 0.369586 0.092362
vt 0.511483 0.214390
vt 0.408969 0.073427
vt 0.388456 0.062997
vt 0.504403 0.248572
vt 0.526345 0.255493
vt 0.523990 0.263984
vt 0.500886 0.255268
vt 0.399418 0.037592
vt 0.417716 0.044319
vt 0.415839 0.055380
vt 0.394333 0.047364
vt 0.518609 0.273199
vt 0.497648 0.263847
vt 0.418352 0.036408
vt 0.402207 0.033076
vt 0.493253 0.279561
vt 0.507103 0.288509
vt 0.497822 0.296074
vt 0.492390 0.286316
vt 0.415347 0.093381
vt 0.544870 0.245687
vt 0.424858 0.077509
vt 0.540550 0.263689
vt 0.536872 0.273828
vt 0.432989 0.056185
vt 0.435053 0.040093
vt 0.531421 0.284625
vt 0.413230 0.065721
vt 0.390634 0.055754
vt 0.442839 0.069693
vt 0.429326 0.067700
vt 0.369175 0.038588
vt 0.521611 0.297572
vt 0.512195 0.282417
vt 0.494429 0.274383
vt 0.417037 0.024509
vt 0.406327 0.027655
vt 0.482386 0.299826
vt 0.492318 0.307245
vt 0.430923 0.027291
vt 0.509677 0.303823
vt 0.373344 0.076547
vt 0.378402 0.058446
vt 0.494043 0.244772
vt 0.503103 0.228312
vt 0.382651 0.047015
vt 0.489068 0.255902
vt 0.388143 0.040795
vt 0.488630 0.264189
vt 0.395046 0.032326
vt 0.487619 0.275068
vt 0.399081 0.029569
vt 0.488565 0.279865
vt 0.425752 0.020877
vt 0.501483 0.304776
vt 0.403525 0.025372
vt 0.488791 0.285975
vt 0.978091 0.085384
vt 0.793177 0.095259
vt 0.778642 0.477338
vt 0.851860 0.109803
vt 0.470848 0.576997
vt 0.735984 0.453465
vt 0.621676 0.289063
vt 0.919990 0.315626
vt 0.645065 0.227063
vt 0.923222 0.235099
vt 0.513949 0.541924
vt 0.713560 0.388579
vt 0.745579 0.309896
vt 0.530210 0.457202
vt 0.916879 0.132411
vt 0.685380 0.135758
vt 0.788944 0.309339
vt 0.495206 0.421769
vt 0.230073 0.041555
vt 0.656565 0.004017
vt 0.640328 0.075397
vt 0.300932 0.046648
vt 0.652882 0.004663
vt 0.298242 0.039967
vt 0.295309 0.030856
vt 0.643211 0.006308
vt 0.226688 0.046420
vt 0.437964 0.440024
vt 0.310947 0.074840
vt 0.310145 0.064664
vt 0.305930 0.057520
vt 0.747508 0.000021
vt 0.723920 0.053061
vt 0.910901 0.051188
vt 0.798734 0.315687
vt 0.911364 0.034705
vt 0.809345 0.324814
vt 0.759028 0.305448
vt 0.916680 0.112625
vt 0.712046 0.075168
vt 0.767205 0.305709
vt 0.535642 0.500980
vt 0.715234 0.357507
vt 0.920137 0.191517
vt 0.664046 0.177605
vt 0.720764 0.345637
vt 0.919056 0.177935
vt 0.489821 0.569921
vt 0.722983 0.427298
vt 0.919529 0.281227
vt 0.629428 0.269446
vt 0.993868 0.102406
vt 0.919922 0.347139
vt 0.761735 0.467779
vt 0.843013 0.101413
vt 0.837750 0.092635
vt 0.944115 0.073801
vt 0.971335 0.074408
vt 0.810326 0.087879
vt 0.956898 0.066524
vt 0.825689 0.081972
vt 0.000000 0.663957
vt 0.718356 0.228545
vt 0.652765 0.409317
vt 0.028094 0.681826
vt 0.579693 0.544180
vt 0.574848 0.563932
vt 0.574677 0.574750
vt 0.852662 0.234236
vt 0.583174 0.418837
vt 0.984410 0.730970
vt 0.498550 0.809456
vt 0.690384 0.284732
vt 0.702855 0.261602
vt 0.487403 0.838111
vt 0.986605 0.763689
vt 0.851276 0.149064
vt 0.475065 0.342631
vt 0.544848 0.011107
vt 0.751737 0.656444
vt 0.813105 0.239386
vt 0.829960 0.064745
vt 0.829649 0.055352
vt 0.359819 0.938990
vt 0.429648 0.390396
vt 0.831716 0.241264
vt 0.191566 0.803370
vt 0.793802 0.032468
vt 0.131594 0.709760
vt 0.982740 0.049947
vt 0.266589 0.511237
vt 0.996302 0.149952
vt 0.295666 0.517895
vt 0.280719 0.510756
vt 0.304076 0.518852
vt 0.317779 0.516804
vt 0.672593 0.031797
vt 0.959987 0.030512
vt 0.953069 0.154225
vt 0.255234 0.063298
vt 0.341598 0.478287
vt 0.340122 0.489624
vt 0.272620 0.066634
vt 0.959746 0.152586
vt 0.952615 0.022550
vt 0.663540 0.050023
vt 0.120344 0.736395
vt 0.942117 0.001421
vt 0.977683 0.014833
vt 0.980048 0.021376
vt 0.257725 0.059865
vt 0.958719 0.033326
vt 0.143930 0.795054
vt 0.937635 0.002593
vt 0.660469 0.047002
vt 0.959123 0.154878
vt 0.341053 0.472019
vt 0.657405 0.041512
vt 0.956527 0.158297
vt 0.352835 0.464680
vt 0.336037 0.500373
vt 0.260230 0.055707
vt 0.955351 0.034207
vt 0.153336 0.806125
vt 0.958148 0.000020
vt 0.972295 0.006839
vt 0.959203 0.024883
vt 0.957430 0.021847
vt 0.247722 0.067614
vt 0.277257 0.071741
vt 0.802913 0.079909
vt 0.865857 0.000003
vt 0.609388 0.019039
vt 0.862730 0.320545
vt 0.269538 0.000008
vt 0.425888 0.398614
vt 0.792264 0.021742
vt 0.797212 0.238053
vt 0.502364 0.351678
vt 0.794585 0.093387
vt 0.513544 0.343128
vt 0.681994 0.300185
vt 0.587612 0.451743
vt 0.744387 0.168379
vt 0.594013 0.460172
vt 0.650748 0.368765
vt 0.636586 0.360104
vt 0.852639 0.216920
vt 0.591549 0.526950
vt 0.329129 0.914780
vt 0.951374 0.060022
vt 0.936263 0.048827
vt 0.323007 0.918743
vt 0.237418 0.825551
vt 0.950441 0.186064
vt 0.987358 0.175702
vt 0.226962 0.831525
vt 0.919083 0.038946
vt 0.316355 0.910990
vt 0.235813 0.829091
vt 0.223330 0.829308
vt 0.223855 0.825727
vt 0.961996 0.065671
vt 0.047571 0.868002
vt 0.485230 0.881155
vt 0.505368 0.883328
vt 0.116044 0.884192
vt 0.088839 0.882297
vt 0.462183 0.871722
vt 0.065984 0.872174
vt 0.435938 0.865867
vt 0.191672 0.894982
vt 0.169967 0.901699
vt 0.402617 0.850207
vt 0.379624 0.851368
vt 0.151233 0.892684
vt 0.359778 0.851488
vt 0.237367 0.898684
vt 0.314294 0.846291
vt 0.279169 0.909429
vt 0.272952 0.833319
vt 0.384403 0.673831
vt 0.437043 0.769049
vt 0.191594 0.185359
vt 0.111162 0.270399
vt 0.668107 0.655698
vt 0.000000 0.054691
vt 0.629594 0.657674
vt 0.019331 0.088491
vt 0.584929 0.666781
vt 0.045139 0.123008
vt 0.546642 0.664032
vt 0.064257 0.156349
vt 0.507827 0.661811
vt 0.072883 0.195948
vt 0.459728 0.768219
vt 0.139847 0.301020
vt 0.330201 0.683077
vt 0.164281 0.346001
vt 0.277153 0.689777
vt 0.193078 0.389020
vt 0.228936 0.789185
vt 0.176919 0.703769
vt 0.257415 0.484956
vt 0.329693 0.425863
vt 0.228664 0.443458
vt 0.178893 0.795413
vt 0.154396 0.810166
vt 0.918467 0.011491
vt 0.976509 0.053600
vt 0.994056 0.156804
vt 0.993103 0.164800
vt 0.358433 0.456697
vt 0.923571 0.167405
vt 0.311383 0.906125
vt 0.240817 0.835358
vt 0.968358 0.067992
vt 0.312792 0.913850
vt 0.994238 0.173676
vt 0.240925 0.827792
vt 0.971817 0.059931
vt 0.169458 0.752871
vt 0.169457 0.752867
vt 0.305765 0.463032
vt 0.305768 0.463031
vt 0.169469 0.752869
vt 0.169457 0.752875
vt 0.305774 0.463037
vt 0.305826 0.462983
vt 0.169457 0.752871
vt 0.305766 0.463033
vt 0.305775 0.463029
vt 0.169457 0.752866
vt 0.305766 0.463032
vt 0.305766 0.463032
vt 0.169457 0.752866
vt 0.305766 0.463032
vt 0.169457 0.752867
vt 0.169457 0.752867
vt 0.305766 0.463032
vt 0.169457 0.752866
vt 0.305766 0.463032
vt 0.169457 0.752868
vt 0.305782 0.463024
vt 0.169462 0.751216
vt 0.169510 0.752395
vt 0.305821 0.463043
vt 0.305875 0.462735
vt 0.169489 0.752737
vt 0.169478 0.752846
vt 0.305696 0.462483
vt 0.169455 0.747880
vt 0.301707 0.462395
vt 0.306727 0.462588
vt 0.168262 0.743547
vt 0.160341 0.739725
vt 0.295518 0.462766
vt 0.162758 0.752753
vt 0.162758 0.752753
vt 0.310655 0.476094
vt 0.162758 0.752753
vt 0.162758 0.752753
vt 0.310655 0.476094
vt 0.310655 0.476094
vt 0.162758 0.752753
vt 0.310655 0.476094
vt 0.310655 0.476094
vt 0.162758 0.752753
vt 0.162758 0.752753
vt 0.310655 0.476094
vt 0.310655 0.476094
vt 0.162758 0.752753
vt 0.162758 0.752753
vt 0.310655 0.476094
vt 0.310655 0.476094
vt 0.162758 0.752753
vt 0.310655 0.476094
vt 0.162758 0.752753
vt 0.310655 0.476094
vt 0.310655 0.476094
vt 0.162758 0.752753
vt 0.162758 0.752753
vt 0.310655 0.476094
vt 0.310655 0.476094
vt 0.162758 0.752753
vt 0.162759 0.752755
vt 0.310655 0.476094
vt 0.162752 0.752672
vt 0.162761 0.752762
vt 0.310658 0.476088
vt 0.310649 0.476093
vt 0.162760 0.752757
vt 0.310654 0.476091
vt 0.162758 0.752755
vt 0.310641 0.476083
vt 0.162781 0.752799
vt 0.310983 0.475939
vt 0.364922 0.514458
vt 0.376892 0.520242
vt 0.310655 0.476094
vt 0.310656 0.476094
vt 0.372806 0.535574
vt 0.310655 0.476094
vt 0.378079 0.523787
vt 0.310656 0.476094
vt 0.244132 0.547003
vt 0.272820 0.566189
vt 0.068071 0.211367
vt 0.054929 0.241223
vt 0.194833 0.587905
vt 0.107320 0.278664
vt 0.100054 0.308580
vt 0.224464 0.555257
vt 0.098699 0.264552
vt 0.208711 0.560387
vt 0.089191 0.245506
vt 0.321465 0.552515
vt 0.303391 0.524047
vt 0.059656 0.189359
vt 0.290774 0.562687
vt 0.055020 0.181540
vt 0.360066 0.539525
vt 0.337839 0.513039
vt 0.021437 0.187638
vt 0.041119 0.158359
vt 0.333215 0.548011
vt 0.033962 0.146863
vt 0.162758 0.752753
vt 0.363867 0.508112
vt 0.162758 0.752753
vt 0.310655 0.476094
vt 0.024885 0.137433
vt 0.310655 0.476094
vt 0.397904 0.298346
vt 0.606604 0.298376
vt 0.601178 0.372555
vt 0.422639 0.268144
vt 0.610558 0.275266
vt 0.438500 0.254288
vt 0.621122 0.243810
vt 0.456518 0.228866
vt 0.623100 0.209970
vt 0.477385 0.206008
vt 0.623283 0.185516
vt 0.506073 0.145087
vt 0.416823 0.509060
vt 0.621357 0.161121
vt 0.418567 0.484652
vt 0.613538 0.138034
vt 0.468786 0.342863
vt 0.562366 0.019927
vt 0.391391 0.637979
vt 0.732609 0.595774
vt 0.594964 0.032393
vt 0.535602 0.078660
vt 0.806722 0.071317
vt 0.589778 0.000017
vt -0.000000 0.863762
vt 0.551563 0.886670
vt 0.043362 0.846157
vt 0.071039 0.855986
vt 0.509454 0.910972
vt 0.480220 0.905725
vt 0.095144 0.864601
vt 0.122605 0.863828
vt 0.455662 0.896487
vt 0.427299 0.898803
vt 0.174488 0.863759
vt 0.193767 0.864227
vt 0.397776 0.895108
vt 0.373421 0.891672
vt 0.151650 0.865814
vt 0.354113 0.884488
vt 0.245428 0.868154
vt 0.304271 0.877989
vt 0.281265 0.879086
vt 0.267929 0.870472
vt 0.324785 0.882616
vt 0.337319 0.885487
vt 0.239851 0.866720
vt 0.224094 0.863382
vt 0.308752 0.879639
vt 0.212193 0.859174
vt 0.350644 0.889565
vt 0.199313 0.855169
vt 0.367750 0.892564
vt 0.856186 0.024175
vt 0.182627 0.850923
vt 0.851884 0.299613
vt 0.464950 0.392541
vt 0.472443 0.387188
vt 0.766649 0.052107
vt 0.763037 0.062976
vt 0.453727 0.392325
vt 0.771463 0.041678
vt 0.375377 0.343976
vt 0.596102 0.427793
vt 0.580333 0.326057
vt 0.382100 0.379781
vt 0.606397 0.445125
vt 0.385314 0.402187
vt 0.620575 0.466332
vt 0.388751 0.429884
vt 0.636687 0.491232
vt 0.388061 0.462502
vt 0.643284 0.509672
vt 0.383016 0.532861
vt 0.382339 0.505829
vt 0.586898 0.164609
vt 0.386447 0.483529
vt 0.587373 0.137573
vt 0.511934 0.032897
vt 0.832631 0.080362
vt 0.360690 0.667157
vt 0.579778 0.068486
vt 0.708049 0.641065
vt 0.375937 0.602002
vt 0.790163 0.227133
vt 0.713108 0.674050
vt 0.727525 0.267797
vt 0.734054 0.102639
vt 0.557176 0.404924
vt 0.539444 0.400188
vt 0.752449 0.262193
vt 0.535801 0.390952
vt 0.757365 0.135184
vt 0.582383 0.408236
vt 0.838631 0.799805
vt 0.807387 0.710967
vt 0.634132 0.878004
vt 0.639766 0.786730
vt 0.725326 0.792158
vt 0.696703 0.716215
vt 0.805913 0.904727
vt 0.789294 0.826319
vt 0.658997 0.786632
vt 0.742123 0.892110
vt 0.772808 0.791109
vt 0.697859 0.880208
vt 0.661394 0.878994
vt 0.852059 0.797509
vt 0.906454 0.797429
vt 0.871204 0.705817
vt 0.615614 0.780212
vt 0.851075 0.168700
vt 0.994852 0.799991
vt 0.941049 0.707351
vt 0.567874 0.866348
vt 0.545713 0.772384
vt 0.672945 0.305678
vt 0.500991 0.757053
vt 0.667729 0.346920
vt 0.708119 0.180279
vt 0.883691 0.207574
vt 0.577265 0.492817
vt 0.715472 0.170129
vt 0.877228 0.181158
vt 0.724867 0.212499
vt 0.607897 0.524077
vt 0.852929 0.250620
vt 0.269440 0.298445
vt 0.340655 0.210847
vt 0.114131 0.676355
vt 0.015101 0.643833
vt 0.707619 0.491602
vt 0.757494 0.324642
vt 0.845236 0.904441
vt 0.501511 0.614234
vt 0.490754 0.629260
vt 0.850675 0.942631
vt 0.670335 0.295611
vt 0.776694 0.315200
vt 0.217247 0.208032
vt 0.286056 0.145319
vt 0.151983 0.599643
vt 0.060414 0.569829
vt 0.165131 0.004904
vt 0.163728 0.415778
vt 0.209384 0.048609
vt 0.226602 0.068458
vt 0.110148 0.486008
vt 0.124887 0.464218
vt 0.195030 0.025328
vt 0.136490 0.439407
vt 0.305224 0.170375
vt 0.044436 0.597711
vt 0.276635 0.128518
vt 0.081606 0.527460
vt 0.260030 0.106085
vt 0.058190 0.576536
vt 0.326054 0.195645
vt 0.648973 0.419453
vt 0.099338 0.719580
vt 0.694597 0.461452
vt 0.666603 0.259948
vt 0.888552 0.304902
vt 0.527284 0.581200
vt 0.681099 0.428048
vt 0.541639 0.571010
vt 0.873630 0.305461
vt 0.515626 0.609317
vt 0.510237 0.610807
vt 0.695797 0.476573
vt 0.691324 0.473217
vt 0.672226 0.286722
vt 0.817229 0.124398
vt 0.546484 0.118065
vt 0.336860 0.191591
vt 0.956153 0.118046
vt 0.426849 0.609057
vt 0.571297 0.129667
vt 0.360862 0.197873
vt 0.935278 0.112032
vt 0.772120 0.509296
vt 0.801136 0.136445
vt 0.946384 0.107731
vt 0.821927 0.125860
vt 0.587461 0.983526
vt 0.901957 0.518020
vt 0.854650 0.573060
vt 0.665456 0.996430
vt 0.623848 0.908381
vt 0.894737 0.499805
vt 0.746659 0.978111
vt 0.715541 0.901542
vt 0.785095 0.481309
vt 0.847057 0.421045
vt 0.604828 0.913069
vt 0.883017 0.473160
vt 0.691320 0.900523
vt 0.837161 0.403185
vt 0.778033 0.903052
vt 0.793804 0.906701
vt 0.787402 0.345973
vt 0.796636 0.360340
vt 0.756782 0.902455
vt 0.765485 0.903921
vt 0.822119 0.387842
vt 0.815743 0.381615
vt 0.810760 0.905571
vt 0.827345 0.898532
vt 0.808953 0.370912
vt 0.783047 0.328427
vt 0.841716 0.895636
vt 0.869859 0.324250
vt 0.707194 0.500871
vt 0.725290 0.342528
vt 0.796234 0.125266
vt 0.459054 0.609803
vt 0.761852 0.501579
vt 0.641126 0.321050
vt 0.478176 0.614006
vt 0.724477 0.491264
vt 0.427244 0.613389
vt 0.959641 0.126930
vt 0.469149 0.302232
vt 0.382570 0.005311
vt 0.400963 0.000010
vt 0.459763 0.285547
vt 0.538224 0.296540
vt 0.358640 0.032300
vt 0.446189 0.052424
vt 0.556256 0.248703
vt 0.469909 0.235627
vt 0.354784 0.048040
vt 0.461631 0.249539
vt 0.352357 0.068529
vt 0.553485 0.229657
vt 0.343118 0.084097
vt 0.568633 0.196410
vt 0.496271 0.183206
vt 0.336904 0.103982
vt 0.332263 0.120364
vt 0.514649 0.157666
vt 0.332163 0.135086
vt 0.528249 0.140344
vt 0.582096 0.135977
vt 0.329748 0.156960
vt 0.318293 0.181217
vt 0.671015 0.063064
vt 0.673355 0.024174
vt 0.291887 0.071131
vt 0.243482 0.062902
vt 0.280238 0.075828
vt 0.671127 0.018605
vt 0.301718 0.073332
vt 0.677318 0.009282
vt 0.658194 0.090987
vt 0.219153 0.058425
vt 0.439795 0.601279
vt 0.432845 0.581260
vt 0.918353 0.081824
vt 0.764859 0.493437
vt 0.774070 0.505407
vt 0.835074 0.141689
vt 0.891644 0.367732
vt 0.969269 0.119427
vt 0.782688 0.098597
vt 0.605278 0.321811
vt 0.826855 0.343285
vt 0.627748 0.004204
vt 0.426316 0.418465
vt 0.845270 0.327100
vt 0.412215 0.406265
vt 0.263559 0.001951
vt 0.605278 0.023796
vt 0.883955 0.010144
vt 0.773314 0.009053
vt 0.793894 0.006433
vt 0.911266 0.011441
vt 0.295294 0.015711
vn -0.000000 0.519292 0.854597
vn 0.000000 0.515102 0.857129
vn -0.449881 0.390055 0.803408
vn -0.665715 0.245828 0.704551
vn 0.665715 0.245828 0.704551
vn 0.449881 0.390055 0.803408
vn 0.070143 0.293786 -0.953294
vn 0.203220 0.111354 -0.972781
vn 0.507767 0.739955 0.441180
vn 0.121430 0.910029 0.396361
vn -0.203220 0.111354 -0.972780
vn -0.070143 0.293785 -0.953295
vn -0.121430 0.910029 0.396362
vn -0.507767 0.739955 0.441180
vn 0.132013 -0.468958 0.873299
vn 0.090051 0.359116 0.928938
vn -0.090051 0.359116 0.928939
vn -0.132013 -0.468957 0.873299
vn 0.524154 0.021952 -0.851340
vn 0.763462 0.631718 0.134381
vn -0.763462 0.631718 0.134381
vn -0.524154 0.021952 -0.851340
vn -0.000000 0.693530 0.720428
vn 0.000000 0.632891 0.774241
vn 0.000000 -0.203290 -0.979119
vn 0.000000 -0.047272 -0.998882
vn -0.000000 0.742060 0.670333
vn 0.749650 0.660096 0.047934
vn 0.494602 0.869022 0.013043
vn -0.000000 0.941518 0.336962
vn -0.749650 0.660096 0.047935
vn -0.494602 0.869022 0.013041
vn 0.495920 -0.054489 -0.866657
vn 0.476903 0.165887 -0.863160
vn -0.476903 0.165887 -0.863160
vn -0.495920 -0.054489 -0.866657
vn 0.000000 -0.232699 -0.972549
vn 0.000000 0.154189 -0.988041
vn -0.000000 -0.279028 -0.960283
vn -0.176486 -0.352591 -0.918984
vn 0.176486 -0.352591 -0.918984
vn -0.092463 -0.298192 -0.950017
vn 0.092463 -0.298191 -0.950017
vn -0.166805 -0.912411 -0.373742
vn -0.390492 -0.600860 -0.697484
vn 0.390492 -0.600860 -0.697484
vn 0.166805 -0.912410 -0.373743
vn 0.149027 -0.302048 0.941572
vn 0.143236 0.427294 0.892694
vn 0.207752 0.519766 0.828663
vn 0.370426 0.207388 0.905414
vn -0.207752 0.519766 0.828663
vn -0.143236 0.427294 0.892694
vn -0.149027 -0.302050 0.941571
vn -0.370426 0.207388 0.905414
vn 0.000000 0.366899 0.930261
vn 0.000000 0.543374 0.839491
vn -0.008177 0.344425 -0.938778
vn 0.358467 -0.364347 -0.859507
vn 0.375156 0.713623 0.591608
vn 0.080928 0.875892 0.475671
vn -0.358467 -0.364347 -0.859507
vn 0.008177 0.344425 -0.938778
vn -0.080928 0.875892 0.475673
vn -0.375156 0.713623 0.591608
vn 0.302152 -0.575266 -0.760114
vn 0.070907 -0.556607 -0.827745
vn -0.017946 -0.453591 -0.891029
vn -0.001974 -0.959601 -0.281357
vn 0.017946 -0.453590 -0.891030
vn -0.070907 -0.556606 -0.827745
vn -0.302152 -0.575266 -0.760114
vn 0.001974 -0.959601 -0.281357
vn 0.000000 -0.469911 -0.882714
vn 0.000000 -0.595785 -0.803144
vn -0.000000 -0.624366 -0.781132
vn -0.000000 -0.629289 -0.777172
vn 0.496929 -0.527597 -0.688987
vn -0.496929 -0.527597 -0.688987
vn 0.678951 0.470499 0.563611
vn -0.000000 0.609007 0.793165
vn -0.000000 0.671616 0.740899
vn -0.678951 0.470499 0.563610
vn -0.000000 -0.612794 -0.790243
vn -0.360332 0.173738 0.916502
vn -0.325638 0.480697 0.814181
vn -0.292446 0.476598 0.829054
vn -0.264648 0.112890 0.957715
vn 0.292446 0.476598 0.829054
vn 0.325638 0.480697 0.814181
vn 0.360332 0.173738 0.916502
vn 0.264648 0.112890 0.957715
vn 0.000000 0.257673 0.966232
vn 0.000000 0.496085 0.868274
vn 0.000000 0.613574 0.789637
vn -0.000000 0.459938 0.887951
vn -0.525403 0.407051 0.747169
vn -0.430357 0.691576 0.580100
vn 0.525404 0.407051 0.747169
vn 0.430357 0.691576 0.580100
vn -0.219404 -0.236811 -0.946458
vn 0.088312 0.000095 -0.996093
vn -0.356916 0.829055 0.430441
vn -0.088312 0.000095 -0.996093
vn 0.219404 -0.236811 -0.946458
vn 0.356916 0.829055 0.430441
vn 0.277958 -0.458573 -0.844068
vn -0.028595 -0.473236 -0.880471
vn -0.194051 -0.598719 -0.777098
vn 0.242307 -0.875996 -0.417036
vn 0.194050 -0.598719 -0.777098
vn 0.028595 -0.473236 -0.880471
vn -0.277958 -0.458573 -0.844068
vn -0.242307 -0.875996 -0.417036
vn -0.000000 -0.454499 -0.890747
vn -0.000000 -0.424349 -0.905499
vn -0.423010 -0.285041 -0.860125
vn -0.000000 -0.325417 -0.945571
vn -0.000000 -0.376577 -0.926385
vn 0.423010 -0.285041 -0.860125
vn -0.537930 0.774782 0.332181
vn -0.424506 0.359263 0.831099
vn -0.366995 0.328805 0.870174
vn -0.534921 0.451897 0.713897
vn 0.366995 0.328805 0.870174
vn 0.424506 0.359263 0.831098
vn 0.537930 0.774782 0.332182
vn 0.534922 0.451897 0.713897
vn 0.000000 0.335506 0.942038
vn 0.000000 0.313831 0.949479
vn 0.000000 0.077945 0.996958
vn -0.534281 0.085319 0.840990
vn 0.534281 0.085319 0.840990
vn -0.075104 -0.043771 -0.996215
vn 0.145751 0.048856 -0.988114
vn -0.145751 0.048856 -0.988114
vn 0.075104 -0.043770 -0.996215
vn -0.000000 -0.121304 -0.992615
vn 0.000000 -0.378845 -0.925460
vn 0.086734 -0.392515 -0.915647
vn -0.086734 -0.392515 -0.915647
vn 0.354886 -0.368581 -0.859188
vn -0.354886 -0.368581 -0.859188
vn 0.352136 -0.881708 -0.313992
vn -0.266298 -0.596462 -0.757178
vn -0.332275 0.081496 0.939655
vn -0.262482 -0.173931 0.949132
vn 0.266298 -0.596462 -0.757178
vn -0.352136 -0.881708 -0.313992
vn 0.262482 -0.173931 0.949132
vn 0.332275 0.081495 0.939655
vn -0.364078 0.001592 -0.931367
vn -0.000000 -0.045565 -0.998961
vn 0.364078 0.001592 -0.931367
vn -0.528822 0.350574 0.772946
vn 0.000000 0.127463 0.991843
vn 0.000000 0.264505 0.964384
vn -0.559366 0.202816 0.803726
vn 0.528822 0.350574 0.772946
vn 0.559366 0.202816 0.803726
vn -0.535386 0.575425 0.618262
vn -0.374617 0.434057 -0.819302
vn -0.025146 0.587861 -0.808571
vn 0.535386 0.575425 0.618262
vn 0.025147 0.587861 -0.808571
vn 0.374617 0.434057 -0.819302
vn -0.398704 0.028726 0.916630
vn -0.383535 0.011012 0.923461
vn 0.398704 0.028726 0.916630
vn 0.383535 0.011012 0.923461
vn 0.213005 -0.229465 -0.949724
vn 0.455437 -0.278071 -0.845727
vn -0.455437 -0.278071 -0.845727
vn -0.213005 -0.229465 -0.949723
vn -0.000000 -0.193450 -0.981110
vn -0.000000 -0.048387 -0.998829
vn -0.591987 -0.114925 -0.797712
vn 0.000000 -0.113541 -0.993533
vn 0.591987 -0.114925 -0.797711
vn 0.000000 -0.000067 1.000000
vn 0.000000 0.251333 0.967901
vn 0.000000 -0.409146 -0.912469
vn 0.000000 -0.080098 0.996787
vn 0.442222 -0.151908 0.883948
vn 0.490066 0.082367 0.867785
vn 0.000000 0.011088 0.999939
vn -0.442222 -0.151908 0.883948
vn -0.490066 0.082367 0.867785
vn 0.114378 -0.339950 0.933462
vn 0.408063 0.127921 0.903947
vn -0.408063 0.127920 0.903947
vn -0.114378 -0.339949 0.933462
vn 0.679033 0.712701 -0.175987
vn 0.865628 0.495460 -0.072163
vn -0.679033 0.712701 -0.175988
vn -0.865628 0.495460 -0.072163
vn -0.210002 0.041096 -0.976837
vn 0.206896 -0.025469 -0.978031
vn 0.109662 -0.253588 -0.961076
vn 0.210002 0.041096 -0.976837
vn -0.206896 -0.025469 -0.978032
vn -0.541103 -0.474184 -0.694520
vn -0.109662 -0.253588 -0.961076
vn 0.541103 -0.474184 -0.694519
vn 0.000000 -0.102054 -0.994779
vn 0.000000 -0.030204 -0.999544
vn 0.000000 0.037341 -0.999303
vn 0.307583 0.011848 -0.951447
vn -0.307583 0.011848 -0.951447
vn 0.198236 -0.607418 0.769251
vn 0.054245 -0.723475 0.688216
vn 0.451161 -0.676111 -0.582518
vn 0.215002 -0.468754 -0.856764
vn -0.198236 -0.607418 0.769250
vn -0.054245 -0.723475 0.688216
vn 0.498990 -0.002854 0.866603
vn 0.000000 0.021319 0.999773
vn -0.498989 -0.002854 0.866603
vn 0.987181 -0.136783 -0.082245
vn -0.987181 -0.136783 -0.082245
vn 0.000000 -0.182151 -0.983271
vn -0.215002 -0.468754 -0.856763
vn 0.000000 -0.023023 0.999735
vn 0.693346 0.009801 0.720538
vn -0.693346 0.009801 0.720538
vn 0.316590 -0.740433 0.592900
vn 0.230122 -0.368805 0.900570
vn 0.000000 -0.413960 0.910295
vn -0.000000 -0.574222 0.818699
vn -0.230122 -0.368805 0.900570
vn -0.316590 -0.740433 0.592900
vn -0.203281 -0.893118 0.401269
vn 0.188174 -0.171501 0.967046
vn 0.098121 -0.243480 0.964930
vn -0.122889 -0.903609 0.410352
vn -0.098122 -0.243480 0.964930
vn 0.122888 -0.903609 0.410352
vn -0.554477 -0.744807 0.371238
vn -0.000000 -0.860399 0.509621
vn 0.554477 -0.744807 0.371239
vn -0.552703 -0.510292 -0.658879
vn 0.000000 -0.634018 -0.773319
vn 0.552703 -0.510292 -0.658879
vn -0.342357 -0.547173 -0.763802
vn 0.000000 -0.331839 -0.943336
vn 0.342357 -0.547174 -0.763802
vn -0.489881 0.030106 -0.871269
vn -0.454050 0.607721 -0.651548
vn -0.712925 0.561691 0.419811
vn 0.395544 0.722707 -0.566780
vn 0.454049 0.607721 -0.651548
vn 0.712925 0.561691 0.419811
vn 0.596648 0.702516 0.387920
vn 0.160225 -0.704694 -0.691184
vn 0.053613 -0.421807 -0.905099
vn -0.251208 -0.370498 -0.894218
vn -0.053613 -0.421807 -0.905099
vn -0.266089 -0.347910 -0.898974
vn -0.287142 -0.671877 -0.682738
vn -0.160225 -0.704694 -0.691184
vn 0.489881 0.030106 -0.871269
vn 0.000000 -0.007744 -0.999970
vn 0.000000 -0.373547 -0.927611
vn 0.251209 -0.370498 -0.894218
vn 0.127988 -0.305453 0.943567
vn -0.434412 -0.775035 0.458920
vn 0.434411 -0.775035 0.458920
vn -0.127987 -0.305453 0.943567
vn -0.255407 -0.233518 0.938209
vn 0.553026 -0.598235 0.579894
vn -0.590765 -0.234693 -0.771956
vn -0.680854 -0.640021 -0.356106
vn 0.749072 -0.203179 -0.630563
vn 0.590764 -0.234693 -0.771957
vn 0.680854 -0.640021 -0.356106
vn 0.850811 -0.518700 -0.084088
vn 0.614133 0.723065 0.316256
vn 0.303258 0.735106 -0.606344
vn -0.683033 0.556658 0.472861
vn -0.614133 0.723065 0.316256
vn -0.303258 0.735106 -0.606344
vn 0.089989 0.640363 -0.762782
vn 0.683033 0.556658 0.472861
vn -0.233489 0.204635 0.950583
vn -0.655209 0.632514 -0.413070
vn -0.089990 0.640363 -0.762783
vn 0.792746 0.006418 -0.609519
vn 0.137509 -0.067814 0.988176
vn 0.394784 0.019352 0.918570
vn 0.761590 0.372463 -0.530332
vn 0.255408 -0.233517 0.938209
vn -0.553026 -0.598235 0.579894
vn -0.850811 -0.518700 -0.084088
vn -0.749072 -0.203179 -0.630562
vn 0.203280 -0.893118 0.401269
vn -0.188174 -0.171501 0.967046
vn -0.596649 0.702516 0.387920
vn -0.395544 0.722706 -0.566781
vn 0.287141 -0.671876 -0.682739
vn 0.266089 -0.347910 -0.898974
vn 0.816611 0.040814 0.575744
vn 0.574156 -0.354003 0.738259
vn -0.704340 -0.538346 0.462697
vn -0.489237 -0.408848 0.770383
vn -0.408889 -0.274404 0.870352
vn -0.650716 -0.555978 0.517162
vn 0.001982 -0.175563 0.984466
vn -0.054542 -0.358117 0.932082
vn -0.614729 -0.333681 -0.714678
vn -0.645101 -0.278948 -0.711360
vn 0.054542 -0.358117 0.932082
vn -0.001982 -0.175563 0.984466
vn 0.645101 -0.278948 -0.711360
vn 0.614729 -0.333681 -0.714678
vn 0.416994 0.176620 0.891584
vn -0.416994 0.176619 0.891584
vn 0.353699 0.187030 0.916470
vn -0.353698 0.187030 0.916470
vn 0.463259 0.826783 -0.319095
vn -0.463259 0.826783 -0.319095
vn 0.347597 0.041039 -0.936746
vn 0.333362 0.895221 -0.295719
vn 0.328094 0.086660 -0.940662
vn -0.333362 0.895221 -0.295719
vn -0.347596 0.041039 -0.936746
vn -0.328094 0.086660 -0.940662
vn -0.539046 0.446116 -0.714430
vn -0.584514 0.251036 -0.771573
vn 0.569190 0.194389 -0.798897
vn 0.648312 0.361640 -0.670006
vn 0.404446 0.243802 -0.881467
vn 0.354992 0.119246 -0.927233
vn 0.808197 0.586111 0.057370
vn 0.982208 -0.171102 0.077400
vn 0.834635 -0.310495 0.454948
vn 0.790950 0.252686 0.557269
vn -0.865385 -0.499336 -0.042108
vn -0.750613 -0.635580 -0.180604
vn -0.792746 0.006418 -0.609519
vn -0.137510 -0.067813 0.988176
vn -0.498260 -0.084897 -0.862861
vn -0.569190 0.194389 -0.798897
vn 0.324843 -0.520120 0.789907
vn 0.650716 -0.555978 0.517162
vn 0.750613 -0.635580 -0.180605
vn -0.176942 -0.941984 -0.285234
vn 0.408889 -0.274404 0.870352
vn 0.358412 -0.214381 0.908615
vn 0.233489 0.204634 0.950583
vn 0.655209 0.632514 -0.413070
vn 0.539046 0.446116 -0.714430
vn 0.346408 0.380358 -0.857513
vn -0.982208 -0.171102 0.077400
vn -0.834635 -0.310495 0.454948
vn -0.574155 -0.354003 0.738260
vn -0.404736 0.127238 -0.905538
vn 0.540726 -0.262264 -0.799270
vn 0.419910 0.276027 -0.864572
vn 0.404736 0.127238 -0.905538
vn 0.498260 -0.084897 -0.862861
vn -0.761590 0.372463 -0.530332
vn -0.394786 0.019353 0.918569
vn 0.489237 -0.408848 0.770383
vn 0.865385 -0.499336 -0.042108
vn 0.704340 -0.538346 0.462697
vn -0.648312 0.361640 -0.670006
vn -0.358412 -0.214381 0.908615
vn -0.324843 -0.520119 0.789907
vn 0.176943 -0.941984 -0.285233
vn 0.481915 0.206556 0.851524
vn -0.481915 0.206556 0.851524
vn -0.515262 0.228179 0.826099
vn 0.237293 0.955478 -0.175369
vn -0.319353 0.947470 -0.017733
vn -0.237293 0.955478 -0.175369
vn 0.256504 -0.534456 0.805334
vn -0.460139 -0.819646 -0.341251
vn 0.460139 -0.819646 -0.341251
vn 0.569581 -0.325405 -0.754778
vn -0.569581 -0.325405 -0.754778
vn -0.540726 -0.262264 -0.799271
vn -0.419910 0.276027 -0.864572
vn -0.369463 0.467772 -0.802924
vn 0.369463 0.467772 -0.802924
vn 0.515262 0.228179 0.826099
vn 0.524411 0.252362 0.813208
vn 0.306929 0.951205 0.031690
vn 0.319354 0.947470 -0.017733
vn -0.306929 0.951205 0.031690
vn -0.256504 -0.534456 0.805334
vn -0.524411 0.252362 0.813208
vn -0.828681 -0.111419 -0.548519
vn -0.901918 -0.426616 0.067400
vn 0.934173 -0.334610 0.123924
vn 0.781997 -0.031001 -0.622510
vn 0.828682 -0.111419 -0.548518
vn 0.901919 -0.426615 0.067400
vn -0.408897 -0.489405 0.770251
vn 0.562586 -0.057137 0.824762
vn 0.408897 -0.489405 0.770251
vn -0.562586 -0.057137 0.824762
vn -0.774641 -0.002845 0.632395
vn 0.143995 -0.383141 0.912397
vn 0.583132 0.439281 0.683366
vn 0.638034 0.769252 0.034115
vn -0.638034 0.769252 0.034114
vn -0.808197 0.586111 0.057370
vn 0.488933 0.074209 -0.869159
vn 0.423252 -0.055299 -0.904323
vn 0.584514 0.251036 -0.771573
vn 0.690993 0.039584 -0.721777
vn 0.621182 -0.035804 -0.782848
vn 0.531153 -0.220164 -0.818171
vn 0.646263 -0.061908 -0.760599
vn 0.375417 -0.309718 -0.873577
vn 0.170956 -0.160454 -0.972126
vn -0.206768 -0.033992 -0.977799
vn 0.000000 -0.038636 -0.999253
vn 0.206768 -0.033992 -0.977799
vn -0.170956 -0.160454 -0.972126
vn -0.375417 -0.309718 -0.873577
vn -0.531153 -0.220164 -0.818172
vn -0.646263 -0.061908 -0.760599
vn -0.690992 0.039584 -0.721778
vn -0.513525 -0.098234 -0.852433
vn -0.621182 -0.035804 -0.782848
vn -0.488933 0.074209 -0.869159
vn -0.423252 -0.055299 -0.904323
vn 0.513525 -0.098234 -0.852433
vn -0.816611 0.040814 0.575744
vn -0.790950 0.252686 0.557269
vn -0.241419 -0.395863 0.886007
vn -0.143995 -0.383142 0.912397
vn -0.934173 -0.334610 0.123924
vn -0.929131 -0.367450 0.041182
vn 0.241419 -0.395863 0.886007
vn 0.929131 -0.367450 0.041182
vn 0.771451 0.060502 0.633406
vn 0.774641 -0.002845 0.632395
vn -0.771451 0.060502 0.633406
vn 0.681292 0.136069 0.719254
vn 0.475428 -0.046700 0.878514
vn 0.724103 0.374375 0.579240
vn 0.847844 0.179530 0.498929
vn 0.568986 0.498156 0.654291
vn 0.464121 0.465821 0.753394
vn 0.514168 0.242073 0.822819
vn 0.427812 0.092489 0.899123
vn -0.000000 0.074521 0.997220
vn -0.427812 0.092489 0.899123
vn -0.514168 0.242073 0.822819
vn -0.464121 0.465821 0.753394
vn -0.568986 0.498156 0.654290
vn -0.724103 0.374375 0.579240
vn -0.681292 0.136069 0.719254
vn -0.847844 0.179530 0.498929
vn -0.475428 -0.046700 0.878514
vn -0.583132 0.439281 0.683366
vn 0.475994 0.456887 0.751455
vn 0.466941 0.508974 0.723126
vn 0.222620 -0.153409 0.962760
vn 0.278713 -0.229701 0.932500
vn -0.466941 0.508974 0.723126
vn -0.222620 -0.153409 0.962760
vn 0.358636 0.920518 -0.155007
vn 0.412358 0.900976 -0.134923
vn 0.397339 0.116898 -0.910196
vn -0.412358 0.900976 -0.134923
vn -0.603340 -0.389345 -0.695983
vn -0.397339 0.116898 -0.910196
vn -0.296586 0.354238 -0.886878
vn -0.559935 -0.387240 -0.732474
vn 0.603340 -0.389345 -0.695983
vn -0.476780 -0.862468 0.169791
vn -0.248442 -0.915033 0.317793
vn 0.011130 -0.996076 -0.087795
vn 0.476780 -0.862468 0.169791
vn 0.907801 0.320389 0.270644
vn 0.825477 0.505726 0.250658
vn 0.650022 0.655595 -0.384275
vn 0.771387 0.578853 -0.264370
vn -0.650022 0.655595 -0.384275
vn -0.771387 0.578853 -0.264370
vn 0.331645 0.265506 -0.905272
vn 0.375391 0.190061 -0.907171
vn 0.660918 0.210618 0.720297
vn 0.725655 0.207698 0.655962
vn -0.020264 -0.372408 0.927848
vn 0.072116 -0.292422 0.953566
vn -0.725655 0.207698 0.655962
vn -0.660918 0.210618 0.720297
vn -0.072116 -0.292422 0.953566
vn 0.020264 -0.372408 0.927848
vn -0.852638 -0.520274 -0.048193
vn -0.843333 -0.537314 -0.009119
vn -0.760131 -0.217654 -0.612232
vn -0.760159 -0.255646 -0.597330
vn 0.843333 -0.537314 -0.009119
vn 0.852638 -0.520274 -0.048193
vn 0.760159 -0.255646 -0.597330
vn 0.760131 -0.217654 -0.612232
vn -0.011130 -0.996076 -0.087795
vn 0.830780 0.294272 0.472449
vn 0.810486 0.441890 0.384507
vn 0.762510 0.013777 0.646829
vn 0.776754 0.041404 0.628442
vn 0.623528 0.185157 0.759559
vn 0.803627 0.119869 0.582937
vn 0.509933 0.297964 0.806961
vn 0.376966 0.384737 0.842540
vn 0.316925 0.158249 0.935156
vn 0.307375 -0.108250 0.945411
vn 0.000000 -0.171145 0.985246
vn -0.307375 -0.108250 0.945411
vn -0.316925 0.158249 0.935156
vn -0.376966 0.384737 0.842540
vn -0.509933 0.297964 0.806961
vn -0.623528 0.185158 0.759559
vn -0.803628 0.119868 0.582936
vn -0.776754 0.041404 0.628442
vn -0.762511 0.013777 0.646829
vn -0.907801 0.320389 0.270644
vn -0.830781 0.294272 0.472449
vn -0.825476 0.505727 0.250658
vn -0.810486 0.441890 0.384507
vn 0.594085 -0.303523 0.744941
vn 0.711371 -0.079916 0.698258
vn 0.115015 -0.368417 0.922519
vn 0.272700 -0.313074 0.909736
vn -0.711371 -0.079916 0.698258
vn -0.115015 -0.368417 0.922519
vn -0.924809 -0.300499 -0.233299
vn -0.937849 -0.245939 -0.244853
vn 0.926010 -0.319198 -0.201539
vn 0.621863 -0.011873 -0.783036
vn 0.634387 -0.083360 -0.768508
vn 0.740583 -0.078538 -0.667359
vn 0.677729 -0.019283 -0.735059
vn 0.651179 -0.304467 -0.695174
vn 0.731791 -0.169627 -0.660082
vn 0.417939 -0.468836 -0.778152
vn 0.167379 -0.470268 -0.866506
vn -0.190425 -0.253363 -0.948444
vn 0.000000 -0.218679 -0.975797
vn 0.190425 -0.253363 -0.948444
vn -0.167379 -0.470268 -0.866506
vn -0.417939 -0.468836 -0.778152
vn -0.651179 -0.304467 -0.695174
vn -0.731791 -0.169628 -0.660082
vn -0.740583 -0.078538 -0.667359
vn -0.634387 -0.083360 -0.768508
vn -0.621863 -0.011873 -0.783036
vn -0.331645 0.265506 -0.905272
vn -0.375390 0.190061 -0.907171
vn -0.748263 -0.182654 -0.637761
vn -0.629217 -0.202461 -0.750397
vn 0.743871 -0.204256 -0.636345
vn -0.298572 0.389653 -0.871221
vn -0.603671 -0.203036 -0.770946
vn -0.652911 -0.120919 -0.747720
vn -0.342701 0.235816 -0.909366
vn 0.650166 -0.133953 -0.747891
vn 0.342701 0.235816 -0.909366
vn 0.536808 0.842767 -0.039749
vn 0.530537 0.756677 -0.382061
vn 0.759607 0.533280 0.372303
vn 0.627605 0.680811 0.377635
vn -0.530537 0.756677 -0.382061
vn 0.839856 0.383494 0.384153
vn 0.579591 0.213166 0.786533
vn -0.759607 0.533280 0.372303
vn -0.839856 0.383494 0.384153
vn 0.419533 -0.108019 0.901290
vn 0.856720 0.291466 0.425534
vn -0.419533 -0.108019 0.901290
vn -0.272699 -0.313074 0.909736
vn -0.578230 -0.455664 0.676772
vn -0.863695 0.289639 0.412481
vn 0.935270 -0.222521 -0.275236
vn 0.712674 -0.390338 -0.582865
vn 0.611439 -0.253322 -0.749647
vn 0.298573 0.389653 -0.871220
vn -0.536808 0.842767 -0.039749
vn -0.579591 0.213166 0.786533
vn -0.627605 0.680811 0.377635
vn -0.550596 0.060324 -0.832590
vn -0.822788 0.415535 -0.387751
vn 0.586945 0.105853 -0.802678
vn 0.562222 0.052606 -0.825312
vn 0.031057 0.984910 -0.170258
vn 0.246939 0.886378 0.391606
vn 0.802980 0.595319 0.028610
vn 0.672768 0.482071 -0.561240
vn -0.525932 0.533912 0.662068
vn -0.511732 0.386855 0.767120
vn -0.578845 0.770234 0.267727
vn -0.452106 0.859292 0.239201
vn -0.627795 0.730171 -0.269675
vn -0.423778 0.766223 0.483026
vn -0.448810 0.893621 0.003346
vn -0.508167 0.861228 0.007307
vn 0.243329 0.460586 -0.853611
vn 0.122107 0.507306 -0.853072
vn -0.749318 -0.508208 -0.424555
vn -0.883714 -0.439484 -0.160942
vn -0.985169 0.000024 0.171585
vn -0.993960 0.109720 0.002320
vn 0.595150 -0.300813 -0.745189
vn 0.557058 -0.343302 -0.756194
vn 0.780083 0.245036 -0.575697
vn 0.972300 0.080770 -0.219339
vn -0.158263 -0.860554 -0.484149
vn -0.067125 -0.527054 -0.847176
vn 0.557432 -0.747888 -0.360463
vn 0.074360 -0.703148 0.707144
vn -0.054267 -0.534873 0.843188
vn 0.471772 -0.879841 -0.057542
vn 0.561028 -0.733453 -0.383791
vn -0.881070 -0.320584 -0.347768
vn 0.878689 -0.301967 -0.369760
vn -0.510901 -0.030197 -0.859109
vn -0.802823 -0.480042 -0.353603
vn 0.751256 -0.484761 -0.447908
vn 0.522627 -0.019619 -0.852336
vn 0.532963 -0.041993 -0.845096
vn 0.777144 -0.492509 -0.391767
vn 0.482396 0.018370 0.875761
vn -0.505889 0.041310 0.861609
vn -0.512650 0.041199 0.857608
vn 0.796222 0.478951 0.369643
vn -0.732268 0.476875 0.486183
vn -0.761350 0.493582 0.420385
vn -0.751256 -0.484761 -0.447908
vn -0.522627 -0.019619 -0.852336
vn -0.453553 0.077225 -0.887877
vn -0.697932 -0.241266 -0.674301
vn 0.409459 -0.026944 0.911931
vn 0.512650 0.041199 0.857608
vn 0.732268 0.476875 0.486183
vn 0.573952 0.521061 0.631723
vn 0.510901 -0.030197 -0.859109
vn 0.802823 -0.480042 -0.353603
vn -0.482396 0.018370 0.875761
vn -0.796223 0.478951 0.369643
vn -0.777144 -0.492509 -0.391767
vn -0.532963 -0.041993 -0.845096
vn 0.761350 0.493582 0.420385
vn 0.505889 0.041310 0.861609
vn 0.453552 0.077226 -0.887878
vn 0.697932 -0.241266 -0.674301
vn -0.573952 0.521061 0.631723
vn -0.409459 -0.026944 0.911931
vn -0.480398 -0.102224 -0.871073
vn -0.253495 0.415116 -0.873739
vn 0.480398 -0.102224 -0.871073
vn 0.253494 0.415116 -0.873739
vn -0.404141 0.293470 -0.866341
vn -0.768819 0.168679 -0.616818
vn 0.768820 0.168678 -0.616818
vn 0.404141 0.293470 -0.866341
vn 0.527906 0.435753 0.728996
vn 0.356087 -0.303258 0.883876
vn -0.527906 0.435753 0.728996
vn -0.356087 -0.303258 0.883876
vn 0.138944 -0.521059 0.842136
vn 0.665480 -0.347019 0.660844
vn -0.665480 -0.347019 0.660844
vn -0.138944 -0.521059 0.842135
vn 0.056236 -0.742413 0.667578
vn 0.036489 -0.678217 0.733955
vn -0.554002 -0.461148 -0.693126
vn -0.583163 -0.465835 -0.665521
vn -0.036489 -0.678217 0.733955
vn 0.554002 -0.461148 -0.693126
vn 0.608413 0.385066 0.693944
vn 0.567291 0.426322 0.704578
vn -0.567291 0.426323 0.704578
vn -0.044190 0.644882 -0.763004
vn 0.016844 0.748911 -0.662457
vn 0.044190 0.644882 -0.763003
vn -0.907151 -0.179421 -0.380639
vn -0.015872 -0.583752 0.811777
vn 0.851049 -0.409665 -0.328468
vn 0.907151 -0.179421 -0.380639
vn 0.015872 -0.583752 0.811777
vn -0.016880 -0.675093 0.737539
vn 0.818119 0.112087 0.564019
vn -0.818119 0.112087 0.564019
vn -0.821128 0.290041 0.491553
vn -0.445478 0.443654 -0.777638
vn 0.445478 0.443654 -0.777638
vn 0.378566 0.642635 -0.666114
vn -0.851049 -0.409665 -0.328468
vn 0.016880 -0.675093 0.737539
vn 0.821128 0.290041 0.491553
vn -0.378566 0.642635 -0.666114
vn -0.056236 -0.742413 0.667578
vn 0.583164 -0.465836 -0.665520
vn -0.016844 0.748911 -0.662456
vn -0.608412 0.385066 0.693944
vn 0.511733 0.386855 0.767120
vn 0.578845 0.770234 0.267727
vn -0.302972 -0.945065 0.122719
vn -0.404825 -0.914389 0.003070
vn 0.142603 -0.423852 0.894435
vn -0.243329 0.460586 -0.853611
vn -0.583797 -0.287200 -0.759406
vn 0.508167 0.861228 0.007307
vn -0.291659 0.931445 0.217590
vn -0.455663 0.446435 0.770108
vn -0.460709 0.479016 0.747189
vn -0.311957 0.919316 0.239878
vn 0.489704 -0.720682 -0.490721
vn 0.401084 -0.915485 -0.031917
vn 0.353152 -0.928911 -0.111395
vn 0.442656 -0.723887 -0.529192
vn 0.477660 -0.386969 -0.788731
vn 0.439094 -0.403651 -0.802660
vn 0.391665 0.587837 -0.707846
vn 0.075138 0.538697 -0.839142
vn -0.084686 0.993681 -0.073660
vn -0.300938 0.953643 0.000985
vn 0.525932 0.533912 0.662068
vn 0.460709 0.479015 0.747189
vn 0.311957 0.919316 0.239878
vn 0.452106 0.859292 0.239201
vn -0.453310 -0.889632 -0.055362
vn -0.401084 -0.915485 -0.031917
vn 0.249295 -0.271451 0.929605
vn 0.183704 -0.371325 0.910149
vn -0.477660 -0.386969 -0.788731
vn -0.557058 -0.343303 -0.756194
vn -0.122107 0.507305 -0.853072
vn -0.075139 0.538697 -0.839142
vn 0.300938 0.953643 0.000985
vn 0.448810 0.893621 0.003346
vn -0.910065 0.046160 0.411888
vn -0.759240 0.182716 0.624636
vn -0.526582 0.843567 0.105384
vn -0.617774 0.785534 0.035928
vn 0.762512 -0.642377 -0.076993
vn 0.498668 -0.857015 0.129829
vn 0.476712 -0.877967 0.043821
vn 0.701864 -0.690477 -0.175011
vn 0.564263 0.658283 -0.498268
vn 0.905271 -0.316057 -0.283890
vn 0.853515 -0.298115 -0.427364
vn 0.473466 0.733979 -0.486934
vn -0.201936 0.961288 -0.187474
vn -0.148143 0.969340 -0.196046
vn 0.291659 0.931445 0.217590
vn 0.455663 0.446435 0.770109
vn 0.582232 0.376177 0.720761
vn 0.373217 0.911204 0.174405
vn 0.068715 0.988441 -0.135143
vn 0.084686 0.993681 -0.073660
vn -0.781294 -0.416676 -0.464717
vn -0.439093 -0.403650 -0.802660
vn -0.391666 0.587837 -0.707846
vn -0.666739 0.599263 -0.443107
vn 0.338771 -0.210841 0.916941
vn -0.353152 -0.928911 -0.111395
vn -0.395800 -0.918327 -0.004321
vn 0.391261 -0.333474 0.857735
vn 0.759240 0.182716 0.624636
vn 0.526582 0.843567 0.105384
vn -0.498668 -0.857015 0.129829
vn 0.378345 -0.584406 0.717861
vn -0.564263 0.658283 -0.498268
vn -0.905270 -0.316057 -0.283890
vn 0.148143 0.969340 -0.196046
vn -0.803348 0.418444 0.423717
vn -0.934040 0.202500 0.294216
vn -0.489446 0.858175 0.154850
vn -0.319750 0.889406 0.326676
vn 0.704363 -0.609441 -0.363943
vn 0.275190 -0.945610 -0.173468
vn 0.146877 -0.947621 -0.283622
vn 0.680562 -0.572870 -0.456789
vn 0.890937 -0.112675 -0.439926
vn 0.880338 -0.068199 -0.469420
vn 0.845700 0.402305 -0.350632
vn 0.547685 0.763424 -0.342382
vn -0.038668 0.967193 0.251083
vn -0.144189 0.989522 0.007528
vn 0.910065 0.046160 0.411887
vn 0.962279 0.122951 0.242697
vn 0.601874 0.798458 0.014590
vn 0.617774 0.785535 0.035928
vn -0.476712 -0.877967 0.043821
vn -0.423904 -0.898529 -0.113802
vn 0.489714 -0.843299 0.221423
vn 0.419386 -0.783940 0.457770
vn -0.448568 0.773759 -0.447307
vn -0.861716 -0.230323 -0.452103
vn -0.853515 -0.298116 -0.427364
vn -0.473466 0.733979 -0.486934
vn 0.198352 0.964558 -0.174025
vn 0.201936 0.961288 -0.187474
vn -0.782001 0.474465 0.404176
vn -0.705965 0.478467 0.522191
vn -0.239878 0.852463 0.464506
vn -0.301209 0.837241 0.456400
vn 0.631599 -0.569762 -0.525790
vn -0.012659 -0.949281 -0.314175
vn -0.031168 -0.939794 -0.340318
vn 0.620325 -0.593678 -0.512586
vn 0.848309 -0.153313 -0.506820
vn 0.865698 -0.208317 -0.455161
vn 0.930362 0.249832 -0.268347
vn 0.887484 0.313668 -0.337616
vn 0.338859 0.909692 0.240073
vn 0.193945 0.937396 0.289264
vn 0.934040 0.202500 0.294216
vn 0.803348 0.418444 0.423717
vn 0.409977 0.838418 0.359129
vn 0.527192 0.832847 0.168624
vn -0.120103 0.978286 0.168912
vn 0.093940 0.995578 0.000639
vn -0.862863 -0.161696 -0.478875
vn -0.880834 -0.171825 -0.441143
vn -0.540815 0.790195 -0.288289
vn -0.754107 0.602425 -0.261547
vn -0.275190 -0.945610 -0.173468
vn -0.146877 -0.947621 -0.283622
vn 0.710637 -0.686350 0.154659
vn 0.574269 -0.798446 0.180827
vn -0.962279 0.122951 0.242697
vn -0.601874 0.798458 0.014590
vn -0.198352 0.964558 -0.174025
vn 0.448568 0.773759 -0.447307
vn 0.861716 -0.230323 -0.452103
vn 0.706726 -0.644000 -0.292920
vn 0.423904 -0.898529 -0.113802
vn 0.705965 0.478467 0.522191
vn 0.322269 0.818093 0.476305
vn 0.012659 -0.949281 -0.314175
vn 0.846061 -0.457237 0.274073
vn -0.828518 -0.209805 -0.519172
vn -0.861129 0.417027 -0.290769
vn -0.264390 0.938839 0.220632
vn -0.836338 0.507222 0.208003
vn -0.323590 0.870067 0.371853
vn 0.078561 -0.885996 -0.456989
vn 0.661874 -0.608737 -0.437450
vn 0.894298 -0.318985 -0.313813
vn 0.979531 0.141989 -0.142681
vn 0.345145 0.877555 0.332824
vn 0.782001 0.474465 0.404176
vn 0.301209 0.837241 0.456400
vn -0.338858 0.909692 0.240073
vn -0.865698 -0.208317 -0.455161
vn -0.930362 0.249833 -0.268347
vn 0.031169 -0.939794 -0.340318
vn 0.936510 -0.283644 0.206142
vn 0.836337 0.507222 0.208003
vn 0.323589 0.870067 0.371852
vn -0.078559 -0.885996 -0.456989
vn 0.993466 -0.110242 -0.029527
vn -0.894298 -0.318985 -0.313813
vn -0.979531 0.141989 -0.142681
vn -0.345144 0.877556 0.332823
vn -0.802980 0.595319 0.028610
vn -0.246940 0.886378 0.391606
vn 0.158263 -0.860554 -0.484149
vn 0.687812 -0.645068 -0.332869
vn 0.883715 -0.439484 -0.160942
vn 0.985169 0.000024 0.171586
vn 0.423778 0.766223 0.483027
vn 0.010680 -0.156589 -0.987606
vn 0.749317 -0.508208 -0.424556
vn -0.010680 -0.156589 -0.987606
vn 0.627794 0.730170 -0.269678
vn 0.993960 0.109721 0.002318
vn -0.672768 0.482071 -0.561240
vn -0.031059 0.984909 -0.170260
vn 0.067125 -0.527054 -0.847177
vn 0.527471 -0.560251 -0.638665
vn -0.972300 0.080770 -0.219339
vn -0.780083 0.245036 -0.575698
vn -0.993466 -0.110242 -0.029526
vn -0.936510 -0.283643 0.206143
vn -0.846060 -0.457237 0.274074
vn -0.710637 -0.686350 0.154660
vn -0.574269 -0.798447 0.180827
vn -0.489714 -0.843299 0.221423
vn -0.378346 -0.584406 0.717861
vn -0.419386 -0.783940 0.457770
vn -0.249295 -0.271451 0.929605
vn -0.338771 -0.210841 0.916941
vn -0.687812 -0.645068 -0.332869
vn -0.527471 -0.560251 -0.638665
vn -0.661874 -0.608737 -0.437450
vn -0.620325 -0.593678 -0.512586
vn -0.631599 -0.569762 -0.525790
vn -0.680562 -0.572870 -0.456789
vn -0.704363 -0.609441 -0.363944
vn -0.701863 -0.690478 -0.175010
vn -0.706726 -0.643999 -0.292920
vn -0.599575 -0.724390 -0.340249
vn -0.762511 -0.642377 -0.076993
vn -0.442656 -0.723887 -0.529192
vn -0.567849 -0.639439 -0.518329
vn -0.489704 -0.720682 -0.490721
vn -0.568658 -0.560909 -0.601673
vn -0.391261 -0.333474 0.857735
vn -0.582232 0.376178 0.720761
vn -0.373217 0.911204 0.174405
vn -0.068715 0.988441 -0.135143
vn 0.666739 0.599263 -0.443107
vn 0.781294 -0.416675 -0.464717
vn 0.599575 -0.724390 -0.340249
vn 0.395800 -0.918327 -0.004321
vn -0.781997 -0.031001 -0.622511
vn -0.770226 -0.085863 -0.631964
vn 0.770227 -0.085863 -0.631964
vn -0.677729 -0.019282 -0.735059
vn -0.636265 0.026039 -0.771031
vn 0.636265 0.026039 -0.771031
vn -0.920005 -0.167257 -0.354422
vn -0.657273 -0.381949 -0.649698
vn -0.066022 0.764534 -0.641193
vn -0.243262 0.867948 -0.433000
vn 0.657273 -0.381949 -0.649698
vn 0.066022 0.764535 -0.641193
vn -0.741145 -0.416008 -0.526917
vn -0.854867 -0.165345 -0.491796
vn -0.603694 0.698484 -0.384282
vn -0.708650 0.599250 -0.372443
vn 0.462209 0.820748 -0.335760
vn 0.952794 -0.084696 -0.291565
vn 0.895566 -0.112910 -0.430363
vn 0.472016 0.810190 -0.347553
vn 0.372842 -0.706998 0.600951
vn 0.296578 -0.703640 0.645703
vn -0.296577 -0.703641 0.645703
vn 0.734436 0.246082 0.632493
vn 0.828847 0.060837 0.556157
vn -0.734436 0.246082 0.632492
vn 0.920005 -0.167257 -0.354422
vn 0.243262 0.867948 -0.433000
vn -0.828847 0.060837 0.556157
vn -0.372842 -0.706999 0.600951
vn -0.462209 0.820749 -0.335760
vn -0.952794 -0.084696 -0.291565
vn 0.854867 -0.165345 -0.491796
vn 0.603694 0.698484 -0.384282
vn 0.357521 -0.800898 0.480356
vn 0.880569 0.015364 0.473669
vn -0.357520 -0.800898 0.480356
vn -0.880569 0.015364 0.473669
vn -0.922704 0.030921 0.384269
vn -0.434208 -0.859237 0.270511
vn 0.914214 0.197877 0.353634
vn 0.554950 -0.804467 0.211812
vn 0.731118 -0.593104 0.337186
vn 0.819939 0.275522 0.501784
vn -0.914214 0.197876 0.353634
vn -0.554950 -0.804466 0.211812
vn 0.722973 0.487081 0.489962
vn 0.767465 0.359477 0.530823
vn 0.735701 -0.603921 0.306632
vn 0.662620 -0.748713 -0.019091
vn -0.819939 0.275522 0.501784
vn -0.767465 0.359477 0.530823
vn -0.735701 -0.603921 0.306632
vn -0.731118 -0.593104 0.337186
vn 0.403448 0.760452 0.508864
vn 0.538362 0.702463 0.465524
vn 0.632471 -0.744231 -0.214709
vn 0.605582 -0.721396 -0.335942
vn -0.722973 0.487081 0.489962
vn -0.538362 0.702463 0.465524
vn -0.632471 -0.744231 -0.214709
vn -0.662620 -0.748713 -0.019090
vn 0.689296 -0.656853 -0.305639
vn 0.366698 0.758757 0.538350
vn -0.578799 -0.475528 -0.662469
vn -0.689296 -0.656853 -0.305639
vn -0.366697 0.758757 0.538350
vn -0.263129 0.962885 0.060135
vn -0.712688 -0.460463 -0.529197
vn -0.739484 0.597628 -0.309845
vn -0.619434 0.784482 0.029823
vn -0.670327 -0.561765 -0.484852
vn 0.712688 -0.460463 -0.529197
vn 0.739484 0.597628 -0.309845
vn 0.708650 0.599250 -0.372444
vn 0.741145 -0.416008 -0.526917
vn -0.515873 -0.702637 -0.490078
vn -0.616352 0.757597 0.214843
vn -0.513644 0.780781 0.355740
vn -0.355740 -0.772856 -0.525494
vn 0.515873 -0.702638 -0.490078
vn 0.616352 0.757597 0.214843
vn 0.619434 0.784482 0.029823
vn 0.670327 -0.561765 -0.484852
vn -0.515216 0.762742 0.390868
vn -0.179328 -0.805453 -0.564878
vn 0.515216 0.762742 0.390868
vn 0.179328 -0.805453 -0.564878
vn 0.182321 -0.607032 -0.773480
vn 0.694215 0.705702 0.141597
vn -0.472016 0.810190 -0.347553
vn -0.895566 -0.112910 -0.430363
vn 0.434208 -0.859236 0.270511
vn 0.922703 0.030921 0.384269
vn -0.403448 0.760452 0.508864
vn -0.605582 -0.721396 -0.335942
vn 0.355739 -0.772856 -0.525494
vn 0.513644 0.780781 0.355740
vn 0.578799 -0.475527 -0.662469
vn 0.263130 0.962884 0.060135
vn -0.694216 0.705702 0.141597
vn -0.182320 -0.607032 -0.773480
vn -0.642815 -0.041584 -0.764892
vn -0.451846 -0.057383 -0.890249
vn -0.134022 0.830897 -0.540045
vn -0.326796 0.887824 -0.323995
vn 0.598776 -0.519158 -0.609871
vn 0.528335 -0.364136 -0.766986
vn 0.137335 0.637238 -0.758332
vn 0.296586 0.354238 -0.886878
vn -0.137335 0.637238 -0.758332
vn -0.483603 -0.264828 -0.834263
vn 0.451846 -0.057383 -0.890249
vn 0.134022 0.830897 -0.540045
vn -0.176107 -0.972724 0.150981
vn -0.125688 -0.406599 0.904920
vn 0.215390 -0.963339 0.159953
vn 0.270381 -0.486710 0.830667
vn -0.270083 -0.479252 0.835089
vn 0.459143 0.309819 0.832587
vn -0.475994 0.456887 0.751454
vn -0.459143 0.309819 0.832586
vn -0.346408 0.380358 -0.857513
vn -0.404446 0.243801 -0.881467
vn -0.354992 0.119245 -0.927233
vn 0.293339 0.955856 0.017058
vn -0.358636 0.920518 -0.155007
vn -0.293339 0.955856 0.017058
vn 0.642815 -0.041584 -0.764892
vn 0.326796 0.887824 -0.323996
vn 0.483313 0.181155 0.856499
vn 0.196656 -0.772161 0.604230
vn -0.483313 0.181154 0.856500
vn -0.196656 -0.772161 0.604230
vn 0.455345 -0.871140 0.183783
vn 0.251269 0.956988 0.145043
vn -0.251269 0.956988 0.145043
vn -0.172613 -0.978830 -0.109986
vn 0.172613 -0.978830 -0.109986
vn 0.161744 -0.903329 0.397286
vn 0.526904 0.215126 0.822249
vn -0.161744 -0.903329 0.397286
vn -0.526904 0.215126 0.822249
vn -0.291675 -0.922118 -0.254214
vn 0.291675 -0.922118 -0.254214
vn 0.182316 0.938828 0.292170
vn -0.182316 0.938828 0.292170
vn 0.820509 0.336663 0.461978
vn 0.826704 0.294068 0.479671
vn 0.620218 -0.757132 0.205135
vn 0.687507 -0.701116 0.189131
vn -0.319623 -0.885554 0.337099
vn -0.627644 0.351364 0.694699
vn -0.826704 0.294068 0.479671
vn -0.620218 -0.757133 0.205135
vn -0.564958 0.789075 -0.241212
vn -0.790135 -0.168889 -0.589205
vn 0.592210 0.730050 -0.341049
vn 0.587371 0.705936 -0.395790
vn 0.742965 -0.249656 -0.621027
vn 0.766950 -0.193026 -0.611988
vn -0.592210 0.730050 -0.341049
vn -0.685325 0.694900 -0.217816
vn -0.841159 -0.027625 -0.540081
vn -0.766950 -0.193027 -0.611988
vn 0.719884 0.694010 -0.010791
vn 0.685325 0.694900 -0.217816
vn 0.841159 -0.027625 -0.540081
vn 0.975982 0.033550 -0.215251
vn 0.711557 -0.698119 0.079477
vn 0.870230 0.289536 0.398585
vn -0.711557 -0.698119 0.079477
vn -0.870230 0.289536 0.398585
vn -0.946590 0.229728 0.226260
vn -0.695999 -0.717454 -0.029074
vn 0.695999 -0.717454 -0.029074
vn 0.730639 -0.651670 -0.203699
vn 0.967212 0.253804 -0.009217
vn 0.946590 0.229728 0.226259
vn -0.816844 -0.461795 -0.345703
vn -0.730639 -0.651670 -0.203699
vn -0.967212 0.253803 -0.009216
vn -0.907598 0.419649 0.012696
vn -0.719884 0.694011 -0.010791
vn -0.726291 0.647439 0.230918
vn -0.969857 -0.239618 0.044274
vn -0.975982 0.033551 -0.215251
vn 0.745451 0.554848 0.369388
vn 0.726292 0.647439 0.230918
vn 0.969857 -0.239618 0.044274
vn 0.903905 -0.425512 0.043535
vn -0.965173 -0.231765 -0.121349
vn -0.903905 -0.425513 0.043536
vn -0.745451 0.554847 0.369388
vn -0.753070 0.638147 0.160168
vn 0.965173 -0.231765 -0.121350
vn 0.753070 0.638147 0.160167
vn 0.816844 -0.461795 -0.345703
vn 0.929538 -0.170189 -0.327100
vn 0.861794 0.505122 -0.046504
vn 0.907598 0.419649 0.012695
vn -0.929538 -0.170190 -0.327100
vn -0.861794 0.505122 -0.046504
vn 0.319623 -0.885554 0.337099
vn 0.627644 0.351364 0.694699
vn -0.820509 0.336663 0.461978
vn -0.687507 -0.701116 0.189131
vn 0.043712 0.957899 0.283760
vn -0.162250 0.971183 0.174578
vn -0.159416 0.974145 0.160087
vn -0.587371 0.705936 -0.395790
vn 0.159416 0.974145 0.160087
vn 0.162250 0.971184 0.174578
vn -0.742965 -0.249656 -0.621027
vn -0.043712 0.957899 0.283760
vn 0.564958 0.789075 -0.241212
vn 0.790135 -0.168889 -0.589205
vn -0.318037 -0.907533 -0.274293
vn 0.131441 -0.954954 -0.266057
vn 0.318037 -0.907533 -0.274293
vn -0.131441 -0.954954 -0.266057
vn -0.108050 -0.944877 -0.309083
vn 0.108050 -0.944877 -0.309083
vn -0.154164 -0.897482 -0.413230
vn 0.154165 -0.897482 -0.413230
vn 0.331203 -0.904371 -0.269106
vn -0.331203 -0.904371 -0.269106
vn -0.318376 -0.922273 -0.219203
vn 0.318377 -0.922272 -0.219204
vn -0.161849 -0.930868 -0.327550
vn 0.161849 -0.930868 -0.327551
vn -0.065111 -0.860844 -0.504686
vn 0.065111 -0.860844 -0.504686
vn 0.092677 0.973767 0.207819
vn -0.092677 0.973767 0.207819
vn 0.265007 0.926277 0.267921
vn -0.265008 0.926277 0.267922
vn 0.260941 0.944633 0.198942
vn -0.260941 0.944633 0.198942
vn 0.094107 0.926870 0.363396
vn -0.094106 0.926870 0.363396
vn 0.056876 0.959669 0.275318
vn -0.056876 0.959669 0.275318
vn -0.027282 -0.116575 -0.992807
vn 0.027282 -0.116575 -0.992807
vn -0.803509 -0.414069 -0.427691
vn -0.698524 -0.541732 -0.467537
vn -0.290277 0.827957 -0.479820
vn -0.423237 0.847059 -0.321497
vn 0.210454 0.836775 -0.505487
vn 0.708265 -0.585907 -0.393794
vn 0.698524 -0.541731 -0.467537
vn 0.290277 0.827956 -0.479820
vn 0.775649 0.369436 0.511747
vn 0.784110 0.371322 0.497284
vn -0.775649 0.369436 0.511747
vn -0.737134 0.473339 0.482269
vn 0.279828 -0.846772 0.452408
vn 0.387640 -0.825279 0.410669
vn -0.279828 -0.846772 0.452408
vn -0.248044 -0.793636 0.555532
vn -0.210454 0.836775 -0.505487
vn -0.708265 -0.585908 -0.393794
vn 0.737134 0.473339 0.482269
vn 0.248044 -0.793637 0.555531
vn 0.803509 -0.414069 -0.427691
vn 0.423238 0.847059 -0.321497
vn -0.784110 0.371322 0.497284
vn -0.387640 -0.825279 0.410669
vn 0.755188 -0.638407 0.148753
vn 0.733878 -0.631342 0.250658
vn -0.708442 -0.479071 -0.518268
vn -0.698246 -0.509538 -0.502816
vn 0.795654 -0.407695 -0.448017
vn -0.546317 -0.774276 0.319428
vn -0.682317 -0.670901 0.290406
vn 0.751738 -0.390408 -0.531481
vn -0.735275 0.635382 -0.235924
vn -0.784382 0.609001 -0.117745
vn 0.668181 0.647065 -0.367207
vn 0.590368 0.724929 -0.354885
vn 0.755913 0.426061 0.497059
vn 0.803815 0.404515 0.436176
vn -0.797896 0.406908 0.444733
vn -0.840276 0.286463 0.460298
vn -0.795654 -0.407695 -0.448017
vn 0.546317 -0.774277 0.319428
vn -0.590368 0.724929 -0.354885
vn 0.840276 0.286464 0.460298
vn -0.733879 -0.631342 0.250659
vn 0.708442 -0.479071 -0.518268
vn 0.735274 0.635383 -0.235924
vn -0.755913 0.426062 0.497059
vn -0.751737 -0.390408 -0.531481
vn 0.682317 -0.670901 0.290406
vn 0.797896 0.406908 0.444733
vn -0.668181 0.647065 -0.367207
vn -0.651118 -0.580253 -0.489236
vn 0.832450 -0.553943 0.013167
vn -0.916199 -0.336863 -0.217030
vn 0.635592 -0.578835 -0.510854
vn 0.649599 -0.604595 -0.460963
vn -0.891933 -0.442083 -0.094963
vn -0.848201 0.528616 -0.033472
vn 0.791888 0.415745 0.447291
vn 0.889217 0.442890 0.114638
vn 0.752892 0.488877 0.440629
vn -0.690467 0.547364 0.472915
vn -0.511566 0.666878 0.541825
vn 0.916199 -0.336863 -0.217030
vn -0.635592 -0.578835 -0.510854
vn -0.593798 -0.360233 -0.719470
vn 0.736918 -0.179101 -0.651824
vn 0.250165 0.724247 -0.642560
vn 0.511566 0.666878 0.541825
vn -0.528929 0.583983 -0.615790
vn -0.791888 0.415745 0.447291
vn 0.651118 -0.580253 -0.489236
vn -0.832451 -0.553943 0.013167
vn -0.752892 0.488876 0.440629
vn 0.848201 0.528616 -0.033472
vn -0.649599 -0.604595 -0.460963
vn 0.891933 -0.442083 -0.094963
vn 0.690467 0.547364 0.472915
vn -0.889217 0.442891 0.114638
vn 0.698246 -0.509538 -0.502816
vn -0.755188 -0.638407 0.148753
vn -0.803814 0.404516 0.436176
vn 0.784381 0.609001 -0.117745
vn 0.593797 -0.360233 -0.719470
vn -0.736918 -0.179101 -0.651824
vn 0.528929 0.583984 -0.615790
vn -0.250166 0.724247 -0.642560
vn 0.327748 -0.584956 0.741895
vn 0.493085 0.171362 0.852938
vn -0.382716 -0.537106 0.751695
vn -0.327748 -0.584956 0.741895
vn -0.493085 0.171361 0.852938
vn -0.480412 0.121916 0.868528
vn 0.382716 -0.537106 0.751695
vn 0.480412 0.121916 0.868528
vn 0.167209 0.983790 0.064803
vn 0.300266 0.653454 -0.694866
vn -0.167208 0.983790 0.064804
vn 0.051633 0.994578 0.090273
vn 0.260792 0.808310 -0.527847
vn -0.051633 0.994578 0.090274
vn -0.313215 -0.862782 -0.396868
vn 0.313215 -0.862782 -0.396867
vn -0.504768 -0.281297 -0.816138
vn 0.504768 -0.281297 -0.816138
vn -0.300266 0.653454 -0.694866
vn -0.290311 -0.872999 -0.391908
vn 0.290311 -0.873000 -0.391907
vn -0.494490 -0.209212 -0.843629
vn 0.494490 -0.209212 -0.843629
vn -0.260792 0.808310 -0.527847
vn -0.902705 -0.119494 -0.413334
vn -0.806500 -0.110273 -0.580859
vn -0.733339 0.450098 -0.509535
vn -0.856376 0.339538 -0.389018
vn 0.497786 0.676832 -0.542317
vn 0.674022 -0.079108 -0.734463
vn 0.806500 -0.110273 -0.580860
vn 0.733339 0.450098 -0.509535
vn -0.497786 0.676832 -0.542317
vn -0.674022 -0.079108 -0.734463
vn 0.902705 -0.119495 -0.413334
vn 0.856376 0.339538 -0.389018
vn 0.685559 0.258317 0.680647
vn -0.055198 0.995633 -0.075288
vn 0.070318 0.988846 -0.131301
vn 0.055198 0.995633 -0.075288
vn 0.850330 0.215351 0.480170
vn 0.904641 0.257314 0.339727
vn -0.101308 0.986177 -0.131119
vn -0.070317 0.988846 -0.131301
vn 0.101308 0.986177 -0.131119
vn 0.599608 -0.467982 0.649202
vn -0.738194 -0.514989 0.435723
vn -0.599608 -0.467983 0.649202
vn -0.685560 0.258317 0.680647
vn -0.850330 0.215351 0.480170
vn 0.738194 -0.514989 0.435724
vn 0.811983 -0.510126 0.283647
vn -0.811982 -0.510126 0.283647
vn -0.904641 0.257314 0.339727
vn -0.383426 -0.875153 -0.295113
vn 0.383426 -0.875153 -0.295113
vn 0.391213 -0.867863 -0.306212
vn -0.401374 -0.876323 -0.266378
vn -0.391214 -0.867863 -0.306211
vn 0.401373 -0.876323 -0.266378
vn -0.921216 0.310936 -0.233838
vn -0.936785 -0.182364 -0.298627
vn 0.947793 0.314992 -0.049680
vn 0.921216 0.310936 -0.233838
vn 0.936784 -0.182365 -0.298627
vn 0.893664 -0.399133 -0.205080
vn -0.671112 -0.696063 -0.255157
vn -0.746133 -0.657427 -0.105238
vn -0.932106 0.318981 0.171550
vn -0.898386 0.436789 0.046024
vn 0.746133 -0.657427 -0.105238
vn 0.932106 0.318981 0.171549
vn -0.288354 -0.922502 -0.256596
vn 0.288353 -0.922503 -0.256596
vn 0.036736 -0.980165 -0.194748
vn 0.001395 -0.970275 -0.242000
vn 0.030239 -0.987232 -0.156396
vn -0.030239 -0.987231 -0.156396
vn 0.874686 -0.468486 0.124281
vn -0.874686 -0.468486 0.124281
vn -0.959745 -0.250341 0.127354
vn 0.869483 0.418711 0.262069
vn -0.869483 0.418711 0.262069
vn -0.745686 0.627156 0.225004
vn -0.127680 0.991583 -0.021464
vn 0.343247 0.929398 0.135649
vn 0.127680 0.991583 -0.021464
vn -0.947793 0.314992 -0.049680
vn -0.893664 -0.399133 -0.205080
vn -0.036736 -0.980165 -0.194748
vn 0.959745 -0.250340 0.127354
vn 0.745687 0.627156 0.225004
vn -0.343248 0.929398 0.135649
vn 0.773762 0.632752 0.030301
vn 0.988292 -0.145854 -0.044779
vn 0.968960 -0.082031 -0.233210
vn 0.759035 0.636042 -0.138982
vn -0.773761 0.632753 0.030301
vn -0.988292 -0.145853 -0.044779
vn -0.968960 -0.082030 -0.233210
vn -0.759035 0.636043 -0.138981
vn -0.001396 -0.970275 -0.242000
vn 0.671113 -0.696062 -0.255157
vn 0.898386 0.436788 0.046023
vn -0.301237 0.951772 0.058192
vn -0.299066 0.942561 0.148787
vn 0.301237 0.951772 0.058192
vn 0.299065 0.942562 0.148787
vn -0.451161 -0.676112 -0.582517
vn 0.099684 -0.232034 -0.967586
vn -0.099684 -0.232034 -0.967586
vn 0.315417 0.824022 0.470638
vn 0.458234 0.031577 0.888270
vn 0.495140 -0.015887 0.868668
vn 0.325249 0.805601 0.495197
vn -0.315417 0.824022 0.470638
vn -0.458234 0.031577 0.888270
vn -0.459141 0.107039 0.881891
vn -0.415425 0.781466 0.465547
vn 0.173412 -0.833131 0.525186
vn 0.198964 -0.824096 0.530357
vn -0.173412 -0.833131 0.525186
vn -0.208063 -0.730245 0.650732
vn -0.381739 -0.766862 -0.515944
vn -0.433097 -0.793508 -0.427519
vn 0.414130 -0.748203 -0.518351
vn 0.381739 -0.766862 -0.515944
vn -0.330916 0.774762 -0.538738
vn -0.460268 0.712212 -0.530007
vn -0.690685 -0.048856 -0.721504
vn -0.569306 -0.005442 -0.822108
vn 0.697907 -0.037489 -0.715206
vn 0.845687 -0.117642 -0.520552
vn 0.562015 0.749770 -0.349263
vn 0.451160 0.721431 -0.525349
vn 0.415425 0.781465 0.465547
vn -0.258244 0.543013 -0.799028
vn 0.459141 0.107039 0.881891
vn 0.208063 -0.730245 0.650732
vn -0.414130 -0.748203 -0.518351
vn -0.485629 -0.275995 -0.829453
vn -0.495140 -0.015887 0.868668
vn -0.325249 0.805601 0.495197
vn -0.198963 -0.824096 0.530357
vn 0.433097 -0.793508 -0.427519
vn 0.258244 0.543013 -0.799029
vn 0.485629 -0.275995 -0.829453
vn -0.443342 -0.830353 -0.337583
vn 0.323898 -0.787385 0.524514
vn 0.413772 -0.799436 -0.435540
vn -0.511911 -0.737539 0.440437
vn -0.548243 -0.804840 0.227294
vn 0.493873 -0.790897 -0.361347
vn 0.674994 0.075383 0.733962
vn -0.774596 0.021092 0.632105
vn -0.864772 0.010068 0.502063
vn 0.392127 0.848516 0.355328
vn -0.524832 0.789486 0.318218
vn -0.533237 0.781561 0.323761
vn -0.990689 -0.135013 -0.017496
vn -0.835067 0.007052 0.550104
vn -0.421035 0.643090 0.639660
vn -0.617046 0.680274 0.395577
vn 0.396580 -0.559271 -0.727970
vn 0.426762 -0.808849 -0.404522
vn -0.580039 -0.812762 0.054532
vn -0.335398 -0.689765 -0.641663
vn 0.584950 0.251718 -0.771020
vn 0.950749 0.062111 -0.303675
vn 0.202506 0.951887 -0.230005
vn 0.530066 0.829271 0.177030
vn 0.690685 -0.048856 -0.721504
vn 0.460268 0.712212 -0.530007
vn 0.443342 -0.830353 -0.337583
vn -0.323898 -0.787385 0.524515
vn -0.674994 0.075383 0.733962
vn -0.392127 0.848515 0.355328
vn -0.697907 -0.037489 -0.715207
vn -0.451160 0.721432 -0.525348
vn -0.413772 -0.799436 -0.435540
vn 0.511911 -0.737539 0.440436
vn 0.774596 0.021092 0.632105
vn 0.524832 0.789486 0.318218
vn 0.569306 -0.005442 -0.822108
vn 0.330916 0.774762 -0.538739
vn -0.498805 -0.093579 -0.861647
vn -0.277532 0.719533 -0.636591
vn 0.498805 -0.093579 -0.861648
vn 0.277532 0.719533 -0.636591
vn -0.845687 -0.117642 -0.520551
vn -0.562015 0.749770 -0.349263
vn 0.533237 0.781561 0.323761
vn 0.864773 0.010068 0.502063
vn 0.548243 -0.804840 0.227294
vn -0.493873 -0.790897 -0.361347
vn 0.939688 0.052695 -0.337949
vn 0.557355 0.820217 -0.128838
vn -0.564879 0.765017 0.309291
vn -0.947069 -0.056593 0.316003
vn -0.418044 -0.905277 -0.075586
vn 0.587479 -0.722769 -0.363970
vn -0.939688 0.052695 -0.337948
vn -0.557355 0.820217 -0.128838
vn 0.564879 0.765017 0.309290
vn 0.947069 -0.056593 0.316003
vn 0.418043 -0.905277 -0.075587
vn -0.587479 -0.722768 -0.363970
vn 0.988842 0.055759 -0.138137
vn 0.461927 0.883921 0.072850
vn -0.585435 0.778211 0.227275
vn -0.992717 -0.100434 0.066525
vn -0.455065 -0.864836 -0.212074
vn 0.594784 -0.763348 -0.252055
vn -0.988842 0.055760 -0.138137
vn -0.461927 0.883921 0.072850
vn 0.585435 0.778211 0.227274
vn 0.992717 -0.100434 0.066525
vn 0.455065 -0.864836 -0.212074
vn -0.594784 -0.763348 -0.252055
vn 0.982158 0.120296 0.144547
vn 0.444998 0.872370 0.202354
vn -0.494905 0.863342 0.098540
vn -0.981211 -0.031316 -0.190380
vn -0.432536 -0.848642 -0.304500
vn 0.649074 -0.757062 -0.074566
vn -0.982158 0.120296 0.144547
vn -0.444998 0.872370 0.202354
vn 0.494905 0.863342 0.098540
vn 0.981211 -0.031316 -0.190380
vn 0.432536 -0.848642 -0.304499
vn -0.649074 -0.757062 -0.074566
vn 0.835067 0.007052 0.550104
vn 0.421035 0.643090 0.639660
vn -0.530066 0.829271 0.177030
vn -0.950749 0.062111 -0.303675
vn -0.426762 -0.808849 -0.404522
vn 0.580039 -0.812762 0.054532
vn 0.617047 0.680274 0.395577
vn 0.990690 -0.135012 -0.017495
vn -0.202506 0.951887 -0.230005
vn -0.584950 0.251718 -0.771020
vn -0.396580 -0.559271 -0.727970
vn 0.335398 -0.689766 -0.641663
vn 0.300328 0.360510 0.883083
vn 0.370323 0.854454 0.364376
vn -0.240079 0.289975 0.926432
vn -0.300328 0.360510 0.883083
vn -0.370323 0.854453 0.364376
vn -0.212024 0.852027 0.478640
vn 0.240079 0.289975 0.926432
vn 0.433859 0.141233 0.889842
vn 0.318870 0.825897 0.464991
vn 0.212024 0.852027 0.478640
vn -0.565165 0.038513 0.824078
vn -0.433859 0.141233 0.889842
vn -0.318870 0.825897 0.464991
vn -0.388109 0.799425 0.458576
vn -0.233917 0.127493 -0.963861
vn 0.233917 0.127493 -0.963861
vn 0.161543 0.407945 -0.898601
vn -0.355570 -0.349547 -0.866826
vn 0.355570 -0.349547 -0.866826
vn 0.308421 -0.311765 -0.898710
vn -0.161543 0.407946 -0.898601
vn -0.308421 -0.311765 -0.898710
vn 0.160775 -0.266436 0.950349
vn -0.338698 -0.897767 -0.281598
vn 0.338698 -0.897767 -0.281598
vn -0.160775 -0.266436 0.950349
vn -0.260470 -0.900318 -0.348689
vn 0.156119 -0.410251 0.898510
vn -0.156119 -0.410252 0.898510
vn 0.260470 -0.900318 -0.348689
vn -0.134074 0.692562 -0.708789
vn 0.134074 0.692562 -0.708789
vn 0.284668 0.802424 -0.524481
vn -0.243988 -0.883641 -0.399560
vn 0.310536 -0.570049 0.760665
vn 0.372019 -0.876060 -0.306791
vn 0.243988 -0.883641 -0.399560
vn -0.310536 -0.570049 0.760665
vn -0.367902 -0.645130 0.669668
vn -0.372019 -0.876060 -0.306791
vn 0.367902 -0.645130 0.669668
vn 0.565166 0.038513 0.824078
vn 0.388109 0.799425 0.458576
vn -0.284668 0.802424 -0.524481
vn 0.639650 0.633849 0.434837
vn 0.485058 0.786039 0.383225
vn 0.713163 -0.068189 0.697674
vn 0.803167 -0.167142 0.571827
vn -0.485058 0.786039 0.383225
vn -0.713163 -0.068188 0.697674
vn 0.389232 -0.803785 0.449921
vn 0.485901 -0.825710 0.286538
vn -0.389232 -0.803785 0.449921
vn 0.739344 0.559052 0.375274
vn 0.733456 0.503177 0.457008
vn 0.888731 -0.226144 0.398768
vn 0.956533 -0.202508 0.209846
vn -0.639650 0.633849 0.434837
vn -0.733456 0.503176 0.457008
vn -0.888731 -0.226144 0.398768
vn -0.803167 -0.167142 0.571827
vn 0.610121 -0.783565 0.117380
vn 0.627096 -0.776756 -0.058317
vn -0.610121 -0.783565 0.117380
vn -0.485901 -0.825710 0.286538
vn -0.739345 0.559052 0.375274
vn -0.956533 -0.202507 0.209846
vn -0.627096 -0.776756 -0.058317
vn 0.087045 0.994023 0.065886
vn 0.403181 0.906318 0.126619
vn 0.959764 -0.032166 -0.278961
vn 0.826644 -0.002914 -0.562718
vn -0.992069 -0.125188 0.011255
vn -0.606032 0.764754 0.218805
vn -0.403181 0.906318 0.126619
vn -0.959764 -0.032166 -0.278961
vn 0.639939 -0.696500 -0.324602
vn 0.511917 -0.672856 -0.534047
vn -0.639939 -0.696500 -0.324602
vn -0.566416 -0.798566 -0.203632
vn -0.357893 -0.212426 -0.909279
vn 0.357893 -0.212426 -0.909279
vn -0.605701 -0.091384 -0.790427
vn 0.605701 -0.091384 -0.790427
vn -0.722118 0.232625 -0.651484
vn -0.740075 0.104798 -0.664309
vn -0.367581 0.797599 -0.478247
vn -0.317705 0.879014 -0.355526
vn 0.740075 0.104798 -0.664309
vn 0.367580 0.797599 -0.478247
vn 0.992069 -0.125187 0.011255
vn 0.606032 0.764755 0.218805
vn 0.566415 -0.798566 -0.203632
vn -0.087045 0.994023 0.065886
vn -0.826644 -0.002914 -0.562718
vn -0.511917 -0.672855 -0.534047
vn -0.321866 0.946414 0.026497
vn -0.848799 0.358493 -0.388617
vn 0.321866 0.946415 0.026497
vn 0.317705 0.879014 -0.355526
vn 0.722118 0.232625 -0.651484
vn 0.848799 0.358493 -0.388617
vn -0.936766 0.307247 -0.167539
vn -0.338546 0.924744 0.173884
vn 0.936766 0.307247 -0.167539
vn 0.338545 0.924744 0.173884
vn -0.403758 0.895280 0.188289
vn -0.957640 0.287048 0.023017
vn 0.403758 0.895280 0.188290
vn 0.957640 0.287048 0.023017
vn 0.948074 -0.081267 0.307491
vn 0.456950 0.827673 0.325815
vn -0.456950 0.827672 0.325815
vn -0.598787 0.781300 0.176139
vn -0.986512 -0.137701 -0.088499
vn -0.948074 -0.081267 0.307491
vn 0.598786 0.781300 0.176139
vn 0.986512 -0.137701 -0.088499
vn -0.569889 -0.803954 -0.169955
vn -0.467325 -0.883597 -0.029375
vn -0.685123 -0.703786 -0.187863
vn -0.674397 -0.639472 -0.369140
vn -0.597607 -0.673903 -0.434419
vn -0.462546 -0.758297 -0.459388
vn -0.546086 -0.761690 -0.348739
vn 0.546086 -0.761690 -0.348738
vn 0.462546 -0.758297 -0.459388
vn 0.597607 -0.673903 -0.434419
vn 0.674397 -0.639472 -0.369140
vn 0.685123 -0.703786 -0.187863
vn 0.467325 -0.883597 -0.029375
vn 0.569889 -0.803954 -0.169955
vn 0.492377 0.345259 0.798975
vn 0.334090 0.417840 0.844863
vn 0.382209 -0.139395 0.913502
vn 0.485330 -0.317243 0.814747
vn -0.208441 0.007703 0.978005
vn -0.290465 0.456338 0.841062
vn -0.228932 0.448956 0.863729
vn -0.236503 -0.109778 0.965409
vn 0.208441 0.007703 0.978005
vn 0.290465 0.456339 0.841062
vn -0.334090 0.417840 0.844863
vn -0.382209 -0.139395 0.913502
vn 0.869115 -0.188663 0.457215
vn 0.877942 -0.091760 0.469891
vn 0.446456 -0.876174 0.181647
vn 0.424394 -0.897750 0.118049
vn -0.528515 -0.803583 0.273726
vn -0.859971 0.079390 0.504130
vn -0.877942 -0.091760 0.469891
vn -0.446456 -0.876174 0.181647
vn 0.986120 -0.158711 0.048766
vn 0.918771 -0.196429 0.342455
vn 0.395538 -0.916548 -0.059066
vn 0.459360 -0.865504 -0.199728
vn -0.869115 -0.188663 0.457216
vn -0.918771 -0.196429 0.342456
vn -0.395538 -0.916548 -0.059066
vn -0.424394 -0.897750 0.118050
vn 0.372637 -0.812588 -0.448154
vn 0.951389 -0.091653 -0.294040
vn -0.318675 -0.583395 -0.747059
vn -0.372637 -0.812588 -0.448154
vn -0.951389 -0.091654 -0.294040
vn -0.699323 0.055520 -0.712647
vn 0.318674 -0.583395 -0.747059
vn -0.723664 -0.551404 -0.415048
vn -0.936367 0.342361 -0.077496
vn 0.699323 0.055520 -0.712646
vn 0.723663 -0.551403 -0.415050
vn 0.936367 0.342361 -0.077497
vn -0.527994 -0.791664 -0.307394
vn -0.896289 0.339430 0.285399
vn 0.527994 -0.791664 -0.307394
vn 0.896289 0.339430 0.285399
vn -0.533356 -0.740748 -0.408440
vn -0.873618 0.397609 -0.280533
vn -0.906819 0.421056 0.019772
vn -0.547804 -0.786819 -0.284302
vn 0.906819 0.421056 0.019771
vn 0.547804 -0.786819 -0.284302
vn -0.483784 -0.791154 -0.374204
vn -0.406467 -0.868201 -0.284626
vn -0.849163 0.022595 -0.527647
vn -0.846485 0.198182 -0.494154
vn 0.849163 0.022595 -0.527647
vn 0.854943 -0.057947 -0.515475
vn 0.400508 -0.886369 -0.232258
vn 0.406467 -0.868201 -0.284626
vn 0.075651 -0.983540 0.164093
vn -0.013682 -0.997773 0.065285
vn -0.343148 -0.434876 -0.832545
vn -0.541779 -0.367616 -0.755867
vn 0.180243 -0.981038 -0.071246
vn 0.013682 -0.997773 0.065286
vn 0.343148 -0.434876 -0.832545
vn 0.316421 -0.436439 -0.842258
vn -0.340093 -0.427323 -0.837695
vn -0.341830 -0.920173 -0.190878
vn 0.340093 -0.427323 -0.837694
vn 0.341830 -0.920173 -0.190878
vn 0.375527 0.878285 0.295965
vn -0.159218 0.078438 -0.984123
vn -0.247827 0.939319 0.237194
vn -0.375527 0.878285 0.295965
vn 0.159218 0.078438 -0.984123
vn 0.200312 0.234437 -0.951270
vn -0.270620 0.368152 -0.889511
vn 0.208768 0.952367 0.222291
vn 0.240216 0.907781 0.343845
vn -0.454913 0.570385 -0.683897
vn 0.270621 0.368151 -0.889511
vn -0.208768 0.952367 0.222291
vn -0.471681 0.825034 -0.311186
vn 0.393185 0.898305 0.196097
vn 0.479850 0.826974 0.293017
vn -0.401150 0.896273 -0.189141
vn 0.471681 0.825033 -0.311186
vn -0.393185 0.898305 0.196097
vn -0.329387 0.927214 0.178264
vn 0.549215 0.737970 -0.392126
vn -0.890330 -0.161169 -0.425836
vn -0.256667 -0.961532 -0.097866
vn 0.256336 0.923545 0.285232
vn -0.630838 0.663314 -0.402566
vn 0.531992 -0.723735 0.439537
vn 0.703322 0.238993 0.669493
vn 0.846485 0.198182 -0.494154
vn 0.483784 -0.791154 -0.374204
vn -0.479849 0.826974 0.293017
vn 0.401150 0.896273 -0.189141
vn 0.859971 0.079390 0.504130
vn 0.528515 -0.803584 0.273726
vn -0.549215 0.737970 -0.392126
vn 0.329387 0.927215 0.178263
vn -0.854943 -0.057947 -0.515475
vn -0.400508 -0.886369 -0.232258
vn -0.531992 -0.723734 0.439537
vn -0.703321 0.238993 0.669493
vn -0.256336 0.923545 0.285232
vn 0.630837 0.663314 -0.402566
vn 0.890330 -0.161169 -0.425836
vn 0.256668 -0.961532 -0.097866
vn -0.986120 -0.158711 0.048766
vn -0.459360 -0.865504 -0.199728
vn 0.533356 -0.740748 -0.408440
vn 0.873618 0.397609 -0.280533
vn -0.316421 -0.436439 -0.842258
vn -0.180244 -0.981038 -0.071247
vn 0.247827 0.939319 0.237194
vn -0.200312 0.234437 -0.951270
vn 0.228932 0.448956 0.863729
vn 0.236503 -0.109777 0.965409
vn 0.541779 -0.367616 -0.755867
vn -0.075651 -0.983540 0.164094
vn -0.240216 0.907782 0.343844
vn 0.454913 0.570385 -0.683897
vn -0.492378 0.345259 0.798975
vn -0.485330 -0.317243 0.814747
vn -0.428183 0.788158 0.442116
vn -0.386818 0.906046 0.171619
vn 0.607810 0.759914 0.230431
vn 0.571617 0.811247 0.123015
vn 0.386818 0.906046 0.171619
vn 0.428183 0.788158 0.442116
vn -0.571618 0.811247 0.123014
vn -0.607810 0.759913 0.230431
vn -0.422101 0.906405 0.016121
vn 0.518106 0.763510 0.385511
vn 0.422102 0.906405 0.016120
vn -0.518106 0.763510 0.385510
vn 0.313939 0.927939 0.200925
vn -0.499443 0.798961 0.334990
vn 0.499443 0.798961 0.334990
vn -0.313939 0.927940 0.200924
vn 0.516344 0.324890 0.792360
vn 0.403788 0.304736 0.862607
vn 0.334638 -0.381906 0.861490
vn 0.335943 -0.316588 0.887082
vn -0.260284 0.382154 0.886685
vn -0.180254 -0.184811 0.966102
vn 0.322654 -0.355791 0.877102
vn 0.490096 0.315185 0.812690
vn -0.587028 -0.387851 0.710613
vn -0.322654 -0.355790 0.877102
vn -0.490096 0.315185 0.812690
vn -0.616913 0.241069 0.749202
vn 0.587028 -0.387851 0.710613
vn 0.754012 -0.391019 0.527798
vn 0.756789 0.203597 0.621144
vn 0.616913 0.241069 0.749202
vn -0.757180 -0.563542 0.330302
vn -0.770610 -0.463158 0.437773
vn -0.820761 0.094942 0.563327
vn -0.868884 0.105327 0.483681
vn 0.180254 -0.184810 0.966102
vn 0.260284 0.382154 0.886685
vn -0.246308 -0.121036 0.961604
vn -0.325081 0.395115 0.859189
vn -0.278043 0.359596 0.890720
vn -0.201639 -0.213312 0.955950
vn 0.246309 -0.121035 0.961604
vn 0.325081 0.395116 0.859189
vn -0.334638 -0.381906 0.861490
vn -0.403788 0.304736 0.862607
vn -0.516344 0.324890 0.792360
vn -0.335942 -0.316588 0.887082
vn -0.071068 0.305865 -0.949419
vn 0.231674 0.812756 0.534560
vn 0.071068 0.305864 -0.949419
vn -0.231675 0.812756 0.534560
vn -0.556780 0.448567 -0.699131
vn -0.384197 0.480019 -0.788654
vn 0.306966 0.817498 0.487308
vn 0.233769 0.892334 0.386125
vn 0.384196 0.480021 -0.788653
vn 0.556780 0.448568 -0.699130
vn -0.233769 0.892334 0.386125
vn -0.306966 0.817498 0.487308
vn 0.339338 0.772660 0.536513
vn -0.131075 0.192562 -0.972491
vn 0.273564 0.299153 -0.914150
vn -0.267629 0.811104 0.520081
vn -0.339338 0.772660 0.536513
vn 0.131076 0.192562 -0.972491
vn 0.278043 0.359596 0.890720
vn 0.201640 -0.213312 0.955950
vn -0.273564 0.299154 -0.914150
vn 0.267630 0.811104 0.520081
vn -0.280862 -0.902292 -0.327087
vn -0.167020 -0.931530 -0.323041
vn -0.153685 -0.409054 -0.899475
vn -0.282408 -0.373098 -0.883767
vn 0.167020 -0.931530 -0.323041
vn 0.280862 -0.902293 -0.327086
vn 0.282408 -0.373098 -0.883767
vn 0.153685 -0.409053 -0.899476
vn -0.562494 -0.370134 -0.739325
vn -0.625155 -0.361956 -0.691497
vn -0.395130 -0.897677 -0.195059
vn -0.251793 -0.959750 -0.124424
vn 0.395130 -0.897677 -0.195059
vn 0.625155 -0.361956 -0.691498
vn 0.562494 -0.370134 -0.739325
vn 0.251793 -0.959749 -0.124423
vn -0.379100 -0.888678 -0.257942
vn -0.442236 -0.336067 -0.831557
vn 0.379100 -0.888679 -0.257941
vn 0.442236 -0.336067 -0.831557
vn -0.609560 -0.237145 -0.756438
vn -0.479892 -0.860906 -0.168948
vn 0.608502 -0.350472 -0.711966
vn 0.609560 -0.237145 -0.756439
vn 0.479893 -0.860906 -0.168948
vn 0.314750 -0.896761 -0.311049
vn 0.260587 0.864061 0.430690
vn -0.481050 0.576236 -0.660714
vn -0.260587 0.864060 0.430690
vn 0.481050 0.576236 -0.660714
vn 0.553632 0.586434 -0.591258
vn -0.379109 0.792442 0.477821
vn -0.553632 0.586434 -0.591259
vn 0.379109 0.792442 0.477820
vn -0.314749 -0.896761 -0.311049
vn -0.608502 -0.350472 -0.711966
vn 0.360687 0.836844 0.411822
vn -0.683606 0.613538 -0.395289
vn -0.458657 0.783482 0.419273
vn 0.744199 0.583867 -0.324450
vn 0.779748 0.575149 -0.247380
vn -0.457485 0.795110 0.398131
vn 0.868883 0.105327 0.483682
vn 0.820761 0.094942 0.563327
vn 0.770609 -0.463159 0.437773
vn 0.757180 -0.563542 0.330301
vn -0.779748 0.575149 -0.247379
vn -0.744199 0.583867 -0.324450
vn 0.458657 0.783482 0.419274
vn 0.457484 0.795110 0.398132
vn -0.754012 -0.391019 0.527797
vn -0.756789 0.203597 0.621143
vn -0.360687 0.836844 0.411822
vn 0.683606 0.613539 -0.395289
vn -0.729439 -0.308245 -0.610659
vn -0.208715 -0.911455 -0.354524
vn 0.815886 -0.302331 -0.492875
vn 0.729438 -0.308245 -0.610659
vn 0.208715 -0.911456 -0.354524
vn 0.307835 -0.915528 -0.258932
vn -0.307835 -0.915528 -0.258932
vn -0.263474 -0.927104 -0.266571
vn 0.263474 -0.927104 -0.266571
vn -0.815886 -0.302331 -0.492875
vn -0.839589 -0.315600 -0.442139
vn 0.839589 -0.315600 -0.442139
vn -0.890293 -0.161983 -0.425605
vn -0.301279 -0.864337 -0.402681
vn 0.984108 -0.175804 -0.024976
vn 0.890294 -0.161982 -0.425604
vn 0.301279 -0.864337 -0.402681
vn 0.361829 -0.902591 -0.233258
vn -0.467640 -0.883914 -0.002935
vn -0.916056 -0.231563 0.327445
vn -0.579461 0.077228 -0.811332
vn -0.161843 -0.221999 -0.961521
vn 0.467640 -0.883914 -0.002935
vn 0.916056 -0.231562 0.327446
vn 0.587602 0.020641 -0.808886
vn 0.589445 0.375631 -0.715161
vn 0.939939 0.338115 -0.046833
vn 0.909917 -0.311471 -0.273928
vn -0.947444 0.272663 0.167348
vn -0.939939 0.338115 -0.046833
vn -0.909917 -0.311471 -0.273928
vn -0.933929 -0.354981 -0.042011
vn 0.910839 -0.394093 0.122732
vn 0.910787 0.241552 0.334844
vn -0.910839 -0.394093 0.122732
vn -0.910787 0.241552 0.334844
vn -0.589445 0.375631 -0.715161
vn 0.579460 0.077229 -0.811333
vn 0.161842 -0.221997 -0.961522
vn -0.587602 0.020641 -0.808887
vn -0.741258 0.520917 -0.423299
vn -0.801631 0.344342 0.488689
vn 0.305415 0.904570 0.297448
vn 0.223468 0.603851 -0.765132
vn 0.840841 0.496490 0.215601
vn 0.801631 0.344342 0.488689
vn -0.305414 0.904570 0.297448
vn -0.490352 0.800894 0.343691
vn 0.446131 0.808828 0.383098
vn -0.797500 0.574471 -0.184329
vn -0.446131 0.808828 0.383098
vn 0.797500 0.574471 -0.184329
vn 0.741258 0.520917 -0.423299
vn -0.223468 0.603851 -0.765132
vn -0.984108 -0.175804 -0.024976
vn -0.840841 0.496491 0.215601
vn -0.361829 -0.902591 -0.233258
vn 0.933929 -0.354981 -0.042011
vn 0.947444 0.272663 0.167348
vn 0.490352 0.800894 0.343691
vn 0.150766 -0.481919 0.863147
vn 0.081761 0.400570 0.912611
vn -0.228418 -0.472860 0.851017
vn -0.150766 -0.481919 0.863147
vn -0.081761 0.400570 0.912611
vn -0.176807 0.411676 0.894015
vn 0.176807 0.411676 0.894015
vn 0.228418 -0.472858 0.851017
vn 0.359516 0.468561 0.806969
vn 0.514128 -0.246106 0.821647
vn -0.359517 0.468561 0.806969
vn -0.514129 -0.246107 0.821647
vn -0.050879 -0.975346 -0.214738
vn 0.083659 -0.977425 -0.194015
vn 0.050878 -0.975345 -0.214738
vn -0.083660 -0.977425 -0.194016
vn 0.002894 -0.933333 -0.359000
vn -0.002894 -0.933333 -0.359000
vn 0.120870 -0.930020 -0.347064
vn 0.761511 -0.099603 0.640453
vn 0.038287 -0.903533 -0.426805
vn -0.120871 -0.930020 -0.347064
vn -0.761511 -0.099603 0.640453
vn -0.836083 -0.084236 0.542098
vn 0.498081 0.539419 0.678928
vn -0.498081 0.539418 0.678928
vn -0.569510 0.516245 0.639648
vn -0.168507 0.251168 -0.953163
vn -0.176278 -0.304069 -0.936199
vn 0.168507 0.251167 -0.953163
vn 0.176278 -0.304069 -0.936199
vn -0.391885 0.343299 -0.853564
vn -0.284830 -0.348204 -0.893099
vn 0.391885 0.343299 -0.853564
vn 0.284829 -0.348203 -0.893100
vn -0.528269 0.148124 -0.836057
vn -0.337214 -0.426988 -0.839028
vn 0.337214 -0.426987 -0.839028
vn 0.528268 0.148123 -0.836057
vn -0.038289 -0.903533 -0.426804
vn 0.836083 -0.084236 0.542098
vn 0.569510 0.516245 0.639648
vn -0.502516 -0.469788 -0.725794
vn -0.708796 -0.083603 -0.700442
vn 0.502516 -0.469788 -0.725794
vn 0.708795 -0.083604 -0.700442
vn -0.829459 -0.085928 -0.551919
vn -0.597355 -0.516072 -0.613870
vn 0.597355 -0.516072 -0.613870
vn 0.829459 -0.085928 -0.551919
vn -0.021381 0.829599 0.557950
vn -0.007957 0.790830 0.611984
vn 0.007957 0.790830 0.611984
vn 0.021381 0.829599 0.557951
vn 0.065963 0.835054 0.546200
vn -0.065963 0.835054 0.546200
vn 0.094438 0.855671 0.508831
vn -0.094438 0.855671 0.508830
vn 0.792315 0.088521 0.603656
vn 0.567911 0.582791 0.581233
vn -0.792316 0.088521 0.603656
vn -0.567911 0.582791 0.581233
vn 0.821796 0.084336 0.563505
vn 0.610423 0.627319 0.483585
vn -0.932997 0.044979 0.357064
vn -0.821796 0.084336 0.563505
vn -0.610423 0.627319 0.483585
vn -0.712459 0.614359 0.339065
vn 0.996849 0.033348 0.071967
vn 0.760901 0.640731 0.102439
vn 0.743273 0.637907 0.201546
vn 0.982436 0.089956 0.163484
vn -0.743273 0.637907 0.201546
vn -0.982436 0.089956 0.163484
vn 0.545268 0.050668 -0.836729
vn 0.382603 0.456171 -0.803444
vn 0.766515 0.623475 -0.154055
vn 0.990787 0.012075 -0.134890
vn -0.760901 0.640731 0.102439
vn -0.766515 0.623475 -0.154054
vn -0.990787 0.012075 -0.134889
vn -0.996849 0.033348 0.071967
vn -0.627167 -0.580213 -0.519629
vn -0.874061 -0.046695 -0.483567
vn 0.627167 -0.580213 -0.519629
vn 0.874061 -0.046695 -0.483567
vn 0.119901 0.861553 0.493305
vn -0.119901 0.861553 0.493305
vn -0.681324 -0.603454 -0.414295
vn -0.910221 -0.038210 -0.412357
vn 0.910221 -0.038210 -0.412357
vn 0.681324 -0.603455 -0.414294
vn 0.738397 -0.591067 -0.324670
vn 0.948894 -0.069531 -0.307840
vn -0.983827 -0.179090 0.003296
vn -0.817098 -0.576259 -0.016651
vn -0.772561 -0.587528 -0.240749
vn -0.967816 -0.168896 -0.186563
vn 0.772561 -0.587528 -0.240749
vn 0.967817 -0.168896 -0.186561
vn -0.754672 -0.531458 0.384736
vn -0.953218 -0.118164 0.278233
vn 0.953218 -0.118163 0.278233
vn 0.754672 -0.531459 0.384736
vn 0.766022 -0.397118 -0.505478
vn 0.786798 0.168861 -0.593662
vn 0.114283 -0.985902 -0.122215
vn -0.114284 -0.985902 -0.122216
vn 0.109645 -0.988633 0.102871
vn -0.109645 -0.988633 0.102871
vn -0.169848 -0.985456 -0.005392
vn 0.079300 -0.982950 -0.165893
vn 0.071025 -0.996213 -0.050161
vn -0.079300 -0.982950 -0.165894
vn -0.738397 -0.591067 -0.324670
vn -0.948893 -0.069530 -0.307843
vn 0.932997 0.044979 0.357063
vn 0.169848 -0.985456 -0.005393
vn 0.712459 0.614359 0.339065
vn -0.071025 -0.996213 -0.050161
vn 0.817098 -0.576259 -0.016651
vn 0.983827 -0.179090 0.003295
vn -0.766024 -0.397118 -0.505475
vn -0.786800 0.168860 -0.593660
vn -0.382603 0.456171 -0.803444
vn -0.545268 0.050668 -0.836729
vn 0.128493 -0.970628 0.203399
vn -0.128493 -0.970628 0.203399
vn 0.151398 0.901617 0.405174
vn 0.214145 0.920465 0.326935
vn -0.214146 0.920465 0.326935
vn -0.151398 0.901617 0.405174
vn 0.312698 0.908089 0.278558
vn -0.312699 0.908088 0.278560
vn 0.313224 0.930962 0.187616
vn -0.313224 0.930962 0.187617
vn 0.366345 0.924969 0.101108
vn -0.366345 0.924969 0.101108
vn 0.337120 0.937643 -0.084709
vn -0.337120 0.937643 -0.084707
vn 0.089576 -0.772812 -0.628281
vn -0.089577 -0.772812 -0.628281
vn 0.143884 0.652296 -0.744183
vn -0.143884 0.652296 -0.744182
s 1
g Ribcage_low
usemtl lambert11SG
f 1/2675/1 2063/2079/2 2064/3/3 4/2625/4
f 1/2129/1 5/2674/5 2062/6/6 2063/2/2
f 9/2593/7 7/8/8 6/9/9 8/10/10
f 12/11/11 10/2594/12 11/2583/13 3/14/14
f 13/2632/15 2061/2586/16 2062/6/6 5/2674/5
f 2064/3/3 2065/17/17 14/2592/18 4/2625/4
f 6/9/9 7/8/8 28/19/19 29/20/20
f 12/11/11 3/14/14 31/21/21 32/22/22
f 6/9/9 29/20/20 30/23/23 2/2078/24
f 30/2136/23 31/21/21 3/14/14 2/24/24
f 32/22/22 33/25/25 20/2132/26 12/11/11
f 20/26/26 33/2134/25 28/19/19 7/8/8
f 19/2135/27 16/28/28 22/29/29 23/30/30
f 17/31/31 19/27/27 23/2138/30 24/32/32
f 15/33/33 25/34/34 22/29/29 16/28/28
f 26/35/35 18/36/36 17/31/31 24/32/32
f 25/34/34 15/33/33 21/37/37 27/2137/38
f 18/36/36 26/35/35 27/38/38 21/2133/37
f 22/29/29 25/34/34 27/2137/38 23/30/30
f 26/35/35 24/32/32 23/2138/30 27/38/38
f 29/20/20 28/19/19 15/33/33 16/28/28
f 30/23/23 29/20/20 16/28/28 19/2135/27
f 17/31/31 31/21/21 30/2136/23 19/27/27
f 32/22/22 31/21/21 17/31/31 18/36/36
f 21/2133/37 33/25/25 32/22/22 18/36/36
f 28/19/19 33/2134/25 21/37/37 15/33/33
f 20/2132/26 2034/2081/39 2035/40/40 12/11/11
f 2033/41/41 2034/39/39 20/26/26 7/8/8
f 2035/40/40 2036/42/42 10/2594/12 12/11/11
f 9/2593/7 2032/2590/43 2033/41/41 7/8/8
f 4/4/4 14/2631/18 37/2587/44 35/2667/45
f 13/2591/15 5/2627/5 36/2670/46 38/2671/47
f 42/2582/48 1822/2548/49 1823/50/50 41/51/51
f 1825/52/52 1826/53/53 43/2577/54 44/2573/55
f 48/2128/56 41/51/51 1823/50/50 1824/57/57
f 44/2573/55 48/56/56 1824/2085/57 1825/52/52
f 50/2542/58 49/59/59 40/2630/60 39/2623/61
f 52/62/62 51/63/63 46/2546/64 45/2629/65
f 54/66/66 1852/67/67 1853/68/68 53/2580/69
f 1849/2545/70 1850/71/71 55/72/72 56/2579/73
f 42/2581/48 41/2571/51 54/66/66 53/2580/69
f 44/55/55 43/2578/54 56/2579/73 55/72/72
f 54/66/66 57/74/74 1851/2083/75 1852/67/67
f 57/2125/74 55/72/72 1850/71/71 1851/75/75
f 58/76/76 59/2131/77 60/78/78 49/59/59
f 64/79/79 59/77/77 58/2082/76 52/62/62
f 61/2628/80 62/81/81 47/2084/82 40/60/60
f 47/82/82 62/2130/81 63/83/83 45/65/65
f 49/59/59 60/78/78 61/80/80 40/2630/60
f 63/2626/83 64/79/79 52/62/62 45/2629/65
f 60/78/78 59/2131/77 34/2080/84 36/2670/46
f 61/80/80 60/78/78 36/2670/46 5/2627/5
f 1/2676/1 62/81/81 61/2628/80 5/5/5
f 63/83/83 62/2130/81 1/1/1 4/2673/4
f 35/2667/45 64/79/79 63/2626/83 4/4/4
f 34/2668/84 59/77/77 64/79/79 35/2667/45
f 68/2531/85 1660/86/86 1661/2146/87 67/2225/88
f 1707/2140/89 1708/90/90 69/91/91 70/2535/92
f 74/93/93 1709/2087/94 1660/86/86 68/2531/85
f 1708/90/90 1709/94/94 74/2122/93 69/91/91
f 73/95/95 85/2127/96 86/97/97 65/98/98
f 90/2572/99 85/96/96 73/2086/95 72/100/100
f 76/101/101 75/2144/102 66/2145/103 65/2576/98
f 78/2141/104 77/105/105 72/2575/100 71/2569/106
f 1682/2143/107 1683/108/108 79/109/109 80/2226/110
f 82/111/111 1685/112/112 1686/113/113 81/2223/114
f 79/109/109 1683/108/108 1684/115/115 84/2119/116
f 1684/2089/115 1685/112/112 82/111/111 84/116/116
f 76/101/101 87/117/117 88/118/118 83/2088/119
f 88/2126/118 89/120/120 77/105/105 83/119/119
f 86/2574/97 87/117/117 76/101/101 65/2576/98
f 77/105/105 89/120/120 90/99/99 72/2575/100
f 80/2226/110 79/109/109 68/85/85 67/2536/88
f 82/111/111 81/2223/114 70/2224/92 69/2529/91
f 86/97/97 85/2127/96 48/56/56 44/2573/55
f 55/72/72 87/117/117 86/2574/97 44/55/55
f 88/118/118 87/117/117 55/72/72 57/2125/74
f 54/66/66 89/120/120 88/2126/118 57/74/74
f 90/99/99 89/120/120 54/66/66 41/2571/51
f 48/2128/56 85/96/96 90/2572/99 41/51/51
f 94/2522/121 1486/2154/122 1487/123/123 93/2534/124
f 1489/125/125 1490/126/126 95/2221/127 96/2533/128
f 1487/123/123 1488/129/129 99/2124/130 93/2534/124
f 99/130/130 1488/2093/129 1489/125/125 96/2533/128
f 93/2534/124 99/2124/130 111/2121/131 112/132/132
f 99/130/130 96/2533/128 116/2530/133 111/131/131
f 102/134/134 101/2220/135 94/2222/121 93/124/124
f 104/2219/136 103/137/137 96/128/128 95/2527/127
f 107/138/138 1556/2091/139 1557/140/140 102/134/134
f 1555/141/141 1556/139/139 107/2123/138 103/137/137
f 1557/140/140 1558/142/142 101/2220/135 102/134/134
f 104/2219/136 1554/2150/143 1555/141/141 103/137/137
f 109/2147/144 106/145/145 92/2499/146 91/2504/147
f 108/148/148 110/149/149 98/2151/150 97/2497/151
f 113/152/152 114/153/153 107/138/138 102/134/134
f 114/2120/153 115/154/154 103/137/137 107/2123/138
f 93/124/124 112/2532/132 113/152/152 102/134/134
f 115/154/154 116/133/133 96/128/128 103/137/137
f 112/132/132 111/2121/131 74/93/93 68/2531/85
f 113/152/152 112/2532/132 68/85/85 79/109/109
f 79/109/109 84/2119/116 114/153/153 113/152/152
f 84/116/116 82/111/111 115/154/154 114/2120/153
f 69/2529/91 116/133/133 115/154/154 82/111/111
f 111/131/131 116/2530/133 69/91/91 74/2122/93
f 118/155/155 117/156/156 137/2116/157 138/158/158
f 117/2117/156 119/159/159 142/2498/160 137/157/157
f 122/2218/161 118/2502/155 120/162/162 121/2216/163
f 119/2501/159 123/2495/164 124/2215/165 125/166/166
f 127/167/167 118/155/155 122/2490/161 126/2159/168
f 119/159/159 128/169/169 129/2208/170 123/2217/164
f 120/162/162 1437/171/171 1438/172/172 121/2216/163
f 1434/2158/173 1435/174/174 125/166/166 124/2215/165
f 1436/2095/175 1437/171/171 120/162/162 134/176/176
f 1435/174/174 1436/175/175 134/2118/176 125/166/166
f 139/177/177 140/178/178 134/176/176 120/162/162
f 134/2118/176 140/2115/178 141/179/179 125/166/166
f 141/179/179 142/160/160 119/2501/159 125/166/166
f 118/2502/155 138/2500/158 139/177/177 120/162/162
f 127/167/167 136/180/180 117/156/156 118/155/155
f 136/2110/180 128/169/169 119/159/159 117/2117/156
f 138/158/158 137/2116/157 100/2092/181 92/146/146
f 139/177/177 138/2500/158 92/2499/146 106/145/145
f 105/182/182 140/178/178 139/177/177 106/145/145
f 141/179/179 140/2115/178 105/2090/182 108/148/148
f 97/2497/151 142/160/160 141/179/179 108/148/148
f 137/157/157 142/2498/160 97/151/151 100/181/181
f 146/2109/183 143/2685/184 144/185/185 145/186/186
f 148/2684/187 146/2687/183 145/2113/186 147/188/188
f 144/185/185 143/2685/184 149/2686/189 150/2214/190
f 148/2684/187 147/188/188 151/191/191 152/2209/192
f 144/185/185 150/2214/190 1287/2165/193 1288/2472/194
f 1306/2162/195 1307/2471/196 155/197/197 156/2213/198
f 158/2680/199 154/200/200 153/201/201 157/2211/202
f 155/197/197 159/2679/203 160/2681/204 156/2213/198
f 158/199/199 157/2682/202 149/2212/189 143/184/184
f 160/2210/204 159/203/203 148/187/187 152/2683/192
f 158/2680/199 161/2677/205 162/2114/206 154/200/200
f 161/2105/205 159/2679/203 155/197/197 162/206/206
f 162/2114/206 163/2112/207 164/208/208 154/200/200
f 168/209/209 163/207/207 162/206/206 155/197/197
f 1290/2470/210 1291/2433/211 129/2208/170 128/169/169
f 131/2155/212 130/213/213 1309/2468/214 1310/2427/215
f 165/216/216 166/217/217 145/186/186 144/185/185
f 166/2111/217 167/218/218 147/188/188 145/2113/186
f 1288/2472/194 1289/2469/219 165/216/216 144/185/185
f 1307/2471/196 1308/2467/220 168/209/209 155/197/197
f 164/208/208 163/2112/207 135/2094/221 133/222/222
f 128/169/169 165/216/216 1289/2469/219 1290/2470/210
f 128/169/169 136/2110/180 166/217/217 165/216/216
f 136/180/180 127/167/167 167/218/218 166/2111/217
f 168/209/209 1308/2467/220 1309/2468/214 130/213/213
f 135/221/221 163/207/207 168/209/209 130/213/213
f 170/2102/223 169/224/224 143/184/184 146/2688/183
f 171/225/225 170/223/223 146/183/183 148/187/187
f 173/226/226 353/227/227 354/228/228 172/2108/229
f 354/2098/228 355/230/230 174/231/231 172/229/229
f 176/2207/232 351/2180/233 352/234/234 216/235/235
f 355/230/230 356/236/236 220/237/237 174/231/231
f 180/238/238 179/239/239 172/229/229 174/231/231
f 179/2107/239 181/240/240 173/226/226 172/2108/229
f 179/239/239 180/238/238 182/241/241 183/2665/242
f 181/240/240 179/2107/239 183/2106/242 184/2663/243
f 182/2664/241 185/2662/244 186/245/245 183/242/242
f 187/246/246 184/243/243 183/2666/242 186/2104/245
f 189/247/247 222/248/248 219/249/249 171/225/225
f 191/2199/250 218/251/251 215/252/252 175/253/253
f 221/2658/254 376/255/255 377/256/256 185/2662/244
f 380/257/257 381/258/258 193/2206/259 217/2660/260
f 159/203/203 189/247/247 171/225/225 148/187/187
f 190/261/261 158/199/199 143/184/184 169/224/224
f 194/2103/262 189/247/247 159/203/203 161/2678/205
f 190/261/261 194/262/262 161/205/205 158/199/199
f 220/237/237 221/254/254 185/244/244 174/231/231
f 216/235/235 217/260/260 193/2661/259 176/2207/232
f 174/231/231 185/244/244 182/241/241 180/238/238
f 187/2659/246 173/226/226 181/240/240 184/2663/243
f 185/2662/244 377/256/256 378/263/263 186/245/245
f 378/2096/263 379/264/264 187/246/246 186/2104/245
f 350/265/265 351/233/233 176/232/232 207/266/266
f 211/267/267 358/268/268 359/269/269 198/270/270
f 381/2176/258 382/271/271 210/272/272 193/259/259
f 373/273/273 374/274/274 214/275/275 201/276/276
f 175/2196/253 208/277/277 209/278/278 191/250/250
f 197/279/279 212/280/280 213/281/281 202/282/282
f 196/283/283 294/284/284 295/285/285 199/286/286
f 257/287/287 258/2229/288 247/289/289 248/290/290
f 210/272/272 207/266/266 176/232/232 193/259/259
f 214/275/275 211/267/267 198/270/270 201/276/276
f 349/291/291 350/265/265 207/266/266 195/292/292
f 209/278/278 208/277/277 196/283/283 199/286/286
f 200/293/293 210/272/272 382/271/271 383/294/294
f 195/292/292 207/266/266 210/272/272 200/293/293
f 177/2205/295 357/2182/296 358/268/268 211/267/267
f 213/281/281 212/280/280 178/297/297 188/2200/298
f 192/2204/299 214/275/275 374/274/274 375/300/300
f 177/2205/295 211/267/267 214/275/275 192/2204/299
f 216/235/235 352/234/234 353/227/227 173/226/226
f 187/2659/246 217/260/260 216/235/235 173/226/226
f 379/264/264 380/257/257 217/2660/260 187/246/246
f 215/252/252 218/251/251 190/261/261 169/224/224
f 356/236/236 357/296/296 177/295/295 220/237/237
f 192/2657/299 221/254/254 220/237/237 177/295/295
f 192/299/299 375/2174/300 376/255/255 221/2658/254
f 219/249/249 222/248/248 188/298/298 178/2195/297
f 923/301/301 924/302/302 294/284/284 196/283/283
f 250/303/303 945/304/304 946/305/305 259/2235/306
f 203/307/307 227/308/308 228/309/309 204/310/310
f 230/311/311 206/312/312 205/313/313 229/314/314
f 227/308/308 149/189/189 157/202/202 228/309/309
f 152/192/192 230/311/311 229/314/314 160/204/204
f 227/308/308 231/315/315 150/190/190 149/189/189
f 232/316/316 230/311/311 152/192/192 151/2161/191
f 231/315/315 227/308/308 203/307/307 233/317/317
f 230/311/311 232/316/316 234/318/318 206/312/312
f 150/190/190 231/315/315 1286/2462/319 1287/2465/193
f 1305/2461/320 1306/2463/195 156/198/198 236/321/321
f 1285/2460/322 1286/2462/319 231/315/315 233/317/317
f 236/321/321 238/323/323 1304/2456/324 1305/2461/320
f 228/309/309 157/202/202 153/2164/201 235/325/325
f 160/204/204 229/314/314 236/321/321 156/198/198
f 228/309/309 235/325/325 237/326/326 204/310/310
f 236/321/321 229/314/314 205/313/313 238/323/323
f 933/327/327 934/328/328 199/286/286 295/285/285
f 951/2228/329 952/330/330 249/331/331 260/2240/332
f 909/2169/333 910/2288/334 297/335/335 223/336/336
f 249/331/331 919/2298/337 920/2294/338 260/2240/332
f 253/2239/339 254/2238/340 203/307/307 204/310/310
f 930/341/341 931/342/342 253/2239/339 204/310/310
f 224/343/343 255/344/344 912/2237/345 913/2293/346
f 203/307/307 254/2238/340 926/2234/347 927/348/348
f 248/290/290 247/289/289 298/349/349 299/350/350
f 952/330/330 953/351/351 300/352/352 249/331/331
f 300/352/352 918/2287/353 919/2298/337 249/331/331
f 301/354/354 944/355/355 945/304/304 250/303/303
f 929/356/356 930/341/341 204/310/310 237/326/326
f 242/357/357 252/358/358 949/359/359 950/360/360
f 244/361/361 243/362/362 254/340/340 253/339/339
f 925/363/363 926/347/347 254/340/340 243/362/362
f 911/2289/364 912/2296/345 255/2233/344 246/365/365
f 931/2232/342 932/366/366 244/361/361 253/339/339
f 206/312/312 258/288/288 257/2227/287 205/313/313
f 259/306/306 946/2230/305 947/367/367 225/368/368
f 260/332/332 920/2236/338 921/2292/369 242/357/357
f 950/360/360 951/329/329 260/332/332 242/357/357
f 203/307/307 927/348/348 928/370/370 233/317/317
f 225/368/368 947/367/367 948/371/371 262/372/372
f 928/370/370 1284/2458/373 1285/2460/322 233/317/317
f 1302/2459/374 1303/2455/375 949/359/359 252/358/358
f 264/376/376 224/343/343 913/2293/346 914/2258/377
f 921/2292/369 922/2257/378 266/379/379 242/357/357
f 263/380/380 239/381/381 251/382/382 267/383/383
f 242/357/357 266/379/379 268/384/384 252/358/358
f 261/385/385 269/386/386 1282/2454/387 1283/2457/388
f 1301/2453/389 1302/2459/374 252/358/358 268/384/384
f 224/343/343 264/376/376 269/386/386 261/385/385
f 265/390/390 225/368/368 262/372/372 270/391/391
f 383/294/294 937/392/392 938/393/393 200/293/293
f 272/2203/394 372/2186/395 957/396/396 958/397/397
f 939/398/398 940/399/399 349/291/291 195/292/292
f 959/400/400 960/401/401 360/402/402 274/2202/403
f 200/293/293 938/393/393 939/398/398 195/292/292
f 272/2203/394 958/397/397 959/400/400 274/2202/403
f 223/2197/336 275/404/404 908/405/405 909/2290/333
f 916/2284/406 917/2285/407 241/2201/408 277/409/409
f 954/410/410 955/411/411 279/412/412 241/408/408
f 213/281/281 281/413/413 280/414/414 202/282/282
f 282/2189/415 281/413/413 213/281/281 188/2200/298
f 283/416/416 282/415/415 188/298/298 222/248/248
f 284/417/417 283/416/416 222/248/248 189/247/247
f 285/2100/418 284/417/417 189/247/247 194/2103/262
f 190/261/261 286/419/419 285/418/418 194/262/262
f 218/251/251 287/420/420 286/419/419 190/261/261
f 191/2199/250 288/2188/421 287/420/420 218/251/251
f 209/278/278 289/422/422 288/421/421 191/250/250
f 290/423/423 289/422/422 209/278/278 199/286/286
f 934/328/328 935/424/424 290/423/423 199/286/286
f 292/425/425 291/2171/426 240/2168/427 276/428/428
f 279/2190/412 293/429/429 277/409/409 241/2201/408
f 295/285/285 294/284/284 243/362/362 244/361/361
f 932/366/366 933/327/327 295/285/285 244/361/361
f 910/2288/334 911/2289/364 246/365/365 297/335/335
f 924/302/302 925/363/363 243/362/362 294/284/284
f 299/350/350 298/349/349 197/279/279 202/282/282
f 953/351/351 954/410/410 241/408/408 300/352/352
f 917/2167/407 918/2287/353 300/352/352 241/408/408
f 943/430/430 944/355/355 301/354/354 226/431/431
f 304/432/432 273/2198/433 271/2173/434 302/435/435
f 274/403/403 305/436/436 303/437/437 272/394/394
f 347/438/438 348/2179/439 273/2198/433 304/432/432
f 274/403/403 360/2184/402 361/440/440 305/436/436
f 223/2197/336 307/2194/441 306/442/442 275/404/404
f 308/443/443 942/444/444 923/301/301 196/283/283
f 208/277/277 309/445/445 308/443/443 196/283/283
f 175/2196/253 310/2193/446 309/445/445 208/277/277
f 311/447/447 310/446/446 175/253/253 215/252/252
f 312/448/448 311/447/447 215/252/252 169/224/224
f 313/2101/449 312/448/448 169/224/224 170/2102/223
f 171/225/225 314/450/450 313/449/449 170/223/223
f 219/249/249 315/451/451 314/450/450 171/225/225
f 178/2195/297 316/2192/452 315/451/451 219/249/249
f 317/453/453 316/452/452 178/297/297 212/280/280
f 318/454/454 317/453/453 212/280/280 197/279/279
f 226/431/431 319/2191/455 962/456/456 943/430/430
f 320/457/457 319/455/455 226/2166/431 278/458/458
f 322/459/459 973/460/460 974/461/461 321/462/462
f 278/458/458 979/463/463 980/464/464 320/457/457
f 907/465/465 978/2282/466 973/460/460 322/459/459
f 277/409/409 983/467/467 984/468/468 916/2284/406
f 976/469/469 977/470/470 325/471/471 327/472/472
f 982/473/473 983/467/467 277/409/409 293/429/429
f 321/462/462 974/461/461 975/474/474 712/475/475
f 743/476/476 981/477/477 982/473/473 293/429/429
f 332/2334/478 329/2330/479 709/480/480 710/481/481
f 741/482/482 742/483/483 334/484/484 335/485/485
f 345/486/486 346/487/487 337/488/488 338/489/489
f 362/490/490 363/491/491 339/492/492 340/493/493
f 337/488/488 346/487/487 347/438/438 304/432/432
f 361/440/440 362/490/490 340/493/493 305/436/436
f 342/494/494 341/495/495 385/496/496 386/497/497
f 344/498/498 343/499/499 370/500/500 371/501/501
f 338/489/489 337/488/488 341/495/495 342/494/494
f 340/493/493 339/492/492 343/499/499 344/498/498
f 304/432/432 302/435/435 341/495/495 337/488/488
f 303/437/437 305/436/436 340/493/493 344/498/498
f 306/442/442 332/2334/478 710/481/481 711/502/502
f 742/483/483 743/476/476 293/429/429 334/484/484
f 329/479/479 332/478/478 639/503/503 640/504/504
f 638/505/505 639/503/503 332/478/478 306/442/442
f 306/442/442 307/2194/441 637/2178/506 638/505/505
f 636/507/507 941/508/508 942/444/444 308/443/443
f 308/443/443 309/445/445 635/509/509 636/507/507
f 309/445/445 310/2193/446 634/2181/510 635/509/509
f 633/511/511 634/510/510 310/446/446 311/447/447
f 632/512/512 633/511/511 311/447/447 312/448/448
f 631/2099/513 632/512/512 312/448/448 313/2101/449
f 313/449/449 314/450/450 630/514/514 631/513/513
f 314/450/450 315/451/451 629/515/515 630/514/514
f 315/451/451 316/2192/452 628/2183/516 629/515/515
f 627/517/517 628/516/516 316/452/452 317/453/453
f 626/518/518 627/517/517 317/453/453 318/454/454
f 961/519/519 962/456/456 319/2191/455 625/2185/520
f 624/521/521 625/520/520 319/455/455 320/457/457
f 333/2333/522 623/523/523 624/521/521 320/457/457
f 333/2333/522 336/2332/524 622/525/525 623/523/523
f 365/2374/526 397/527/527 398/528/528 364/529/529
f 363/491/491 403/530/530 404/531/531 339/492/492
f 398/528/528 399/532/532 368/533/533 364/529/529
f 404/531/531 405/534/534 343/499/499 339/492/492
f 592/535/535 593/536/536 335/485/485 334/484/484
f 955/411/411 956/537/537 591/2187/538 279/412/412
f 280/414/414 281/413/413 589/539/539 590/540/540
f 680/2175/541 589/539/539 281/413/413 282/2189/415
f 679/542/542 680/541/541 282/415/415 283/416/416
f 678/543/543 679/542/542 283/416/416 284/417/417
f 677/2097/544 678/543/543 284/417/417 285/2100/418
f 285/418/418 286/419/419 676/545/545 677/544/544
f 286/419/419 287/420/420 675/546/546 676/545/545
f 287/420/420 288/2188/421 674/2177/547 675/546/546
f 288/421/421 289/422/422 673/548/548 674/547/547
f 672/549/549 673/548/548 289/422/422 290/423/423
f 290/423/423 935/424/424 936/550/550 672/549/549
f 669/551/551 670/552/552 331/553/553 330/554/554
f 368/533/533 399/532/532 400/555/555 387/556/556
f 343/499/499 405/534/534 406/557/557 370/500/500
f 389/558/558 667/559/559 668/560/560 401/561/561
f 593/536/536 594/562/562 407/563/563 335/485/485
f 707/564/564 708/565/565 402/566/566 391/2328/567
f 407/563/563 740/568/568 741/482/482 335/485/485
f 402/2331/566 641/569/569 642/570/570 391/567/567
f 408/2329/571 621/572/572 622/525/525 336/2332/524
f 364/529/529 393/573/573 394/574/574 365/2374/526
f 396/575/575 367/576/576 366/577/577 395/2365/578
f 398/528/528 397/527/527 345/486/486 338/489/489
f 342/494/494 399/532/532 398/528/528 338/489/489
f 400/555/555 399/532/532 342/494/494 386/497/497
f 401/561/561 668/560/560 669/551/551 330/554/554
f 329/2330/479 402/566/566 708/565/565 709/480/480
f 640/504/504 641/569/569 402/2331/566 329/479/479
f 404/531/531 403/530/530 366/577/577 367/576/576
f 369/579/579 405/534/534 404/531/531 367/576/576
f 406/557/557 405/534/534 369/579/579 388/580/580
f 594/562/562 595/581/581 390/582/582 407/563/563
f 739/583/583 740/568/568 407/563/563 390/582/582
f 620/584/584 621/572/572 408/2329/571 392/2322/585
f 409/586/586 387/556/556 365/526/526 394/2372/574
f 713/587/587 714/588/588 410/589/589 395/578/578 366/2373/577
f 412/590/590 581/2311/591 653/592/592 654/593/593
f 618/594/594 619/595/595 530/2323/596 505/2326/597
f 695/598/598 696/599/599 581/591/591 412/590/590
f 737/600/600 738/601/601 531/602/602 508/603/603
f 655/604/604 656/605/605 584/606/606 415/607/607
f 596/608/608 597/609/609 508/603/603 531/602/602
f 411/610/610 582/611/611 692/612/612 693/613/613
f 532/614/614 529/615/615 506/616/616 715/617/617 507/618/618
f 419/619/619 368/533/533 387/556/556 409/586/586
f 369/579/579 420/620/620 410/589/589 714/588/588 388/580/580
f 368/533/533 419/619/619 393/573/573 364/529/529
f 420/620/620 369/579/579 367/576/576 396/575/575
f 409/586/586 445/621/621 446/622/622 419/619/619
f 441/623/623 442/624/624 433/625/625 434/626/626
f 446/622/622 447/627/627 393/573/573 419/619/619
f 434/626/626 435/628/628 444/629/629 441/623/623
f 394/2372/574 448/2368/630 445/621/621 409/586/586
f 442/624/624 443/631/631 436/2371/632 433/625/625
f 393/573/573 447/627/627 448/630/630 394/574/574
f 443/2369/631 444/629/629 435/628/628 436/632/632
f 437/633/633 438/634/634 421/635/635 422/636/636
f 425/637/637 440/638/638 437/633/633 422/636/636
f 439/2370/639 440/638/638 425/637/637 427/640/640
f 438/634/634 439/639/639 427/2364/640 421/635/635
f 434/626/626 433/625/625 449/641/641 450/642/642
f 450/642/642 451/643/643 435/628/628 434/626/626
f 436/632/632 435/628/628 451/643/643 452/644/644
f 433/625/625 436/2371/632 452/2366/644 449/641/641
f 430/645/645 429/646/646 438/634/634 437/633/633
f 429/646/646 432/647/647 439/639/639 438/634/634
f 432/2367/647 431/648/648 440/638/638 439/2370/639
f 437/633/633 440/638/638 431/648/648 430/645/645
f 424/649/649 442/624/624 441/623/623 423/650/650
f 428/651/651 443/631/631 442/624/624 424/649/649
f 426/652/652 444/629/629 443/2369/631 428/2363/651
f 441/623/623 444/629/629 426/652/652 423/650/650
f 446/622/622 445/621/621 429/646/646 430/645/645
f 430/645/645 431/648/648 447/627/627 446/622/622
f 448/630/630 447/627/627 431/648/648 432/2367/647
f 445/621/621 448/2368/630 432/647/647 429/646/646
f 450/642/642 449/641/641 410/589/589 420/620/620
f 396/575/575 451/643/643 450/642/642 420/620/620
f 452/644/644 451/643/643 396/575/575 395/2365/578
f 449/641/641 452/2366/644 395/578/578 410/589/589
f 454/653/653 422/636/636 421/635/635 453/654/654
f 423/650/650 455/655/655 456/656/656 424/649/649
f 458/657/657 457/658/658 422/636/636 454/653/653
f 460/659/659 459/660/660 455/655/655 423/650/650
f 462/661/661 427/640/640 425/637/637 461/662/662
f 428/2363/651 463/2362/663 464/664/664 426/652/652
f 466/665/665 465/666/666 461/662/662 425/637/637
f 468/2405/667 467/668/668 426/652/652 464/664/664
f 422/636/636 457/658/658 466/665/665 425/637/637
f 460/659/659 423/650/650 426/652/652 467/668/668
f 458/657/657 454/653/653 461/662/662 465/2410/666
f 455/655/655 459/660/660 468/667/667 464/664/664
f 453/654/654 421/635/635 427/2364/640 462/2360/661
f 424/649/649 456/656/656 463/663/663 428/651/651
f 470/669/669 493/670/670 494/671/671 469/672/672
f 464/664/664 497/673/673 498/674/674 455/655/655
f 473/675/675 496/2361/676 493/670/670 470/669/669
f 463/2362/663 500/2359/677 497/673/673 464/664/664
f 494/671/671 495/678/678 475/679/679 469/672/672
f 498/674/674 499/680/680 456/656/656 455/655/655
f 495/678/678 496/676/676 473/2356/675 475/679/679
f 499/680/680 500/677/677 463/663/663 456/656/656
f 457/658/658 485/2378/681 486/2382/682 466/665/665
f 480/683/683 489/2376/684 490/2381/685 479/686/686
f 466/665/665 486/2382/682 487/2380/687 465/666/666
f 479/686/686 490/2381/685 491/2379/688 482/2399/689
f 465/2410/666 487/2408/687 488/2377/690 458/657/657
f 482/689/689 491/2406/688 492/2375/691 484/692/692
f 488/2377/690 485/2378/681 457/658/658 458/657/657
f 492/2375/691 489/2376/684 480/683/683 484/692/692
f 486/682/682 485/681/681 477/693/693 478/694/694
f 487/687/687 486/682/682 478/694/694 481/695/695
f 488/690/690 487/2409/687 481/2404/695 483/696/696
f 477/693/693 485/681/681 488/690/690 483/696/696
f 490/685/685 489/684/684 460/659/659 467/668/668
f 491/688/688 490/685/685 467/668/668 468/2405/667
f 492/691/691 491/2407/688 468/667/667 459/660/660
f 460/659/659 489/684/684 492/691/691 459/660/660
f 494/671/671 493/670/670 461/662/662 454/653/653
f 453/654/654 495/678/678 494/671/671 454/653/653
f 462/2360/661 496/676/676 495/678/678 453/654/654
f 493/670/670 496/2361/676 462/661/661 461/662/662
f 498/674/674 497/673/673 471/697/697 472/698/698
f 476/699/699 499/680/680 498/674/674 472/698/698
f 474/700/700 500/677/677 499/680/680 476/699/699
f 497/673/673 500/2359/677 474/2358/700 471/697/697
f 642/570/570 643/701/701 526/702/702 391/567/567
f 681/703/703 682/704/704 525/705/705 365/2374/526
f 389/558/558 527/706/706 666/707/707 667/559/559
f 526/2325/702 706/708/708 707/564/564 391/2328/567
f 773/2303/709 774/710/710 617/711/711 522/2327/712
f 524/713/713 716/714/714 776/715/715 777/716/716
f 598/717/717 778/718/718 779/719/719 523/720/720
f 779/719/719 780/721/721 736/722/722 523/720/720
f 644/723/723 645/724/724 518/725/725 501/2324/726
f 683/727/727 684/728/728 517/729/729 502/730/730
f 664/731/731 665/732/732 504/733/733 519/734/734
f 518/2306/725 704/735/735 705/736/736 501/726/726
f 615/737/737 754/738/738 755/739/739 537/2299/740
f 759/741/741 760/742/742 718/743/743 539/744/744
f 757/745/745 758/746/746 600/747/747 540/748/748
f 734/749/749 756/750/750 757/745/745 540/748/748
f 765/2305/751 766/752/752 646/753/753 509/754/754
f 509/2321/754 703/755/755 772/756/756 765/751/751
f 663/757/757 770/758/758 771/759/759 512/760/760
f 767/761/761 768/762/762 685/763/763 510/764/764
f 617/711/711 618/594/594 505/2326/597 522/2327/712
f 736/722/722 737/600/600 508/603/603 523/720/720
f 597/609/609 598/717/717 523/720/720 508/603/603
f 507/618/618 715/617/617 716/714/714 524/713/713
f 643/701/701 644/723/723 501/2324/726 526/702/702
f 501/726/726 705/736/736 706/708/708 526/2325/702
f 665/732/732 666/707/707 527/706/706 504/733/733
f 682/704/704 683/727/727 502/730/730 525/705/705
f 392/2322/585 530/2323/596 619/595/595 620/584/584
f 390/582/582 531/602/602 738/601/601 739/583/583
f 595/581/581 596/608/608 531/602/602 390/582/582
f 366/577/577 529/615/615 532/614/614 388/580/580
f 646/753/753 746/765/765 747/766/766 509/754/754
f 685/763/763 752/767/767 745/768/768 510/764/764
f 749/769/769 750/770/770 663/757/757 512/760/760
f 747/2309/766 748/771/771 703/755/755 509/2321/754
f 613/772/772 614/773/773 554/2320/774 545/2315/775
f 556/776/776 719/777/777 720/778/778 547/779/779
f 601/780/780 602/781/781 548/782/782 555/783/783
f 732/784/784 733/785/785 555/783/783 548/782/782
f 647/786/786 782/787/787 783/788/788 533/2308/789
f 686/790/790 788/791/791 781/792/792 534/793/793
f 785/794/794 786/795/795 662/796/796 536/797/797
f 783/2302/788 784/798/798 702/799/799 533/789/789
f 611/800/800 612/801/801 570/2316/802 561/2318/803
f 572/804/804 721/805/805 722/806/806 563/807/807
f 603/808/808 604/809/809 564/810/810 571/811/811
f 730/812/812 731/813/813 571/811/811 564/810/810
f 648/814/814 649/815/815 541/816/816 550/2301/817
f 541/2319/816 700/818/818 701/819/819 550/817/817
f 660/820/820 661/821/821 551/822/822 544/823/823
f 687/824/824 688/825/825 542/826/826 549/827/827
f 614/773/773 790/828/828 791/829/829 554/2320/774
f 733/785/785 792/830/830 793/831/831 555/783/783
f 793/831/831 794/832/832 601/780/780 555/783/783
f 795/833/833 796/834/834 719/777/777 556/776/776
f 649/815/815 650/835/835 566/836/836 541/816/816
f 688/825/825 689/837/837 565/838/838 542/826/826
f 659/839/839 660/820/820 544/823/823 567/840/840
f 566/2317/836 699/841/841 700/818/818 541/2319/816
f 610/842/842 611/800/800 561/2318/803 577/2313/843
f 563/807/807 722/806/806 723/844/844 579/845/845
f 604/809/809 605/846/846 580/847/847 564/810/810
f 729/848/848 730/812/812 564/810/810 580/847/847
f 650/835/835 651/849/849 557/850/850 566/836/836
f 557/2314/850 698/851/851 699/841/841 566/2317/836
f 658/852/852 659/839/839 567/840/840 560/853/853
f 689/837/837 690/854/854 558/855/855 565/838/838
f 612/801/801 613/772/772 545/2315/775 570/2316/802
f 731/813/813 732/784/784 548/782/782 571/811/811
f 602/781/781 603/808/808 571/811/811 548/782/782
f 547/779/779 720/778/778 721/805/805 572/804/804
f 651/849/849 652/856/856 573/857/857 557/850/850
f 690/854/854 691/858/858 574/859/859 558/855/855
f 657/860/860 658/852/852 560/853/853 576/861/861
f 573/2312/857 697/862/862 698/851/851 557/2314/850
f 609/863/863 610/842/842 577/2313/843 585/2310/864
f 579/845/845 723/844/844 724/865/865 587/866/866
f 605/846/846 606/867/867 588/868/868 580/847/847
f 728/869/869 729/848/848 580/847/847 588/868/868
f 412/590/590 654/593/593 694/870/870 695/598/598
f 607/871/871 726/872/872 727/873/873 416/874/874
f 652/856/856 653/592/592 581/2311/591 573/857/857
f 691/858/858 692/612/612 582/611/611 574/859/859
f 656/605/605 657/860/860 576/861/861 584/606/606
f 581/591/591 696/599/599 697/862/862 573/2312/857
f 608/875/875 609/863/863 585/2310/864 413/876/876
f 587/866/866 724/865/865 725/877/877 418/878/878
f 416/874/874 588/868/868 606/867/867 607/871/871
f 727/873/873 728/869/869 588/868/868 416/874/874
f 590/540/540 589/539/539 374/274/274 373/273/273
f 956/537/537 957/396/396 372/2186/395 591/2187/538
f 371/501/501 370/500/500 593/536/536 592/535/535
f 406/557/557 594/562/562 593/536/536 370/500/500
f 388/580/580 595/581/581 594/562/562 406/557/557
f 532/614/614 596/608/608 595/581/581 388/580/580
f 507/618/618 597/609/609 596/608/608 532/614/614
f 524/713/713 598/717/717 597/609/609 507/618/618
f 777/716/716 778/718/718 598/717/717 524/713/713
f 539/744/744 600/747/747 758/746/746 759/741/741
f 556/776/776 601/780/780 794/832/832 795/833/833
f 547/779/779 602/781/781 601/780/780 556/776/776
f 572/804/804 603/808/808 602/781/781 547/779/779
f 563/807/807 604/809/809 603/808/808 572/804/804
f 579/845/845 605/846/846 604/809/809 563/807/807
f 587/866/866 606/867/867 605/846/846 579/845/845
f 607/871/871 606/867/867 587/866/866 418/878/878
f 725/877/877 726/872/872 607/871/871 418/878/878
f 586/879/879 609/863/863 608/875/875 414/880/880
f 578/881/881 610/842/842 609/863/863 586/879/879
f 562/882/882 611/800/800 610/842/842 578/881/881
f 569/883/883 612/801/801 611/800/800 562/882/882
f 546/884/884 613/772/772 612/801/801 569/883/883
f 553/885/885 614/773/773 613/772/772 546/884/884
f 789/886/886 790/828/828 614/773/773 553/885/885
f 753/887/887 754/738/738 615/737/737 538/888/888
f 521/889/889 617/711/711 774/710/710 775/890/890
f 506/616/616 618/594/594 617/711/711 521/889/889
f 529/615/615 619/595/595 618/594/594 506/616/616
f 620/584/584 619/595/595 529/615/615 366/577/577
f 366/577/577 403/530/530 621/572/572 620/584/584
f 622/525/525 621/572/572 403/530/530 363/491/491
f 623/523/523 622/525/525 363/491/491 362/490/490
f 624/521/521 623/523/523 362/490/490 361/440/440
f 361/440/440 360/2184/402 625/520/520 624/521/521
f 960/401/401 961/519/519 625/2185/520 360/402/402
f 359/269/269 358/268/268 627/517/517 626/518/518
f 358/268/268 357/2182/296 628/516/516 627/517/517
f 629/515/515 628/2183/516 357/296/296 356/236/236
f 630/514/514 629/515/515 356/236/236 355/230/230
f 631/513/513 630/514/514 355/230/230 354/2098/228
f 354/228/228 353/227/227 632/512/512 631/2099/513
f 353/227/227 352/234/234 633/511/511 632/512/512
f 352/234/234 351/2180/233 634/510/510 633/511/511
f 635/509/509 634/2181/510 351/233/233 350/265/265
f 636/507/507 635/509/509 350/265/265 349/291/291
f 349/291/291 940/399/399 941/508/508 636/507/507
f 638/505/505 637/2178/506 348/2179/439 347/438/438
f 347/438/438 346/487/487 639/503/503 638/505/505
f 640/504/504 639/503/503 346/487/487 345/486/486
f 345/486/486 397/527/527 641/569/569 640/504/504
f 642/570/570 641/569/569 397/527/527 365/2374/526
f 525/705/705 643/701/701 642/570/570 365/2374/526
f 502/730/730 644/723/723 643/701/701 525/705/705
f 517/729/729 645/724/724 644/723/723 502/730/730
f 510/764/764 646/753/753 766/752/752 767/761/761
f 745/768/768 746/765/765 646/753/753 510/764/764
f 781/792/792 782/787/787 647/786/786 534/793/793
f 542/826/826 649/815/815 648/814/814 549/827/827
f 565/838/838 650/835/835 649/815/815 542/826/826
f 558/855/855 651/849/849 650/835/835 565/838/838
f 574/859/859 652/856/856 651/849/849 558/855/855
f 582/611/611 653/592/592 652/856/856 574/859/859
f 654/593/593 653/592/592 582/611/611 411/610/610
f 693/613/613 694/870/870 654/593/593 411/610/610
f 583/891/891 656/605/605 655/604/604 417/892/892
f 575/893/893 657/860/860 656/605/605 583/891/891
f 559/894/894 658/852/852 657/860/860 575/893/893
f 568/895/895 659/839/839 658/852/852 559/894/894
f 543/896/896 660/820/820 659/839/839 568/895/895
f 552/897/897 661/821/821 660/820/820 543/896/896
f 535/898/898 662/796/796 786/795/795 787/899/899
f 511/900/900 663/757/757 750/770/770 751/901/901
f 769/902/902 770/758/758 663/757/757 511/900/900
f 503/903/903 665/732/732 664/731/731 520/904/904
f 528/905/905 666/707/707 665/732/732 503/903/903
f 667/559/559 666/707/707 528/905/905 387/556/556
f 668/560/560 667/559/559 387/556/556 400/555/555
f 669/551/551 668/560/560 400/555/555 386/497/497
f 386/497/497 385/496/496 670/552/552 669/551/551
f 672/549/549 936/550/550 937/392/392 383/294/294
f 383/294/294 382/271/271 673/548/548 672/549/549
f 674/547/547 673/548/548 382/271/271 381/2176/258
f 675/546/546 674/2177/547 381/258/258 380/257/257
f 676/545/545 675/546/546 380/257/257 379/264/264
f 677/544/544 676/545/545 379/264/264 378/2096/263
f 378/263/263 377/256/256 678/543/543 677/2097/544
f 377/256/256 376/255/255 679/542/542 678/543/543
f 376/255/255 375/2174/300 680/541/541 679/542/542
f 375/300/300 374/274/274 589/539/539 680/2175/541
f 528/905/905 682/704/704 681/703/703 387/556/556
f 503/903/903 683/727/727 682/704/704 528/905/905
f 520/904/904 684/728/728 683/727/727 503/903/903
f 511/900/900 685/763/763 768/762/762 769/902/902
f 751/901/901 752/767/767 685/763/763 511/900/900
f 787/899/899 788/791/791 686/790/790 535/898/898
f 543/896/896 688/825/825 687/824/824 552/897/897
f 568/895/895 689/837/837 688/825/825 543/896/896
f 559/894/894 690/854/854 689/837/837 568/895/895
f 575/893/893 691/858/858 690/854/854 559/894/894
f 583/891/891 692/612/612 691/858/858 575/893/893
f 693/613/613 692/612/612 583/891/891 417/892/892
f 655/604/604 694/870/870 693/613/613 417/892/892
f 695/598/598 694/870/870 655/604/604 415/607/607
f 415/607/607 584/606/606 696/599/599 695/598/598
f 697/862/862 696/599/599 584/606/606 576/861/861
f 698/851/851 697/862/862 576/861/861 560/853/853
f 699/841/841 698/851/851 560/853/853 567/840/840
f 700/818/818 699/841/841 567/840/840 544/823/823
f 701/819/819 700/818/818 544/823/823 551/822/822
f 702/799/799 784/798/798 785/794/794 536/797/797
f 703/755/755 748/771/771 749/769/769 512/760/760
f 771/759/759 772/756/756 703/755/755 512/760/760
f 705/736/736 704/735/735 519/734/734 504/733/733
f 706/708/708 705/736/736 504/733/733 527/706/706
f 707/564/564 706/708/708 527/706/706 389/558/558
f 401/561/561 708/565/565 707/564/564 389/558/558
f 709/480/480 708/565/565 401/561/561 330/554/554
f 710/481/481 709/480/480 330/554/554 331/553/553
f 711/502/502 710/481/481 331/553/553 292/425/425
f 712/475/475 975/474/474 976/469/469 327/472/472
f 388/580/580 714/588/588 713/587/587
f 716/714/714 715/617/617 506/616/616 521/889/889
f 775/890/890 776/715/715 716/714/714 521/889/889
f 718/743/743 760/742/742 753/887/887 538/888/888
f 719/777/777 796/834/834 789/886/886 553/885/885
f 720/778/778 719/777/777 553/885/885 546/884/884
f 721/805/805 720/778/778 546/884/884 569/883/883
f 722/806/806 721/805/805 569/883/883 562/882/882
f 723/844/844 722/806/806 562/882/882 578/881/881
f 724/865/865 723/844/844 578/881/881 586/879/879
f 725/877/877 724/865/865 586/879/879 414/880/880
f 414/880/880 608/875/875 726/872/872 725/877/877
f 727/873/873 726/872/872 608/875/875 413/876/876
f 585/864/864 728/869/869 727/873/873 413/876/876
f 577/843/843 729/848/848 728/869/869 585/864/864
f 561/803/803 730/812/812 729/848/848 577/843/843
f 570/802/802 731/813/813 730/812/812 561/803/803
f 545/775/775 732/784/784 731/813/813 570/802/802
f 554/774/774 733/785/785 732/784/784 545/775/775
f 791/2300/829 792/830/830 733/785/785 554/774/774
f 755/2307/739 756/750/750 734/749/749 537/740/740
f 522/712/712 736/722/722 780/721/721 773/709/709
f 505/597/597 737/600/600 736/722/722 522/712/712
f 530/596/596 738/601/601 737/600/600 505/597/597
f 739/583/583 738/601/601 530/596/596 392/585/585
f 392/585/585 408/571/571 740/568/568 739/583/583
f 741/482/482 740/568/568 408/571/571 336/524/524
f 336/524/524 333/522/522 742/483/483 741/482/482
f 333/522/522 320/457/457 743/476/476 742/483/483
f 320/457/457 980/464/464 981/477/477 743/476/476
f 534/793/793 647/786/786 746/765/765 745/768/768
f 747/766/766 746/765/765 647/786/786 533/2308/789
f 533/789/789 702/799/799 748/771/771 747/2309/766
f 749/769/769 748/771/771 702/799/799 536/797/797
f 662/796/796 750/770/770 749/769/769 536/797/797
f 751/901/901 750/770/770 662/796/796 535/898/898
f 535/898/898 686/790/790 752/767/767 751/901/901
f 745/768/768 752/767/767 686/790/790 534/793/793
f 514/906/906 616/907/907 754/738/738 753/887/887
f 755/739/739 754/738/738 616/907/907 513/908/908
f 513/2304/908 735/909/909 756/750/750 755/2307/739
f 757/745/745 756/750/750 735/909/909 516/910/910
f 599/911/911 758/746/746 757/745/745 516/910/910
f 759/741/741 758/746/746 599/911/911 515/912/912
f 515/912/912 717/913/913 760/742/742 759/741/741
f 753/887/887 760/742/742 717/913/913 514/906/906
f 384/2172/914 761/915/915 302/435/435 271/2173/434
f 762/916/916 372/395/395 272/394/394 303/437/437
f 341/495/495 302/435/435 761/915/915 385/496/496
f 303/437/437 344/498/498 371/501/501 762/916/916
f 671/2170/917 763/918/918 761/915/915 384/2172/914
f 764/919/919 591/538/538 372/395/395 762/916/916
f 763/918/918 671/2170/917 291/2171/426 292/425/425
f 591/538/538 764/919/919 293/429/429 279/2190/412
f 292/425/425 331/553/553 670/552/552 763/918/918
f 334/484/484 293/429/429 764/919/919 592/535/535
f 763/918/918 670/552/552 385/496/496 761/915/915
f 592/535/535 764/919/919 762/916/916 371/501/501
f 645/724/724 766/752/752 765/2305/751 518/725/725
f 767/761/761 766/752/752 645/724/724 517/729/729
f 684/728/728 768/762/762 767/761/761 517/729/729
f 769/902/902 768/762/762 684/728/728 520/904/904
f 520/904/904 664/731/731 770/758/758 769/902/902
f 771/759/759 770/758/758 664/731/731 519/734/734
f 704/735/735 772/756/756 771/759/759 519/734/734
f 765/751/751 772/756/756 704/735/735 518/2306/725
f 616/907/907 774/710/710 773/2303/709 513/908/908
f 775/890/890 774/710/710 616/907/907 514/906/906
f 717/913/913 776/715/715 775/890/890 514/906/906
f 777/716/716 776/715/715 717/913/913 515/912/912
f 515/912/912 599/911/911 778/718/718 777/716/716
f 779/719/719 778/718/718 599/911/911 516/910/910
f 735/909/909 780/721/721 779/719/719 516/910/910
f 773/709/709 780/721/721 735/909/909 513/2304/908
f 549/827/827 648/814/814 782/787/787 781/792/792
f 783/788/788 782/787/787 648/814/814 550/2301/817
f 550/817/817 701/819/819 784/798/798 783/2302/788
f 785/794/794 784/798/798 701/819/819 551/822/822
f 661/821/821 786/795/795 785/794/794 551/822/822
f 787/899/899 786/795/795 661/821/821 552/897/897
f 552/897/897 687/824/824 788/791/791 787/899/899
f 781/792/792 788/791/791 687/824/824 549/827/827
f 538/888/888 615/737/737 790/828/828 789/886/886
f 791/829/829 790/828/828 615/737/737 537/2299/740
f 537/740/740 734/749/749 792/830/830 791/2300/829
f 793/831/831 792/830/830 734/749/749 540/748/748
f 600/747/747 794/832/832 793/831/831 540/748/748
f 795/833/833 794/832/832 600/747/747 539/744/744
f 539/744/744 718/743/743 796/834/834 795/833/833
f 789/886/886 796/834/834 718/743/743 538/888/888
f 798/920/920 809/921/921 810/922/922 797/923/923
f 472/698/698 813/924/924 814/925/925 476/699/699
f 802/926/926 877/927/927 878/928/928 801/929/929
f 857/930/930 858/931/931 819/932/932 820/933/933
f 805/934/934 812/935/935 809/921/921 798/920/920
f 471/697/697 816/936/936 813/924/924 472/698/698
f 811/2357/937 812/935/935 805/934/934 807/938/938
f 815/2355/939 816/936/936 471/697/697 474/2358/700
f 797/923/923 810/922/922 811/937/937 807/2354/938
f 476/699/699 814/925/925 815/939/939 474/700/700
f 810/922/922 809/921/921 469/672/672 475/679/679
f 811/937/937 810/922/922 475/679/679 473/2356/675
f 470/669/669 812/935/935 811/2357/937 473/675/675
f 809/921/921 812/935/935 470/669/669 469/672/672
f 814/925/925 813/924/924 799/940/940 800/941/941
f 815/939/939 814/925/925 800/941/941 808/942/942
f 806/943/943 816/936/936 815/2355/939 808/2349/942
f 813/924/924 816/936/936 806/943/943 799/940/940
f 853/944/944 854/945/945 798/920/920 797/923/923
f 820/933/933 819/932/932 881/946/946 882/947/947
f 855/948/948 856/949/949 807/938/938 805/934/934
f 859/950/950 860/951/951 823/2353/952 824/953/953
f 856/2351/949 853/944/944 797/923/923 807/2354/938
f 860/2350/951 857/930/930 820/933/933 823/952/952
f 879/2341/954 880/955/955 825/956/956 826/2348/957
f 883/2339/958 884/959/959 824/953/953 823/2353/952
f 798/920/920 854/945/945 855/948/948 805/934/934
f 819/932/932 858/931/931 859/950/950 824/953/953
f 830/2344/960 861/2347/961 862/962/962 829/963/963
f 827/964/964 865/2345/965 866/966/966 828/967/967
f 834/2352/968 869/2343/969 870/970/970 833/971/971
f 831/2346/972 873/2342/973 874/974/974 832/975/975
f 833/971/971 885/976/976 886/977/977 834/2352/968
f 840/978/978 889/979/979 890/980/980 839/981/981
f 863/982/982 864/983/983 841/984/984 842/985/985
f 867/986/986 868/987/987 804/988/988 803/989/989
f 871/990/990 872/991/991 845/992/992 846/993/993
f 875/994/994 876/995/995 844/996/996 843/997/997
f 887/998/998 888/999/999 846/993/993 845/992/992
f 891/1000/1000 892/1001/1001 851/1002/1002 852/1003/1003
f 846/993/993 888/999/999 885/976/976 833/971/971
f 851/1002/1002 892/1001/1001 889/979/979 840/978/978
f 833/971/971 870/970/970 871/990/990 846/993/993
f 832/975/975 874/974/974 875/994/994 843/997/997
f 862/962/962 863/982/982 842/985/985 829/963/963
f 866/966/966 867/986/986 803/989/989 828/967/967
f 825/956/956 880/955/955 877/927/927 802/926/926
f 824/953/953 884/959/959 881/946/946 819/932/932
f 818/1004/1004 817/1005/1005 854/945/945 853/944/944
f 855/948/948 854/945/945 817/1005/1005 821/1006/1006
f 822/1007/1007 856/949/949 855/948/948 821/1006/1006
f 818/1004/1004 853/944/944 856/2351/949 822/2340/1007
f 799/940/940 858/931/931 857/930/930 800/941/941
f 859/950/950 858/931/931 799/940/940 806/943/943
f 808/2349/942 860/951/951 859/950/950 806/943/943
f 800/941/941 857/930/930 860/2350/951 808/942/942
f 862/962/962 861/2347/961 826/2348/957 825/956/956
f 802/926/926 863/982/982 862/962/962 825/956/956
f 801/929/929 864/983/983 863/982/982 802/926/926
f 866/966/966 865/2345/965 831/2346/972 832/975/975
f 843/997/997 867/986/986 866/966/966 832/975/975
f 844/996/996 868/987/987 867/986/986 843/997/997
f 870/970/970 869/2343/969 830/2344/960 829/963/963
f 871/990/990 870/970/970 829/963/963 842/985/985
f 841/984/984 872/991/991 871/990/990 842/985/985
f 874/974/974 873/2342/973 835/2335/1008 836/1009/1009
f 875/994/994 874/974/974 836/1009/1009 847/1010/1010
f 848/1011/1011 876/995/995 875/994/994 847/1010/1010
f 801/929/929 878/928/928 879/954/954 826/957/957
f 820/933/933 882/947/947 883/958/958 823/952/952
f 864/983/983 801/929/929 826/957/957 861/961/961
f 865/965/965 827/2338/964 804/988/988 868/987/987
f 861/961/961 830/960/960 841/984/984 864/983/983
f 868/987/987 844/996/996 831/972/972 865/965/965
f 878/928/928 877/927/927 817/1005/1005 818/1004/1004
f 879/954/954 878/928/928 818/1004/1004 822/2340/1007
f 821/1006/1006 880/955/955 879/2341/954 822/1007/1007
f 877/927/927 880/955/955 821/1006/1006 817/1005/1005
f 882/947/947 881/946/946 803/989/989 804/988/988
f 883/958/958 882/947/947 804/988/988 827/2338/964
f 828/967/967 884/959/959 883/2339/958 827/964/964
f 881/946/946 884/959/959 828/967/967 803/989/989
f 872/991/991 841/984/984 830/960/960 869/969/969
f 873/973/973 831/972/972 844/996/996 876/995/995
f 869/969/969 834/968/968 845/992/992 872/991/991
f 876/995/995 848/1011/1011 835/1008/1008 873/973/973
f 834/968/968 886/2337/977 887/998/998 845/992/992
f 839/981/981 890/2336/980 891/1000/1000 852/1003/1003
f 886/977/977 885/976/976 837/1012/1012 838/1013/1013
f 887/998/998 886/2337/977 838/1013/1013 849/1014/1014
f 850/1015/1015 888/999/999 887/998/998 849/1014/1014
f 885/976/976 888/999/999 850/1015/1015 837/1012/1012
f 890/980/980 889/979/979 836/1009/1009 835/2335/1008
f 891/1000/1000 890/2336/980 835/1008/1008 848/1011/1011
f 847/1010/1010 892/1001/1001 891/1000/1000 848/1011/1011
f 889/979/979 892/1001/1001 847/1010/1010 836/1009/1009
f 838/1013/1013 837/1012/1012 850/1015/1015 849/1014/1014
f 840/978/978 839/981/981 852/1003/1003 851/1002/1002
f 894/1016/1016 965/1017/1017 966/1018/1018 893/1019/1019
f 328/1020/1020 899/1021/1021 900/1022/1022 326/1023/1023
f 898/1024/1024 897/1025/1025 327/472/472 325/471/471
f 900/1022/1022 899/1021/1021 967/1026/1026 968/1027/1027
f 901/1028/1028 712/475/475 327/472/472 897/1025/1025
f 324/1029/1029 902/1030/1030 899/1021/1021 328/1020/1020
f 712/475/475 901/1028/1028 903/1031/1031 321/462/462
f 902/1030/1030 324/1029/1029 904/1032/1032
f 905/1033/1033 322/459/459 321/462/462 903/1031/1031
f 323/1034/1034 906/1035/1035 904/1032/1032 324/1029/1029
f 325/471/471 977/470/470 978/466/466 907/2283/465
f 909/333/333 908/2281/405 276/428/428 240/2168/427
f 296/1036/1036 910/334/334 909/2291/333 240/427/427
f 245/1037/1037 911/364/364 910/334/334 296/1036/1036
f 256/1038/1038 912/345/345 911/364/364 245/1037/1037
f 913/346/346 912/2297/345 256/2231/1038 239/381/381
f 914/377/377 913/346/346 239/381/381 263/380/380
f 916/406/406 984/2280/468 979/463/463 278/458/458
f 278/458/458 226/2166/431 917/407/407 916/406/406
f 226/431/431 301/354/354 918/353/353 917/2286/407
f 919/337/337 918/353/353 301/354/354 250/303/303
f 920/338/338 919/337/337 250/303/303 259/2235/306
f 921/369/369 920/2295/338 259/306/306 225/368/368
f 225/368/368 265/390/390 922/378/378 921/369/369
f 297/335/335 924/302/302 923/301/301 223/336/336
f 246/365/365 925/363/363 924/302/302 297/335/335
f 255/2233/344 926/347/347 925/363/363 246/365/365
f 927/348/348 926/2234/347 255/344/344 224/343/343
f 928/370/370 927/348/348 224/343/343 261/385/385
f 1283/2457/388 1284/2458/373 928/370/370 261/385/385
f 251/382/382 239/381/381 930/341/341 929/356/356
f 256/2231/1038 931/342/342 930/341/341 239/381/381
f 245/1037/1037 932/366/366 931/2232/342 256/1038/1038
f 296/1036/1036 933/327/327 932/366/366 245/1037/1037
f 240/427/427 934/328/328 933/327/327 296/1036/1036
f 240/427/427 291/426/426 935/424/424 934/328/328
f 936/550/550 935/424/424 291/426/426 671/917/917
f 937/392/392 936/550/550 671/917/917 384/914/914
f 938/393/393 937/392/392 384/914/914 271/434/434
f 939/398/398 938/393/393 271/434/434 273/433/433
f 273/433/433 348/439/439 940/399/399 939/398/398
f 941/508/508 940/399/399 348/439/439 637/506/506
f 942/444/444 941/508/508 637/506/506 307/441/441
f 923/301/301 942/444/444 307/441/441 223/336/336
f 197/279/279 298/349/349 944/355/355 943/430/430
f 945/304/304 944/355/355 298/349/349 247/289/289
f 946/305/305 945/304/304 247/289/289 258/2229/288
f 947/367/367 946/2230/305 258/288/288 206/312/312
f 948/371/371 947/367/367 206/312/312 234/318/318
f 238/323/323 949/359/359 1303/2455/375 1304/2456/324
f 950/360/360 949/359/359 238/323/323 205/313/313
f 257/2227/287 951/329/329 950/360/360 205/313/313
f 248/290/290 952/330/330 951/2228/329 257/287/287
f 299/350/350 953/351/351 952/330/330 248/290/290
f 202/282/282 954/410/410 953/351/351 299/350/350
f 280/414/414 955/411/411 954/410/410 202/282/282
f 590/540/540 956/537/537 955/411/411 280/414/414
f 373/273/273 957/396/396 956/537/537 590/540/540
f 958/397/397 957/396/396 373/273/273 201/276/276
f 959/400/400 958/397/397 201/276/276 198/270/270
f 359/269/269 960/401/401 959/400/400 198/270/270
f 626/518/518 961/519/519 960/401/401 359/269/269
f 318/454/454 962/456/456 961/519/519 626/518/518
f 943/430/430 962/456/456 318/454/454 197/279/279
f 322/459/459 905/1033/1033 963/1039/1039 907/465/465
f 906/1035/1035 323/1034/1034 915/1040/1040 964/2277/1041
f 907/2283/465 963/2278/1039 898/1024/1024 325/471/471
f 964/1041/1041 915/2279/1040 326/1023/1023 900/1022/1022
f 966/1018/1018 965/1017/1017 897/1025/1025 898/1024/1024
f 968/1027/1027 967/1026/1026 895/1042/1042 896/1043/1043
f 970/1044/1044 905/1033/1033 903/1031/1031 969/1045/1045
f 906/1035/1035 971/1046/1046 972/1047/1047 904/1032/1032
f 974/461/461 973/460/460 275/404/404 306/442/442
f 975/474/474 974/461/461 306/442/442 711/502/502
f 976/469/469 975/474/474 711/502/502 292/425/425
f 276/428/428 977/470/470 976/469/469 292/425/425
f 978/466/466 977/470/470 276/428/428 908/2281/405
f 973/460/460 978/2282/466 908/405/405 275/404/404
f 980/464/464 979/463/463 323/1034/1034 324/1029/1029
f 981/477/477 980/464/464 324/1029/1029 744/1048/1048
f 982/473/473 981/477/477 744/1048/1048 328/1020/1020
f 326/1023/1023 983/467/467 982/473/473 328/1020/1020
f 984/468/468 983/467/467 326/1023/1023 915/2279/1040
f 979/463/463 984/2280/468 915/1040/1040 323/1034/1034
f 985/1049/1049 963/1039/1039 905/1033/1033 970/1044/1044
f 964/2277/1041 986/2275/1050 971/1046/1046 906/1035/1035
f 963/2278/1039 985/2276/1049 966/1018/1018 898/1024/1024
f 986/1050/1050 964/1041/1041 900/1022/1022 968/1027/1027
f 901/1028/1028 987/1051/1051 969/1045/1045 903/1031/1031
f 988/1052/1052 902/1030/1030 904/1032/1032 972/1047/1047
f 897/1025/1025 965/1017/1017 987/1051/1051 901/1028/1028
f 967/1026/1026 899/1021/1021 902/1030/1030 988/1052/1052
f 969/1045/1045 989/1053/1053 990/1054/1054 970/1044/1044
f 992/1055/1055 972/1047/1047 971/1046/1046 991/1056/1056
f 987/1051/1051 993/1057/1057 989/1053/1053 969/1045/1045
f 994/1058/1058 988/1052/1052 972/1047/1047 992/1055/1055
f 965/1017/1017 894/1016/1016 993/1057/1057 987/1051/1051
f 895/1042/1042 967/1026/1026 988/1052/1052 994/1058/1058
f 970/1044/1044 990/1054/1054 995/1059/1059 985/1049/1049
f 991/1056/1056 971/1046/1046 986/2275/1050 996/2259/1060
f 893/1019/1019 966/1018/1018 985/2276/1049 995/2274/1059
f 968/1027/1027 896/1043/1043 996/1060/1060 986/1050/1050
f 998/1061/1061 1029/1062/1062 1030/1063/1063 997/1064/1064
f 1177/1065/1065 1178/1066/1066 1031/1067/1067 1032/1068/1068
f 893/1019/1019 1174/1069/1069 1175/1070/1070 894/1016/1016
f 1004/1071/1071 1039/1072/1072 1040/1073/1073 1003/1074/1074
f 1001/1075/1075 1057/1076/1076 1058/1077/1077 1002/1078/1078
f 1008/1079/1079 1062/1080/1080 1063/1081/1081 1007/1082/1082
f 1060/1083/1083 1061/1084/1084 998/1061/1061 997/1064/1064
f 1065/1085/1085 1066/1086/1086 1011/1087/1087 1012/1088/1088
f 1009/1089/1089 1047/1090/1090 1048/1091/1091 1010/1092/1092
f 1016/1093/1093 1049/1094/1094 1050/1095/1095 1015/1096/1096
f 1005/1097/1097 1051/1098/1098 1052/1099/1099 1006/1100/1100
f 1020/1101/1101 1053/1102/1102 1054/1103/1103 1019/1104/1104
f 1022/1105/1105 1018/1106/1106 1017/1107/1107 1021/1108/1108
f 1019/1104/1104 1023/1109/1109 1024/1110/1110 1020/1101/1101
f 1013/1111/1111 1025/1112/1112 1026/1113/1113 1014/1114/1114
f 1028/1115/1115 1016/1093/1093 1015/1096/1096 1027/1116/1116
f 1171/1117/1117 1172/1118/1118 990/1054/1054 989/1053/1053
f 1032/1068/1068 1031/1067/1067 999/1119/1119 1000/1120/1120
f 995/2274/1059 1173/2262/1121 1174/1069/1069 893/1019/1019
f 1034/1122/1122 1038/2273/1123 1039/1072/1072 1004/1071/1071
f 1036/1124/1124 1035/1125/1125 1033/2272/1126 1001/1075/1075
f 1037/1127/1127 1036/1124/1124 1001/1075/1075 1002/1078/1078
f 1039/1072/1072 1038/2273/1123 1179/2260/1128 1180/1129/1129
f 1040/1073/1073 1039/1072/1072 1180/1129/1129 1181/1130/1130
f 1172/1118/1118 1173/1121/1121 995/1059/1059 990/1054/1054
f 1178/1066/1066 1179/1128/1128 1038/1123/1123 1031/1067/1067
f 1033/1126/1126 1035/2261/1125 1029/1062/1062 998/1061/1061
f 1038/1123/1123 1034/2271/1122 999/1119/1119 1031/1067/1067
f 993/1057/1057 1176/1131/1131 1171/1117/1117 989/1053/1053
f 1042/1132/1132 1182/1133/1133 1177/1065/1065 1032/1068/1068
f 1175/1070/1070 1176/1131/1131 993/1057/1057 894/1016/1016
f 1181/1130/1130 1182/1133/1133 1042/1132/1132 1040/1073/1073
f 1041/1134/1134 1043/1135/1135 997/1064/1064 1030/1063/1063
f 1044/1136/1136 1042/1132/1132 1032/1068/1068 1000/1120/1120
f 1037/1127/1127 1002/1078/1078 1043/1135/1135 1041/1134/1134
f 1003/1074/1074 1040/1073/1073 1042/1132/1132 1044/1136/1136
f 1058/1077/1077 1059/1137/1137 1043/1135/1135 1002/1078/1078
f 1063/1081/1081 1064/1138/1138 1046/1139/1139 1007/1082/1082
f 1043/1135/1135 1059/1137/1137 1060/1083/1083 997/1064/1064
f 1046/1139/1139 1064/1138/1138 1065/1085/1085 1012/1088/1088
f 1048/1091/1091 1047/1090/1090 1013/1111/1111 1014/1114/1114
f 1050/1095/1095 1049/1094/1094 1012/1088/1088 1011/1087/1087
f 1052/1099/1099 1051/1098/1098 1017/1107/1107 1018/1106/1106
f 1054/1103/1103 1053/1102/1102 1008/1079/1079 1007/1082/1082
f 1045/1140/1140 1055/1141/1141 1047/1090/1090 1009/1089/1089
f 1056/1142/1142 1046/1139/1139 1012/1088/1088 1049/1094/1094
f 1055/1141/1141 1045/1140/1140 1006/1100/1100 1052/1099/1099
f 1046/1139/1139 1056/1142/1142 1054/1103/1103 1007/1082/1082
f 1058/1077/1077 1057/1076/1076 1005/1097/1097 1006/1100/1100
f 1045/1140/1140 1059/1137/1137 1058/1077/1077 1006/1100/1100
f 1060/1083/1083 1059/1137/1137 1045/1140/1140 1009/1089/1089
f 1010/1092/1092 1061/1084/1084 1060/1083/1083 1009/1089/1089
f 1063/1081/1081 1062/1080/1080 1004/1071/1071 1003/1074/1074
f 1044/1136/1136 1064/1138/1138 1063/1081/1081 1003/1074/1074
f 1065/1085/1085 1064/1138/1138 1044/1136/1136 1000/1120/1120
f 999/1119/1119 1066/1086/1086 1065/1085/1085 1000/1120/1120
f 1067/1143/1143 1055/1141/1141 1052/1099/1099 1018/1106/1106
f 1056/1142/1142 1068/1144/1144 1019/1104/1104 1054/1103/1103
f 1055/1141/1141 1067/1143/1143 1013/1111/1111 1047/1090/1090
f 1068/1144/1144 1056/1142/1142 1049/1094/1094 1016/1093/1093
f 1025/1112/1112 1013/1111/1111 1067/1143/1143 1069/1145/1145
f 1016/1093/1093 1028/1115/1115 1070/1146/1146 1068/1144/1144
f 1069/1145/1145 1067/1143/1143 1018/1106/1106 1022/1105/1105
f 1068/1144/1144 1070/1146/1146 1023/1109/1109 1019/1104/1104
f 1033/2272/1126 1071/2270/1147 1057/1076/1076 1001/1075/1075
f 1072/1148/1148 1034/1122/1122 1004/1071/1071 1062/1080/1080
f 1071/1147/1147 1033/1126/1126 998/1061/1061 1061/1084/1084
f 1034/2271/1122 1072/2269/1148 1066/1086/1086 999/1119/1119
f 1071/2270/1147 1073/2268/1149 1005/1097/1097 1057/1076/1076
f 1074/1150/1150 1072/1148/1148 1062/1080/1080 1008/1079/1079
f 1073/1149/1149 1071/1147/1147 1061/1084/1084 1010/1092/1092
f 1072/2269/1148 1074/2267/1150 1011/1087/1087 1066/1086/1086
f 1010/1092/1092 1048/1091/1091 1075/1151/1151 1073/1149/1149
f 1050/1095/1095 1011/1087/1087 1074/2267/1150 1076/2265/1152
f 1073/2268/1149 1075/2266/1151 1051/1098/1098 1005/1097/1097
f 1076/1152/1152 1074/1150/1150 1008/1079/1079 1053/1102/1102
f 1077/1153/1153 1075/1151/1151 1048/1091/1091 1014/1114/1114
f 1076/2265/1152 1078/2263/1154 1015/1096/1096 1050/1095/1095
f 1017/1107/1107 1051/1098/1098 1075/2266/1151 1077/2264/1153
f 1053/1102/1102 1020/1101/1101 1078/1154/1154 1076/1152/1152
f 1077/2264/1153 1079/1155/1155 1021/1108/1108 1017/1107/1107
f 1080/1156/1156 1078/1154/1154 1020/1101/1101 1024/1110/1110
f 1014/1114/1114 1026/1113/1113 1079/1155/1155 1077/1153/1153
f 1027/1116/1116 1015/1096/1096 1078/2263/1154 1080/1156/1156
f 1081/1157/1157 1069/1145/1145 1022/1105/1105 1021/1108/1108
f 1070/1146/1146 1082/1158/1158 1024/1110/1110 1023/1109/1109
f 1069/1145/1145 1081/1157/1157 1026/1113/1113 1025/1112/1112
f 1082/1158/1158 1070/1146/1146 1028/1115/1115 1027/1116/1116
f 1021/1108/1108 1079/1155/1155 1026/1113/1113 1081/1157/1157
f 1080/1156/1156 1024/1110/1110 1082/1158/1158 1027/1116/1116
f 1084/1159/1159 1091/1160/1160 1092/1161/1161 1083/1162/1162
f 1103/1163/1163 1104/1164/1164 1095/1165/1165 1096/1166/1166
f 1092/1161/1161 1093/1167/1167 1087/2398/1168 1083/1162/1162
f 1096/1166/1166 1097/1169/1169 1106/2400/1170 1103/1163/1163
f 1093/2401/1167 1094/1171/1171 1089/1172/1172 1087/1168/1168
f 1097/2403/1169 1098/1173/1173 1105/1174/1174 1106/1170/1170
f 1089/1172/1172 1094/1171/1171 1091/1160/1160 1084/1159/1159
f 1104/1164/1164 1105/1174/1174 1098/1173/1173 1095/1165/1165
f 1099/1175/1175 1100/1176/1176 477/693/693 483/696/696
f 481/2404/695 1102/2402/1177 1099/1175/1175 483/696/696
f 478/694/694 1101/1178/1178 1102/1177/1177 481/695/695
f 1100/1176/1176 1101/1178/1178 478/694/694 477/693/693
f 1096/1166/1166 1095/1165/1165 1085/1179/1179 1086/1180/1180
f 1088/1181/1181 1097/1169/1169 1096/1166/1166 1086/1180/1180
f 1090/1182/1182 1098/1173/1173 1097/2403/1169 1088/2394/1181
f 1095/1165/1165 1098/1173/1173 1090/1182/1182 1085/1179/1179
f 1092/1161/1161 1091/1160/1160 1100/1176/1176 1099/1175/1175
f 1091/1160/1160 1094/1171/1171 1101/1178/1178 1100/1176/1176
f 1102/1177/1177 1101/1178/1178 1094/1171/1171 1093/2401/1167
f 1099/1175/1175 1102/2402/1177 1093/1167/1167 1092/1161/1161
f 480/683/683 1104/1164/1164 1103/1163/1163 484/692/692
f 479/686/686 1105/1174/1174 1104/1164/1164 480/683/683
f 1106/1170/1170 1105/1174/1174 479/686/686 482/2399/689
f 1103/1163/1163 1106/2400/1170 482/689/689 484/692/692
f 1108/1183/1183 1163/1184/1184 1164/1185/1185 1107/1186/1186
f 1127/1187/1187 1128/1188/1188 1119/1189/1189 1120/1190/1190
f 1164/1185/1185 1165/1191/1191 1111/1192/1192 1107/1186/1186
f 1120/1190/1190 1121/1193/1193 1130/1194/1194 1127/1187/1187
f 1165/1191/1191 1166/1195/1195 1113/2393/1196 1111/1192/1192
f 1121/1193/1193 1122/1197/1197 1129/2395/1198 1130/1194/1194
f 1166/2386/1195 1163/1184/1184 1108/1183/1183 1113/1196/1196
f 1122/2397/1197 1119/1189/1189 1128/1188/1188 1129/1198/1198
f 1123/1199/1199 1124/1200/1200 1089/1172/1172 1084/1159/1159
f 1083/1162/1162 1126/1201/1201 1123/1199/1199 1084/1159/1159
f 1087/2398/1168 1125/2396/1202 1126/1201/1201 1083/1162/1162
f 1089/1172/1172 1124/1200/1200 1125/1202/1202 1087/1168/1168
f 1120/1190/1190 1119/1189/1189 1167/1203/1203 1168/1204/1204
f 1168/1204/1204 1169/1205/1205 1121/1193/1193 1120/1190/1190
f 1169/1205/1205 1170/1206/1206 1122/1197/1197 1121/1193/1193
f 1170/2384/1206 1167/1203/1203 1119/1189/1189 1122/2397/1197
f 1116/1207/1207 1115/1208/1208 1124/1200/1200 1123/1199/1199
f 1125/1202/1202 1124/1200/1200 1115/1208/1208 1118/1209/1209
f 1126/1201/1201 1125/2396/1202 1118/2385/1209 1117/1210/1210
f 1123/1199/1199 1126/1201/1201 1117/1210/1210 1116/1207/1207
f 1090/1182/1182 1128/1188/1188 1127/1187/1187 1085/1179/1179
f 1129/1198/1198 1128/1188/1188 1090/1182/1182 1088/2394/1181
f 1130/1194/1194 1129/2395/1198 1088/1181/1181 1086/1180/1180
f 1127/1187/1187 1130/1194/1194 1086/1180/1180 1085/1179/1179
f 1107/1186/1186 1147/1211/1211 1148/1212/1212 1108/1183/1183
f 1159/1213/1213 1160/1214/1214 1143/1215/1215 1144/1216/1216
f 1111/1192/1192 1150/1217/1217 1147/1211/1211 1107/1186/1186
f 1160/1214/1214 1161/1218/1218 1146/1219/1219 1143/1215/1215
f 1148/1212/1212 1149/1220/1220 1113/1196/1196 1108/1183/1183
f 1144/1216/1216 1145/1221/1221 1162/2387/1222 1159/1213/1213
f 1149/2391/1220 1150/1217/1217 1111/1192/1192 1113/2393/1196
f 1145/2392/1221 1146/1219/1219 1161/1218/1218 1162/1222/1222
f 1155/1223/1223 1156/1224/1224 1131/1225/1225 1132/1226/1226
f 1137/1227/1227 1158/2389/1228 1155/1223/1223 1132/1226/1226
f 1135/1229/1229 1157/1230/1230 1158/1228/1228 1137/1227/1227
f 1156/1224/1224 1157/1230/1230 1135/1229/1229 1131/1225/1225
f 1144/1216/1216 1143/1215/1215 1151/1231/1231 1152/1232/1232
f 1152/1232/1232 1153/1233/1233 1145/1221/1221 1144/1216/1216
f 1153/2390/1233 1154/1234/1234 1146/1219/1219 1145/2392/1221
f 1143/1215/1215 1146/1219/1219 1154/1234/1234 1151/1231/1231
f 1148/1212/1212 1147/1211/1211 1139/1235/1235 1140/1236/1236
f 1140/1236/1236 1141/1237/1237 1149/1220/1220 1148/1212/1212
f 1141/2388/1237 1142/1238/1238 1150/1217/1217 1149/2391/1220
f 1147/1211/1211 1150/1217/1217 1142/1238/1238 1139/1235/1235
f 1152/1232/1232 1151/1231/1231 1110/1239/1239 1109/1240/1240
f 1114/1241/1241 1153/1233/1233 1152/1232/1232 1109/1240/1240
f 1112/1242/1242 1154/1234/1234 1153/2390/1233 1114/2383/1241
f 1151/1231/1231 1154/1234/1234 1112/1242/1242 1110/1239/1239
f 1140/1236/1236 1139/1235/1235 1156/1224/1224 1155/1223/1223
f 1139/1235/1235 1142/1238/1238 1157/1230/1230 1156/1224/1224
f 1158/1228/1228 1157/1230/1230 1142/1238/1238 1141/2388/1237
f 1155/1223/1223 1158/2389/1228 1141/1237/1237 1140/1236/1236
f 1134/1243/1243 1160/1214/1214 1159/1213/1213 1133/1244/1244
f 1136/1245/1245 1161/1218/1218 1160/1214/1214 1134/1243/1243
f 1162/1222/1222 1161/1218/1218 1136/1245/1245 1138/1246/1246
f 1159/1213/1213 1162/2387/1222 1138/1246/1246 1133/1244/1244
f 1132/1226/1226 1131/1225/1225 1135/1229/1229 1137/1227/1227
f 1134/1243/1243 1133/1244/1244 1138/1246/1246 1136/1245/1245
f 1164/1185/1185 1163/1184/1184 1115/1208/1208 1116/1207/1207
f 1116/1207/1207 1117/1210/1210 1165/1191/1191 1164/1185/1185
f 1117/1210/1210 1118/2385/1209 1166/1195/1195 1165/1191/1191
f 1118/1209/1209 1115/1208/1208 1163/1184/1184 1166/2386/1195
f 1168/1204/1204 1167/1203/1203 1109/1240/1240 1110/1239/1239
f 1112/1242/1242 1169/1205/1205 1168/1204/1204 1110/1239/1239
f 1114/2383/1241 1170/1206/1206 1169/1205/1205 1112/1242/1242
f 1109/1240/1240 1167/1203/1203 1170/2384/1206 1114/1241/1241
f 1030/1063/1063 1029/1062/1062 1172/1118/1118 1171/1117/1117
f 1035/2261/1125 1173/1121/1121 1172/1118/1118 1029/1062/1062
f 1174/1069/1069 1173/2262/1121 1035/1125/1125 1036/1124/1124
f 1175/1070/1070 1174/1069/1069 1036/1124/1124 1037/1127/1127
f 1041/1134/1134 1176/1131/1131 1175/1070/1070 1037/1127/1127
f 1171/1117/1117 1176/1131/1131 1041/1134/1134 1030/1063/1063
f 991/1056/1056 1178/1066/1066 1177/1065/1065 992/1055/1055
f 996/2259/1060 1179/1128/1128 1178/1066/1066 991/1056/1056
f 1180/1129/1129 1179/2260/1128 996/1060/1060 896/1043/1043
f 1181/1130/1130 1180/1129/1129 896/1043/1043 895/1042/1042
f 994/1058/1058 1182/1133/1133 1181/1130/1130 895/1042/1042
f 1177/1065/1065 1182/1133/1133 994/1058/1058 992/1055/1055
f 264/376/376 1187/1247/1247 1188/1248/1248 269/386/386
f 1186/1249/1249 1189/1250/1250 1190/1251/1251 1185/1252/1252
f 1188/1248/1248 1187/1247/1247 1183/1253/1253 1184/1254/1254
f 1190/1251/1251 1189/1250/1250 265/390/390 270/391/391
f 1281/2452/1255 1282/2454/387 269/386/386 1188/1248/1248
f 268/384/384 1192/1256/1256 1300/2451/1257 1301/2453/389
f 1280/2450/1258 1281/2452/1255 1188/1248/1248 1184/1254/1254
f 1192/1256/1256 1194/1259/1259 1299/2446/1260 1300/2451/1257
f 914/2258/377 1195/2256/1261 1187/1247/1247 264/376/376
f 1196/1262/1262 922/378/378 265/390/390 1189/1250/1250
f 263/380/380 1197/1263/1263 1195/1261/1261 914/377/377
f 1198/1264/1264 266/379/379 922/2257/378 1196/2255/1262
f 1197/1263/1263 263/380/380 267/383/383 1191/1265/1265
f 266/379/379 1198/1264/1264 1192/1256/1256 268/384/384
f 1195/2256/1261 1199/2254/1266 1183/1253/1253 1187/1247/1247
f 1200/1267/1267 1196/1262/1262 1189/1250/1250 1186/1249/1249
f 1197/1263/1263 1201/1268/1268 1199/1266/1266 1195/1261/1261
f 1202/1269/1269 1198/1264/1264 1196/2255/1262 1200/2249/1267
f 1191/1265/1265 1193/1270/1270 1201/1268/1268 1197/1263/1263
f 1194/1259/1259 1192/1256/1256 1198/1264/1264 1202/1269/1269
f 1204/1271/1271 1207/1272/1272 1208/1273/1273 1203/1274/1274
f 1228/1275/1275 1229/1276/1276 1209/1277/1277 1210/1278/1278
f 1223/1279/1279 1224/1280/1280 1201/1268/1268 1193/1270/1270
f 1210/1278/1278 1209/1277/1277 1205/1281/1281 1206/1282/1282
f 1184/1254/1254 1227/1283/1283 1279/2448/1284 1280/2450/1258
f 1297/2449/1285 1298/2445/1286 1228/1275/1275 1210/1278/1278
f 1211/1287/1287 1213/1288/1288 1277/2444/1289 1278/2447/1290
f 1296/2442/1291 1297/2449/1285 1210/1278/1278 1206/1282/1282
f 1183/1253/1253 1226/1292/1292 1227/1283/1283 1184/1254/1254
f 1216/1293/1293 1231/1294/1294 1232/1295/1295 1212/1296/1296
f 1215/1297/1297 1217/1298/1298 1213/1288/1288 1211/1287/1287
f 1218/1299/1299 1216/1293/1293 1212/1296/1296 1214/1300/1300
f 1224/1280/1280 1225/1301/1301 1199/1266/1266 1201/1268/1268
f 1229/1276/1276 1230/1302/1302 1220/2253/1303 1209/1277/1277
f 1221/1304/1304 1219/2251/1305 1207/1272/1272 1204/1271/1271
f 1220/2253/1303 1222/2244/1306 1205/1281/1281 1209/1277/1277
f 1219/1305/1305 1221/2248/1304 1217/1298/1298 1215/1297/1297
f 1222/1306/1306 1220/1303/1303 1216/1293/1293 1218/1299/1299
f 1199/2254/1266 1225/2252/1301 1226/1292/1292 1183/1253/1253
f 1220/1303/1303 1230/2250/1302 1231/1294/1294 1216/1293/1293
f 1208/1273/1273 1207/1272/1272 1224/1280/1280 1223/1279/1279
f 1219/2251/1305 1225/1301/1301 1224/1280/1280 1207/1272/1272
f 1226/1292/1292 1225/2252/1301 1219/1305/1305 1215/1297/1297
f 1227/1283/1283 1226/1292/1292 1215/1297/1297 1211/1287/1287
f 1278/2447/1290 1279/2448/1284 1227/1283/1283 1211/1287/1287
f 1202/1269/1269 1229/1276/1276 1228/1275/1275 1194/1259/1259
f 1200/2249/1267 1230/1302/1302 1229/1276/1276 1202/1269/1269
f 1231/1294/1294 1230/2250/1302 1200/1267/1267 1186/1249/1249
f 1232/1295/1295 1231/1294/1294 1186/1249/1249 1185/1252/1252
f 1228/1275/1275 1298/2445/1286 1299/2446/1260 1194/1259/1259
f 1203/1274/1274 1249/1307/1307 1250/1308/1308 1204/1271/1271
f 1236/1309/1309 1254/1310/1310 1255/1311/1311 1235/1312/1312
f 1238/1313/1313 1266/1314/1314 1267/1315/1315 1237/1316/1316
f 1235/1312/1312 1271/1317/1317 1272/1318/1318 1236/1309/1309
f 1250/1308/1308 1251/1319/1319 1221/1304/1304 1204/1271/1271
f 1255/1311/1311 1256/1320/1320 1242/2247/1321 1235/1312/1312
f 1243/1322/1322 1265/2243/1323 1266/1314/1314 1238/1313/1313
f 1242/2247/1321 1270/2241/1324 1271/1317/1317 1235/1312/1312
f 1221/2248/1304 1251/2246/1319 1252/1325/1325 1217/1298/1298
f 1242/1321/1321 1256/2245/1320 1257/1326/1326 1246/1327/1327
f 1252/1325/1325 1253/1328/1328 1213/1288/1288 1217/1298/1298
f 1257/1326/1326 1258/1329/1329 1248/1330/1330 1246/1327/1327
f 1253/1328/1328 1276/2443/1331 1277/2444/1289 1213/1288/1288
f 1294/2438/1332 1295/2441/1333 1254/1310/1310 1236/1309/1309
f 1250/1308/1308 1249/1307/1307 1233/1334/1334 1234/1335/1335
f 1241/1336/1336 1251/1319/1319 1250/1308/1308 1234/1335/1335
f 1252/1325/1325 1251/2246/1319 1241/2242/1336 1245/1337/1337
f 1247/1338/1338 1253/1328/1328 1252/1325/1325 1245/1337/1337
f 1275/2440/1339 1276/2443/1331 1253/1328/1328 1247/1338/1338
f 1255/1311/1311 1254/1310/1310 1206/1282/1282 1205/1281/1281
f 1222/2244/1306 1256/1320/1320 1255/1311/1311 1205/1281/1281
f 1257/1326/1326 1256/2245/1320 1222/1306/1306 1218/1299/1299
f 1214/1300/1300 1258/1329/1329 1257/1326/1326 1218/1299/1299
f 1206/1282/1282 1254/1310/1310 1295/2441/1333 1296/2442/1291
f 1263/1340/1340 1264/1341/1341 1259/1342/1342 1260/1343/1343
f 1268/1344/1344 1269/1345/1345 1246/1327/1327 1248/1330/1330
f 1259/1342/1342 1264/1341/1341 1265/1323/1323 1243/1322/1322
f 1246/1327/1327 1269/1345/1345 1270/1324/1324 1242/1321/1321
f 1245/1337/1337 1264/1341/1341 1263/1340/1340 1247/1338/1338
f 1265/1323/1323 1264/1341/1341 1245/1337/1337 1241/2242/1336
f 1266/1314/1314 1265/2243/1323 1241/1336/1336 1234/1335/1335
f 1267/1315/1315 1266/1314/1314 1234/1335/1335 1233/1334/1334
f 1262/1346/1346 1269/1345/1345 1268/1344/1344 1261/1347/1347
f 1270/1324/1324 1269/1345/1345 1262/1346/1346 1244/1348/1348
f 1271/1317/1317 1270/2241/1324 1244/1348/1348 1239/1349/1349
f 1272/1318/1318 1271/1317/1317 1239/1349/1349 1240/1350/1350
f 1273/1351/1351 1274/2439/1352 1263/1340/1340 1260/1343/1343
f 1272/1318/1318 1240/1350/1350 1292/1353/1353 1293/2437/1354
f 1247/1338/1338 1263/1340/1340 1274/2439/1352 1275/2440/1339
f 1293/2437/1354 1294/2438/1332 1236/1309/1309 1272/1318/1318
f 1237/1316/1316 1267/1315/1315 1274/1352/1352 1273/2436/1351
f 1275/1339/1339 1274/1352/1352 1267/1315/1315 1233/1334/1334
f 1233/1334/1334 1249/1307/1307 1276/1331/1331 1275/1339/1339
f 1277/1289/1289 1276/1331/1331 1249/1307/1307 1203/1274/1274
f 1278/1290/1290 1277/1289/1289 1203/1274/1274 1208/1273/1273
f 1223/1279/1279 1279/1284/1284 1278/1290/1290 1208/1273/1273
f 1280/1258/1258 1279/1284/1284 1223/1279/1279 1193/1270/1270
f 1193/1270/1270 1191/1265/1265 1281/1255/1255 1280/1258/1258
f 1191/1265/1265 267/383/383 1282/387/387 1281/1255/1255
f 1283/388/388 1282/387/387 267/383/383 251/382/382
f 251/382/382 929/356/356 1284/373/373 1283/388/388
f 1285/322/322 1284/373/373 929/356/356 237/326/326
f 237/326/326 235/325/325 1286/319/319 1285/322/322
f 1287/193/193 1286/319/319 235/325/325 153/2164/201
f 1288/194/194 1287/2466/193 153/201/201 154/200/200
f 164/208/208 1289/219/219 1288/194/194 154/200/200
f 1290/210/210 1289/219/219 164/208/208 133/222/222
f 133/222/222 132/1355/1355 1291/2163/211 1290/210/210
f 1293/1354/1354 1292/2435/1353 1261/1347/1347 1268/1344/1344
f 1268/1344/1344 1248/1330/1330 1294/1332/1332 1293/1354/1354
f 1258/1329/1329 1295/1333/1333 1294/1332/1332 1248/1330/1330
f 1296/1291/1291 1295/1333/1333 1258/1329/1329 1214/1300/1300
f 1214/1300/1300 1212/1296/1296 1297/1285/1285 1296/1291/1291
f 1212/1296/1296 1232/1295/1295 1298/1286/1286 1297/1285/1285
f 1299/1260/1260 1298/1286/1286 1232/1295/1295 1185/1252/1252
f 1300/1257/1257 1299/1260/1260 1185/1252/1252 1190/1251/1251
f 1301/389/389 1300/1257/1257 1190/1251/1251 270/391/391
f 270/391/391 262/372/372 1302/374/374 1301/389/389
f 948/371/371 1303/375/375 1302/374/374 262/372/372
f 1304/324/324 1303/375/375 948/371/371 234/318/318
f 1305/320/320 1304/324/324 234/318/318 232/316/316
f 232/316/316 151/2161/191 1306/195/195 1305/320/320
f 151/191/191 147/188/188 1307/196/196 1306/2464/195
f 147/188/188 167/218/218 1308/220/220 1307/196/196
f 1309/214/214 1308/220/220 167/218/218 127/167/167
f 1310/2160/215 1309/214/214 127/167/167 126/2159/168
f 1273/2436/1351 1311/1356/1356 1238/1313/1313 1237/1316/1316
f 1312/1357/1357 1292/1353/1353 1240/1350/1350 1239/1349/1349
f 1243/1322/1322 1238/1313/1313 1311/1356/1356 1259/1342/1342
f 1239/1349/1349 1244/1348/1348 1262/1346/1346 1312/1357/1357
f 1273/1351/1351 1260/1343/1343 1259/1342/1342 1311/1356/1356
f 1261/1347/1347 1292/2435/1353 1312/1357/1357 1262/1346/1346
f 1327/2492/1358 1328/1359/1359 1317/1360/1360 1313/2488/1361
f 1331/2494/1362 1332/1363/1363 1344/1364/1364 1340/1365/1365
f 1328/1359/1359 1329/1366/1366 1319/2426/1367 1317/1360/1360
f 1332/1363/1363 1333/1368/1368 1343/2429/1369 1344/1364/1364
f 1319/1367/1367 1329/2430/1366 1330/1370/1370 1321/1371/1371
f 1342/1372/1372 1343/1369/1369 1333/2432/1368 1334/1373/1373
f 1314/1374/1374 1361/1375/1375 1430/1376/1376 1431/1377/1377
f 1443/1378/1378 1444/1379/1379 1379/1380/1380 1356/1381/1381
f 1335/2493/1382 1336/1383/1383 124/165/165 123/2496/164
f 129/170/170 1339/1384/1384 1335/1382/1382 123/164/164
f 1291/2434/211 1338/2431/1385 1339/1384/1384 129/170/170
f 1337/1386/1386 1338/1385/1385 1291/211/211 132/2157/1355
f 124/165/165 1336/1383/1383 1433/1387/1387 1434/173/173
f 1318/1388/1388 1332/1363/1363 1331/2494/1362 1316/2484/1389
f 1320/1390/1390 1333/1368/1368 1332/1363/1363 1318/1388/1388
f 1334/1373/1373 1333/2432/1368 1320/2422/1390 1322/1391/1391
f 1330/1370/1370 1329/2430/1366 1338/1385/1385 1337/1386/1386
f 1339/1384/1384 1338/2431/1385 1329/1366/1366 1328/1359/1359
f 1335/1382/1382 1339/1384/1384 1328/1359/1359 1327/2492/1358
f 121/163/163 1341/1392/1392 1340/2489/1365 122/161/161
f 1438/2156/172 1439/1393/1393 1341/1392/1392 121/163/163
f 1310/2428/215 1343/1369/1369 1342/1372/1372 131/212/212
f 1344/1364/1364 1343/2429/1369 1310/215/215 126/168/168
f 1340/1365/1365 1344/1364/1364 126/168/168 122/2491/161
f 1362/1394/1394 1363/1395/1395 1319/1367/1367 1321/1371/1371
f 1357/1396/1396 1358/1397/1397 1382/2420/1398 1378/1399/1399
f 1363/2424/1395 1364/1400/1400 1317/1360/1360 1319/2426/1367
f 1358/2425/1397 1359/1401/1401 1381/1402/1402 1382/1398/1398
f 1364/1400/1400 1365/2486/1403 1313/2488/1361 1317/1360/1360
f 1359/1401/1401 1360/2487/1404 1380/2482/1405 1381/1402/1402
f 1423/1406/1406 1424/1407/1407 1414/1408/1408 1323/1409/1409
f 1345/1410/1410 1417/2413/1411 1413/1412/1412 1324/1413/1413
f 1347/1414/1414 1416/1415/1415 1417/1411/1411 1345/1410/1410
f 1349/1416/1416 1415/2475/1417 1416/1415/1415 1347/1414/1414
f 1442/1418/1418 1443/1378/1378 1356/1381/1381 1366/1419/1419
f 1367/1420/1420 1368/1421/1421 1358/1397/1397 1357/1396/1396
f 1368/2423/1421 1369/1422/1422 1359/1401/1401 1358/2425/1397
f 1369/1422/1422 1370/2485/1423 1360/2487/1404 1359/1401/1401
f 1429/1424/1424 1430/1376/1376 1361/1375/1375 1351/1425/1425
f 1352/1426/1426 1353/1427/1427 1363/1395/1395 1362/1394/1394
f 1353/2421/1427 1354/1428/1428 1364/1400/1400 1363/2424/1395
f 1354/1428/1428 1355/1429/1429 1365/2486/1403 1364/1400/1400
f 1441/1430/1430 1442/1418/1418 1366/1419/1419 1315/1431/1431
f 1320/2422/1390 1368/1421/1421 1367/1420/1420 1322/1391/1391
f 1318/1388/1388 1369/1422/1422 1368/2423/1421 1320/1390/1390
f 1316/2484/1389 1370/2485/1423 1369/1422/1422 1318/1388/1388
f 1432/1432/1432 1433/1387/1387 1336/1383/1383 1371/1433/1433
f 1439/1393/1393 1440/1434/1434 1372/1435/1435 1341/1392/1392
f 1431/1377/1377 1432/1432/1432 1371/1433/1433 1314/1374/1374
f 1440/1434/1434 1441/1430/1430 1315/1431/1431 1372/1435/1435
f 1335/2493/1382 1327/1358/1358 1371/1433/1433 1336/1383/1383
f 1331/1362/1362 1340/2489/1365 1341/1392/1392 1372/1435/1435
f 1314/1374/1374 1371/1433/1433 1327/1358/1358 1313/1361/1361
f 1372/1435/1435 1315/1431/1431 1316/1389/1389 1331/1362/1362
f 1323/1409/1409 1414/1408/1408 1415/1417/1417 1349/1416/1416
f 1356/1381/1381 1379/1380/1380 1380/1405/1405 1360/1404/1404
f 1351/1425/1425 1361/1375/1375 1365/1403/1403 1355/2483/1429
f 1366/1419/1419 1356/1381/1381 1360/1404/1404 1370/1423/1423
f 1361/1375/1375 1314/1374/1374 1313/1361/1361 1365/1403/1403
f 1315/1431/1431 1366/1419/1419 1370/1423/1423 1316/1389/1389
f 1428/1436/1436 1429/1424/1424 1351/1425/1425 1374/1437/1437
f 1375/2481/1438 1374/1437/1437 1351/1425/1425 1355/2483/1429
f 1376/1439/1439 1375/1438/1438 1355/1429/1429 1354/1428/1428
f 1377/2419/1440 1376/1439/1439 1354/1428/1428 1353/2421/1427
f 1373/1441/1441 1377/1440/1440 1353/1427/1427 1352/1426/1426
f 1444/1379/1379 1445/1442/1442 1389/1443/1443 1379/1380/1380
f 1380/1405/1405 1379/1380/1380 1389/1443/1443 1390/1444/1444
f 1381/1402/1402 1380/2482/1405 1390/2480/1444 1391/1445/1445
f 1382/1398/1398 1381/1402/1402 1391/1445/1445 1392/1446/1446
f 1378/1399/1399 1382/2420/1398 1392/2418/1446 1388/1447/1447
f 1427/1448/1448 1428/1436/1436 1374/1437/1437 1384/1449/1449
f 1385/2479/1450 1384/1449/1449 1374/1437/1437 1375/2481/1438
f 1386/1451/1451 1385/1450/1450 1375/1438/1438 1376/1439/1439
f 1387/2417/1452 1386/1451/1451 1376/1439/1439 1377/2419/1440
f 1383/1453/1453 1387/1452/1452 1377/1440/1440 1373/1441/1441
f 1445/1442/1442 1446/1454/1454 1399/1455/1455 1389/1443/1443
f 1390/1444/1444 1389/1443/1443 1399/1455/1455 1400/1456/1456
f 1391/1445/1445 1390/2480/1444 1400/2478/1456 1401/1457/1457
f 1392/1446/1446 1391/1445/1445 1401/1457/1457 1402/1458/1458
f 1388/1447/1447 1392/2418/1446 1402/2416/1458 1398/1459/1459
f 1426/1460/1460 1427/1448/1448 1384/1449/1449 1394/1461/1461
f 1395/2477/1462 1394/1461/1461 1384/1449/1449 1385/2479/1450
f 1396/1463/1463 1395/1462/1462 1385/1450/1450 1386/1451/1451
f 1397/2415/1464 1396/1463/1463 1386/1451/1451 1387/2417/1452
f 1393/1465/1465 1397/1464/1464 1387/1452/1452 1383/1453/1453
f 1446/1454/1454 1447/1466/1466 1409/1467/1467 1399/1455/1455
f 1400/1456/1456 1399/1455/1455 1409/1467/1467 1410/1468/1468
f 1401/1457/1457 1400/2478/1456 1410/2476/1468 1411/1469/1469
f 1402/1458/1458 1401/1457/1457 1411/1469/1469 1412/1470/1470
f 1398/1459/1459 1402/2416/1458 1412/2414/1470 1408/1471/1471
f 1425/1472/1472 1426/1460/1460 1394/1461/1461 1404/1473/1473
f 1405/2474/1474 1404/1473/1473 1394/1461/1461 1395/2477/1462
f 1406/1475/1475 1405/1474/1474 1395/1462/1462 1396/1463/1463
f 1407/2412/1476 1406/1475/1475 1396/1463/1463 1397/2415/1464
f 1403/1477/1477 1407/1476/1476 1397/1464/1464 1393/1465/1465
f 1447/1466/1466 1448/1478/1478 1419/1479/1479 1409/1467/1467
f 1410/1468/1468 1409/1467/1467 1419/1479/1479 1420/1480/1480
f 1411/1469/1469 1410/2476/1468 1420/2473/1480 1421/1481/1481
f 1412/1470/1470 1411/1469/1469 1421/1481/1481 1422/1482/1482
f 1408/1471/1471 1412/2414/1470 1422/2411/1482 1418/1483/1483
f 1424/1407/1407 1425/1472/1472 1404/1473/1473 1414/1408/1408
f 1415/1417/1417 1414/1408/1408 1404/1473/1473 1405/2474/1474
f 1416/1415/1415 1415/2475/1417 1405/1474/1474 1406/1475/1475
f 1417/1411/1411 1416/1415/1415 1406/1475/1475 1407/2412/1476
f 1413/1412/1412 1417/2413/1411 1407/1476/1476 1403/1477/1477
f 1326/1484/1484 1419/1479/1479 1448/1478/1478 1449/1485/1485
f 1420/1480/1480 1419/1479/1479 1326/1484/1484 1350/1486/1486
f 1421/1481/1481 1420/2473/1480 1350/1486/1486 1348/1487/1487
f 1422/1482/1482 1421/1481/1481 1348/1487/1487 1346/1488/1488
f 1418/1483/1483 1422/2411/1482 1346/1488/1488 1325/1489/1489
f 1413/1412/1412 1424/1407/1407 1423/1406/1406 1324/1413/1413
f 1403/1477/1477 1425/1472/1472 1424/1407/1407 1413/1412/1412
f 1393/1465/1465 1426/1460/1460 1425/1472/1472 1403/1477/1477
f 1383/1453/1453 1427/1448/1448 1426/1460/1460 1393/1465/1465
f 1373/1441/1441 1428/1436/1436 1427/1448/1448 1383/1453/1453
f 1352/1426/1426 1429/1424/1424 1428/1436/1436 1373/1441/1441
f 1362/1394/1394 1430/1376/1376 1429/1424/1424 1352/1426/1426
f 1431/1377/1377 1430/1376/1376 1362/1394/1394 1321/1371/1371
f 1321/1371/1371 1330/1370/1370 1432/1432/1432 1431/1377/1377
f 1330/1370/1370 1337/1386/1386 1433/1387/1387 1432/1432/1432
f 1434/173/173 1433/1387/1387 1337/1386/1386 132/2157/1355
f 133/222/222 1435/174/174 1434/2158/173 132/1355/1355
f 133/222/222 135/2094/221 1436/175/175 1435/174/174
f 135/221/221 130/213/213 1437/171/171 1436/2095/175
f 1438/172/172 1437/171/171 130/213/213 131/2155/212
f 1342/1372/1372 1439/1393/1393 1438/2156/172 131/212/212
f 1342/1372/1372 1334/1373/1373 1440/1434/1434 1439/1393/1393
f 1334/1373/1373 1322/1391/1391 1441/1430/1430 1440/1434/1434
f 1367/1420/1420 1442/1418/1418 1441/1430/1430 1322/1391/1391
f 1357/1396/1396 1443/1378/1378 1442/1418/1418 1367/1420/1420
f 1378/1399/1399 1444/1379/1379 1443/1378/1378 1357/1396/1396
f 1388/1447/1447 1445/1442/1442 1444/1379/1379 1378/1399/1399
f 1398/1459/1459 1446/1454/1454 1445/1442/1442 1388/1447/1447
f 1408/1471/1471 1447/1466/1466 1446/1454/1454 1398/1459/1459
f 1418/1483/1483 1448/1478/1478 1447/1466/1466 1408/1471/1471
f 1449/1485/1485 1448/1478/1478 1418/1483/1483 1325/1489/1489
f 1347/1414/1414 1345/1410/1410 1324/1413/1413 1423/1406/1406
f 1449/1485/1485 1325/1489/1489 1346/1488/1488 1348/1487/1487
f 1423/1406/1406 1323/1409/1409 1349/1416/1416 1347/1414/1414
f 1348/1487/1487 1350/1486/1486 1326/1484/1484 1449/1485/1485
f 1490/2152/126 1491/1490/1490 1463/1491/1491 95/127/127
f 1484/1492/1492 1485/1493/1493 1467/1494/1494 1452/2519/1495
f 1492/1496/1496 1493/1497/1497 1476/1498/1498 1451/2525/1499
f 1482/1500/1500 1483/1501/1501 1480/1502/1502 1456/2518/1503
f 1463/2526/1491 1464/1504/1504 104/136/136 95/2528/127
f 1467/2524/1494 1468/1505/1505 1459/1506/1506 1452/1495/1495
f 104/136/136 1464/1504/1504 1553/1507/1507 1554/143/143
f 1459/1506/1506 1468/1505/1505 1559/1508/1508 1560/1509/1509
f 1463/1491/1491 1491/1490/1490 1492/1496/1496 1451/2525/1499
f 1458/1510/1510 1464/1504/1504 1463/2526/1491 1451/1499/1499
f 1552/1511/1511 1553/1507/1507 1464/1504/1504 1458/1510/1510
f 1467/1494/1494 1485/1493/1493 1486/122/122 94/2523/121
f 101/135/135 1468/1505/1505 1467/2524/1494 94/121/121
f 1558/2148/142 1559/1508/1508 1468/1505/1505 101/135/135
f 1462/1512/1512 98/150/150 110/2149/149 1465/1513/1513
f 1469/1514/1514 109/144/144 91/2153/147 1466/1515/1515
f 1465/1513/1513 1460/1516/1516 1450/1517/1517 1462/1512/1512
f 1466/1515/1515 1453/1518/1518 1461/1519/1519 1469/1514/1514
f 1476/2521/1498 1477/1520/1520 1458/1510/1510 1451/1499/1499
f 1480/2520/1502 1481/1521/1521 1471/1522/1522 1456/1503/1503
f 1460/1516/1516 1474/1523/1523 1475/1524/1524 1450/1517/1517
f 1473/1525/1525 1478/1526/1526 1479/1527/1527 1457/1528/1528
f 1475/1524/1524 1474/1523/1523 1472/1529/1529 1454/1530/1530
f 1476/1498/1498 1493/1497/1497 1494/1531/1531 1455/1532/1532
f 1470/1533/1533 1477/1520/1520 1476/2521/1498 1455/2508/1532
f 1479/1527/1527 1478/1526/1526 1461/1519/1519 1453/1518/1518
f 1480/1502/1502 1483/1501/1501 1484/1492/1492 1452/2519/1495
f 1459/1506/1506 1481/1521/1521 1480/2520/1502 1452/1495/1495
f 1457/1528/1528 1479/1527/1527 1483/1501/1501 1482/1500/1500
f 1484/1492/1492 1483/1501/1501 1479/1527/1527 1453/1518/1518
f 1453/1518/1518 1466/1515/1515 1485/1493/1493 1484/1492/1492
f 1486/122/122 1485/1493/1493 1466/1515/1515 91/2153/147
f 1487/123/123 1486/2154/122 91/147/147 92/146/146
f 100/2092/181 1488/129/129 1487/123/123 92/146/146
f 1489/125/125 1488/2093/129 100/181/181 97/151/151
f 98/2503/150 1490/126/126 1489/125/125 97/151/151
f 98/150/150 1462/1512/1512 1491/1490/1490 1490/2152/126
f 1492/1496/1496 1491/1490/1490 1462/1512/1512 1450/1517/1517
f 1450/1517/1517 1475/1524/1524 1493/1497/1497 1492/1496/1496
f 1494/1531/1531 1493/1497/1497 1475/1524/1524 1454/1530/1530
f 1496/2517/1534 1722/2507/1535 1723/1536/1536 1495/1537/1537
f 1456/2518/1503 1728/2505/1538 1729/1539/1539 1482/1500/1500
f 1723/1536/1536 1724/1540/1540 1499/1541/1541 1495/1537/1537
f 1729/1539/1539 1730/1542/1542 1457/1528/1528 1482/1500/1500
f 1502/2514/1543 1507/2516/1544 1508/1545/1545 1501/1546/1546
f 1497/1547/1547 1510/2515/1548 1511/1549/1549 1498/1550/1550
f 1508/1545/1545 1509/1551/1551 1505/1552/1552 1501/1546/1546
f 1511/1549/1549 1512/1553/1553 1500/1554/1554 1498/1550/1550
f 1508/1545/1545 1507/2516/1544 1496/2517/1534 1495/1537/1537
f 1499/1541/1541 1509/1551/1551 1508/1545/1545 1495/1537/1537
f 1511/1549/1549 1510/2515/1548 1503/2509/1555 1504/1556/1556
f 1506/1557/1557 1512/1553/1553 1511/1549/1549 1504/1556/1556
f 1514/1558/1558 1523/2511/1559 1524/1560/1560 1513/1561/1561
f 1574/1562/1562 1575/1563/1563 1526/2513/1564 1527/1565/1565
f 1524/1560/1560 1525/1566/1566 1517/1567/1567 1513/1561/1561
f 1527/1565/1565 1528/1568/1568 1579/1569/1569 1574/1562/1562
f 1551/1570/1570 1552/1511/1511 1458/1510/1510 1477/1520/1520
f 1481/1521/1521 1459/1506/1506 1560/1509/1509 1561/1571/1571
f 1477/1520/1520 1470/1533/1533 1550/1572/1572 1551/1570/1570
f 1561/1571/1571 1562/1573/1573 1471/1522/1522 1481/1521/1521
f 1549/1574/1574 1726/1575/1575 1727/1576/1576 1519/1577/1577
f 1562/1573/1573 1732/1578/1578 1733/1579/1579 1471/1522/1522
f 1568/1580/1580 1569/1581/1581 1502/2514/1543 1501/1546/1546
f 1505/1552/1552 1573/1582/1582 1568/1580/1580 1501/1546/1546
f 1527/1565/1565 1526/2513/1564 1515/1583/1583 1516/1584/1584
f 1518/1585/1585 1528/1568/1568 1527/1565/1565 1516/1584/1584
f 1519/1577/1577 1529/1586/1586 1548/1587/1587 1549/1574/1574
f 1532/1588/1588 1522/1589/1589 1563/1590/1590 1564/1591/1591
f 1547/1592/1592 1548/1587/1587 1529/1586/1586 1533/1593/1593
f 1564/1591/1591 1565/1594/1594 1536/1595/1595 1532/1588/1588
f 1570/1596/1596 1571/1597/1597 1547/1592/1592 1533/1593/1593
f 1576/1598/1598 1577/1599/1599 1566/1600/1600 1540/1601/1601
f 1537/1602/1602 1541/1603/1603 1545/1604/1604 1546/1605/1605
f 1544/1606/1606 1540/1601/1601 1566/1600/1600 1567/1607/1607
f 1546/1605/1605 1545/1604/1604 1542/1608/1608 1538/1609/1609
f 1571/1597/1597 1572/1610/1610 1534/1611/1611 1547/1592/1592
f 1534/1611/1611 1530/1612/1612 1548/1587/1587 1547/1592/1592
f 1549/1574/1574 1548/1587/1587 1530/1612/1612 1520/1613/1613
f 1520/1613/1613 1725/1614/1614 1726/1575/1575 1549/1574/1574
f 1551/1570/1570 1550/1572/1572 1472/1529/1529 1474/1523/1523
f 1474/1523/1523 1460/1516/1516 1552/1511/1511 1551/1570/1570
f 1465/1513/1513 1553/1507/1507 1552/1511/1511 1460/1516/1516
f 1554/143/143 1553/1507/1507 1465/1513/1513 110/2149/149
f 1555/141/141 1554/2150/143 110/149/149 108/148/148
f 105/2090/182 1556/139/139 1555/141/141 108/148/148
f 1557/140/140 1556/2091/139 105/182/182 106/145/145
f 109/2147/144 1558/142/142 1557/140/140 106/145/145
f 1469/1514/1514 1559/1508/1508 1558/2148/142 109/144/144
f 1560/1509/1509 1559/1508/1508 1469/1514/1514 1461/1519/1519
f 1561/1571/1571 1560/1509/1509 1461/1519/1519 1478/1526/1526
f 1478/1526/1526 1473/1525/1525 1562/1573/1573 1561/1571/1571
f 1473/1525/1525 1731/1615/1615 1732/1578/1578 1562/1573/1573
f 1564/1591/1591 1563/1590/1590 1521/1616/1616 1531/1617/1617
f 1531/1617/1617 1535/1618/1618 1565/1594/1594 1564/1591/1591
f 1577/1599/1599 1578/1619/1619 1539/1620/1620 1566/1600/1600
f 1567/1607/1607 1566/1600/1600 1539/1620/1620 1543/1621/1621
f 1509/1551/1551 1499/1541/1541 1520/1613/1613 1530/1612/1612
f 1500/1554/1554 1512/1553/1553 1531/1617/1617 1521/1616/1616
f 1499/1541/1541 1724/1540/1540 1725/1614/1614 1520/1613/1613
f 1457/1528/1528 1730/1542/1542 1731/1615/1615 1473/1525/1525
f 1505/1552/1552 1509/1551/1551 1530/1612/1612 1534/1611/1611
f 1512/1553/1553 1506/1557/1557 1535/1618/1618 1531/1617/1617
f 1572/1610/1610 1573/1582/1582 1505/1552/1552 1534/1611/1611
f 1578/1619/1619 1579/1569/1569 1528/1568/1568 1539/1620/1620
f 1569/2512/1581 1570/1596/1596 1533/1593/1593 1502/1543/1543
f 1575/2510/1563 1576/1598/1598 1540/1601/1601 1526/1564/1564
f 1507/1544/1544 1502/1543/1543 1533/1593/1593 1529/1586/1586
f 1503/1555/1555 1510/1548/1548 1532/1588/1588 1536/1595/1595
f 1529/1586/1586 1519/1577/1577 1496/1534/1534 1507/1544/1544
f 1522/1589/1589 1532/1588/1588 1510/1548/1548 1497/2506/1547
f 1727/1576/1576 1722/1535/1535 1496/1534/1534 1519/1577/1577
f 1733/1579/1579 1728/1538/1538 1456/1503/1503 1471/1522/1522
f 1541/1603/1603 1537/1602/1602 1523/1559/1559 1514/1558/1558
f 1540/1601/1601 1544/1606/1606 1515/1583/1583 1526/1564/1564
f 1524/1560/1560 1523/2511/1559 1569/1581/1581 1568/1580/1580
f 1537/1602/1602 1570/1596/1596 1569/2512/1581 1523/1559/1559
f 1546/1605/1605 1571/1597/1597 1570/1596/1596 1537/1602/1602
f 1538/1609/1609 1572/1610/1610 1571/1597/1597 1546/1605/1605
f 1525/1566/1566 1573/1582/1582 1572/1610/1610 1538/1609/1609
f 1568/1580/1580 1573/1582/1582 1525/1566/1566 1524/1560/1560
f 1503/2509/1555 1575/1563/1563 1574/1562/1562 1504/1556/1556
f 1536/1595/1595 1576/1598/1598 1575/2510/1563 1503/1555/1555
f 1565/1594/1594 1577/1599/1599 1576/1598/1598 1536/1595/1595
f 1535/1618/1618 1578/1619/1619 1577/1599/1599 1565/1594/1594
f 1506/1557/1557 1579/1569/1569 1578/1619/1619 1535/1618/1618
f 1574/1562/1562 1579/1569/1569 1506/1557/1557 1504/1556/1556
f 1517/1567/1567 1525/1566/1566 1538/1609/1609 1542/1608/1608
f 1528/1568/1568 1518/1585/1585 1543/1621/1621 1539/1620/1620
f 1513/1561/1561 1517/1567/1567 1542/1608/1608 1545/1604/1604
f 1518/1585/1585 1516/1584/1584 1567/1607/1607 1543/1621/1621
f 1514/1558/1558 1513/1561/1561 1545/1604/1604 1541/1603/1603
f 1516/1584/1584 1515/1583/1583 1544/1606/1606 1567/1607/1607
f 1704/1622/1622 1705/1623/1623 1647/1624/1624 1580/1625/1625
f 1918/1626/1626 1919/1627/1627 1662/1628/1628 1587/1629/1629
f 1912/1630/1630 1913/1631/1631 1707/89/89 70/92/92
f 1587/1629/1629 1662/1628/1628 1663/1632/1632 1651/1633/1633
f 1701/1634/1634 1702/1635/1635 1623/1636/1636 1588/1637/1637
f 1632/1638/1638 1665/1639/1639 1666/1640/1640 1627/1641/1641
f 1699/1642/1642 1700/1643/1643 1653/1644/1644 1592/1645/1645
f 1667/1646/1646 1668/1647/1647 1657/1648/1648 1591/1649/1649
f 1592/1645/1645 1636/1650/1650 1698/1651/1651 1699/1642/1642
f 1599/1652/1652 1638/1653/1653 1670/1654/1654 1671/1655/1655
f 1596/1656/1656 1600/1657/1657 1696/1658/1658 1697/1659/1659
f 1603/1660/1660 1599/1652/1652 1671/1655/1655 1672/1661/1661
f 1600/1657/1657 1604/1662/1662 1695/1663/1663 1696/1658/1658
f 1607/1664/1664 1603/1660/1660 1672/1661/1661 1673/1665/1665
f 1654/1666/1666 1693/1667/1667 1694/1668/1668 1641/1669/1669
f 1673/1665/1665 1674/1670/1670 1643/1671/1671 1607/1664/1664
f 1608/1672/1672 1620/1673/1673 1691/1674/1674 1692/1675/1675
f 1677/1676/1676 1678/1677/1677 1635/1678/1678 1624/1679/1679
f 1612/1680/1680 1644/1681/1681 1688/1682/1682 1689/1683/1683
f 1619/1684/1684 1648/1685/1685 1680/1686/1686 1681/1687/1687
f 1916/1688/1688 1917/1689/1689 81/114/114 1686/2142/113
f 1922/1690/1690 1923/1691/1691 1619/1684/1684 1681/1687/1687
f 71/2139/106 1914/2541/1692 1915/1693/1693 78/104/104
f 1586/2568/1694 1920/2539/1695 1921/1696/1696 1618/1697/1697
f 1645/1698/1698 1646/2563/1699 1581/2567/1700 1613/1701/1701
f 1649/1702/1702 1650/2562/1703 1586/2568/1694 1618/1697/1697
f 1621/1704/1704 1622/2565/1705 1589/2558/1706 1609/1707/1707
f 1625/1708/1708 1626/2566/1709 1633/2564/1710 1634/1711/1711
f 1689/1683/1683 1714/1712/1712 1715/1713/1713 1612/1680/1680
f 1581/2567/1700 1712/2553/1714 1713/1715/1715 1613/1701/1701
f 1710/1716/1716 1711/1717/1717 1704/1622/1622 1580/1625/1625
f 1676/1718/1718 1677/1676/1676 1624/1679/1679 1611/1719/1719
f 1590/2557/1720 1626/2566/1709 1625/1708/1708 1610/1721/1721
f 1627/1641/1641 1666/1640/1640 1667/1646/1646 1591/1649/1649
f 1623/1636/1636 1702/1635/1635 1703/1722/1722 1628/1723/1723
f 1630/1724/1724 1629/1725/1725 1622/2565/1705 1621/1704/1704
f 1690/1726/1726 1691/1674/1674 1620/1673/1673 1631/1727/1727
f 1716/1728/1728 1717/1729/1729 1665/1639/1639 1632/1638/1638
f 1634/1711/1711 1633/2564/1710 1718/2551/1730 1719/1731/1731
f 1720/1732/1732 1721/1733/1733 1635/1678/1678 1678/1677/1677
f 1697/1659/1659 1698/1651/1651 1636/1650/1650 1596/1656/1656
f 1669/1734/1734 1670/1654/1654 1638/1653/1653 1595/1735/1735
f 1641/1669/1669 1694/1668/1668 1695/1663/1663 1604/1662/1662
f 1658/1736/1736 1675/1737/1737 1676/1718/1718 1611/1719/1719
f 1917/1689/1689 1912/1630/1630 70/92/92 81/114/114
f 1923/1691/1691 1918/1626/1626 1587/1629/1629 1619/1684/1684
f 1687/1738/1738 1688/1682/1682 1644/1681/1681 1616/1739/1739
f 1584/1740/1740 1646/2563/1699 1645/1698/1698 1617/1741/1741
f 1647/1624/1624 1705/1623/1623 1706/1742/1742 1585/1743/1743
f 1679/1744/1744 1680/1686/1686 1648/1685/1685 1615/1745/1745
f 1582/1746/1746 1650/2562/1703 1649/1702/1702 1614/1747/1747
f 1651/1633/1633 1663/1632/1632 1664/1748/1748 1583/1749/1749
f 1647/1624/1624 1585/1743/1743 1616/1739/1739 1644/1681/1681
f 1587/1629/1629 1651/1633/1633 1648/1685/1685 1619/1684/1684
f 1644/1681/1681 1612/1680/1680 1580/1625/1625 1647/1624/1624
f 1651/1633/1633 1583/1749/1749 1615/1745/1745 1648/1685/1685
f 1715/1713/1713 1710/1716/1716 1580/1625/1625 1612/1680/1680
f 1635/1678/1678 1721/1733/1733 1716/1728/1728 1632/1638/1638
f 1631/1727/1727 1620/1673/1673 1623/1636/1636 1628/1723/1723
f 1632/1638/1638 1627/1641/1641 1624/1679/1679 1635/1678/1678
f 1620/1673/1673 1608/1672/1672 1588/1637/1637 1623/1636/1636
f 1627/1641/1641 1591/1649/1649 1611/1719/1719 1624/1679/1679
f 1592/1645/1645 1653/1644/1644 1654/1666/1666 1641/1669/1669
f 1591/1649/1649 1657/1648/1648 1658/1736/1736 1611/1719/1719
f 1636/1650/1650 1592/1645/1645 1641/1669/1669 1604/1662/1662
f 1595/1735/1735 1638/1653/1653 1607/1664/1664 1643/1671/1671
f 1604/1662/1662 1600/1657/1657 1596/1656/1656 1636/1650/1650
f 1603/1660/1660 1607/1664/1664 1638/1653/1653 1599/1652/1652
f 1653/1644/1644 1700/1643/1643 1701/1634/1634 1588/1637/1637
f 1654/1666/1666 1653/1644/1644 1588/1637/1637 1608/1672/1672
f 1692/1675/1675 1693/1667/1667 1654/1666/1666 1608/1672/1672
f 1657/1648/1648 1668/1647/1647 1669/1734/1734 1595/1735/1735
f 1658/1736/1736 1657/1648/1648 1595/1735/1735 1643/1671/1671
f 1643/1671/1671 1674/1670/1670 1675/1737/1737 1658/1736/1736
f 1605/1750/1750 1640/1751/1751 1593/2561/1752 1637/2555/1753
f 1642/1754/1754 1606/1755/1755 1639/2554/1756 1594/2560/1757
f 1640/1751/1751 1655/1758/1758 1652/2559/1759 1593/2561/1752
f 1659/1760/1760 1642/1754/1754 1594/2560/1757 1656/2556/1761
f 1589/2558/1706 1652/2559/1759 1655/1758/1758 1609/1707/1707
f 1656/2556/1761 1590/2557/1720 1610/1721/1721 1659/1760/1760
f 1637/2555/1753 1597/1762/1762 1601/1763/1763 1605/1750/1750
f 1606/1755/1755 1602/1764/1764 1598/1765/1765 1639/2554/1756
f 1661/2146/87 1660/86/86 65/98/98 66/2537/103
f 1919/1627/1627 1920/1695/1695 1586/1694/1694 1662/1628/1628
f 1663/1632/1632 1662/1628/1628 1586/1694/1694 1650/1703/1703
f 1664/1748/1748 1663/1632/1632 1650/1703/1703 1582/2550/1746
f 1717/1729/1729 1718/1730/1730 1633/1710/1710 1665/1639/1639
f 1666/1640/1640 1665/1639/1639 1633/1710/1710 1626/1709/1709
f 1667/1646/1646 1666/1640/1640 1626/1709/1709 1590/1720/1720
f 1590/1720/1720 1656/1761/1761 1668/1647/1647 1667/1646/1646
f 1669/1734/1734 1668/1647/1647 1656/1761/1761 1594/1757/1757
f 1639/1756/1756 1670/1654/1654 1669/1734/1734 1594/1757/1757
f 1671/1655/1655 1670/1654/1654 1639/1756/1756 1598/1765/1765
f 1672/1661/1661 1671/1655/1655 1598/1765/1765 1602/1764/1764
f 1673/1665/1665 1672/1661/1661 1602/1764/1764 1606/1755/1755
f 1606/1755/1755 1642/1754/1754 1674/1670/1670 1673/1665/1665
f 1675/1737/1737 1674/1670/1670 1642/1754/1754 1659/1760/1760
f 1676/1718/1718 1675/1737/1737 1659/1760/1760 1610/1721/1721
f 1625/1708/1708 1677/1676/1676 1676/1718/1718 1610/1721/1721
f 1634/1711/1711 1678/1677/1677 1677/1676/1676 1625/1708/1708
f 1719/1731/1731 1720/1732/1732 1678/1677/1677 1634/1711/1711
f 1649/1702/1702 1680/1686/1686 1679/1744/1744 1614/1747/1747
f 1681/1687/1687 1680/1686/1686 1649/1702/1702 1618/1697/1697
f 1921/1696/1696 1922/1690/1690 1681/1687/1687 1618/1697/1697
f 76/101/101 1683/108/108 1682/2143/107 75/2144/102
f 1684/115/115 1683/108/108 76/101/101 83/2088/119
f 77/105/105 1685/112/112 1684/2089/115 83/119/119
f 1686/113/113 1685/112/112 77/105/105 78/2141/104
f 1915/1693/1693 1916/1688/1688 1686/2142/113 78/104/104
f 1645/1698/1698 1688/1682/1682 1687/1738/1738 1617/1741/1741
f 1689/1683/1683 1688/1682/1682 1645/1698/1698 1613/1701/1701
f 1713/1715/1715 1714/1712/1712 1689/1683/1683 1613/1701/1701
f 1621/1704/1704 1691/1674/1674 1690/1726/1726 1630/1724/1724
f 1692/1675/1675 1691/1674/1674 1621/1704/1704 1609/1707/1707
f 1609/1707/1707 1655/1758/1758 1693/1667/1667 1692/1675/1675
f 1694/1668/1668 1693/1667/1667 1655/1758/1758 1640/1751/1751
f 1695/1663/1663 1694/1668/1668 1640/1751/1751 1605/1750/1750
f 1696/1658/1658 1695/1663/1663 1605/1750/1750 1601/1763/1763
f 1697/1659/1659 1696/1658/1658 1601/1763/1763 1597/1762/1762
f 1637/1753/1753 1698/1651/1651 1697/1659/1659 1597/1762/1762
f 1699/1642/1642 1698/1651/1651 1637/1753/1753 1593/1752/1752
f 1593/1752/1752 1652/1759/1759 1700/1643/1643 1699/1642/1642
f 1701/1634/1634 1700/1643/1643 1652/1759/1759 1589/1706/1706
f 1589/1706/1706 1622/1705/1705 1702/1635/1635 1701/1634/1634
f 1703/1722/1722 1702/1635/1635 1622/1705/1705 1629/2552/1725
f 1704/1622/1622 1711/1717/1717 1712/1714/1714 1581/1700/1700
f 1581/1700/1700 1646/1699/1699 1705/1623/1623 1704/1622/1622
f 1706/1742/1742 1705/1623/1623 1646/1699/1699 1584/2540/1740
f 1707/89/89 1913/1631/1631 1914/1692/1692 71/2570/106
f 72/100/100 1708/90/90 1707/2140/89 71/106/106
f 73/2086/95 1709/94/94 1708/90/90 72/100/100
f 1660/86/86 1709/2087/94 73/95/95 65/98/98
f 1628/1723/1723 1703/1722/1722 1711/1717/1717 1710/1716/1716
f 1712/1714/1714 1711/1717/1717 1703/1722/1722 1629/2552/1725
f 1713/1715/1715 1712/2553/1714 1629/1725/1725 1630/1724/1724
f 1630/1724/1724 1690/1726/1726 1714/1712/1712 1713/1715/1715
f 1715/1713/1713 1714/1712/1712 1690/1726/1726 1631/1727/1727
f 1628/1723/1723 1710/1716/1716 1715/1713/1713 1631/1727/1727
f 1664/1748/1748 1717/1729/1729 1716/1728/1728 1583/1749/1749
f 1582/2550/1746 1718/1730/1730 1717/1729/1729 1664/1748/1748
f 1719/1731/1731 1718/2551/1730 1582/1746/1746 1614/1747/1747
f 1679/1744/1744 1720/1732/1732 1719/1731/1731 1614/1747/1747
f 1615/1745/1745 1721/1733/1733 1720/1732/1732 1679/1744/1744
f 1716/1728/1728 1721/1733/1733 1615/1745/1745 1583/1749/1749
f 1723/1536/1536 1722/2507/1535 1455/1532/1532 1494/1531/1531
f 1454/1530/1530 1724/1540/1540 1723/1536/1536 1494/1531/1531
f 1725/1614/1614 1724/1540/1540 1454/1530/1530 1472/1529/1529
f 1726/1575/1575 1725/1614/1614 1472/1529/1529 1550/1572/1572
f 1727/1576/1576 1726/1575/1575 1550/1572/1572 1470/1533/1533
f 1455/2508/1532 1722/1535/1535 1727/1576/1576 1470/1533/1533
f 1729/1539/1539 1728/2505/1538 1497/1547/1547 1498/1550/1550
f 1500/1554/1554 1730/1542/1542 1729/1539/1539 1498/1550/1550
f 1731/1615/1615 1730/1542/1542 1500/1554/1554 1521/1616/1616
f 1732/1578/1578 1731/1615/1615 1521/1616/1616 1563/1590/1590
f 1733/1579/1579 1732/1578/1578 1563/1590/1590 1522/1589/1589
f 1497/2506/1547 1728/1538/1538 1733/1579/1579 1522/1589/1589
f 1871/1766/1766 1872/1767/1767 1751/1768/1768 1734/1769/1769
f 1826/2547/53 1827/1770/1770 1749/1771/1771 43/54/54
f 1734/1769/1769 1778/1772/1772 1870/1773/1773 1871/1766/1766
f 1741/1774/1774 1782/1775/1775 1832/1776/1776 1833/1777/1777
f 1738/1778/1778 1876/1779/1779 1877/1780/1780 1869/1781/1781
f 1745/1782/1782 1799/1783/1783 1834/1784/1784 1835/1785/1785
f 1747/1786/1786 1875/1787/1787 1822/49/49 42/48/48
f 1763/1788/1788 1828/1789/1789 1829/1790/1790 1791/1791/1791
f 1760/1792/1792 1874/1793/1793 1875/1787/1787 1747/1786/1786
f 1753/1794/1794 1830/1795/1795 1831/1796/1796 1737/1797/1797
f 1754/1798/1798 50/58/58 39/2549/61 1746/2620/1799
f 51/2544/63 1755/1800/1800 1748/2618/1801 46/2621/64
f 1757/1802/1802 1756/1803/1803 1750/2619/1804 1735/2616/1805
f 1759/1806/1806 1758/1807/1807 1736/2614/1808 1752/2609/1809
f 1746/2620/1799 1761/2611/1810 1762/1811/1811 1754/1798/1798
f 1793/1812/1812 1790/2610/1813 1764/2617/1814 1765/1815/1815
f 1751/1768/1768 1872/1767/1767 1873/1816/1816 1787/1817/1817
f 1789/1818/1818 1786/2612/1819 1750/2619/1804 1756/1803/1803
f 1749/1771/1771 1827/1770/1770 1828/1789/1789 1763/1788/1788
f 1765/1815/1815 1764/2617/1814 1748/2618/1801 1755/1800/1800
f 1767/1820/1820 1766/1821/1821 1854/1822/1822 1855/1823/1823
f 1769/1824/1824 1768/1825/1825 1847/1826/1826 1848/1827/1827
f 1853/2543/68 1854/1822/1822 1766/1821/1821 53/69/69
f 1769/1824/1824 1848/1827/1827 1849/70/70 56/73/73
f 1857/1828/1828 1858/1829/1829 1770/1830/1830 1771/1831/1831
f 1773/1832/1832 1844/1833/1833 1845/1834/1834 1772/1835/1835
f 1771/1831/1831 1788/1836/1836 1856/1837/1837 1857/1828/1828
f 1768/1825/1825 1792/1838/1838 1846/1839/1839 1847/1826/1826
f 1747/1786/1786 42/48/48 53/69/69 1766/1821/1821
f 43/54/54 1749/1771/1771 1769/1824/1824 56/73/73
f 1760/1792/1792 1747/1786/1786 1766/1821/1821 1767/1820/1820
f 1749/1771/1771 1763/1788/1788 1768/1825/1825 1769/1824/1824
f 1751/1768/1768 1787/1817/1817 1788/1836/1836 1771/1831/1831
f 1763/1788/1788 1791/1791/1791 1792/1838/1838 1768/1825/1825
f 1858/1829/1829 1859/1840/1840 1781/1841/1841 1770/1830/1830
f 1842/1842/1842 1843/1843/1843 1785/1844/1844 1776/1845/1845
f 1779/2615/1846 1780/1847/1847 1757/1802/1802 1735/2616/1805
f 1783/2613/1848 1784/1849/1849 1777/1850/1850 1740/1851/1851
f 1734/1769/1769 1751/1768/1768 1771/1831/1831 1770/1830/1830
f 1753/1794/1794 1737/1797/1797 1773/1832/1832 1772/1835/1835
f 1869/1781/1781 1870/1773/1773 1778/1772/1772 1738/1778/1778
f 1774/1852/1852 1780/1847/1847 1779/2615/1846 1739/2608/1853
f 1775/1854/1854 1781/1841/1841 1859/1840/1840 1860/1855/1855
f 1831/1796/1796 1832/1776/1776 1782/1775/1775 1737/1797/1797
f 1758/1807/1807 1784/1849/1849 1783/2613/1848 1736/2614/1808
f 1773/1832/1832 1785/1844/1844 1843/1843/1843 1844/1833/1833
f 1778/1772/1772 1734/1769/1769 1770/1830/1830 1781/1841/1841
f 1785/1844/1844 1773/1832/1832 1737/1797/1797 1782/1775/1775
f 1787/1817/1817 1873/1816/1816 1874/1793/1793 1760/1792/1792
f 1788/1836/1836 1787/1817/1817 1760/1792/1792 1767/1820/1820
f 1855/1823/1823 1856/1837/1837 1788/1836/1836 1767/1820/1820
f 1762/1811/1811 1761/2611/1810 1786/2612/1819 1789/1818/1818
f 1791/1791/1791 1829/1790/1790 1830/1795/1795 1753/1794/1794
f 1792/1838/1838 1791/1791/1791 1753/1794/1794 1772/1835/1835
f 1845/1834/1834 1846/1839/1839 1792/1838/1838 1772/1835/1835
f 1752/2609/1809 1790/2610/1813 1793/1812/1812 1759/1806/1806
f 1738/1778/1778 1778/1772/1772 1781/1841/1841 1775/1854/1854
f 1782/1775/1775 1741/1774/1774 1776/1845/1845 1785/1844/1844
f 1878/2604/1856 1879/1857/1857 1774/1852/1852 1739/2608/1853
f 1800/2607/1858 1801/1859/1859 1795/1860/1860 1744/1861/1861
f 1867/1862/1862 1868/1863/1863 1796/1864/1864 1742/1865/1865
f 1794/1866/1866 1798/1867/1867 1797/1868/1868 1743/2606/1869
f 1882/1870/1870 1883/1871/1871 1834/1784/1784 1799/1783/1783
f 1884/2602/1872 1885/1873/1873 1801/1859/1859 1800/2607/1858
f 1860/1855/1855 1880/1874/1874 1881/1875/1875 1775/1854/1854
f 1841/1876/1876 1886/1877/1877 1887/1878/1878 1803/1879/1879
f 1881/1875/1875 1876/1779/1779 1738/1778/1778 1775/1854/1854
f 1887/1878/1878 1882/1870/1870 1799/1783/1783 1803/1879/1879
f 1742/1865/1865 1796/1864/1864 1802/1880/1880 1804/1881/1881
f 1799/1783/1783 1745/1782/1782 1805/1882/1882 1803/1879/1879
f 1861/1883/1883 1862/1884/1884 1804/1881/1881 1802/1880/1880
f 1840/1885/1885 1841/1876/1876 1803/1879/1879 1805/1882/1882
f 1804/1881/1881 1862/1884/1884 1889/1886/1886 1890/1887/1887
f 1839/1888/1888 1895/1889/1889 1896/1890/1890 1808/1891/1891
f 1900/1892/1892 1901/1893/1893 1864/1894/1894 1810/1895/1895
f 1906/1896/1896 1907/1897/1897 1839/1888/1888 1808/1891/1891
f 1817/1898/1898 1865/1899/1899 1904/1900/1900 1905/1901/1901
f 1836/1902/1902 1910/1903/1903 1911/1904/1904 1819/1905/1905
f 1891/1906/1906 1892/1907/1907 1867/1862/1862 1742/1865/1865
f 1897/1908/1908 1898/1909/1909 1836/1902/1902 1819/1905/1905
f 1804/1881/1881 1890/1887/1887 1891/1906/1906 1742/1865/1865
f 1808/1891/1891 1896/1890/1890 1897/1908/1908 1819/1905/1905
f 1810/1895/1895 1864/1894/1894 1865/1899/1899 1817/1898/1898
f 1837/1910/1910 1838/1911/1911 1813/1912/1912 1818/1913/1913
f 1811/1914/1914 1902/1915/1915 1903/1916/1916 1814/1917/1917
f 1809/1918/1918 1908/1919/1919 1909/1920/1920 1820/2605/1921
f 1893/2600/1922 1888/1923/1923 1794/1866/1866 1743/2606/1869
f 1899/2599/1924 1894/1925/1925 1809/1918/1918 1820/2605/1921
f 1823/50/50 1822/2548/49 39/61/61 40/60/60
f 1824/57/57 1823/50/50 40/60/60 47/2084/82
f 1825/52/52 1824/2085/57 47/82/82 45/65/65
f 46/2622/64 1826/53/53 1825/52/52 45/65/65
f 46/64/64 1748/1801/1801 1827/1770/1770 1826/2547/53
f 1828/1789/1789 1827/1770/1770 1748/1801/1801 1764/1814/1814
f 1829/1790/1790 1828/1789/1789 1764/1814/1814 1790/1813/1813
f 1830/1795/1795 1829/1790/1790 1790/1813/1813 1752/1809/1809
f 1831/1796/1796 1830/1795/1795 1752/1809/1809 1736/1808/1808
f 1783/1848/1848 1832/1776/1776 1831/1796/1796 1736/1808/1808
f 1833/1777/1777 1832/1776/1776 1783/1848/1848 1740/2601/1851
f 1800/1858/1858 1834/1784/1784 1883/1871/1871 1884/1872/1872
f 1835/1785/1785 1834/1784/1784 1800/1858/1858 1744/2598/1861
f 1898/1909/1909 1899/1924/1924 1820/1921/1921 1836/1902/1902
f 1909/2595/1920 1910/1903/1903 1836/1902/1902 1820/1921/1921
f 1812/1926/1926 1838/1911/1911 1837/1910/1910 1821/1927/1927
f 1839/1888/1888 1907/1897/1897 1908/1919/1919 1809/1918/1918
f 1894/1925/1925 1895/1889/1889 1839/1888/1888 1809/1918/1918
f 1795/1860/1860 1801/1859/1859 1841/1876/1876 1840/1885/1885
f 1801/1859/1859 1885/1873/1873 1886/1877/1877 1841/1876/1876
f 1784/1849/1849 1843/1843/1843 1842/1842/1842 1777/1850/1850
f 1844/1833/1833 1843/1843/1843 1784/1849/1849 1758/1807/1807
f 1845/1834/1834 1844/1833/1833 1758/1807/1807 1759/1806/1806
f 1793/1812/1812 1846/1839/1839 1845/1834/1834 1759/1806/1806
f 1847/1826/1826 1846/1839/1839 1793/1812/1812 1765/1815/1815
f 1848/1827/1827 1847/1826/1826 1765/1815/1815 1755/1800/1800
f 1849/70/70 1848/1827/1827 1755/1800/1800 51/2544/63
f 52/62/62 1850/71/71 1849/2545/70 51/63/63
f 1851/75/75 1850/71/71 52/62/62 58/2082/76
f 1852/67/67 1851/2083/75 58/76/76 49/59/59
f 1853/68/68 1852/67/67 49/59/59 50/2542/58
f 1754/1798/1798 1854/1822/1822 1853/2543/68 50/58/58
f 1855/1823/1823 1854/1822/1822 1754/1798/1798 1762/1811/1811
f 1789/1818/1818 1856/1837/1837 1855/1823/1823 1762/1811/1811
f 1857/1828/1828 1856/1837/1837 1789/1818/1818 1756/1803/1803
f 1757/1802/1802 1858/1829/1829 1857/1828/1828 1756/1803/1803
f 1780/1847/1847 1859/1840/1840 1858/1829/1829 1757/1802/1802
f 1860/1855/1855 1859/1840/1840 1780/1847/1847 1774/1852/1852
f 1774/1852/1852 1879/1857/1857 1880/1874/1874 1860/1855/1855
f 1798/1867/1867 1794/1866/1866 1862/1884/1884 1861/1883/1883
f 1888/1923/1923 1889/1886/1886 1862/1884/1884 1794/1866/1866
f 1811/1914/1914 1864/1894/1894 1901/1893/1893 1902/1915/1915
f 1865/1899/1899 1864/1894/1894 1811/1914/1914 1814/1917/1917
f 1903/2597/1916 1904/1900/1900 1865/1899/1899 1814/1917/1917
f 1892/1907/1907 1893/1922/1922 1743/1869/1869 1867/1862/1862
f 1797/2603/1868 1868/1863/1863 1867/1862/1862 1743/1869/1869
f 1869/1781/1781 1877/1780/1780 1878/1856/1856 1739/1853/1853
f 1779/1846/1846 1870/1773/1773 1869/1781/1781 1739/1853/1853
f 1871/1766/1766 1870/1773/1773 1779/1846/1846 1735/1805/1805
f 1735/1805/1805 1750/1804/1804 1872/1767/1767 1871/1766/1766
f 1873/1816/1816 1872/1767/1767 1750/1804/1804 1786/1819/1819
f 1874/1793/1793 1873/1816/1816 1786/1819/1819 1761/1810/1810
f 1875/1787/1787 1874/1793/1793 1761/1810/1810 1746/1799/1799
f 1822/49/49 1875/1787/1787 1746/1799/1799 39/2624/61
f 1877/1780/1780 1876/1779/1779 1796/1864/1864 1868/1863/1863
f 1878/1856/1856 1877/1780/1780 1868/1863/1863 1797/2603/1868
f 1797/1868/1868 1798/1867/1867 1879/1857/1857 1878/2604/1856
f 1880/1874/1874 1879/1857/1857 1798/1867/1867 1861/1883/1883
f 1881/1875/1875 1880/1874/1874 1861/1883/1883 1802/1880/1880
f 1796/1864/1864 1876/1779/1779 1881/1875/1875 1802/1880/1880
f 1833/1777/1777 1883/1871/1871 1882/1870/1870 1741/1774/1774
f 1884/1872/1872 1883/1871/1871 1833/1777/1777 1740/2601/1851
f 1777/1850/1850 1885/1873/1873 1884/2602/1872 1740/1851/1851
f 1886/1877/1877 1885/1873/1873 1777/1850/1850 1842/1842/1842
f 1887/1878/1878 1886/1877/1877 1842/1842/1842 1776/1845/1845
f 1741/1774/1774 1882/1870/1870 1887/1878/1878 1776/1845/1845
f 1863/1928/1928 1889/1886/1886 1888/1923/1923 1806/1929/1929
f 1890/1887/1887 1889/1886/1886 1863/1928/1928 1807/1930/1930
f 1891/1906/1906 1890/1887/1887 1807/1930/1930 1816/1931/1931
f 1866/1932/1932 1892/1907/1907 1891/1906/1906 1816/1931/1931
f 1815/1933/1933 1893/1922/1922 1892/1907/1907 1866/1932/1932
f 1806/1929/1929 1888/1923/1923 1893/2600/1922 1815/2596/1933
f 1795/1860/1860 1840/1885/1885 1895/1889/1889 1894/1925/1925
f 1896/1890/1890 1895/1889/1889 1840/1885/1885 1805/1882/1882
f 1897/1908/1908 1896/1890/1890 1805/1882/1882 1745/1782/1782
f 1835/1785/1785 1898/1909/1909 1897/1908/1908 1745/1782/1782
f 1744/2598/1861 1899/1924/1924 1898/1909/1909 1835/1785/1785
f 1795/1860/1860 1894/1925/1925 1899/2599/1924 1744/1861/1861
f 1905/1901/1901 1900/1892/1892 1810/1895/1895 1817/1898/1898
f 1911/1904/1904 1906/1896/1896 1808/1891/1891 1819/1905/1905
f 1863/1928/1928 1901/1893/1893 1900/1892/1892 1807/1930/1930
f 1902/1915/1915 1901/1893/1893 1863/1928/1928 1806/1929/1929
f 1903/1916/1916 1902/1915/1915 1806/1929/1929 1815/2596/1933
f 1866/1932/1932 1904/1900/1900 1903/2597/1916 1815/1933/1933
f 1905/1901/1901 1904/1900/1900 1866/1932/1932 1816/1931/1931
f 1807/1930/1930 1900/1892/1892 1905/1901/1901 1816/1931/1931
f 1813/1912/1912 1838/1911/1911 1907/1897/1897 1906/1896/1896
f 1908/1919/1919 1907/1897/1897 1838/1911/1911 1812/1926/1926
f 1909/1920/1920 1908/1919/1919 1812/1926/1926 1821/1927/1927
f 1821/1927/1927 1837/1910/1910 1910/1903/1903 1909/2595/1920
f 1911/1904/1904 1910/1903/1903 1837/1910/1910 1818/1913/1913
f 1813/1912/1912 1906/1896/1896 1911/1904/1904 1818/1913/1913
f 1585/1743/1743 1706/1742/1742 1913/1631/1631 1912/1630/1630
f 1914/1692/1692 1913/1631/1631 1706/1742/1742 1584/2540/1740
f 1915/1693/1693 1914/2541/1692 1584/1740/1740 1617/1741/1741
f 1687/1738/1738 1916/1688/1688 1915/1693/1693 1617/1741/1741
f 1616/1739/1739 1917/1689/1689 1916/1688/1688 1687/1738/1738
f 1585/1743/1743 1912/1630/1630 1917/1689/1689 1616/1739/1739
f 1661/87/87 1919/1627/1627 1918/1626/1626 67/88/88
f 66/2538/103 1920/1695/1695 1919/1627/1627 1661/87/87
f 1921/1696/1696 1920/2539/1695 66/103/103 75/102/102
f 1682/107/107 1922/1690/1690 1921/1696/1696 75/102/102
f 80/110/110 1923/1691/1691 1922/1690/1690 1682/107/107
f 67/88/88 1918/1626/1626 1923/1691/1691 80/110/110
f 13/2656/15 1928/2655/1934 2060/1935/1935 2061/16/16
f 1927/2651/1936 1930/2653/1937 2066/1938/1938 2067/1939/1939
f 2059/1940/1940 2060/1935/1935 1928/2655/1934 1924/2652/1941
f 2065/2584/17 2066/1938/1938 1930/2653/1937 14/18/18
f 2058/1942/1942 2059/1940/1940 1924/2652/1941 1932/2650/1943
f 1927/2651/1936 2067/1939/1939 2068/1944/1944 1935/1945/1945
f 1924/1941/1941 1936/1946/1946 1937/1947/1947 1932/1943/1943
f 1939/1948/1948 1927/1936/1936 1935/2647/1945 1938/1949/1949
f 1940/1950/1950 1936/1946/1946 1924/1941/1941 1928/1934/1934
f 1939/1948/1948 1941/1951/1951 1930/1937/1937 1927/1936/1936
f 38/2589/47 1940/1950/1950 1928/1934/1934 13/15/15
f 1941/1951/1951 37/44/44 14/2654/18 1930/1937/1937
f 1937/1947/1947 1954/1952/1952 1955/1953/1953 1932/1943/1943
f 1945/1954/1954 1957/1955/1955 1958/1956/1956 1944/2645/1957
f 1932/2650/1943 1955/2649/1953 2057/1958/1958 2058/1942/1942
f 1944/1957/1957 1958/2648/1956 2069/1959/1959 2070/1960/1960
f 9/7/7 1948/1961/1961 2031/1962/1962 2032/43/43
f 1949/1963/1963 10/12/12 2036/2588/42 2037/1964/1964
f 1948/1961/1961 1950/1965/1965 2030/1966/1966 2031/1962/1962
f 1951/1967/1967 1949/1963/1963 2037/1964/1964 2038/1968/1968
f 1952/1969/1969 2029/1970/1970 2030/1966/1966 1950/1965/1965
f 2038/1968/1968 2039/1971/1971 1953/1972/1972 1951/1967/1967
f 1955/1953/1953 1954/1952/1952 1942/1973/1973 1943/1974/1974
f 2056/1975/1975 2057/1958/1958 1955/2649/1953 1943/2646/1974
f 1958/1956/1956 1957/1955/1955 1938/1949/1949 1935/2647/1945
f 2068/1944/1944 2069/1959/1959 1958/2648/1956 1935/1945/1945
f 2028/1976/1976 2029/1970/1970 1952/1969/1969 1960/1977/1977
f 1953/1972/1972 2039/1971/1971 2040/1978/1978 1961/1979/1979
f 1962/1980/1980 2027/1981/1981 2028/1976/1976 1960/1977/1977
f 2040/1978/1978 2041/1982/1982 1963/1983/1983 1961/1979/1979
f 1950/1965/1965 1948/1961/1961 1929/1984/1984 1925/1985/1985
f 1949/1963/1963 1951/1967/1967 1926/1986/1986 1931/1987/1987
f 1952/1969/1969 1950/1965/1965 1925/1985/1985 1933/1988/1988
f 1951/1967/1967 1953/1972/1972 1934/1989/1989 1926/1986/1986
f 1960/1977/1977 1952/1969/1969 1933/1988/1988 1956/1990/1990
f 1953/1972/1972 1961/1979/1979 1959/1991/1991 1934/1989/1989
f 1948/1961/1961 9/7/7 8/2585/10 1929/1984/1984
f 10/12/12 1949/1963/1963 1931/1987/1987 11/13/13
f 1943/2646/1974 1964/2644/1992 2055/1993/1993 2056/1975/1975
f 1967/1994/1994 1944/1957/1957 2070/1960/1960 2071/1995/1995
f 1964/2644/1992 1998/2642/1996 2054/1997/1997 2055/1993/1993
f 1971/2643/1998 2002/2641/1999 2072/2000/2000 2073/2001/2001
f 1973/2634/2002 2051/2003/2003 2052/2004/2004 2005/2005/2005
f 2073/2001/2001 2074/2006/2006 2009/2007/2007 1971/2643/1998
f 1977/2008/2008 2049/2009/2009 2050/2010/2010 2017/2635/2011
f 2075/2012/2012 2076/2013/2013 2019/2633/2014 1974/2636/2015
f 2026/2016/2016 2027/1981/1981 1962/1980/1980 1980/2017/2017
f 2041/1982/1982 2042/2018/2018 1983/2019/2019 1963/1983/1983
f 1962/1980/1980 1960/1977/1977 1956/1990/1990 1946/2020/2020
f 1961/1979/1979 1963/1983/1983 1947/2021/2021 1959/1991/1991
f 2025/2022/2022 2026/2016/2016 1980/2017/2017 1996/2023/2023
f 2000/2024/2024 2043/2025/2025 2044/2026/2026 1987/2027/2027
f 1989/2028/2028 2022/2029/2029 2023/2030/2030 2007/2031/2031
f 2044/2026/2026 2045/2032/2032 2011/2033/2033 1987/2027/2027
f 2021/2034/2034 2022/2029/2029 1989/2028/2028 2012/2035/2035
f 2014/2036/2036 2047/2037/2037 2048/2038/2038 1995/2039/2039
f 1964/1992/1992 1943/1974/1974 1942/1973/1973 1981/2040/2040
f 1944/2645/1957 1967/2640/1994 1982/2041/2041 1945/1954/1954
f 1997/2042/2042 1998/1996/1996 1964/1992/1992 1981/2040/2040
f 2001/2043/2043 2002/1999/1999 1971/1998/1998 1986/2044/2044
f 1973/2002/2002 2005/2639/2005 2006/2045/2045 1988/2046/2046
f 1971/1998/1998 2009/2637/2007 2010/2047/2047 1986/2044/2044
f 2024/2048/2048 2025/2022/2022 1996/2023/2023 1984/2049/2049
f 1968/2050/2050 1998/1996/1996 1997/2042/2042 1985/2051/2051
f 2053/2052/2052 2054/1997/1997 1998/2642/1996 1968/2638/2050
f 1983/2019/2019 2042/2018/2018 2043/2025/2025 2000/2024/2024
f 1967/2640/1994 2002/1999/1999 2001/2043/2043 1982/2041/2041
f 2071/1995/1995 2072/2000/2000 2002/2641/1999 1967/1994/1994
f 2005/2005/2005 2052/2004/2004 2053/2052/2052 1968/2638/2050
f 2006/2045/2045 2005/2639/2005 1968/2050/2050 1985/2051/2051
f 2007/2031/2031 2023/2030/2030 2024/2048/2048 1984/2049/2049
f 2074/2006/2006 2075/2012/2012 1974/2636/2015 2009/2007/2007
f 2010/2047/2047 2009/2637/2007 1974/2015/2015 1991/2053/2053
f 2045/2032/2032 2046/2054/2054 1990/2055/2055 2011/2033/2033
f 2020/2056/2056 2021/2034/2034 2012/2035/2035 1992/2057/2057
f 1990/2055/2055 2046/2054/2054 2047/2037/2037 2014/2036/2036
f 2017/2635/2011 2050/2010/2010 2051/2003/2003 1973/2634/2002
f 2076/2013/2013 2077/2058/2058 1978/2059/2059 2019/2633/2014
f 2017/2011/2011 1973/2002/2002 1988/2046/2046 2013/2060/2060
f 2015/2061/2061 1991/2053/2053 1974/2015/2015 2019/2014/2014
f 1996/2023/2023 1980/2017/2017 1965/2062/2062 1999/2063/2063
f 2003/2064/2064 1966/2065/2065 1983/2019/2019 2000/2024/2024
f 1980/2017/2017 1962/1980/1980 1946/2020/2020 1965/2062/2062
f 1963/1983/1983 1983/2019/2019 1966/2065/2065 1947/2021/2021
f 1984/2049/2049 1996/2023/2023 1999/2063/2063 1969/2066/2066
f 2000/2024/2024 1987/2027/2027 1970/2067/2067 2003/2064/2064
f 2007/2031/2031 1984/2049/2049 1969/2066/2066 2004/2068/2068
f 2008/2069/2069 1970/2067/2067 1987/2027/2027 2011/2033/2033
f 2004/2068/2068 1972/2070/2070 1989/2028/2028 2007/2031/2031
f 2011/2033/2033 1990/2055/2055 1975/2071/2071 2008/2069/2069
f 2012/2035/2035 1989/2028/2028 1972/2070/2070 2016/2072/2072
f 2018/2073/2073 1975/2071/2071 1990/2055/2055 2014/2036/2036
f 2013/2060/2060 2021/2034/2034 2020/2056/2056 1993/2074/2074
f 1988/2046/2046 2022/2029/2029 2021/2034/2034 2013/2060/2060
f 2023/2030/2030 2022/2029/2029 1988/2046/2046 2006/2045/2045
f 2024/2048/2048 2023/2030/2030 2006/2045/2045 1985/2051/2051
f 1997/2042/2042 2025/2022/2022 2024/2048/2048 1985/2051/2051
f 1981/2040/2040 2026/2016/2016 2025/2022/2022 1997/2042/2042
f 1981/2040/2040 1942/1973/1973 2027/1981/1981 2026/2016/2016
f 2028/1976/1976 2027/1981/1981 1942/1973/1973 1954/1952/1952
f 1937/1947/1947 2029/1970/1970 2028/1976/1976 1954/1952/1952
f 2030/1966/1966 2029/1970/1970 1937/1947/1947 1936/1946/1946
f 2031/1962/1962 2030/1966/1966 1936/1946/1946 1940/1950/1950
f 2032/43/43 2031/1962/1962 1940/1950/1950 38/2589/47
f 2033/41/41 2032/2590/43 38/47/47 36/46/46
f 34/2669/84 2034/39/39 2033/41/41 36/46/46
f 2035/40/40 2034/2081/39 34/84/84 35/45/45
f 37/2672/44 2036/42/42 2035/40/40 35/45/45
f 2037/1964/1964 2036/2588/42 37/44/44 1941/1951/1951
f 2038/1968/1968 2037/1964/1964 1941/1951/1951 1939/1948/1948
f 1938/1949/1949 2039/1971/1971 2038/1968/1968 1939/1948/1948
f 2040/1978/1978 2039/1971/1971 1938/1949/1949 1957/1955/1955
f 1945/1954/1954 2041/1982/1982 2040/1978/1978 1957/1955/1955
f 1945/1954/1954 1982/2041/2041 2042/2018/2018 2041/1982/1982
f 2043/2025/2025 2042/2018/2018 1982/2041/2041 2001/2043/2043
f 2044/2026/2026 2043/2025/2025 2001/2043/2043 1986/2044/2044
f 2010/2047/2047 2045/2032/2032 2044/2026/2026 1986/2044/2044
f 1991/2053/2053 2046/2054/2054 2045/2032/2032 2010/2047/2047
f 2047/2037/2037 2046/2054/2054 1991/2053/2053 2015/2061/2061
f 2048/2038/2038 2047/2037/2037 2015/2061/2061 1994/2075/2075
f 2050/2010/2010 2049/2009/2009 1976/2076/2076 2016/2072/2072
f 2051/2003/2003 2050/2010/2010 2016/2072/2072 1972/2070/2070
f 2052/2004/2004 2051/2003/2003 1972/2070/2070 2004/2068/2068
f 2053/2052/2052 2052/2004/2004 2004/2068/2068 1969/2066/2066
f 1999/2063/2063 2054/1997/1997 2053/2052/2052 1969/2066/2066
f 2055/1993/1993 2054/1997/1997 1999/2063/2063 1965/2062/2062
f 2056/1975/1975 2055/1993/1993 1965/2062/2062 1946/2020/2020
f 1956/1990/1990 2057/1958/1958 2056/1975/1975 1946/2020/2020
f 2058/1942/1942 2057/1958/1958 1956/1990/1990 1933/1988/1988
f 1925/1985/1985 2059/1940/1940 2058/1942/1942 1933/1988/1988
f 1929/1984/1984 2060/1935/1935 2059/1940/1940 1925/1985/1985
f 2061/16/16 2060/1935/1935 1929/1984/1984 8/2585/10
f 2062/6/6 2061/2586/16 8/10/10 6/9/9
f 2063/2/2 2062/6/6 6/9/9 2/2078/24
f 2064/3/3 2063/2079/2 2/24/24 3/14/14
f 11/2583/13 2065/17/17 2064/3/3 3/14/14
f 1931/1987/1987 2066/1938/1938 2065/2584/17 11/13/13
f 2067/1939/1939 2066/1938/1938 1931/1987/1987 1926/1986/1986
f 2068/1944/1944 2067/1939/1939 1926/1986/1986 1934/1989/1989
f 1959/1991/1991 2069/1959/1959 2068/1944/1944 1934/1989/1989
f 2070/1960/1960 2069/1959/1959 1959/1991/1991 1947/2021/2021
f 2071/1995/1995 2070/1960/1960 1947/2021/2021 1966/2065/2065
f 2003/2064/2064 2072/2000/2000 2071/1995/1995 1966/2065/2065
f 2073/2001/2001 2072/2000/2000 2003/2064/2064 1970/2067/2067
f 2008/2069/2069 2074/2006/2006 2073/2001/2001 1970/2067/2067
f 1975/2071/2071 2075/2012/2012 2074/2006/2006 2008/2069/2069
f 2018/2073/2073 2076/2013/2013 2075/2012/2012 1975/2071/2071
f 1979/2077/2077 2077/2058/2058 2076/2013/2013 2018/2073/2073
f 1992/2057/2057 2012/2035/2035 2016/2072/2072 1976/2076/2076
f 2014/2036/2036 1995/2039/2039 1979/2077/2077 2018/2073/2073
f 1977/2008/2008 2017/2011/2011 2013/2060/2060 1993/2074/2074
f 2019/2014/2014 1978/2059/2059 1994/2075/2075 2015/2061/2061
f 2020/2056/2056 1992/2057/2057 1976/2076/2076 2049/2009/2009
f 2077/2058/2058 1979/2077/2077 1995/2039/2039 2048/2038/2038
f 2049/2009/2009 1977/2008/2008 1993/2074/2074 2020/2056/2056
f 2048/2038/2038 1994/2075/2075 1978/2059/2059 2077/2058/2058
