# This file uses centimeters as units for non-parametric coordinates.

mtllib Skin_low.mtl
g default
v 0.000000 1.223063 0.262354
v -0.000000 1.150268 0.237077
v -0.000000 1.191668 0.241074
v 0.000000 1.444672 0.244386
v -0.000000 1.475927 0.259941
v 0.000000 1.426847 0.237390
v -0.000000 1.407289 0.231664
v -0.000000 1.370600 0.244114
v -0.000000 1.356635 0.253485
v -0.000000 1.386468 0.236458
v 0.000000 1.258267 0.262895
v -0.000000 1.245358 0.252751
v -0.000000 1.237103 0.260129
v 0.000000 1.263171 0.276760
v 0.000000 1.299394 0.291507
v -0.000000 1.326660 0.275963
v 0.000000 1.140751 0.226681
v 0.000000 1.260269 0.268724
v -0.000000 1.454376 0.248853
v -0.000000 1.203984 0.251536
v 0.000000 1.176119 0.251763
v 0.000000 1.130207 0.228838
v -0.000000 1.077429 0.212134
v -0.000000 1.070961 0.190972
v 0.000000 1.072588 0.147951
v 0.000000 1.084901 0.104222
v 0.000000 1.061758 0.025707
v -0.000000 1.568259 0.249005
v 0.000000 1.024169 0.017190
v -0.000000 0.945918 0.014762
v 0.000000 0.891439 0.037565
v 0.000000 0.983550 0.011269
v 0.000000 0.844225 0.073050
v -0.000000 1.154923 -0.224951
v -0.000000 1.223753 -0.227335
v -0.000000 1.249557 -0.240778
v 0.000000 1.264260 -0.266300
v 0.000000 1.302536 -0.304910
v -0.000000 1.336697 -0.322993
v -0.000000 1.374997 -0.339259
v 0.000000 1.417434 -0.355977
v 0.000000 1.461445 -0.366511
v 0.000000 1.505477 -0.369344
v 0.000000 1.269606 0.288143
v 0.000000 1.100647 0.228362
v -0.000000 1.314142 0.285298
v 0.000000 1.284679 0.293405
v 0.000000 0.925472 0.020965
v 0.000000 1.098375 0.072385
v -0.000000 1.190897 -0.225619
v -0.000000 1.115182 0.229434
v 0.000000 1.256382 0.255177
v -0.000000 1.627777 0.226505
v 0.000000 1.679728 0.182016
v 0.000000 1.517236 0.262704
v 0.000000 1.284121 -0.290717
v -0.000000 1.720065 0.128542
v -0.000000 1.744216 0.076695
v 0.000000 1.761459 0.026229
v 0.000000 1.770972 -0.023152
v -0.000000 1.110999 -0.226252
v -0.000000 1.059703 -0.231339
v 0.000000 1.006384 -0.248758
v 0.000000 0.951025 -0.280631
v -0.000000 1.336049 0.267904
v -0.000000 1.344278 0.261527
v 0.000000 0.727894 0.138314
v 0.000000 0.659913 0.181248
v 0.000000 0.190766 0.279288
v 0.000000 0.134127 0.278338
v 0.000000 0.789325 0.102128
v -0.000000 0.280950 -0.285078
v -0.000000 0.182372 -0.261086
v -0.000000 0.470740 -0.369640
v 0.000000 0.617683 -0.391345
v 0.000000 0.749226 -0.365401
v 0.000000 0.833728 -0.335350
v -0.000000 0.077769 -0.238199
v 0.000000 0.034824 0.291696
v -0.000000 0.316194 0.334468
v -0.000000 0.468362 0.303366
v 0.000000 0.258053 0.309247
v -0.000000 0.409207 0.331733
v 0.000000 0.411899 -0.337592
v -0.000000 0.593324 0.215970
v -0.000000 0.531838 0.255302
v 0.000000 0.902951 -0.307364
v 0.000000 0.544132 -0.390000
v 0.000000 -0.082190 0.280882
v -0.000000 -0.065012 -0.209832
v -0.000000 -0.590903 -0.347073
v -0.000000 -0.536303 -0.316126
v -0.000000 -0.465083 -0.282189
v -0.000000 -0.376512 -0.255465
v -0.000000 -0.276047 -0.230832
v 0.000000 -0.176412 -0.213804
v -0.000000 -0.688909 -0.384068
v -0.000000 -0.821128 -0.386432
v -0.000000 -0.922073 -0.351772
v -0.000000 -0.200033 0.281840
v -0.000000 -0.320176 0.300251
v -0.000000 -0.450194 0.308455
v 0.000000 -0.578633 0.306899
v -0.000000 -0.972897 -0.305357
v 0.000000 -0.987514 0.172578
v -0.000000 -1.022528 0.118397
v -0.000000 -1.034845 0.067635
v -0.000000 -1.037645 0.015141
v -0.000000 -1.029106 -0.042883
v 0.000000 -1.006199 -0.100169
v 0.000000 -0.992729 -0.181295
v 0.000000 -0.996276 -0.254950
v -0.000000 1.154873 0.211007
v -0.000000 1.217980 0.174438
v -0.000000 1.199494 0.162584
v -0.000000 1.163757 0.185427
v -0.000000 1.179501 0.174691
v 0.028789 1.193133 0.240278
v 0.045050 1.224241 0.248379
v 0.033925 1.194115 0.239626
v 0.053945 1.221867 0.240867
v 0.077542 1.198941 0.209113
v 0.051301 1.194355 0.235740
v 0.057828 1.167622 0.223334
v 0.029906 1.192410 0.240792
v 0.067692 1.177771 0.217616
v 0.036072 1.193014 0.240033
v 0.011397 1.441572 0.241997
v 0.038163 1.467801 0.248957
v 0.012280 1.426510 0.235281
v 0.042684 1.447268 0.224781
v 0.011984 1.408293 0.230144
v 0.037923 1.426937 0.206190
v 0.013324 1.369462 0.241623
v 0.034642 1.368369 0.215603
v 0.084776 1.380540 0.191611
v 0.084354 1.370818 0.201446
v 0.103535 1.367868 0.196653
v 0.102399 1.378284 0.185896
v 0.056085 1.389150 0.173381
v 0.050082 1.386278 0.188936
v 0.059028 1.398478 0.176935
v 0.053954 1.395529 0.194714
v 0.067252 1.407261 0.201392
v 0.078546 1.406149 0.192256
v 0.101038 1.413502 0.192525
v 0.101527 1.418882 0.207197
v 0.125940 1.411997 0.183072
v 0.133039 1.417774 0.194357
v 0.146242 1.409451 0.168185
v 0.153933 1.413548 0.178259
v 0.158057 1.405705 0.150519
v 0.168245 1.407165 0.155186
v 0.158528 1.400810 0.145644
v 0.164315 1.399507 0.146803
v 0.152168 1.392419 0.153121
v 0.159017 1.388835 0.156072
v 0.137799 1.381506 0.170374
v 0.142433 1.373757 0.175160
v 0.120878 1.376204 0.182099
v 0.124754 1.367264 0.187547
v 0.014172 1.355190 0.250474
v 0.036163 1.350543 0.230522
v 0.074666 1.332513 0.210015
v 0.078979 1.344741 0.204067
v 0.098755 1.341456 0.198209
v 0.027346 1.394362 0.209381
v 0.012599 1.387696 0.233090
v 0.104963 1.447194 0.201128
v 0.105094 1.463396 0.201587
v 0.073602 1.457653 0.215936
v 0.070988 1.441946 0.201142
v 0.088952 1.411507 0.192972
v 0.081440 1.414614 0.207148
v 0.136560 1.448537 0.190928
v 0.138688 1.464542 0.186553
v 0.034854 1.224086 0.255836
v 0.022409 1.192758 0.242487
v 0.021170 1.192265 0.240693
v 0.045570 1.158504 0.229147
v 0.048571 1.252558 0.235674
v 0.034986 1.249266 0.246593
v 0.046290 1.236347 0.241840
v 0.035588 1.237156 0.251024
v 0.032335 1.265332 0.253272
v 0.048450 1.289544 0.245416
v 0.076433 1.295184 0.214180
v 0.091759 1.328719 0.202387
v 0.085141 1.311573 0.208072
v 0.009681 1.193808 0.241569
v 0.011362 1.223146 0.261894
v 0.011650 1.237348 0.260216
v 0.011761 1.246389 0.253312
v 0.011607 1.261430 0.256921
v 0.014825 1.268718 0.270838
v 0.017101 1.299086 0.284847
v 0.015668 1.324562 0.271443
v 0.038457 1.293480 0.267387
v 0.031371 1.270986 0.268607
v 0.036075 1.316313 0.253878
v 0.057482 1.233034 0.233174
v 0.063256 1.246567 0.225351
v 0.091111 1.286219 0.204685
v 0.103807 1.304828 0.198836
v 0.114169 1.324469 0.192190
v 0.122318 1.339327 0.186475
v 0.084433 1.201797 0.203521
v 0.148114 1.336383 0.162944
v 0.155430 1.304236 0.151346
v 0.167261 1.329837 0.137153
v 0.139505 1.317577 0.172890
v 0.177225 1.379366 0.125256
v 0.185217 1.377460 0.109816
v 0.182314 1.400448 0.124513
v 0.189973 1.403767 0.108626
v 0.181341 1.420151 0.136404
v 0.191288 1.430349 0.118471
v 0.161431 1.444130 0.171793
v 0.169581 1.461237 0.162879
v 0.150350 1.239488 0.120671
v 0.148590 1.265041 0.142805
v 0.131128 1.250076 0.161708
v 0.133055 1.228148 0.144654
v 0.082739 1.212974 0.210020
v 0.075782 1.208119 0.219252
v 0.051677 1.196187 0.236419
v 0.094656 1.206499 0.192058
v 0.092449 1.219918 0.199480
v 0.074963 1.175557 0.206392
v 0.083311 1.174583 0.193729
v 0.113124 1.172599 0.136206
v 0.121924 1.170384 0.112465
v 0.015780 1.150034 0.236664
v 0.009938 1.191880 0.240664
v 0.174439 1.260673 0.083174
v 0.167081 1.286420 0.121700
v 0.124475 1.296570 0.186256
v 0.140397 1.283507 0.165656
v 0.108434 1.277490 0.194582
v 0.122789 1.265310 0.180022
v 0.075420 1.240295 0.215524
v 0.085322 1.231172 0.207423
v 0.042575 1.195617 0.238217
v 0.069962 1.214491 0.226169
v 0.076355 1.221834 0.216868
v 0.038522 1.194843 0.239203
v 0.062224 1.218200 0.233659
v 0.067441 1.228173 0.224885
v 0.017400 1.142836 0.225831
v 0.049451 1.153761 0.219285
v 0.063576 1.163351 0.212659
v 0.039386 1.193732 0.239220
v 0.074510 1.188184 0.212258
v 0.081663 1.189182 0.202308
v 0.091063 1.190795 0.190114
v 0.126242 1.201284 0.135694
v 0.139773 1.205474 0.110295
v 0.010330 1.264235 0.263940
v 0.044735 1.292048 0.256543
v 0.033066 1.268787 0.262038
v 0.021654 1.262886 0.251591
v 0.023331 1.247876 0.252728
v 0.024929 1.237751 0.259371
v 0.023269 1.223643 0.260301
v 0.017527 1.193037 0.242803
v 0.017378 1.447530 0.243114
v 0.023600 1.433341 0.231461
v 0.022581 1.413607 0.221750
v 0.021444 1.390217 0.222258
v 0.023833 1.369642 0.230299
v 0.025054 1.353113 0.240767
v 0.026163 1.320482 0.262300
v 0.028117 1.297053 0.275215
v 0.023203 1.270895 0.269469
v 0.021774 1.267700 0.254872
v 0.027331 1.267952 0.256373
v 0.015796 1.266302 0.256022
v 0.017129 1.272328 0.264285
v 0.021095 1.272533 0.265643
v 0.014433 1.270158 0.258902
v 0.028153 1.269750 0.261121
v 0.025866 1.271484 0.265256
v 0.021770 1.271685 0.259542
v 0.050488 1.302654 0.239108
v 0.044510 1.310676 0.246271
v 0.067542 1.381085 0.182104
v 0.067412 1.374104 0.200851
v 0.062689 1.349415 0.208921
v 0.059950 1.337503 0.217190
v 0.047644 1.343746 0.224405
v 0.048591 1.356551 0.212501
v 0.056062 1.379084 0.190532
v 0.058333 1.385412 0.174429
v 0.043103 1.377595 0.196129
v 0.053155 1.370025 0.203434
v 0.065141 1.363675 0.201786
v 0.081533 1.360425 0.200891
v 0.101999 1.357551 0.196859
v 0.123919 1.357525 0.186668
v 0.143997 1.362398 0.171670
v 0.164174 1.385396 0.145194
v 0.171321 1.398465 0.143646
v 0.172866 1.411941 0.150596
v 0.155821 1.425424 0.176742
v 0.133934 1.429639 0.193191
v 0.104561 1.428442 0.202552
v 0.078554 1.422334 0.203402
v 0.059241 1.411726 0.199078
v 0.045157 1.396982 0.194037
v 0.035049 1.204273 0.248368
v 0.025941 1.203420 0.249145
v 0.018150 1.203787 0.250617
v 0.010008 1.204019 0.251390
v 0.012833 1.176005 0.250734
v 0.034918 1.178781 0.245353
v 0.044573 1.181477 0.240366
v 0.052712 1.184303 0.234442
v 0.059808 1.188981 0.229656
v 0.063906 1.193610 0.226956
v 0.064572 1.201796 0.230510
v 0.056823 1.203183 0.237863
v 0.049333 1.204352 0.243337
v 0.042702 1.204434 0.246285
v 0.071425 1.159195 0.201135
v 0.055840 1.146856 0.209339
v 0.021073 1.131918 0.225843
v 0.093507 1.144108 0.150443
v 0.072396 1.119979 0.171084
v 0.033903 1.087304 0.205232
v 0.155056 1.210878 0.073947
v 0.162434 1.212624 0.028907
v 0.186433 1.260268 0.032062
v 0.131490 1.166604 0.076225
v 0.129981 1.163551 0.023167
v 0.100153 1.137699 0.127192
v 0.104605 1.127975 0.095424
v 0.095401 1.128156 0.054585
v 0.078192 1.110349 0.149145
v 0.033990 1.076769 0.185191
v 0.072938 1.099616 0.119305
v 0.028282 1.076912 0.141616
v 0.063242 1.109018 0.080398
v 0.022274 1.087903 0.101598
v 0.016950 1.062438 0.024583
v 0.057811 1.070651 0.017212
v 0.082776 1.081679 0.008790
v 0.101433 1.098684 -0.015348
v 0.104702 1.049075 -0.029033
v 0.086168 1.034776 -0.003768
v 0.113092 1.110538 -0.041816
v 0.135735 1.183321 -0.016957
v 0.166294 1.219413 -0.009372
v 0.188859 1.260170 -0.005516
v 0.198069 1.406420 0.083518
v 0.193478 1.374976 0.086513
v 0.209713 1.404675 0.052523
v 0.204464 1.370589 0.055716
v 0.182124 1.318302 0.105889
v 0.191606 1.306051 0.068771
v 0.199361 1.301177 0.028309
v 0.201224 1.299365 -0.007299
v 0.213118 1.365371 0.022728
v 0.216278 1.359662 -0.009363
v 0.203347 1.441381 0.089745
v 0.215677 1.445951 0.051155
v 0.218922 1.400263 0.019706
v 0.223189 1.395460 -0.011355
v 0.223963 1.441029 0.015478
v 0.228629 1.433402 -0.017706
v 0.080704 1.478529 0.234064
v 0.084954 1.570708 0.223439
v 0.043747 1.571487 0.242085
v 0.114776 1.485681 0.212173
v 0.149111 1.488128 0.187864
v 0.177811 1.485567 0.150994
v 0.151994 1.408174 0.160278
v 0.162589 1.409802 0.168492
v 0.168034 1.419075 0.163685
v 0.176164 1.434788 0.151586
v 0.185678 1.450281 0.136484
v 0.200155 1.474019 0.107068
v 0.199440 1.552331 0.086486
v 0.217070 1.478415 0.053536
v 0.217352 1.546791 0.043067
v 0.178302 1.557546 0.127157
v 0.152906 1.563524 0.163662
v 0.121947 1.568784 0.197069
v 0.225733 1.470761 0.012495
v 0.231109 1.459822 -0.022080
v 0.231412 1.535125 -0.002559
v 0.237587 1.510293 -0.052524
v 0.060666 1.026805 0.010260
v 0.018428 1.024268 0.015986
v 0.061467 0.971301 0.009875
v 0.018822 0.983319 0.010807
v 0.017379 0.951473 0.014015
v 0.054302 0.918640 0.030207
v 0.090805 0.978470 -0.011081
v 0.105034 0.923799 -0.002678
v 0.116365 0.994726 -0.040645
v 0.152783 0.946141 -0.029305
v 0.077855 0.855451 0.061161
v 0.138812 0.873806 0.033929
v 0.191557 0.903722 0.005278
v 0.115913 1.061405 -0.054755
v 0.128814 1.008635 -0.066066
v 0.182267 0.975253 -0.059457
v 0.232627 0.938310 -0.032084
v 0.191572 1.277244 -0.076385
v 0.202849 1.303699 -0.064276
v 0.239454 1.336620 -0.120931
v 0.233503 1.347867 -0.102560
v 0.254403 1.367040 -0.128631
v 0.242552 1.376883 -0.111949
v 0.257929 1.406336 -0.133108
v 0.249419 1.402999 -0.116414
v 0.237204 1.433689 -0.075524
v 0.240847 1.421707 -0.086113
v 0.233097 1.411788 -0.068619
v 0.236828 1.408902 -0.081572
v 0.259265 1.433044 -0.124415
v 0.251323 1.420232 -0.112881
v 0.246346 1.431167 -0.098150
v 0.243512 1.456843 -0.095752
v 0.227903 1.382806 -0.064969
v 0.234699 1.393872 -0.080673
v 0.234351 1.361874 -0.081549
v 0.237356 1.379857 -0.090292
v 0.241729 1.403147 -0.112345
v 0.244346 1.415081 -0.111213
v 0.239508 1.419026 -0.099588
v 0.238493 1.416984 -0.091019
v 0.235784 1.408272 -0.089108
v 0.233600 1.399069 -0.087715
v 0.234694 1.393049 -0.096172
v 0.240851 1.390009 -0.108974
v 0.235671 1.406231 -0.098627
v 0.216675 1.352396 -0.062300
v 0.229442 1.345134 -0.072327
v 0.217974 1.324134 -0.089474
v 0.219270 1.306539 -0.105082
v 0.252023 1.451847 -0.116301
v 0.249409 1.428235 -0.106444
v 0.241624 1.417830 -0.106685
v 0.236526 1.404861 -0.105754
v 0.236970 1.390814 -0.102827
v 0.238522 1.376330 -0.099013
v 0.230285 1.356841 -0.090909
v 0.221122 1.340001 -0.079454
v 0.209048 1.324080 -0.058804
v 0.208360 1.329422 -0.010929
v 0.206824 1.334075 0.023727
v 0.199310 1.339077 0.060737
v 0.189770 1.346213 0.094117
v 0.177706 1.353008 0.121547
v 0.167736 1.357293 0.136866
v 0.155821 1.372914 0.157342
v 0.151128 1.380051 0.166237
v 0.143935 1.386134 0.163027
v 0.168885 1.239609 -0.087072
v 0.141134 1.210184 -0.095220
v 0.126774 1.134141 -0.111438
v 0.125351 1.089035 -0.120552
v 0.166374 1.240380 -0.115380
v 0.140640 1.212860 -0.120848
v 0.125813 1.139785 -0.133605
v 0.124073 1.095431 -0.140864
v 0.134322 1.035476 -0.131465
v 0.189592 1.005931 -0.137520
v 0.250046 0.990827 -0.145366
v 0.180135 1.007120 -0.161938
v 0.236908 0.993299 -0.181148
v 0.131117 1.044735 -0.150960
v 0.183330 1.274477 -0.106712
v 0.204552 1.323960 -0.110759
v 0.216759 1.344401 -0.120978
v 0.240793 1.372183 -0.139669
v 0.246239 1.404983 -0.138699
v 0.247318 1.434913 -0.128900
v 0.239986 1.465100 -0.121074
v 0.237355 1.474440 -0.098191
v 0.250679 0.964450 -0.072509
v 0.191235 0.991859 -0.087169
v 0.134254 1.017740 -0.089740
v 0.121389 1.073077 -0.078395
v 0.120831 1.120657 -0.066528
v 0.139257 1.194325 -0.046010
v 0.167516 1.226781 -0.038960
v 0.188763 1.263917 -0.034424
v 0.199475 1.299429 -0.032922
v 0.206266 1.328019 -0.031674
v 0.214392 1.356784 -0.033808
v 0.222180 1.390837 -0.035562
v 0.227508 1.424217 -0.041847
v 0.230850 1.448941 -0.048839
v 0.234380 1.475402 -0.073509
v 0.233211 1.460185 -0.083495
v 0.229149 1.440696 -0.065638
v 0.225041 1.417583 -0.057528
v 0.219454 1.387181 -0.051962
v 0.212424 1.356365 -0.048099
v 0.204610 1.327275 -0.047566
v 0.198069 1.300849 -0.050434
v 0.192357 1.269112 -0.055383
v 0.167581 1.234458 -0.063223
v 0.139497 1.204163 -0.070339
v 0.124966 1.128296 -0.089479
v 0.124193 1.081909 -0.100219
v 0.136173 1.025426 -0.111707
v 0.192783 1.001324 -0.112528
v 0.254738 0.981181 -0.109614
v 0.179345 1.267105 -0.146652
v 0.203952 1.308554 -0.156022
v 0.155726 1.241649 -0.146996
v 0.134072 1.213077 -0.146835
v 0.119981 1.140410 -0.154142
v 0.119074 1.098021 -0.159749
v 0.126014 1.050116 -0.168732
v 0.162380 1.006664 -0.186051
v 0.211534 0.987528 -0.216265
v 0.217597 1.337898 -0.166404
v 0.239787 1.506413 -0.092980
v 0.242606 1.503947 -0.120377
v 0.138560 1.256590 -0.202450
v 0.169648 1.297962 -0.228960
v 0.185576 1.327791 -0.241058
v 0.200124 1.364196 -0.247888
v 0.227512 1.372099 -0.172389
v 0.233516 1.406571 -0.171111
v 0.213991 1.403089 -0.246568
v 0.238773 1.439277 -0.158449
v 0.228826 1.443433 -0.232263
v 0.240512 1.485633 -0.202034
v 0.243531 1.503920 -0.181542
v 0.244705 1.502604 -0.143011
v 0.242207 1.468091 -0.141425
v 0.121605 1.237744 -0.192189
v 0.110039 1.211427 -0.187800
v 0.095022 1.143537 -0.186644
v 0.094245 1.100611 -0.190066
v 0.102339 1.053882 -0.197630
v 0.124094 1.005684 -0.214287
v 0.164072 0.969444 -0.249147
v 0.072575 1.147685 -0.203118
v 0.085569 1.214473 -0.208371
v 0.040620 1.152923 -0.217844
v 0.047095 1.220766 -0.222198
v 0.096583 1.238630 -0.215591
v 0.052773 1.243287 -0.234230
v 0.108979 1.254977 -0.230823
v 0.061168 1.258045 -0.255714
v 0.130228 1.298414 -0.263872
v 0.077918 1.299790 -0.293290
v 0.140120 1.329172 -0.278714
v 0.082386 1.331979 -0.309658
v 0.151566 1.365763 -0.289870
v 0.088660 1.370016 -0.322814
v 0.166706 1.406118 -0.294537
v 0.103239 1.413339 -0.330797
v 0.184377 1.447348 -0.291636
v 0.112020 1.454510 -0.336400
v 0.206602 1.490285 -0.272385
v 0.137292 1.499963 -0.327995
v 0.069646 1.317690 0.216908
v 0.043707 1.271161 0.251145
v 0.041074 1.274015 0.261178
v 0.036195 1.276038 0.270363
v 0.028504 1.275717 0.277681
v 0.018210 1.273226 0.284345
v 0.067292 1.279928 0.221088
v 0.080510 1.271497 0.210603
v 0.094557 1.262570 0.201343
v 0.106316 1.251125 0.191812
v 0.116189 1.238404 0.176694
v 0.119298 1.219892 0.162362
v 0.115080 1.197572 0.154376
v 0.105329 1.173547 0.153458
v 0.087430 1.148797 0.167886
v 0.067555 1.128838 0.186032
v 0.030438 1.104409 0.219778
v 0.047709 1.298249 0.245226
v 0.043888 1.301946 0.252174
v 0.037639 1.306279 0.261119
v 0.027461 1.309403 0.269672
v 0.016478 1.312558 0.279219
v 0.017739 1.285842 0.287168
v 0.028640 1.286157 0.278134
v 0.038080 1.285031 0.270045
v 0.044385 1.282942 0.259639
v 0.047670 1.278885 0.247910
v 0.017028 1.191930 0.240966
v 0.024907 1.176634 0.248779
v 0.032409 1.152845 0.236194
v 0.034264 1.147239 0.224163
v 0.039672 1.137522 0.218754
v 0.049184 1.114914 0.202996
v 0.052634 1.103372 0.189158
v 0.055406 1.092884 0.171311
v 0.052165 1.086729 0.131892
v 0.043230 1.095984 0.093652
v 0.035768 1.065370 0.021435
v 0.038527 1.024040 0.012995
v 0.037879 0.977072 0.010658
v 0.028825 0.939388 0.018652
v 0.017114 1.100547 0.069069
v 0.043228 1.189326 -0.219162
v 0.077835 1.183779 -0.205321
v 0.101774 1.180088 -0.186849
v 0.125986 1.178352 -0.150981
v 0.130204 1.176667 -0.127492
v 0.128749 1.171803 -0.103868
v 0.124923 1.165609 -0.081397
v 0.119631 1.159791 -0.057619
v 0.112154 1.151142 -0.031343
v 0.099860 1.139571 0.000931
v 0.078224 1.123650 0.026036
v 0.054113 1.114211 0.047058
v 0.034361 1.106074 0.060751
v 0.063667 1.303419 0.223923
v 0.025923 1.117538 0.224668
v 0.045189 1.125450 0.211990
v 0.062637 1.137788 0.198194
v 0.079860 1.154299 0.186365
v 0.093449 1.173774 0.176395
v 0.103481 1.193971 0.172132
v 0.108603 1.213760 0.175257
v 0.104902 1.229100 0.187242
v 0.096335 1.241402 0.198709
v 0.084450 1.251026 0.208047
v 0.071342 1.258656 0.217778
v 0.058774 1.266126 0.227440
v 0.055960 1.289274 0.233456
v 0.051181 1.274135 0.237688
v 0.043705 1.266007 0.242172
v 0.032074 1.260168 0.246066
v 0.022320 1.257104 0.250291
v 0.011086 1.257315 0.252321
v 0.086167 1.623545 0.201184
v 0.044445 1.628105 0.219961
v 0.121921 1.614753 0.173888
v 0.149989 1.603610 0.143314
v 0.173096 1.594839 0.112825
v 0.192734 1.593785 0.078010
v 0.211871 1.591695 0.038529
v 0.227883 1.584008 -0.007485
v 0.168691 1.625352 0.101671
v 0.150003 1.641157 0.120405
v 0.181161 1.636907 0.073715
v 0.158669 1.665116 0.087785
v 0.120181 1.660503 0.144396
v 0.081877 1.672861 0.164988
v 0.041758 1.678250 0.177608
v 0.085551 1.521184 0.239835
v 0.042921 1.518331 0.257849
v 0.070554 1.277746 -0.277149
v 0.119183 1.273846 -0.248597
v 0.154458 1.275100 -0.215096
v 0.191782 1.286440 -0.149480
v 0.190228 1.297909 -0.103668
v 0.193978 1.295928 -0.090419
v 0.208488 1.312757 -0.076371
v 0.215386 1.328489 -0.071522
v 0.224085 1.348069 -0.065340
v 0.232652 1.368709 -0.072508
v 0.235364 1.385063 -0.084256
v 0.233647 1.395749 -0.091855
v 0.235743 1.407240 -0.094320
v 0.238952 1.418507 -0.095466
v 0.244132 1.428663 -0.093179
v 0.241879 1.448694 -0.084063
v 0.231349 1.454276 -0.075666
v 0.232887 1.466654 -0.059907
v 0.234261 1.486895 -0.035319
v 0.228529 1.500703 0.005936
v 0.217880 1.509979 0.049906
v 0.202150 1.513785 0.096730
v 0.181173 1.519128 0.140489
v 0.155483 1.522624 0.182078
v 0.121199 1.522501 0.215801
v 0.122261 1.690909 0.102742
v 0.080282 1.708872 0.115836
v 0.040969 1.716965 0.126522
v 0.197651 1.641499 0.037969
v 0.210978 1.641456 -0.005813
v 0.234222 1.567773 -0.053838
v 0.216153 1.637777 -0.052055
v 0.167109 1.682961 0.047012
v 0.125362 1.711902 0.057495
v 0.079198 1.732738 0.067195
v 0.038962 1.742059 0.074834
v 0.170645 1.694714 -0.000079
v 0.173146 1.699972 -0.047892
v 0.125618 1.727004 0.008819
v 0.080221 1.748702 0.017930
v 0.038235 1.758659 0.024901
v 0.121201 1.738223 -0.042471
v 0.081449 1.757690 -0.033724
v 0.040317 1.768169 -0.027238
v 0.071185 1.104761 -0.205301
v 0.040106 1.110614 -0.219169
v 0.041845 1.059598 -0.224777
v 0.075857 1.055934 -0.212335
v 0.090072 1.005933 -0.229706
v 0.048620 1.007634 -0.242021
v 0.057962 0.955737 -0.272842
v 0.112801 0.956765 -0.261999
v 0.054040 1.312546 0.231822
v 0.045596 1.320645 0.239340
v 0.035528 1.326790 0.246119
v 0.025063 1.330644 0.254575
v 0.014855 1.334364 0.263618
v 0.014482 1.342975 0.257778
v 0.024764 1.340353 0.248200
v 0.035609 1.337026 0.239336
v 0.046789 1.331537 0.232579
v 0.057277 1.324294 0.225147
v 0.099592 0.670153 0.166943
v 0.093331 0.735703 0.124993
v 0.204042 0.681396 0.139724
v 0.186385 0.752295 0.099444
v 0.102679 0.110925 0.284280
v 0.105556 0.169087 0.304006
v 0.198924 0.109215 0.230871
v 0.218697 0.153372 0.283012
v 0.272574 0.137958 0.156583
v 0.316338 0.183919 0.215738
v 0.331038 0.176117 0.064991
v 0.366822 0.234478 0.142428
v 0.423715 0.738252 -0.010625
v 0.460350 0.829820 -0.067020
v 0.387879 0.879176 -0.049987
v 0.354629 0.813302 -0.000036
v 0.612998 0.747662 -0.085423
v 0.624511 0.808975 -0.103656
v 0.324870 0.692418 0.088449
v 0.281979 0.774865 0.059489
v 0.407307 0.579504 0.025909
v 0.466674 0.611622 -0.032307
v 0.464424 0.531464 -0.085853
v 0.395663 0.507468 -0.006297
v 0.288743 0.883031 -0.008360
v 0.238704 0.840393 0.029986
v 0.163596 0.810572 0.060243
v 0.084870 0.796974 0.090320
v 0.609029 0.639297 -0.111045
v 0.612964 0.591978 -0.148981
v 0.423995 0.467064 -0.099780
v 0.400366 0.464047 -0.047220
v 0.383838 0.273157 0.025398
v 0.391907 0.251424 -0.051961
v 0.379211 0.241603 -0.208699
v 0.409669 0.439406 -0.234091
v 0.392777 0.310454 0.091703
v 0.441161 0.502002 -0.273018
v 0.602851 0.562880 -0.272649
v 0.370451 0.424767 -0.280653
v 0.346433 0.461814 -0.328812
v 0.328038 0.247503 -0.269549
v 0.265464 0.254571 -0.315324
v 0.327485 0.625888 -0.409229
v 0.425761 0.639523 -0.389296
v 0.597286 0.650672 -0.367389
v 0.416680 0.728083 -0.389717
v 0.601625 0.715036 -0.378632
v 0.312805 0.733932 -0.409535
v 0.153563 0.281269 -0.339915
v 0.108664 0.272136 -0.321117
v 0.081923 0.465226 -0.390216
v 0.145564 0.458828 -0.401867
v 0.237377 0.460539 -0.388825
v 0.209107 0.273810 -0.338164
v 0.077214 0.623578 -0.413667
v 0.127630 0.617286 -0.428015
v 0.094677 0.720650 -0.397582
v 0.144504 0.687023 -0.421456
v 0.196712 0.228412 -0.321752
v 0.158885 0.234554 -0.319856
v 0.225565 0.171419 -0.305372
v 0.137830 0.183202 -0.298282
v 0.230940 0.622739 -0.428304
v 0.153994 0.809396 -0.383965
v 0.208855 0.715911 -0.421161
v 0.287901 0.849506 -0.371739
v 0.415462 0.803527 -0.360482
v 0.609967 0.775032 -0.364951
v 0.064520 0.178498 -0.273137
v 0.055739 0.273373 -0.298211
v 0.035966 0.470387 -0.377674
v 0.027563 0.621204 -0.396896
v 0.033968 0.747556 -0.366382
v 0.062430 0.827122 -0.351524
v 0.312088 0.152186 -0.266301
v 0.364668 0.155560 -0.031482
v 0.362080 0.150133 -0.196339
v 0.314675 0.048677 0.055427
v 0.345426 0.044535 -0.026410
v 0.255136 0.030963 0.135739
v 0.335074 0.037873 -0.178185
v 0.292444 0.038643 -0.247241
v 0.212224 0.045541 -0.276638
v 0.135157 0.056874 -0.270048
v 0.064147 0.067271 -0.250574
v 0.188949 0.020838 0.212784
v 0.107074 0.021774 0.282509
v 0.094765 0.308107 0.381736
v 0.091022 0.506088 0.315318
v 0.238912 0.303719 0.384965
v 0.333720 0.327931 0.310153
v 0.374125 0.357815 0.231715
v 0.385403 0.379541 0.180770
v 0.355549 0.503685 0.129509
v 0.326744 0.512536 0.185286
v 0.275268 0.524068 0.241418
v 0.195411 0.528911 0.290610
v 0.375529 0.504507 0.071673
v 0.393078 0.349982 0.145839
v 0.379718 0.297586 0.201016
v 0.334207 0.252381 0.275394
v 0.233598 0.217276 0.346888
v 0.097740 0.227890 0.347920
v 0.409950 0.402275 -0.089466
v 0.401422 0.414414 -0.028769
v 0.391986 0.437607 0.027009
v 0.379596 0.451486 0.089340
v 0.365920 0.461733 0.149576
v 0.343109 0.470740 0.214082
v 0.296815 0.478012 0.284266
v 0.209783 0.478003 0.347294
v 0.091211 0.445830 0.358943
v 0.041497 0.410452 -0.351669
v 0.088811 0.405311 -0.369593
v 0.150145 0.399085 -0.384580
v 0.231058 0.393541 -0.375661
v 0.309880 0.386079 -0.333576
v 0.352921 0.376731 -0.274697
v 0.396305 0.378683 -0.220501
v 0.286881 0.617244 0.147089
v 0.196190 0.617543 0.185560
v 0.371010 0.555407 0.082757
v 0.098005 0.608720 0.209705
v 0.350183 0.538043 0.120831
v 0.270014 0.564930 0.195420
v 0.190665 0.566770 0.235308
v 0.094955 0.554968 0.260730
v 0.323670 0.551515 0.153442
v 0.344857 0.591891 0.111535
v 0.388164 0.634048 0.058057
v 0.452043 0.667522 -0.012471
v 0.609781 0.689821 -0.088701
v 0.316360 0.927147 -0.056176
v 0.065366 0.899294 -0.310145
v 0.137897 0.907244 -0.314466
v 0.212922 0.926903 -0.303414
v 0.273454 0.960943 -0.254604
v 0.305033 0.972590 -0.205219
v 0.320649 0.968926 -0.157231
v 0.325235 0.954342 -0.107913
v 0.475870 0.925885 -0.242052
v 0.632367 0.876650 -0.256590
v 0.480003 0.895996 -0.115160
v 0.632660 0.857421 -0.147231
v 0.361330 0.934569 -0.281992
v 0.385610 0.956306 -0.227159
v 0.399887 0.958202 -0.167110
v 0.401030 0.928886 -0.107491
v 0.488184 0.935964 -0.178260
v 0.634444 0.878699 -0.202586
v 0.625605 0.855011 -0.302283
v 0.456556 0.898614 -0.287161
v 0.596021 0.597078 -0.329895
v 0.432330 0.565102 -0.347079
v 0.328089 0.546080 -0.380359
v 0.232971 0.538090 -0.409491
v 0.138587 0.533894 -0.420708
v 0.072525 0.537799 -0.410616
v 0.028010 0.542699 -0.396693
v 2.132128 0.752612 -0.278852
v 2.122056 0.748276 -0.333174
v 2.090281 0.751962 -0.330204
v 2.096292 0.759238 -0.272626
v 2.098377 0.723492 -0.277446
v 2.129284 0.721240 -0.282016
v 2.095304 0.722679 -0.327858
v 2.122105 0.721478 -0.329637
v 2.214063 0.739035 -0.343114
v 2.181000 0.740513 -0.338824
v 2.184895 0.750381 -0.289053
v 2.216371 0.747127 -0.291889
v 2.216514 0.716016 -0.294414
v 2.182950 0.716689 -0.288953
v 2.211427 0.718586 -0.338898
v 2.176770 0.720422 -0.333813
v 2.114792 0.757905 -0.276831
v 2.104529 0.750655 -0.331052
v 2.110123 0.722737 -0.329459
v 2.115506 0.723744 -0.280781
v 2.198479 0.739673 -0.340672
v 2.198366 0.747350 -0.289181
v 2.198709 0.717240 -0.291158
v 2.193429 0.720451 -0.336371
v 2.173013 0.746926 -0.384046
v 2.194944 0.748267 -0.393500
v 2.178675 0.742448 -0.437908
v 2.153676 0.742654 -0.429581
v 2.091305 0.749364 -0.470130
v 2.110677 0.751269 -0.482535
v 2.090523 0.741730 -0.517717
v 2.070422 0.741316 -0.506155
v 2.087826 0.747051 -0.411992
v 2.065269 0.747210 -0.406089
v 2.081465 0.747067 -0.351799
v 2.103341 0.747248 -0.360942
v 2.011660 0.747238 -0.421343
v 2.055218 0.744339 -0.445342
v 2.028261 0.742531 -0.487636
v 1.988785 0.742174 -0.469562
v 2.094181 0.707907 -0.508666
v 2.079754 0.707269 -0.497663
v 2.034952 0.709164 -0.480769
v 2.000226 0.705218 -0.464801
v 2.091220 0.715280 -0.408258
v 2.066352 0.711859 -0.402290
v 2.158195 0.711289 -0.422362
v 2.178686 0.712784 -0.432139
v 2.081321 0.723163 -0.349350
v 2.103805 0.722917 -0.361632
v 2.172676 0.723585 -0.381978
v 2.193208 0.723997 -0.391631
v 2.093750 0.713651 -0.471081
v 2.110613 0.714686 -0.479980
v 2.014551 0.706259 -0.419515
v 2.048683 0.715985 -0.439704
v 2.044735 0.741409 -0.437143
v 2.017305 0.741184 -0.483675
v 2.023409 0.708750 -0.476803
v 2.040724 0.715351 -0.432359
v 2.102407 0.750642 -0.476140
v 2.081076 0.741717 -0.512879
v 2.087683 0.707940 -0.503474
v 2.102798 0.714395 -0.476063
v 2.181698 0.747693 -0.387072
v 2.163260 0.742596 -0.432832
v 2.166113 0.712015 -0.425966
v 2.180623 0.723672 -0.385555
v 2.075558 0.747095 -0.408682
v 2.091537 0.747286 -0.355669
v 2.091667 0.722926 -0.354720
v 2.078796 0.713708 -0.404977
v 2.044350 0.758930 -0.343241
v 2.016779 0.751286 -0.395404
v 1.969786 0.751102 -0.461307
v 1.989547 0.758638 -0.413749
v 2.055266 0.768906 -0.267100
v 2.049825 0.762590 -0.324094
v 2.023856 0.768372 -0.337673
v 2.029057 0.772573 -0.317378
v 2.049687 0.714351 -0.327541
v 2.048638 0.714000 -0.342167
v 2.036186 0.702487 -0.321536
v 2.034318 0.701687 -0.338246
v 2.030018 0.708619 -0.396398
v 2.052473 0.726414 -0.268985
v 2.012671 0.696711 -0.391271
v 2.004687 0.699501 -0.411976
v 2.036398 0.741757 -0.432421
v 2.010153 0.741316 -0.480014
v 2.015894 0.708238 -0.473259
v 2.033560 0.711346 -0.428688
v 2.000408 0.765143 -0.387225
v 2.038141 0.771062 -0.263864
v 2.257141 0.741182 -0.425220
v 2.242576 0.735527 -0.456466
v 2.151286 0.743185 -0.513544
v 2.140225 0.736627 -0.539774
v 2.296353 0.734904 -0.313911
v 2.293301 0.732363 -0.339702
v 2.157841 0.725743 -0.511913
v 2.144156 0.715852 -0.534271
v 2.234478 0.710790 -0.445933
v 2.243389 0.715473 -0.421792
v 2.290385 0.716140 -0.339634
v 2.294393 0.720946 -0.312137
v 2.037956 0.772910 -0.196643
v 2.060982 0.766535 -0.194639
v 2.060544 0.761260 -0.245513
v 2.040755 0.770552 -0.245058
v 2.060820 0.722202 -0.251018
v 2.096884 0.755652 -0.187033
v 2.106791 0.748836 -0.237644
v 2.099923 0.723964 -0.241217
v 2.091347 0.732900 -0.187758
v 2.055467 0.737705 -0.193919
v 2.117440 0.730655 -0.185398
v 2.125328 0.720885 -0.232918
v 2.186156 0.718432 -0.223954
v 2.177516 0.731798 -0.178523
v 2.198012 0.728642 -0.176561
v 2.205286 0.716652 -0.218646
v 2.244485 0.718709 -0.208088
v 2.247949 0.725597 -0.177871
v 2.253258 0.738754 -0.207427
v 2.249988 0.744268 -0.181735
v 2.209631 0.740667 -0.221911
v 2.201266 0.751242 -0.181936
v 2.182935 0.754311 -0.182409
v 2.192562 0.742941 -0.225729
v 2.116588 0.757363 -0.187712
v 2.126347 0.745589 -0.234188
v 2.039956 0.711014 -0.245053
v 2.035846 0.709253 -0.269495
v 1.986274 0.701137 -0.456100
v 2.031561 0.736202 -0.197308
v 1.972355 0.732813 -0.466640
v 1.991301 0.728747 -0.472052
v 2.008846 0.727655 -0.479293
v 2.018448 0.726599 -0.483882
v 2.029858 0.727578 -0.488697
v 2.072061 0.724492 -0.506603
v 2.081634 0.726055 -0.512701
v 2.090107 0.726186 -0.517601
v 2.142010 0.727224 -0.540136
v 2.157004 0.736913 -0.512041
v 2.114233 0.736404 -0.476465
v 2.106279 0.736248 -0.470741
v 2.095690 0.734415 -0.464458
v 2.052183 0.732457 -0.438547
v 2.044624 0.730921 -0.432772
v 2.037334 0.729198 -0.427660
v 2.020591 0.731985 -0.417709
v 2.021938 0.733209 -0.401708
v 2.065798 0.732143 -0.409086
v 2.074638 0.735269 -0.410973
v 2.088140 0.733096 -0.414426
v 2.152924 0.727981 -0.430555
v 2.162971 0.728735 -0.434043
v 2.177440 0.728894 -0.439193
v 2.238895 0.723226 -0.456817
v 2.256096 0.727514 -0.419303
v 2.194943 0.737954 -0.391071
v 2.182043 0.737553 -0.384740
v 2.173722 0.737270 -0.381132
v 2.104693 0.737261 -0.358348
v 2.092516 0.737204 -0.352999
v 2.082110 0.737217 -0.348836
v 2.060122 0.745058 -0.341313
v 2.063762 0.747004 -0.333947
v 2.092174 0.739092 -0.332220
v 2.106639 0.738515 -0.333556
v 2.121796 0.735198 -0.335263
v 2.178941 0.731595 -0.338731
v 2.196014 0.731366 -0.340872
v 2.212557 0.729771 -0.343650
v 2.293080 0.725428 -0.340988
v 2.296685 0.728909 -0.312500
v 2.216775 0.730009 -0.289260
v 2.200785 0.731410 -0.285845
v 2.187852 0.735110 -0.284151
v 2.132792 0.740676 -0.274668
v 2.116885 0.743527 -0.272774
v 2.099122 0.744511 -0.269506
v 2.062759 0.751955 -0.261575
v 2.064937 0.748478 -0.249973
v 2.104404 0.738396 -0.241283
v 2.126418 0.734794 -0.236269
v 2.190609 0.732180 -0.228249
v 2.208395 0.730259 -0.223567
v 2.254021 0.731114 -0.208519
v 2.250722 0.737118 -0.177591
v 2.199049 0.741402 -0.174327
v 2.176971 0.746909 -0.177571
v 2.123737 0.747101 -0.181750
v 2.097618 0.748439 -0.183736
v 2.055972 0.755190 -0.189179
v 2.028726 0.763319 -0.189491
v 1.977206 0.714981 -0.465514
v 1.994712 0.715900 -0.470397
v 2.011599 0.717384 -0.477617
v 2.020196 0.717643 -0.481824
v 2.031736 0.718285 -0.486711
v 2.074656 0.715153 -0.504085
v 2.083640 0.716763 -0.509913
v 2.091387 0.717052 -0.514485
v 2.143063 0.721496 -0.538195
v 2.158190 0.731765 -0.511761
v 2.113728 0.725966 -0.476353
v 2.106129 0.725633 -0.471132
v 2.096071 0.723886 -0.465304
v 2.051624 0.724320 -0.437664
v 2.043483 0.723411 -0.431604
v 2.036667 0.720747 -0.426659
v 2.019336 0.719107 -0.416163
v 2.029974 0.721023 -0.402381
v 2.066708 0.722154 -0.407807
v 2.076209 0.724599 -0.410163
v 2.089273 0.724301 -0.412928
v 2.154858 0.719086 -0.428238
v 2.164032 0.720059 -0.431684
v 2.177630 0.720930 -0.436971
v 2.236787 0.716376 -0.452897
v 2.250619 0.721106 -0.419888
v 2.194382 0.731377 -0.390791
v 2.181727 0.731015 -0.384415
v 2.173625 0.730851 -0.380652
v 2.104948 0.730099 -0.358438
v 2.092576 0.730486 -0.352729
v 2.082095 0.730652 -0.348213
v 2.062663 0.732417 -0.340286
v 2.064968 0.731801 -0.333848
v 2.093567 0.731177 -0.331109
v 2.108146 0.730881 -0.332638
v 2.121888 0.728442 -0.333330
v 2.177855 0.726174 -0.336914
v 2.194693 0.725951 -0.339371
v 2.211946 0.724327 -0.341855
v 2.292200 0.720935 -0.340800
v 2.296087 0.725125 -0.312015
v 2.216805 0.723053 -0.290597
v 2.200095 0.724255 -0.286976
v 2.186726 0.725593 -0.284090
v 2.132227 0.729334 -0.275411
v 2.117356 0.732121 -0.274674
v 2.099690 0.732871 -0.271837
v 2.057021 0.735579 -0.264786
v 2.066146 0.736415 -0.252142
v 2.102623 0.731566 -0.242115
v 2.126058 0.728052 -0.235496
v 2.188715 0.725454 -0.227159
v 2.207641 0.723503 -0.222031
v 2.249573 0.724383 -0.209837
v 2.250127 0.731662 -0.176747
v 2.198461 0.735234 -0.174578
v 2.177070 0.739654 -0.177002
v 2.116947 0.738380 -0.182599
v 2.092593 0.739721 -0.184856
v 2.054235 0.745591 -0.190666
v 2.026612 0.752274 -0.190486
v 2.037386 0.701030 -0.308438
v 2.052692 0.707958 -0.312929
v 2.096744 0.712520 -0.315336
v 2.111378 0.713096 -0.318233
v 2.124373 0.712906 -0.317839
v 2.177033 0.710876 -0.323928
v 2.193653 0.710840 -0.328126
v 2.210820 0.709156 -0.330835
v 2.294394 0.714538 -0.331506
v 2.297291 0.720974 -0.333504
v 2.298373 0.726544 -0.333437
v 2.297588 0.734070 -0.332740
v 2.213992 0.751380 -0.332000
v 2.199072 0.751675 -0.333871
v 2.180919 0.754135 -0.329153
v 2.126385 0.759010 -0.322496
v 2.108476 0.759919 -0.323381
v 2.093708 0.765527 -0.317935
v 2.053191 0.772553 -0.307378
v 2.031216 0.779024 -0.302189
v 2.037542 0.702987 -0.288194
v 2.053912 0.707584 -0.290307
v 2.098742 0.712358 -0.298775
v 2.113075 0.712909 -0.300226
v 2.126316 0.712155 -0.300759
v 2.179291 0.708137 -0.307530
v 2.195910 0.707351 -0.310086
v 2.212185 0.705566 -0.313527
v 2.295948 0.716155 -0.322682
v 2.299147 0.722154 -0.323828
v 2.299948 0.727524 -0.324037
v 2.299037 0.735110 -0.324280
v 2.218642 0.754399 -0.313417
v 2.182652 0.758745 -0.310788
v 2.131039 0.762799 -0.302627
v 2.094909 0.772066 -0.297515
v 2.056903 0.774281 -0.288059
v 2.035633 0.777244 -0.282443
v 2.006494 0.770717 -0.377747
v 2.022988 0.759842 -0.387908
v 2.066647 0.754527 -0.401769
v 2.076945 0.753822 -0.405296
v 2.089786 0.754597 -0.407756
v 2.155935 0.750370 -0.426435
v 2.166373 0.750948 -0.428999
v 2.182526 0.750381 -0.430870
v 2.247215 0.740252 -0.451593
v 2.252953 0.725567 -0.452055
v 2.247281 0.715482 -0.447727
v 2.237297 0.709700 -0.439964
v 2.179666 0.707762 -0.424596
v 2.169665 0.708107 -0.416227
v 2.161410 0.708298 -0.412067
v 2.094646 0.709572 -0.397976
v 2.082818 0.708103 -0.394124
v 2.071863 0.706190 -0.390233
v 2.036779 0.700000 -0.385301
v 2.019703 0.694644 -0.379786
v 2.029713 0.693819 -0.358032
v 2.042859 0.699812 -0.361267
v 2.079083 0.708493 -0.368346
v 2.089066 0.710201 -0.372882
v 2.100430 0.712273 -0.378445
v 2.167296 0.711853 -0.395204
v 2.175903 0.711453 -0.399194
v 2.186131 0.709574 -0.404783
v 2.240743 0.711567 -0.430607
v 2.253336 0.716588 -0.433739
v 2.261226 0.727598 -0.434994
v 2.253767 0.743906 -0.438819
v 2.190352 0.756853 -0.413644
v 2.164436 0.759463 -0.403619
v 2.100422 0.762322 -0.382143
v 2.073855 0.765727 -0.373250
v 2.032603 0.766597 -0.364713
v 2.017193 0.771531 -0.356728
v 1.973784 0.762919 -0.451067
v 1.992060 0.752634 -0.464737
v 2.012077 0.749042 -0.477786
v 2.021368 0.748971 -0.481823
v 2.036598 0.753395 -0.482993
v 2.071628 0.749135 -0.502938
v 2.083132 0.749639 -0.509721
v 2.094392 0.748948 -0.512862
v 2.142813 0.743550 -0.534115
v 2.151208 0.729475 -0.536702
v 2.151516 0.723161 -0.535066
v 2.150728 0.715479 -0.528649
v 2.098150 0.704521 -0.500153
v 2.092227 0.705603 -0.495505
v 2.084291 0.705607 -0.489347
v 2.039456 0.704655 -0.469064
v 2.029700 0.703455 -0.464116
v 2.021757 0.702146 -0.460882
v 2.004891 0.699402 -0.452736
v 1.992492 0.696085 -0.444032
v 1.998390 0.694699 -0.431334
v 2.009704 0.698125 -0.439589
v 2.027318 0.702437 -0.447862
v 2.035326 0.704419 -0.451241
v 2.043857 0.706614 -0.456720
v 2.088227 0.707415 -0.481616
v 2.096729 0.707259 -0.487012
v 2.103092 0.706127 -0.491350
v 2.155194 0.718204 -0.522316
v 2.157693 0.726284 -0.527064
v 2.157041 0.732881 -0.528661
v 2.146753 0.745642 -0.526293
v 2.103107 0.754852 -0.501159
v 2.077250 0.757388 -0.489078
v 2.045123 0.757499 -0.467224
v 2.022094 0.760540 -0.459837
v 2.001587 0.760284 -0.446430
v 1.982659 0.764784 -0.435134
v 2.043125 0.777930 -0.232822
v 2.065459 0.773975 -0.232905
v 2.107113 0.757139 -0.231480
v 2.125465 0.754263 -0.228590
v 2.189865 0.751607 -0.217539
v 2.208348 0.749130 -0.214240
v 2.255094 0.742437 -0.202656
v 2.258415 0.733240 -0.202906
v 2.255428 0.722300 -0.202269
v 2.240273 0.713875 -0.201665
v 2.207973 0.709349 -0.208372
v 2.173973 0.710500 -0.211943
v 2.125690 0.712719 -0.222523
v 2.094361 0.713613 -0.229069
v 2.059879 0.715196 -0.229631
v 2.040158 0.712567 -0.228737
v 2.036683 0.720371 -0.211683
v 2.057014 0.721695 -0.210571
v 2.091949 0.718040 -0.204087
v 2.120267 0.715646 -0.201932
v 2.169711 0.715321 -0.191773
v 2.203273 0.714406 -0.185710
v 2.238080 0.716958 -0.185021
v 2.255990 0.726168 -0.183117
v 2.258188 0.737141 -0.185891
v 2.254411 0.745840 -0.188888
v 2.204463 0.753724 -0.195895
v 2.126267 0.762467 -0.203506
v 2.063821 0.774828 -0.210090
v 2.041726 0.778366 -0.212729
v 2.083658 0.760595 -0.192761
v 2.085779 0.768775 -0.208585
v 2.091511 0.765952 -0.229169
v 2.087586 0.754669 -0.240726
v 2.089915 0.740486 -0.244893
v 2.088356 0.733454 -0.245862
v 2.086017 0.725511 -0.245481
v 2.081396 0.714376 -0.229507
v 2.080120 0.719641 -0.206901
v 2.078147 0.734764 -0.189980
v 2.079929 0.741679 -0.186875
v 2.078815 0.751155 -0.186626
v 2.167637 0.731740 -0.180130
v 2.161693 0.716193 -0.193905
v 2.166059 0.711572 -0.213563
v 2.176082 0.718811 -0.225475
v 2.178376 0.725736 -0.228903
v 2.180087 0.732536 -0.230413
v 2.181831 0.744031 -0.228217
v 2.178082 0.753350 -0.219666
v 2.169761 0.760203 -0.202164
v 2.168134 0.757517 -0.183706
v 2.167006 0.746660 -0.178487
v 2.167206 0.739550 -0.178578
v 2.265643 0.741876 -0.301751
v 2.267706 0.745620 -0.319892
v 2.266090 0.743607 -0.333356
v 2.261769 0.736774 -0.343457
v 2.259783 0.727698 -0.346852
v 2.259545 0.721687 -0.346767
v 2.258630 0.714154 -0.344309
v 2.262363 0.704933 -0.334963
v 2.264592 0.705316 -0.317020
v 2.264971 0.716094 -0.300761
v 2.266214 0.722486 -0.297966
v 2.266829 0.728331 -0.296783
v 2.238070 0.744909 -0.414380
v 2.233722 0.748840 -0.430825
v 2.226588 0.744796 -0.445889
v 2.221974 0.738343 -0.451732
v 2.218774 0.724527 -0.453192
v 2.217317 0.716568 -0.449808
v 2.216681 0.709215 -0.443385
v 2.219580 0.706173 -0.435835
v 2.224185 0.708521 -0.421798
v 2.228226 0.716655 -0.410233
v 2.233629 0.723386 -0.408534
v 2.237587 0.730573 -0.407838
v 2.132488 0.746685 -0.499286
v 2.126468 0.748317 -0.514526
v 2.121816 0.745716 -0.523134
v 2.116993 0.739221 -0.530096
v 2.117010 0.726468 -0.531907
v 2.118095 0.718343 -0.529998
v 2.119920 0.709557 -0.525801
v 2.127864 0.704717 -0.516060
v 2.133424 0.707426 -0.506668
v 2.137972 0.719037 -0.494571
v 2.139387 0.728706 -0.492956
v 2.138888 0.737402 -0.493462
v 2.225989 0.716993 -0.213868
v 2.224974 0.710926 -0.205225
v 2.221486 0.715099 -0.184905
v 2.224092 0.726317 -0.175510
v 2.225396 0.733119 -0.173231
v 2.225944 0.740002 -0.173324
v 2.226587 0.748366 -0.180247
v 2.232532 0.751973 -0.194493
v 2.233181 0.747870 -0.209545
v 2.232967 0.740980 -0.216497
v 2.232839 0.730662 -0.218272
v 2.229844 0.723377 -0.216871
v 2.035074 0.702173 -0.330749
v 2.047598 0.715744 -0.335204
v 2.062418 0.732254 -0.337196
v 2.060175 0.745371 -0.337378
v 2.045448 0.757835 -0.333872
v 2.027104 0.768204 -0.326969
v 2.007715 0.698633 -0.402329
v 2.011987 0.709598 -0.405328
v 2.013692 0.719175 -0.406440
v 2.013071 0.731429 -0.405797
v 2.005925 0.744865 -0.404640
v 1.992936 0.759990 -0.400094
v 2.038422 0.768158 -0.254419
v 2.045919 0.761426 -0.254590
v 2.053026 0.748648 -0.257354
v 2.053760 0.737829 -0.259069
v 2.051366 0.729998 -0.260621
v 2.035294 0.710217 -0.256160
v 2.081229 0.765895 -0.375017
v 2.086792 0.758582 -0.362768
v 2.092202 0.756220 -0.362407
v 2.097910 0.756800 -0.366154
v 2.094055 0.764333 -0.381325
v 2.087874 0.763434 -0.396587
v 2.082248 0.764030 -0.395056
v 2.077148 0.765045 -0.392011
v 2.088130 0.765399 -0.377814
v 2.123261 0.765375 -0.300646
v 2.121356 0.764315 -0.313415
v 2.111083 0.766360 -0.313811
v 2.104099 0.769119 -0.310163
v 2.104324 0.771408 -0.299017
v 2.106719 0.766999 -0.283640
v 2.113754 0.764209 -0.282630
v 2.123853 0.761151 -0.284655
v 2.113948 0.769089 -0.300377
v 2.171836 0.759776 -0.406041
v 2.166361 0.757530 -0.420353
v 2.184697 0.758349 -0.411459
v 2.179605 0.756416 -0.421205
v 2.172927 0.757444 -0.420456
v 2.176156 0.756516 -0.394561
v 2.181339 0.755948 -0.394634
v 2.188258 0.755889 -0.397188
v 2.177680 0.759466 -0.408113
v 2.198501 0.755808 -0.298490
v 2.189410 0.756034 -0.296761
v 2.207191 0.755139 -0.299506
v 2.207540 0.756644 -0.311937
v 2.189626 0.758516 -0.310448
v 2.206834 0.755978 -0.323127
v 2.198101 0.757222 -0.323183
v 2.188752 0.757597 -0.322435
v 2.198209 0.757808 -0.310900
v 2.101559 0.755540 -0.486579
v 2.097923 0.756983 -0.495662
v 2.094563 0.755734 -0.502950
v 2.085600 0.758225 -0.490144
v 2.090873 0.755606 -0.481080
v 2.082057 0.757442 -0.498634
v 2.097991 0.754851 -0.481681
v 2.086484 0.755290 -0.504802
v 2.092344 0.757995 -0.492355
v 2.023688 0.757982 -0.471815
v 2.029503 0.759809 -0.458876
v 2.036407 0.752899 -0.444657
v 2.046314 0.752948 -0.450843
v 2.041042 0.757924 -0.463315
v 2.035140 0.757823 -0.473871
v 2.041231 0.752524 -0.446746
v 2.028486 0.757929 -0.472947
v 2.035461 0.758672 -0.460596
v 2.095674 0.765361 -0.207984
v 2.092017 0.762092 -0.196537
v 2.099108 0.765049 -0.221833
v 2.106484 0.762979 -0.221320
v 2.114792 0.762309 -0.218424
v 2.112615 0.762929 -0.205688
v 2.110050 0.760852 -0.195138
v 2.101481 0.760733 -0.194615
v 2.104630 0.763721 -0.207399
v 2.185948 0.756192 -0.190429
v 2.194768 0.754416 -0.190244
v 2.177289 0.758479 -0.191867
v 2.179327 0.757865 -0.200062
v 2.183453 0.755768 -0.208906
v 2.197001 0.754437 -0.200022
v 2.198536 0.752897 -0.209119
v 2.190881 0.754211 -0.209074
v 2.188380 0.755922 -0.199154
v 1.981981 0.776462 -0.377838
v 1.991524 0.779304 -0.365343
v 1.998107 0.778524 -0.349883
v 2.002483 0.776572 -0.335158
v 2.002370 0.776206 -0.321832
v 1.985430 0.781066 -0.331974
v 1.971520 0.784096 -0.317647
v 1.980069 0.783165 -0.342702
v 1.960440 0.786132 -0.336590
v 1.977705 0.783960 -0.354653
v 1.960136 0.784993 -0.361603
v 1.966330 0.772355 -0.426367
v 1.972012 0.770366 -0.411092
v 1.958200 0.771651 -0.441007
v 1.974464 0.772184 -0.395310
v 1.952000 0.761269 -0.453806
v 1.949416 0.778268 -0.419467
v 1.957535 0.776752 -0.407741
v 1.945480 0.776280 -0.433003
v 1.949268 0.778945 -0.392849
v 1.930901 0.779989 -0.412145
v 1.929012 0.772062 -0.436158
v 2.006250 0.778590 -0.307530
v 2.012509 0.780804 -0.295707
v 1.978605 0.787585 -0.293629
v 1.999293 0.782824 -0.287727
v 1.978539 0.788463 -0.270130
v 1.999389 0.782214 -0.274551
v 2.016597 0.778342 -0.278674
v 1.995819 0.786264 -0.248374
v 2.002674 0.782334 -0.261406
v 2.018366 0.777388 -0.261936
v 2.019037 0.778627 -0.250864
v 2.023471 0.783611 -0.213970
v 2.019905 0.778757 -0.199675
v 2.024352 0.784519 -0.228957
v 2.010486 0.767403 -0.190793
v 2.021242 0.781624 -0.240315
v 1.993859 0.789096 -0.231669
v 2.008453 0.787645 -0.226610
v 1.992350 0.787434 -0.214930
v 2.007833 0.786246 -0.214470
v 2.006550 0.780468 -0.201290
v 1.990223 0.772379 -0.190992
v 2.008912 0.750614 -0.191420
v 1.984900 0.739542 -0.189865
v 2.012510 0.733774 -0.199694
v 1.995707 0.719111 -0.204523
v 2.019403 0.718397 -0.212813
v 2.023229 0.707200 -0.229719
v 2.022523 0.701422 -0.246468
v 1.858332 0.671183 -0.301474
v 1.847882 0.670393 -0.285676
v 1.803158 0.669737 -0.295059
v 1.835940 0.666855 -0.314843
v 1.901747 0.677412 -0.306370
v 1.918436 0.680077 -0.293795
v 1.921998 0.679429 -0.326981
v 1.949170 0.681739 -0.314450
v 1.914908 0.672531 -0.364552
v 1.956063 0.675416 -0.369019
v 1.907523 0.669037 -0.386174
v 1.947388 0.674774 -0.391539
v 1.880386 0.708121 -0.437980
v 1.917255 0.707853 -0.448736
v 1.775530 0.672351 -0.346625
v 1.820765 0.663608 -0.348560
v 1.756875 0.722736 -0.404169
v 1.800400 0.716536 -0.418913
v 1.765236 0.696267 -0.396468
v 1.809897 0.687277 -0.410641
v 1.887933 0.684239 -0.427245
v 1.930211 0.685337 -0.433142
v 1.958177 0.692702 -0.439449
v 1.942907 0.712726 -0.453386
v 1.959299 0.714159 -0.459605
v 1.967557 0.699376 -0.450189
v 1.977029 0.693047 -0.439708
v 1.985346 0.688975 -0.426919
v 1.991024 0.687471 -0.409197
v 1.996377 0.686246 -0.398351
v 2.002357 0.686241 -0.387747
v 2.007777 0.685878 -0.374557
v 2.015721 0.686372 -0.356765
v 2.017698 0.688676 -0.339835
v 2.020370 0.690869 -0.331254
v 2.020079 0.691371 -0.319515
v 2.024152 0.693844 -0.304347
v 2.024198 0.695349 -0.288617
v 2.021635 0.697865 -0.271988
v 2.020716 0.699432 -0.259197
v 1.953868 0.736350 -0.460714
v 1.937449 0.741607 -0.454853
v 2.012833 0.689424 -0.300120
v 1.999776 0.684808 -0.304349
v 2.013189 0.690634 -0.291070
v 2.000466 0.688804 -0.280058
v 1.994250 0.679031 -0.348514
v 2.005848 0.682554 -0.355009
v 1.997323 0.680753 -0.373000
v 1.987777 0.677869 -0.372254
v 2.010793 0.702066 -0.230335
v 2.001875 0.696296 -0.239065
v 2.005725 0.715059 -0.211920
v 1.996703 0.681489 -0.325533
v 2.000140 0.692100 -0.258822
v 1.969359 0.682333 -0.417009
v 1.973153 0.686130 -0.425882
v 1.967068 0.691033 -0.436084
v 1.979427 0.678474 -0.395048
v 1.918779 0.677101 -0.344275
v 1.957005 0.677798 -0.343985
v 1.898406 0.672227 -0.408473
v 1.937996 0.677381 -0.413418
v 1.964026 0.689418 -0.251456
v 1.930614 0.684479 -0.239257
v 1.962982 0.687377 -0.270850
v 1.932406 0.684853 -0.258970
v 1.957482 0.685023 -0.290395
v 1.927898 0.683016 -0.274967
v 1.962060 0.715335 -0.179085
v 1.942486 0.702609 -0.163641
v 1.928721 0.682798 -0.213786
v 1.963525 0.692895 -0.230789
v 1.927479 0.687567 -0.178530
v 1.960898 0.702623 -0.202798
v 1.843516 0.670225 -0.264764
v 1.840209 0.666874 -0.243291
v 1.843022 0.665854 -0.223740
v 1.828210 0.664932 -0.330385
v 1.784980 0.669917 -0.321576
v 1.770682 0.676255 -0.364570
v 1.816953 0.664448 -0.372626
v 1.797652 0.672585 -0.262239
v 1.844960 0.668648 -0.199604
v 1.794954 0.673741 -0.239342
v 1.794015 0.676116 -0.220931
v 1.794783 0.680874 -0.201489
v 1.813181 0.672502 -0.394551
v 1.768987 0.684079 -0.383726
v 1.863600 0.663882 -0.379614
v 1.870288 0.665232 -0.357818
v 1.875503 0.669304 -0.338443
v 1.880019 0.673373 -0.321397
v 1.881811 0.674575 -0.303656
v 1.883738 0.674538 -0.287686
v 1.886587 0.674571 -0.268658
v 1.889415 0.672854 -0.250478
v 1.890987 0.670354 -0.229481
v 1.890684 0.670453 -0.203875
v 1.857410 0.667894 -0.402304
v 1.849549 0.683068 -0.420431
v 1.840346 0.712557 -0.427929
v 1.845426 0.678307 -0.172493
v 1.799855 0.691906 -0.177855
v 1.888077 0.677319 -0.173519
v 1.926176 0.707910 -0.135263
v 1.907560 0.701150 -0.141678
v 1.878486 0.698793 -0.144132
v 1.915021 0.730595 -0.116437
v 1.895121 0.731180 -0.123658
v 1.871877 0.731084 -0.131991
v 1.848662 0.700220 -0.149108
v 1.842070 0.732226 -0.141889
v 1.812393 0.709520 -0.158548
v 1.805480 0.737701 -0.156884
v 1.950233 0.769329 -0.177515
v 1.952165 0.782918 -0.194259
v 1.908177 0.780120 -0.151227
v 1.931162 0.779793 -0.137758
v 1.885141 0.784958 -0.161400
v 1.857196 0.791394 -0.171858
v 1.808621 0.788792 -0.181578
v 1.749083 0.682667 -0.240569
v 1.705480 0.675691 -0.246503
v 1.723114 0.670004 -0.265915
v 1.753959 0.675761 -0.260121
v 1.717675 0.665543 -0.285143
v 1.757364 0.671523 -0.291969
v 1.722628 0.665123 -0.305113
v 1.746287 0.670284 -0.316894
v 1.699332 0.662647 -0.317240
v 1.735668 0.672964 -0.339898
v 1.695981 0.663133 -0.282691
v 1.728124 0.677544 -0.356535
v 1.725866 0.690559 -0.373701
v 1.722438 0.705007 -0.384908
v 1.706947 0.721265 -0.385432
v 1.981095 0.724401 -0.158775
v 1.971592 0.711190 -0.140927
v 1.961691 0.712231 -0.121051
v 1.973508 0.753147 -0.161268
v 1.963915 0.778029 -0.120192
v 1.951443 0.736262 -0.103692
v 1.975454 0.769757 -0.146018
v 1.939880 0.776016 -0.162523
v 1.925163 0.780080 -0.174884
v 1.950645 0.768810 -0.105705
v 1.918475 0.767952 -0.119935
v 1.895949 0.766591 -0.127530
v 1.871587 0.768045 -0.137989
v 1.842746 0.767436 -0.147278
v 1.806426 0.765673 -0.161912
v 2.061166 0.725856 -0.093300
v 2.048728 0.730918 -0.074774
v 2.080193 0.733178 -0.081261
v 2.066703 0.736893 -0.068295
v 2.076633 0.765591 -0.095364
v 2.067607 0.770887 -0.076355
v 2.054783 0.768134 -0.105130
v 2.045837 0.773334 -0.081135
v 2.042719 0.751277 -0.068918
v 2.066269 0.738964 -0.108048
v 2.040583 0.763961 -0.072266
v 2.063596 0.755151 -0.108679
v 2.085370 0.759049 -0.091919
v 2.068149 0.762209 -0.066599
v 2.087949 0.743682 -0.085344
v 2.069250 0.751526 -0.062748
v 2.003677 0.725392 -0.100824
v 2.013671 0.722466 -0.117407
v 2.019025 0.732535 -0.131016
v 2.014621 0.752764 -0.132644
v 2.012569 0.768076 -0.125302
v 2.000627 0.779027 -0.099547
v 1.990681 0.767542 -0.088350
v 1.993691 0.743204 -0.086389
v 2.025194 0.726255 -0.087203
v 2.036520 0.722300 -0.105456
v 2.042042 0.735623 -0.120044
v 2.038495 0.753959 -0.121132
v 2.033116 0.768166 -0.115568
v 2.022608 0.776633 -0.090434
v 2.015408 0.766702 -0.078951
v 2.017311 0.746935 -0.075812
v 1.748146 0.692392 -0.222528
v 1.750067 0.698178 -0.211766
v 1.769412 0.740731 -0.175104
v 1.780611 0.718386 -0.173271
v 1.776284 0.759502 -0.175600
v 1.742895 0.730762 -0.189143
v 1.758606 0.709164 -0.192082
v 1.760432 0.770292 -0.188979
v 1.730429 0.723355 -0.199175
v 1.701378 0.705761 -0.210890
v 1.694810 0.669994 -0.354602
v 1.697407 0.689770 -0.372237
v 1.710778 0.743869 -0.385359
v 1.751417 0.745932 -0.399221
v 1.795445 0.744972 -0.416309
v 1.837536 0.744142 -0.426748
v 1.875534 0.743440 -0.436623
v 1.912078 0.741909 -0.447194
v 1.944310 0.792256 -0.212132
v 1.907687 0.787626 -0.188142
v 1.876518 0.802095 -0.221630
v 1.929427 0.797357 -0.235524
v 1.820083 0.802474 -0.218636
v 1.768875 0.793686 -0.218312
v 1.927741 0.797907 -0.259140
v 1.867451 0.805943 -0.249836
v 1.821529 0.805948 -0.247286
v 1.774177 0.799981 -0.245764
v 1.926846 0.798611 -0.282234
v 1.910816 0.766035 -0.433703
v 1.917343 0.781770 -0.405968
v 1.924484 0.784009 -0.380499
v 1.928249 0.790010 -0.354579
v 1.925395 0.792851 -0.328221
v 1.926674 0.794276 -0.305034
v 1.871330 0.805592 -0.272631
v 1.872104 0.803920 -0.294742
v 1.873056 0.801928 -0.318946
v 1.878220 0.797664 -0.347615
v 1.875762 0.792209 -0.373628
v 1.873959 0.786380 -0.399016
v 1.873908 0.769071 -0.424133
v 1.838861 0.772217 -0.414758
v 1.794390 0.769183 -0.403381
v 1.748902 0.764002 -0.386598
v 1.728919 0.763967 -0.203259
v 1.726994 0.782689 -0.222371
v 1.730509 0.789694 -0.246962
v 1.688365 0.755549 -0.200467
v 1.684844 0.780037 -0.218229
v 1.686895 0.790872 -0.244278
v 1.823978 0.807440 -0.271158
v 1.827156 0.806916 -0.293811
v 1.833223 0.804883 -0.317325
v 1.839220 0.801460 -0.341545
v 1.844746 0.795988 -0.366511
v 1.843890 0.787579 -0.393366
v 1.797038 0.784693 -0.383413
v 1.796241 0.793764 -0.360555
v 1.792616 0.799176 -0.337881
v 1.787529 0.802346 -0.315323
v 1.781737 0.803682 -0.292985
v 1.778139 0.802770 -0.270154
v 1.748656 0.776566 -0.369561
v 1.749147 0.785394 -0.351577
v 1.747515 0.791288 -0.332207
v 1.743836 0.795056 -0.312377
v 1.737636 0.796378 -0.292064
v 1.734162 0.793345 -0.270187
v 1.698655 0.761195 -0.376891
v 1.700250 0.772262 -0.357368
v 1.703437 0.782629 -0.343786
v 1.704175 0.788941 -0.327664
v 1.702449 0.793844 -0.310393
v 1.697789 0.791725 -0.291791
v 1.691457 0.793113 -0.270574
v 1.670675 0.788843 -0.305541
v 1.671872 0.791440 -0.291073
v 1.637530 0.789945 -0.299268
v 1.648250 0.793249 -0.274887
v 1.671702 0.784339 -0.321987
v 1.675947 0.778965 -0.335543
v 1.651268 0.773048 -0.342273
v 1.638029 0.783885 -0.320498
v 1.641647 0.792029 -0.242663
v 1.650644 0.756713 -0.361395
v 1.645064 0.738418 -0.369978
v 1.655985 0.718090 -0.375037
v 1.651826 0.689894 -0.367605
v 1.641856 0.665530 -0.350800
v 1.639052 0.777664 -0.214433
v 1.638131 0.752734 -0.200711
v 1.633560 0.702325 -0.210031
v 1.645920 0.674045 -0.240117
v 1.640127 0.654914 -0.312943
v 1.645143 0.660487 -0.277021
v 0.618651 0.820688 -0.336952
v 0.435618 0.860805 -0.325912
v 0.334648 0.905452 -0.321373
v 0.252281 0.947393 -0.279061
v 0.192724 0.981045 -0.232573
v 0.146189 1.007015 -0.199254
v 0.118072 1.052822 -0.182450
v 0.110141 1.099392 -0.174728
v 0.110251 1.141266 -0.170692
v 0.116755 1.178525 -0.168916
v 0.124427 1.211293 -0.166900
v 0.140736 1.239745 -0.168475
v 0.162884 1.261661 -0.172545
v 0.179538 1.280410 -0.179005
v 0.195334 1.302523 -0.188015
v 0.210821 1.332710 -0.196886
v 0.222435 1.368615 -0.202436
v 0.231594 1.405491 -0.199969
v 0.238896 1.441125 -0.188135
v 0.243443 1.476830 -0.173606
v 0.244872 1.503285 -0.163361
v 0.349992 0.038212 -0.103522
v 0.371366 0.147577 -0.115458
v 0.399271 0.239363 -0.129417
v 0.417627 0.389567 -0.153883
v 0.433385 0.450850 -0.165583
v 0.477560 0.506804 -0.174200
v 0.611954 0.560751 -0.206464
v 1.465125 0.691207 -0.196101
v 0.794981 0.647491 -0.137587
v 1.019238 0.664486 -0.165407
v 1.273006 0.665258 -0.163841
v 0.799125 0.696085 -0.117993
v 1.020203 0.707851 -0.155476
v 1.274197 0.714672 -0.147632
v 1.463362 0.731263 -0.187266
v 1.178187 0.661982 -0.162485
v 1.177161 0.705761 -0.143625
v 0.880790 0.700187 -0.135185
v 0.878863 0.651939 -0.146400
v 0.703394 0.647934 -0.131852
v 0.707185 0.692510 -0.102797
v 1.369409 0.677150 -0.178612
v 1.370041 0.722657 -0.166265
v 1.553873 0.697581 -0.203839
v 1.549209 0.736213 -0.197018
v 0.537599 0.811976 -0.093681
v 0.513569 0.740699 -0.070611
v 0.513639 0.680314 -0.065343
v 0.519044 0.628386 -0.074473
v 0.533250 0.571558 -0.122451
v 0.534571 0.547102 -0.193174
v 0.518912 0.554267 -0.263771
v 0.509904 0.596171 -0.320425
v 0.508231 0.652951 -0.359471
v 0.511648 0.720092 -0.375415
v 0.518329 0.782989 -0.352653
v 0.529402 0.830467 -0.322079
v 0.541583 0.865502 -0.288550
v 0.551501 0.887806 -0.245196
v 0.560796 0.899178 -0.192941
v 0.553693 0.869721 -0.133522
v 0.106792 -0.084974 0.277447
v 0.194890 -0.089232 0.214461
v 0.263395 -0.083856 0.139915
v 0.313813 -0.075884 0.059175
v 0.330143 -0.075258 -0.023232
v 0.327724 -0.075884 -0.093001
v 0.306812 -0.079036 -0.156107
v 0.262161 -0.077652 -0.206995
v 0.199292 -0.076655 -0.234241
v 0.131029 -0.068848 -0.239862
v 0.060797 -0.064709 -0.226815
v 0.219890 -0.419935 -0.288260
v 0.241459 -0.505901 -0.342324
v 0.062803 -0.550195 -0.350035
v 0.053663 -0.478437 -0.299218
v 0.025346 -0.577772 -0.348023
v 0.032051 -0.524165 -0.319596
v 0.054099 -0.370315 -0.259218
v 0.140236 -0.437464 -0.297371
v 0.149374 -0.525689 -0.352457
v 0.052563 -0.272130 -0.237358
v 0.052292 -0.175597 -0.224333
v 0.128839 -0.354114 -0.262744
v 0.126000 -0.264634 -0.243040
v 0.126876 -0.174271 -0.228384
v 0.190357 -0.177189 -0.219457
v 0.192119 -0.261165 -0.234094
v 0.200329 -0.342583 -0.252702
v 0.299115 -0.418874 -0.253463
v 0.326683 -0.501579 -0.300785
v 0.267920 -0.341200 -0.218879
v 0.252362 -0.264421 -0.199740
v 0.246540 -0.179914 -0.188634
v 0.284576 -0.184865 -0.138800
v 0.310692 -0.185374 -0.085152
v 0.425956 -0.516922 -0.107475
v 0.433841 -0.549128 -0.183824
v 0.365147 -0.448898 -0.195240
v 0.391894 -0.519622 -0.235520
v 0.315375 -0.348364 -0.164013
v 0.292080 -0.276333 -0.147705
v 0.320659 -0.287262 -0.091062
v 0.355661 -0.377039 -0.095479
v 0.494170 -0.650962 -0.106396
v 0.470290 -0.637066 -0.183714
v 0.393671 -0.406929 -0.013769
v 0.432723 -0.525690 -0.002872
v 0.351648 -0.294468 -0.025237
v 0.331840 -0.189159 -0.021186
v 0.333743 -0.190131 0.063666
v 0.367778 -0.290941 0.077075
v 0.410802 -0.398253 0.094077
v 0.445269 -0.524529 0.104808
v 0.488980 -0.657987 -0.003501
v 0.474298 -0.657340 0.113182
v 0.518431 -0.751546 -0.127597
v 0.497452 -0.733681 -0.195975
v 0.530653 -0.809733 -0.018986
v 0.489289 -0.800626 0.114772
v 0.024191 -0.669181 -0.385547
v 0.026300 -0.791447 -0.396818
v 0.169374 -0.955390 -0.399132
v 0.172566 -0.844567 -0.421724
v 0.271382 -0.837882 -0.422257
v 0.272919 -0.966123 -0.403430
v 0.032036 -0.895147 -0.375732
v 0.262009 -1.061002 -0.352190
v 0.076304 -0.862791 -0.399027
v 0.069243 -0.763239 -0.409304
v 0.064286 -0.646460 -0.390703
v 0.169207 -0.734844 -0.424462
v 0.158266 -0.624136 -0.400437
v 0.272087 -0.720892 -0.416636
v 0.261654 -0.608671 -0.391275
v 0.349978 -0.607238 -0.342251
v 0.366262 -0.718356 -0.370712
v 0.373577 -0.835967 -0.384636
v 0.381744 -0.959348 -0.364927
v 0.387214 -1.053588 -0.334596
v 0.425728 -0.619022 -0.260875
v 0.451508 -0.720395 -0.284689
v 0.461755 -0.827099 -0.303838
v 0.499776 -0.826409 -0.219529
v 0.523593 -0.845674 -0.157735
v 0.455935 -0.926247 -0.294252
v 0.488580 -0.893244 -0.243675
v 0.519502 -0.938540 -0.203073
v 0.503321 -0.988294 -0.240701
v 1.548442 0.770861 -0.209909
v 1.553758 0.790831 -0.238053
v 1.555734 0.796531 -0.266801
v 1.556939 0.794300 -0.292297
v 1.559566 0.787297 -0.315087
v 1.561134 0.775776 -0.335763
v 1.560991 0.755531 -0.355058
v 1.563272 0.734429 -0.364781
v 1.562665 0.708580 -0.368131
v 1.561359 0.682084 -0.363724
v 1.562613 0.656628 -0.346377
v 1.563316 0.643939 -0.308224
v 1.563985 0.648796 -0.268291
v 1.562535 0.665472 -0.230949
v 1.464934 0.657638 -0.223307
v 1.465351 0.639430 -0.260898
v 1.466024 0.634062 -0.300808
v 1.467946 0.644873 -0.339463
v 1.469328 0.670424 -0.362007
v 1.470841 0.698434 -0.368686
v 1.471004 0.727148 -0.366447
v 1.470343 0.753723 -0.356033
v 1.462038 0.769255 -0.196802
v 1.463012 0.795439 -0.222168
v 1.464292 0.805867 -0.254789
v 1.466800 0.803276 -0.285541
v 1.471283 0.779142 -0.334075
v 1.469821 0.794165 -0.310563
v 1.367338 0.640556 -0.210488
v 1.271970 0.626180 -0.198505
v 1.367454 0.622374 -0.252843
v 1.272906 0.603529 -0.245426
v 1.369662 0.618552 -0.298026
v 1.274208 0.598530 -0.296551
v 1.372946 0.629762 -0.339983
v 1.273710 0.610918 -0.346623
v 1.375624 0.657901 -0.367359
v 1.275433 0.650291 -0.380271
v 1.381090 0.687219 -0.375025
v 1.283372 0.686023 -0.385683
v 1.379551 0.722914 -0.373540
v 1.283444 0.721861 -0.384799
v 1.376723 0.754824 -0.362457
v 1.278681 0.758616 -0.376859
v 1.276639 0.769577 -0.154621
v 1.370999 0.768985 -0.175331
v 1.370875 0.803312 -0.204275
v 1.275817 0.813660 -0.188999
v 1.370390 0.817075 -0.243724
v 1.273486 0.829330 -0.235515
v 1.370970 0.814425 -0.281599
v 1.376028 0.782920 -0.341067
v 1.373743 0.802563 -0.313611
v 1.272932 0.828689 -0.280335
v 1.276871 0.817265 -0.319829
v 1.279257 0.793243 -0.354625
v 1.179188 0.767149 -0.146989
v 1.660590 0.739998 -0.376144
v 1.666030 0.727347 -0.378773
v 1.664254 0.753097 -0.373311
v 1.690334 0.753803 -0.381767
v 1.698503 0.741791 -0.385896
v 1.695257 0.729109 -0.385449
v 1.686432 0.735662 -0.385065
v 1.674591 0.735281 -0.382143
v 1.673738 0.748696 -0.380176
v 1.684839 0.749117 -0.383012
v 1.670945 0.741121 -0.380649
v 1.688829 0.742467 -0.385255
v 1.178116 0.812697 -0.183157
v 1.178707 0.825524 -0.230281
v 1.179358 0.826161 -0.275461
v 1.180400 0.820485 -0.319192
v 1.176939 0.626649 -0.197973
v 1.177385 0.604308 -0.243650
v 1.176237 0.597600 -0.295300
v 1.165766 0.610410 -0.346215
v 1.162182 0.652175 -0.381198
v 1.180835 0.687921 -0.389693
v 1.186829 0.720293 -0.389855
v 1.167468 0.755402 -0.382705
v 1.177998 0.796854 -0.360857
v 0.712069 0.749678 -0.098019
v 0.801748 0.748542 -0.120270
v 0.881679 0.747059 -0.141758
v 1.020328 0.751112 -0.161147
v 0.884768 0.789637 -0.162170
v 1.019792 0.787785 -0.184310
v 0.805157 0.796939 -0.141015
v 0.718426 0.805140 -0.117721
v 1.021390 0.809537 -0.221977
v 0.722346 0.849248 -0.159251
v 0.807291 0.835171 -0.178301
v 0.887535 0.821918 -0.197121
v 1.023640 0.817458 -0.264814
v 0.889231 0.836813 -0.242657
v 0.808030 0.854909 -0.227776
v 0.722248 0.868930 -0.213942
v 0.701499 0.606715 -0.168664
v 0.791211 0.610874 -0.176869
v 0.875589 0.614370 -0.184065
v 1.018519 0.628830 -0.195720
v 1.018210 0.608573 -0.243185
v 0.874493 0.596739 -0.233518
v 0.788459 0.586227 -0.226195
v 0.697388 0.573265 -0.216739
v 1.017098 0.609984 -0.291150
v 0.875477 0.591757 -0.285153
v 0.789799 0.577686 -0.284206
v 0.697028 0.562383 -0.281938
v 1.016664 0.626234 -0.330706
v 0.881667 0.604096 -0.339858
v 0.792017 0.596074 -0.344084
v 0.693451 0.589215 -0.345828
v 1.020404 0.649282 -0.359819
v 0.894579 0.653501 -0.372383
v 0.875794 0.695648 -0.378719
v 0.880092 0.731584 -0.372672
v 1.029462 0.760305 -0.370113
v 0.904770 0.763499 -0.359151
v 1.028757 0.783175 -0.344580
v 1.025986 0.807620 -0.308714
v 0.891163 0.829287 -0.290304
v 0.894539 0.803824 -0.330371
v 0.720133 0.864824 -0.268856
v 0.808742 0.850005 -0.281111
v 0.716701 0.841857 -0.314930
v 0.713094 0.807497 -0.351834
v 0.706151 0.762605 -0.378471
v 0.691894 0.711380 -0.390321
v 0.694974 0.644966 -0.381975
v 0.809243 0.824259 -0.324627
v 0.797508 0.644885 -0.379527
v 0.795266 0.698895 -0.387275
v 0.801195 0.746507 -0.377700
v 0.809881 0.786951 -0.356868
v 1.107827 0.676869 -0.386266
v 1.021960 0.667746 -0.380238
v 0.942809 0.677936 -0.375565
v 0.950319 0.739189 -0.371597
v 1.027566 0.744194 -0.383391
v 1.109218 0.734440 -0.387454
v 1.124941 0.716640 -0.389417
v 1.124401 0.695620 -0.388879
v 0.934578 0.721045 -0.375029
v 0.929753 0.698533 -0.376731
v 1.023286 0.683781 -0.392215
v 1.084045 0.688560 -0.391322
v 1.025931 0.729882 -0.391920
v 1.084484 0.725782 -0.392617
v 1.087659 0.714787 -0.393884
v 1.087593 0.700347 -0.393423
v 0.964750 0.688815 -0.383874
v 0.960621 0.700603 -0.384747
v 0.960912 0.715617 -0.383514
v 0.967758 0.727817 -0.381595
v 1.024882 0.715621 -0.397297
v 1.024454 0.699891 -0.398111
v 0.952192 0.660269 -0.158633
v 0.952443 0.622688 -0.189744
v 0.951263 0.605013 -0.238961
v 0.951488 0.603853 -0.288292
v 0.954698 0.619819 -0.331701
v 0.962695 0.648039 -0.360297
v 0.979176 0.670308 -0.377266
v 0.988893 0.685417 -0.388976
v 0.990371 0.700290 -0.394014
v 0.991355 0.715897 -0.393088
v 0.992345 0.728991 -0.388122
v 0.985369 0.743427 -0.377680
v 0.973432 0.762156 -0.361836
v 0.966647 0.790741 -0.337125
v 0.962572 0.815572 -0.299653
v 0.960715 0.824825 -0.255666
v 0.956486 0.813043 -0.211990
v 0.954726 0.786399 -0.176703
v 0.953291 0.747754 -0.156373
v 0.952949 0.704202 -0.150118
v 1.094109 0.665378 -0.167648
v 1.092815 0.632906 -0.200663
v 1.093373 0.614312 -0.245136
v 1.092293 0.606615 -0.292028
v 1.087388 0.616935 -0.338397
v 1.082562 0.645790 -0.368878
v 1.066230 0.670268 -0.383395
v 1.057697 0.686150 -0.392123
v 1.057131 0.700489 -0.396134
v 1.057440 0.714826 -0.396178
v 1.059334 0.728256 -0.393058
v 1.069482 0.741560 -0.387084
v 1.088556 0.759813 -0.373229
v 1.094411 0.789513 -0.350586
v 1.097220 0.811579 -0.313501
v 1.097289 0.817621 -0.270357
v 1.096827 0.813944 -0.226739
v 1.094483 0.796009 -0.185166
v 1.094474 0.757525 -0.159055
v 1.093248 0.710585 -0.152005
v 0.286735 -0.194931 0.153930
v 0.204776 -0.209055 0.218147
v 0.111430 -0.201926 0.276428
v 0.313785 -0.298994 0.176049
v 0.217275 -0.312304 0.230795
v 0.120690 -0.317973 0.285756
v 0.345620 -0.409846 0.197921
v 0.368729 -0.522194 0.214774
v 0.239831 -0.429770 0.245545
v 0.257425 -0.556598 0.252020
v 0.382711 -0.673763 0.215204
v 0.252304 -0.694899 0.241914
v 0.390512 -0.811516 0.209020
v 0.243294 -0.851633 0.223384
v 0.138062 -0.442236 0.289864
v 0.141102 -0.573590 0.289137
v 0.131494 -0.701130 0.269922
v 0.110843 -0.812866 0.229534
v 0.044159 -0.980228 -0.332500
v 0.031513 -1.023788 0.113283
v 0.052350 -1.056779 0.099294
v 0.029328 -1.072720 0.057750
v 0.019523 -1.058219 0.010927
v 0.016931 -1.045345 -0.045959
v 0.021710 -1.028266 -0.105464
v 0.044645 -1.067650 -0.177394
v 0.033678 -1.011133 -0.180939
v 0.047978 -0.989904 0.154924
v 0.017330 -1.040405 0.064363
v 0.008770 -1.039729 0.014696
v 0.008941 -1.031834 -0.042547
v 0.014484 -1.012738 -0.102426
v 0.037865 -1.020103 -0.256840
v 0.247883 -1.241840 0.218244
v 0.227803 -1.018062 0.242806
v 0.263889 -1.273430 -0.308988
v 0.370127 -1.279095 -0.296870
v 0.465957 -1.265897 -0.239492
v 0.524031 -1.246428 0.008469
v 0.414593 -1.237367 0.176199
v 0.479331 -1.238196 0.097534
v 0.083378 -1.037561 0.129665
v 0.167193 -0.978302 0.202508
v 0.078449 -0.908607 0.197704
v 0.087052 -1.078774 -0.254033
v 0.139198 -1.043436 -0.329354
v 0.085387 -1.247808 0.136329
v 0.180881 -1.242384 0.201862
v 0.050634 -1.248956 0.097381
v 0.028211 -1.246269 0.052934
v 0.017971 -1.237968 0.003678
v 0.018165 -1.232940 -0.056088
v 0.031588 -1.238907 -0.122848
v 0.052809 -1.244544 -0.174879
v 0.100966 -1.248878 -0.237893
v 0.163009 -1.259097 -0.280784
v 0.090359 -0.937922 -0.382408
v 0.560427 -0.956588 0.013106
v 0.514808 -0.939566 0.131010
v 0.424620 -0.933738 0.215341
v 0.293554 -0.958000 0.251932
v 0.325642 -1.242424 0.214705
v 0.564274 -0.992863 -0.079836
v 0.550408 -0.903369 -0.092193
v 0.542534 -0.952285 -0.157489
v 0.548852 -1.008070 -0.154645
v 0.518673 -1.267388 -0.160788
v 0.537568 -1.261728 -0.083594
v 0.306320 -1.715382 -0.236962
v 0.243190 -1.715627 -0.247546
v 0.359979 -1.719309 -0.201922
v 0.340873 -1.747973 0.076014
v 0.379652 -1.748914 0.020515
v 0.400215 -1.732656 -0.035361
v 0.128301 -1.733109 0.077561
v 0.187044 -1.704040 0.117204
v 0.100162 -1.716304 0.041873
v 0.076416 -1.715316 0.007515
v 0.060215 -1.724228 -0.030486
v 0.054078 -1.736551 -0.072798
v 0.060465 -1.740756 -0.117655
v 0.085110 -1.728942 -0.164604
v 0.123719 -1.725161 -0.207952
v 0.179111 -1.719493 -0.239360
v 0.230866 -1.710641 0.124825
v 0.285548 -1.742066 0.112880
v 0.388753 -1.726933 -0.149008
v 0.400046 -1.732526 -0.092950
v 0.223797 -1.790066 0.120499
v 0.258459 -1.798414 0.115606
v 0.268437 -1.846213 0.111095
v 0.303418 -1.826856 0.086662
v 0.184737 -1.788803 0.116737
v 0.142018 -1.799224 0.096024
v 0.115581 -1.825468 0.063818
v 0.135871 -1.846564 0.088433
v 0.141327 -2.047342 0.017722
v 0.150962 -2.010858 0.043474
v 0.142326 -1.964369 0.052854
v 0.126653 -1.969862 0.026788
v 0.118157 -1.899046 0.043753
v 0.135641 -1.905952 0.070530
v 0.178127 -1.853533 0.117995
v 0.194152 -2.078374 0.050502
v 0.188842 -2.021557 0.069209
v 0.185733 -1.969086 0.090278
v 0.179986 -1.913327 0.108000
v 0.224363 -1.852354 0.123346
v 0.273990 -1.905123 0.097421
v 0.306708 -1.896317 0.066610
v 0.227863 -1.911802 0.116463
v 0.229563 -1.968904 0.100580
v 0.274374 -1.962957 0.084410
v 0.304567 -1.963778 0.055212
v 0.231615 -2.019299 0.079579
v 0.242553 -2.069690 0.059353
v 0.267494 -2.004327 0.075149
v 0.289806 -2.034553 0.051167
v 0.240360 -1.121162 0.238495
v 0.168091 -1.116562 0.215030
v 0.078405 -1.137612 0.139025
v 0.049122 -1.147786 0.099804
v 0.028920 -1.153400 0.055916
v 0.019056 -1.149735 0.006977
v 0.017093 -1.146357 -0.051094
v 0.026226 -1.149246 -0.115751
v 0.048618 -1.165633 -0.178080
v 0.094752 -1.170782 -0.245597
v 0.159130 -1.162382 -0.301352
v 0.262069 -1.177984 -0.334601
v 0.385431 -1.167441 -0.324715
v 0.488610 -1.144323 -0.253372
v 0.539868 -1.137380 -0.165402
v 0.560183 -1.122446 -0.080895
v 0.552628 -1.105819 0.019420
v 0.508648 -1.097428 0.120872
v 0.425914 -1.095703 0.204082
v 0.324616 -1.106833 0.240322
v 0.343320 -1.498796 -0.264506
v 0.259156 -1.502093 -0.280219
v 0.173684 -1.498198 -0.259478
v 0.119573 -1.495268 -0.216280
v 0.070068 -1.492581 -0.164165
v 0.045689 -1.486642 -0.118954
v 0.031926 -1.468955 -0.062049
v 0.035469 -1.468490 -0.005777
v 0.054405 -1.475413 0.034073
v 0.083313 -1.477402 0.067765
v 0.117499 -1.477283 0.097669
v 0.192261 -1.478532 0.155960
v 0.243301 -1.480829 0.174439
v 0.311722 -1.485652 0.173024
v 0.380743 -1.484825 0.133393
v 0.437707 -1.491357 0.064973
v 0.469747 -1.495028 -0.011127
v 0.473897 -1.491383 -0.084120
v 0.456439 -1.495091 -0.148413
v 0.416503 -1.492597 -0.213222
v 0.357339 -1.383415 -0.282032
v 0.261563 -1.385833 -0.295953
v 0.167790 -1.375469 -0.269020
v 0.108682 -1.371143 -0.229137
v 0.060108 -1.367363 -0.170325
v 0.036934 -1.361626 -0.121521
v 0.020873 -1.345333 -0.058728
v 0.020575 -1.348663 -0.000444
v 0.034208 -1.353837 0.047803
v 0.063763 -1.359263 0.086958
v 0.102987 -1.359545 0.118074
v 0.189214 -1.360985 0.179748
v 0.248039 -1.364597 0.195956
v 0.321904 -1.364045 0.192751
v 0.397608 -1.364686 0.151043
v 0.457032 -1.367646 0.077077
v 0.499371 -1.373869 -0.002902
v 0.508293 -1.378712 -0.085114
v 0.489071 -1.380406 -0.155196
v 0.443451 -1.377207 -0.224680
v 0.322817 -1.614113 -0.245598
v 0.251135 -1.618919 -0.258068
v 0.179485 -1.620544 -0.244817
v 0.125727 -1.619691 -0.205851
v 0.079058 -1.627390 -0.158448
v 0.056253 -1.620800 -0.115830
v 0.048672 -1.612842 -0.066247
v 0.055423 -1.602921 -0.019258
v 0.072273 -1.601816 0.019034
v 0.097485 -1.599401 0.051245
v 0.127598 -1.601176 0.079124
v 0.191155 -1.594640 0.130614
v 0.238073 -1.600350 0.147460
v 0.298466 -1.610627 0.143020
v 0.362653 -1.611515 0.108564
v 0.412148 -1.615100 0.047010
v 0.435825 -1.615449 -0.019885
v 0.436753 -1.612385 -0.083235
v 0.419680 -1.611336 -0.146373
v 0.383643 -1.613408 -0.204335
v 0.338033 -1.817709 0.047647
v 0.367331 -1.818757 0.001665
v 0.380042 -1.816406 -0.048632
v 0.334616 -1.889238 0.025063
v 0.359364 -1.891430 -0.013358
v 0.370565 -1.893834 -0.061911
v 0.328830 -1.961671 0.015212
v 0.348715 -1.968088 -0.025107
v 0.363853 -1.973259 -0.071479
v 0.096834 -1.811765 0.028991
v 0.076864 -1.809648 -0.005314
v 0.099131 -1.893484 0.012513
v 0.078096 -1.889896 -0.019932
v 0.108099 -1.970014 -0.006529
v 0.089081 -1.970805 -0.040150
v 0.114400 -2.054225 -0.020478
v 0.095367 -2.056435 -0.057814
v 0.324310 -2.047396 0.010366
v 0.345398 -2.056237 -0.034331
v 0.363287 -2.059021 -0.079957
v 0.059733 -1.813078 -0.042892
v 0.062390 -1.892438 -0.057598
v 0.075993 -1.971696 -0.077258
v 0.085389 -2.056752 -0.095839
v 0.379780 -1.817181 -0.100771
v 0.371424 -1.894733 -0.110422
v 0.371532 -1.812957 -0.152472
v 0.363156 -1.890858 -0.161455
v 0.368111 -1.973286 -0.124458
v 0.357679 -1.967028 -0.182391
v 0.372315 -2.058016 -0.130408
v 0.368233 -2.051723 -0.182695
v 0.054218 -1.813890 -0.085022
v 0.060813 -1.813717 -0.127330
v 0.056369 -1.890290 -0.099017
v 0.063907 -1.886403 -0.140049
v 0.071767 -1.969124 -0.116390
v 0.079723 -1.964224 -0.154396
v 0.081644 -2.053547 -0.134463
v 0.085568 -2.048419 -0.171309
v 0.084520 -1.808396 -0.173703
v 0.089712 -1.883954 -0.182357
v 0.102670 -1.958419 -0.190585
v 0.101284 -2.039748 -0.210874
v 0.123844 -1.805794 -0.213530
v 0.176250 -1.802149 -0.237914
v 0.131316 -1.881933 -0.214053
v 0.147415 -1.962085 -0.223297
v 0.132346 -2.043580 -0.246618
v 0.237485 -1.799522 -0.246592
v 0.297449 -1.798855 -0.238329
v 0.347922 -1.805411 -0.203997
v 0.287308 -1.918360 -0.237486
v 0.286335 -1.959452 -0.248247
v 0.241130 -1.959193 -0.251641
v 0.237319 -1.917548 -0.240603
v 0.204633 -1.961101 -0.245337
v 0.189063 -1.927632 -0.231398
v 0.329415 -1.930716 -0.215189
v 0.317531 -1.962601 -0.234033
v 0.189674 -1.993354 -0.256551
v 0.333929 -1.996621 -0.233259
v 0.348460 -2.059440 -0.237790
v 0.179931 -2.055143 -0.279903
v 0.179314 -2.136329 -0.304634
v 0.128464 -2.133504 -0.273358
v 0.379616 -2.144618 -0.194098
v 0.357909 -2.138349 -0.249711
v 0.179259 -1.872466 -0.232874
v 0.339990 -1.879167 -0.206935
v 0.235529 -1.867658 -0.243058
v 0.292239 -1.868811 -0.238165
v 0.293581 -1.999647 -0.262649
v 0.240331 -1.999758 -0.268876
v 0.240672 -2.058469 -0.291579
v 0.300618 -2.061601 -0.281503
v 0.245103 -2.129749 -0.315955
v 0.311176 -2.136194 -0.297838
v 0.394530 -2.244192 -0.206170
v 0.370667 -2.236925 -0.265564
v 0.181214 -2.233177 -0.334344
v 0.127884 -2.236053 -0.293184
v 0.319772 -2.234370 -0.315287
v 0.251343 -2.228474 -0.334467
v 0.379131 -2.151173 -0.138767
v 0.395266 -2.250209 -0.145237
v 0.366896 -2.153846 -0.087891
v 0.381674 -2.254216 -0.091470
v 0.350036 -2.152403 -0.041168
v 0.360927 -2.255823 -0.044703
v 0.327603 -2.148591 0.000294
v 0.288998 -2.147379 0.029524
v 0.331466 -2.256661 -0.008307
v 0.289948 -2.258196 0.016937
v 0.241514 -2.157300 0.040418
v 0.242306 -2.260531 0.023574
v 0.197482 -2.160490 0.031381
v 0.197223 -2.259665 0.012068
v 0.146944 -2.147066 -0.000807
v 0.148818 -2.258262 -0.013614
v 0.119712 -2.146873 -0.037388
v 0.119075 -2.262220 -0.045065
v 0.102281 -2.148385 -0.075481
v 0.101837 -2.255164 -0.082545
v 0.092074 -2.148503 -0.113331
v 0.090865 -2.251018 -0.122841
v 0.087526 -2.144513 -0.152349
v 0.088913 -2.138569 -0.191116
v 0.099834 -2.132509 -0.233097
v 0.087873 -2.246781 -0.164323
v 0.089669 -2.240602 -0.207847
v 0.099632 -2.235673 -0.250715
v 0.294871 -3.180340 -0.222731
v 0.215160 -3.165713 -0.264186
v 0.173494 -3.186609 -0.251051
v 0.274264 -3.184472 -0.249492
v 0.244219 -3.169536 -0.261840
v 0.304331 -3.170745 -0.155726
v 0.294768 -3.165394 -0.134527
v 0.283364 -3.162293 -0.114868
v 0.271133 -3.159028 -0.098029
v 0.255721 -3.154603 -0.084591
v 0.236096 -3.149484 -0.077427
v 0.216804 -3.142349 -0.074111
v 0.185998 -3.140954 -0.075510
v 0.163718 -3.147368 -0.083884
v 0.142945 -3.155710 -0.101864
v 0.131612 -3.159475 -0.128609
v 0.127156 -3.168974 -0.163684
v 0.133790 -3.177900 -0.198871
v 0.150075 -3.180198 -0.232510
v 0.353252 -2.700876 -0.204161
v 0.335870 -2.699943 -0.250363
v 0.302118 -2.701661 -0.288016
v 0.255454 -2.701864 -0.303480
v 0.212240 -2.702397 -0.299382
v 0.164588 -2.708841 -0.276210
v 0.141635 -2.709597 -0.245138
v 0.127349 -2.710418 -0.212665
v 0.122022 -2.712447 -0.178810
v 0.125560 -2.713328 -0.146260
v 0.133699 -2.713468 -0.114632
v 0.152619 -2.712913 -0.087744
v 0.177359 -2.713309 -0.069675
v 0.213923 -2.710948 -0.057052
v 0.241740 -2.711440 -0.055055
v 0.271078 -2.711686 -0.059397
v 0.299280 -2.711618 -0.070934
v 0.324984 -2.709519 -0.091122
v 0.342915 -2.702981 -0.120824
v 0.351174 -2.702465 -0.158764
v 0.377069 -2.569813 -0.210626
v 0.355320 -2.565548 -0.263982
v 0.311310 -2.573713 -0.303300
v 0.256712 -2.576391 -0.321896
v 0.206574 -2.578174 -0.318121
v 0.152885 -2.583184 -0.285990
v 0.128763 -2.585657 -0.254251
v 0.112160 -2.587971 -0.214582
v 0.107439 -2.587864 -0.177759
v 0.112228 -2.588006 -0.141653
v 0.125070 -2.588145 -0.108615
v 0.145090 -2.588417 -0.080814
v 0.169529 -2.588788 -0.060911
v 0.209567 -2.586209 -0.043117
v 0.243213 -2.588733 -0.037966
v 0.277992 -2.586352 -0.040194
v 0.310827 -2.587061 -0.052541
v 0.342219 -2.584523 -0.078624
v 0.365611 -2.571796 -0.117146
v 0.373120 -2.573756 -0.158258
v 0.405440 -2.351529 -0.214790
v 0.383147 -2.345550 -0.278280
v 0.326839 -2.344356 -0.330179
v 0.257348 -2.343982 -0.351550
v 0.191638 -2.346025 -0.346051
v 0.127955 -2.346979 -0.307161
v 0.099324 -2.349393 -0.260616
v 0.088727 -2.352510 -0.214374
v 0.083296 -2.356191 -0.171076
v 0.086291 -2.358587 -0.128224
v 0.098227 -2.359665 -0.086902
v 0.121487 -2.361991 -0.052092
v 0.153906 -2.360974 -0.027408
v 0.204165 -2.365147 -0.003573
v 0.243930 -2.366172 0.005098
v 0.288386 -2.364280 0.002298
v 0.331181 -2.363215 -0.015439
v 0.368538 -2.361291 -0.047275
v 0.395394 -2.359992 -0.092956
v 0.409529 -2.356674 -0.150915
v 0.330266 -2.837885 -0.197597
v 0.318943 -2.829474 -0.238454
v 0.290030 -2.827464 -0.271040
v 0.252272 -2.821191 -0.285061
v 0.216593 -2.819058 -0.284758
v 0.171710 -2.825166 -0.267193
v 0.148771 -2.825298 -0.241697
v 0.139087 -2.826227 -0.210254
v 0.135807 -2.829175 -0.178962
v 0.135801 -2.832387 -0.149196
v 0.142152 -2.830345 -0.119872
v 0.158222 -2.826809 -0.095146
v 0.179079 -2.825558 -0.079269
v 0.216722 -2.825648 -0.068223
v 0.240638 -2.830036 -0.068847
v 0.264705 -2.832388 -0.075402
v 0.287340 -2.834646 -0.087311
v 0.306881 -2.838858 -0.104093
v 0.320857 -2.844931 -0.127010
v 0.330788 -2.839113 -0.158661
v 0.315487 -2.947308 -0.194950
v 0.305703 -2.942223 -0.229323
v 0.281965 -2.939217 -0.258303
v 0.247968 -2.933278 -0.272322
v 0.217780 -2.926409 -0.273793
v 0.176206 -2.931807 -0.259970
v 0.153839 -2.931678 -0.237274
v 0.143456 -2.932686 -0.207978
v 0.139525 -2.938233 -0.178386
v 0.140340 -2.943037 -0.149746
v 0.148082 -2.934157 -0.122069
v 0.164052 -2.928205 -0.100752
v 0.183960 -2.929180 -0.088284
v 0.217769 -2.928335 -0.081216
v 0.237590 -2.933372 -0.082895
v 0.258398 -2.943841 -0.089957
v 0.277298 -2.948783 -0.100692
v 0.294357 -2.947973 -0.114600
v 0.306909 -2.949186 -0.134975
v 0.315389 -2.947594 -0.162146
v 0.395320 -2.461394 -0.215030
v 0.374042 -2.454936 -0.274625
v 0.322574 -2.458480 -0.323212
v 0.257124 -2.457591 -0.342253
v 0.196672 -2.459850 -0.336256
v 0.137278 -2.463796 -0.302161
v 0.105994 -2.466863 -0.265304
v 0.091419 -2.470063 -0.220334
v 0.087574 -2.470818 -0.175759
v 0.093292 -2.471442 -0.134183
v 0.109068 -2.469347 -0.097172
v 0.134070 -2.472244 -0.068795
v 0.160765 -2.472347 -0.047654
v 0.210122 -2.474355 -0.024253
v 0.244910 -2.474948 -0.016921
v 0.284142 -2.472118 -0.017669
v 0.324177 -2.472814 -0.031868
v 0.360351 -2.471325 -0.060327
v 0.385620 -2.468673 -0.102694
v 0.397990 -2.465899 -0.155075
v 0.160568 -3.243029 -0.257872
v 0.143227 -3.240771 -0.238645
v 0.156123 -3.288453 -0.268843
v 0.138017 -3.295346 -0.247609
v 0.170781 -3.355382 -0.282575
v 0.162418 -3.370948 -0.259093
v 0.295762 -3.230828 -0.219732
v 0.284664 -3.237444 -0.248487
v 0.300043 -3.287781 -0.230627
v 0.292967 -3.285681 -0.256156
v 0.284021 -3.381600 -0.253198
v 0.280174 -3.363567 -0.279907
v 0.215129 -3.209511 -0.272110
v 0.180916 -3.217948 -0.265039
v 0.241851 -3.210333 -0.269711
v 0.264583 -3.216584 -0.262166
v 0.269287 -3.246173 -0.268406
v 0.177255 -3.250036 -0.271417
v 0.213024 -3.247238 -0.281190
v 0.243683 -3.246081 -0.279712
v 0.175570 -3.286369 -0.281202
v 0.277048 -3.281184 -0.281673
v 0.245523 -3.279783 -0.294540
v 0.211057 -3.282822 -0.293043
v 0.270830 -3.345842 -0.293820
v 0.246600 -3.347944 -0.303417
v 0.216733 -3.348688 -0.304980
v 0.181746 -3.343834 -0.294287
v 0.250732 -3.377620 -0.292416
v 0.251200 -3.400199 -0.262980
v 0.215520 -3.379882 -0.291961
v 0.215762 -3.400038 -0.264684
v 0.216865 -3.271372 0.023806
v 0.239967 -3.271700 0.023655
v 0.180433 -3.273673 0.019699
v 0.160037 -3.279473 0.012368
v 0.237751 -3.189838 -0.058998
v 0.216672 -3.184650 -0.053032
v 0.187414 -3.185423 -0.054761
v 0.162554 -3.192887 -0.067824
v 0.142690 -3.202907 -0.086499
v 0.258034 -3.196232 -0.068934
v 0.273874 -3.204492 -0.084359
v 0.284306 -3.212683 -0.105388
v 0.289453 -3.214899 -0.131506
v 0.296688 -3.218019 -0.159600
v 0.305059 -3.039545 -0.192054
v 0.298730 -3.039804 -0.222570
v 0.277605 -3.035710 -0.249625
v 0.245490 -3.030300 -0.264578
v 0.216979 -3.022459 -0.266932
v 0.178617 -3.027796 -0.254152
v 0.155348 -3.027682 -0.233507
v 0.144179 -3.027270 -0.203970
v 0.142724 -3.026519 -0.175666
v 0.143712 -3.025596 -0.146898
v 0.149903 -3.019465 -0.120269
v 0.165831 -3.014484 -0.100418
v 0.185524 -3.013718 -0.090254
v 0.218435 -3.011160 -0.085423
v 0.236471 -3.017754 -0.087695
v 0.254946 -3.024917 -0.095222
v 0.271514 -3.034065 -0.107023
v 0.288916 -3.036076 -0.118551
v 0.298965 -3.038997 -0.138347
v 0.304014 -3.041896 -0.163224
v 0.129923 -3.213764 -0.112237
v 0.125935 -3.232316 -0.143978
v 0.126409 -3.254751 -0.174397
v 0.301390 -3.296515 -0.181657
v 0.280465 -3.382713 -0.192895
v 0.135450 -3.316581 -0.184002
v 0.158410 -3.390300 -0.190555
v 0.247524 -3.408731 -0.195440
v 0.213879 -3.411558 -0.195750
v 0.303184 -3.115402 -0.188394
v 0.297279 -3.123948 -0.218632
v 0.276011 -3.116515 -0.245773
v 0.245399 -3.109112 -0.260499
v 0.216930 -3.102185 -0.263156
v 0.177996 -3.114539 -0.248951
v 0.154793 -3.110502 -0.229492
v 0.139763 -3.108050 -0.201525
v 0.137075 -3.101663 -0.170688
v 0.139568 -3.095690 -0.140073
v 0.147255 -3.093866 -0.113432
v 0.165997 -3.087919 -0.095363
v 0.185791 -3.083076 -0.088321
v 0.217972 -3.082341 -0.085879
v 0.235763 -3.087774 -0.087743
v 0.254108 -3.095876 -0.093720
v 0.270656 -3.104464 -0.104932
v 0.282957 -3.105721 -0.120355
v 0.293345 -3.109406 -0.139555
v 0.301090 -3.119440 -0.163720
v 0.164432 -3.384913 0.143652
v 0.182437 -3.385062 0.132720
v 0.178084 -3.357610 0.149495
v 0.171371 -3.354824 0.155454
v 0.169676 -3.402089 0.093902
v 0.186791 -3.398496 0.102389
v 0.180736 -3.318679 0.092982
v 0.163370 -3.320904 0.091817
v 0.184625 -3.366834 0.204169
v 0.192583 -3.386559 0.187033
v 0.277646 -3.385367 0.118840
v 0.275560 -3.385048 0.156438
v 0.285981 -3.387552 0.153104
v 0.295367 -3.387314 0.122265
v 0.289066 -3.373416 0.162180
v 0.306763 -3.356636 0.125938
v 0.280079 -3.345535 0.127256
v 0.275929 -3.366706 0.165235
v 0.260553 -3.374888 0.182797
v 0.254019 -3.385486 0.178032
v 0.199370 -3.384242 0.196413
v 0.200217 -3.373226 0.205051
v 0.287487 -3.324983 0.089334
v 0.311897 -3.350103 0.089115
v 0.296172 -3.384347 0.083726
v 0.275874 -3.395948 0.079770
v 0.157357 -3.388058 0.195974
v 0.135363 -3.389347 0.194391
v 0.122624 -3.386512 0.141394
v 0.116278 -3.388909 0.081807
v 0.160544 -3.372657 0.209423
v 0.129656 -3.370736 0.199535
v 0.115690 -3.364394 0.146522
v 0.113073 -3.354593 0.099698
v 0.159937 -3.390861 0.175795
v 0.126922 -3.392353 0.174403
v 0.120923 -3.370455 0.176201
v 0.170892 -3.359470 0.203658
v 0.182983 -3.365372 0.201471
v 0.188528 -3.382292 0.169050
v 0.278916 -3.388003 0.145884
v 0.289799 -3.388458 0.146266
v 0.295261 -3.369134 0.153489
v 0.272144 -3.358484 0.156958
v 0.211000 -3.316015 0.097641
v 0.210151 -3.340109 0.145102
v 0.207772 -3.351485 0.177581
v 0.206564 -3.354525 0.193882
v 0.212424 -3.372674 0.201825
v 0.215745 -3.385781 0.193710
v 0.213494 -3.387053 0.181460
v 0.212856 -3.382141 0.163655
v 0.204824 -3.389547 0.127040
v 0.206668 -3.402633 0.091255
v 0.303267 -3.153887 -0.202857
v 0.305394 -3.150076 -0.186172
v 0.303710 -3.179183 -0.203408
v 0.305314 -3.151072 -0.172562
v 0.307331 -3.175652 -0.170286
v 0.307145 -3.177526 -0.186052
v 0.304878 -3.199892 -0.171603
v 0.297128 -3.239100 -0.183211
v 0.304254 -3.205386 -0.184648
v 0.301845 -3.205052 -0.202308
v 0.267224 -3.278441 0.019761
v 0.296585 -3.296062 0.014222
v 0.162357 -3.304265 0.051453
v 0.180546 -3.301086 0.053848
v 0.214911 -3.299042 0.057192
v 0.236364 -3.297964 0.057769
v 0.263253 -3.300738 0.057105
v 0.292274 -3.311851 0.055283
v 0.260197 -3.315352 0.091836
v 0.256073 -3.337066 0.132774
v 0.250248 -3.347269 0.162548
v 0.247424 -3.353833 0.177351
v 0.244830 -3.374500 0.189517
v 0.245999 -3.384282 0.181446
v 0.249573 -3.386918 0.169332
v 0.252600 -3.385290 0.150463
v 0.252204 -3.388393 0.117107
v 0.253298 -3.402976 0.081705
v 0.134393 -3.401084 0.082644
v 0.135830 -3.390136 0.139275
v 0.138890 -3.394706 0.174486
v 0.143249 -3.390130 0.196351
v 0.135978 -3.371483 0.206217
v 0.129453 -3.356057 0.179253
v 0.127176 -3.350335 0.149305
v 0.125375 -3.337290 0.094061
v 0.111171 -3.369262 0.086808
v 0.118276 -3.378531 0.142376
v 0.122444 -3.383973 0.174269
v 0.132002 -3.384964 0.196381
v 0.140279 -3.383554 0.203599
v 0.160048 -3.381311 0.204872
v 0.170604 -3.376024 0.190744
v 0.168950 -3.373874 0.149341
v 0.179486 -3.374590 0.145492
v 0.182501 -3.377987 0.173047
v 0.183232 -3.381272 0.194338
v 0.197542 -3.378528 0.203057
v 0.213791 -3.378129 0.200229
v 0.247494 -3.379067 0.186936
v 0.256777 -3.382502 0.179832
v 0.274401 -3.380658 0.162795
v 0.286430 -3.384152 0.158663
v 0.295498 -3.382731 0.148932
v 0.304809 -3.380983 0.123918
v 0.315732 -3.378924 0.091169
v 0.230033 -3.404617 0.083975
v 0.228599 -3.391001 0.120868
v 0.228148 -3.381528 0.154549
v 0.227159 -3.387299 0.175497
v 0.225117 -3.386690 0.191211
v 0.230266 -3.380150 0.196032
v 0.232531 -3.373106 0.197324
v 0.230378 -3.351395 0.184063
v 0.232433 -3.346635 0.168417
v 0.235002 -3.335020 0.138969
v 0.232419 -3.316395 0.099442
v 0.144037 -3.327010 0.091886
v 0.146416 -3.341832 0.151993
v 0.152086 -3.348734 0.201085
v 0.149522 -3.372612 0.210048
v 0.150654 -3.384141 0.204580
v 0.151542 -3.389121 0.197099
v 0.152159 -3.393394 0.175001
v 0.152426 -3.389371 0.144019
v 0.152988 -3.403376 0.087160
v 0.177888 -3.407906 0.058434
v 0.188030 -3.405166 0.076052
v 0.198599 -3.407918 0.031074
v 0.204380 -3.409914 0.062245
v 0.278938 -3.404618 0.047006
v 0.303555 -3.393542 0.049641
v 0.273710 -3.398202 -0.031268
v 0.294792 -3.385549 -0.031635
v 0.278635 -3.404048 0.006610
v 0.305784 -3.391780 0.007667
v 0.255469 -3.416893 0.049157
v 0.255002 -3.407230 0.005012
v 0.228953 -3.411549 0.052407
v 0.225868 -3.409193 0.014335
v 0.163466 -3.407821 0.026951
v 0.196681 -3.402400 -0.008107
v 0.221286 -3.404855 -0.022648
v 0.249234 -3.403578 -0.030528
v 0.166305 -3.393612 -0.037219
v 0.198205 -3.400870 -0.054231
v 0.219911 -3.404959 -0.060920
v 0.245742 -3.402357 -0.064610
v 0.268105 -3.393122 -0.066697
v 0.281905 -3.378656 -0.069921
v 0.243806 -3.401496 -0.158645
v 0.208523 -3.406563 -0.156387
v 0.274682 -3.380974 -0.158723
v 0.261224 -3.391607 -0.090164
v 0.272082 -3.381281 -0.110656
v 0.243838 -3.399608 -0.091057
v 0.243258 -3.397186 -0.115990
v 0.212101 -3.401417 -0.103210
v 0.224442 -3.403398 -0.087416
v 0.165633 -3.389320 -0.145348
v 0.175261 -3.381318 -0.094410
v 0.144229 -3.359025 -0.188110
v 0.146132 -3.338118 -0.254329
v 0.159620 -3.326341 -0.276749
v 0.177397 -3.320981 -0.290947
v 0.214308 -3.316362 -0.303416
v 0.246629 -3.316064 -0.304047
v 0.278410 -3.320414 -0.290984
v 0.295056 -3.328750 -0.268246
v 0.301516 -3.337365 -0.241458
v 0.297648 -3.344755 -0.190558
v 0.136089 -3.403232 0.026574
v 0.117736 -3.378955 0.028759
v 0.146485 -3.384253 -0.034083
v 0.128900 -3.365174 -0.029350
v 0.160783 -3.366897 -0.090546
v 0.145301 -3.346825 -0.083801
v 0.152159 -3.368003 -0.145395
v 0.140281 -3.333906 -0.136677
v 0.320939 -3.371553 0.053539
v 0.313082 -3.364150 0.010449
v 0.301510 -3.357128 -0.030354
v 0.291623 -3.351568 -0.070225
v 0.290581 -3.350289 -0.110807
v 0.295330 -3.344683 -0.152358
v 0.143397 -3.311080 0.047988
v 0.141479 -3.289367 0.002018
v 0.125254 -3.322240 0.046427
v 0.128038 -3.304901 -0.011105
v 0.116904 -3.357845 0.035200
v 0.115943 -3.340194 0.043515
v 0.123468 -3.323236 -0.013761
v 0.123795 -3.342252 -0.019849
v 0.133635 -3.298030 -0.124828
v 0.132894 -3.324121 -0.073657
v 0.295973 -3.279220 -0.036226
v 0.270398 -3.255416 -0.017415
v 0.242377 -3.245789 -0.007874
v 0.216457 -3.243651 -0.005937
v 0.183482 -3.245485 -0.011276
v 0.157594 -3.254854 -0.023000
v 0.140413 -3.267820 -0.039371
v 0.141886 -3.240327 -0.066252
v 0.159023 -3.229131 -0.047968
v 0.185508 -3.219371 -0.034910
v 0.213989 -3.217869 -0.031583
v 0.240271 -3.222079 -0.036216
v 0.264557 -3.230421 -0.046716
v 0.280876 -3.241979 -0.064673
v 0.131637 -3.256484 -0.089127
v 0.133248 -3.275258 -0.111186
v 0.134463 -3.286689 -0.056900
v 0.126184 -3.303743 -0.066415
v 0.297260 -3.268767 -0.151105
v 0.295477 -3.255815 -0.121169
v 0.291457 -3.249259 -0.091867
v 0.300701 -3.315346 -0.158148
v 0.300655 -3.299679 -0.138678
v 0.300546 -3.290931 -0.111048
v 0.298557 -3.285981 -0.077822
v 0.305951 -3.322597 -0.032498
v 0.298970 -3.320765 -0.071379
v 0.311311 -3.331097 0.011047
v 0.297961 -3.321442 -0.107103
v 0.300131 -3.323703 -0.133259
v 0.313854 -3.340858 0.053311
v 0.008234 1.233539 0.212071
v 0.031344 1.224468 0.209872
v 0.037673 1.222067 0.208942
v 0.043339 1.218451 0.208338
v 0.046944 1.181347 0.193659
v 0.044404 1.178688 0.208363
v 0.040320 1.170915 0.209523
v 0.032720 1.162765 0.210606
v 0.025348 1.158256 0.210465
v 0.022457 1.228921 0.210581
v 0.016248 1.156161 0.210854
v 0.015886 1.232111 0.210957
v 0.053656 1.201324 0.188009
v 0.007219 1.155263 0.210422
v 0.052222 1.210783 0.193900
v 0.041189 1.215999 0.181028
v 0.044305 1.198240 0.172665
v 0.041897 1.175518 0.189466
v 0.034145 1.218274 0.181028
v 0.036713 1.196798 0.169174
v 0.034732 1.170869 0.189466
v 0.027468 1.218924 0.176184
v 0.029137 1.198977 0.165330
v 0.024769 1.168173 0.185436
v 0.010769 1.218196 0.174438
v 0.010120 1.199711 0.162584
v 0.008542 1.162963 0.184619
v 0.019125 1.218512 0.176184
v 0.020332 1.200105 0.166008
v 0.016756 1.163902 0.183251
v 0.009026 1.205055 0.229069
v 0.014807 1.204340 0.228312
v 0.020277 1.203727 0.227936
v 0.029677 1.203249 0.227228
v 0.035228 1.203802 0.226297
v 0.040197 1.203260 0.225694
v 0.044577 1.201356 0.218300
v 0.047784 1.197364 0.214080
v 0.045306 1.192155 0.218059
v 0.041131 1.188345 0.225718
v 0.037549 1.184937 0.226879
v 0.030884 1.181510 0.227961
v 0.022622 1.179801 0.227820
v 0.016757 1.178743 0.228209
v 0.008993 1.178381 0.227778
v 0.050542 1.199778 0.178005
v 0.043113 1.184544 0.180981
v 0.046526 1.187290 0.184740
v 0.035789 1.181944 0.178721
v 0.008867 1.180044 0.173255
v 0.018517 1.181363 0.171926
v 0.026736 1.181334 0.171836
v 0.049565 1.212072 0.184886
v 0.045127 1.217937 0.195157
v 0.008615 1.230789 0.197594
v 0.016772 1.229856 0.195757
v 0.023868 1.226835 0.195281
v 0.032400 1.224508 0.194202
v 0.038560 1.219967 0.196027
v -0.000000 1.212134 0.256518
v 0.010436 1.212373 0.256389
v 0.020583 1.212386 0.256077
v 0.030646 1.212325 0.253879
v 0.040303 1.212416 0.250190
v 0.049032 1.211862 0.245367
v 0.056715 1.210173 0.239851
v 0.064005 1.207592 0.233319
v 0.069301 1.204308 0.226668
v 0.070371 1.196176 0.218800
v 0.068404 1.187742 0.220804
v 0.060911 1.180577 0.226697
v 0.052737 1.173490 0.232865
v 0.041884 1.167750 0.239839
v 0.029145 1.164342 0.245939
v 0.014547 1.162716 0.248979
v 0.000000 1.163049 0.250304
v -0.000000 1.193180 0.241810
v 0.263996 -3.372818 0.179141
v 0.260694 -3.382110 0.173731
v 0.258455 -3.384888 0.171907
v 0.246594 -3.385881 0.177540
v 0.225970 -3.387107 0.185549
v 0.216610 -3.387200 0.189372
v 0.196253 -3.385887 0.193787
v 0.188596 -3.379140 0.201793
v 0.194680 -3.371373 0.206895
v 0.209702 -3.364571 0.202168
v 0.235539 -3.365390 0.193269
v 0.248192 -3.367895 0.190480
v 0.180428 -3.361559 0.182180
v 0.180831 -3.372851 0.158738
v 0.206809 -3.383524 0.143013
v 0.228165 -3.384518 0.137805
v 0.252757 -3.386190 0.134722
v 0.276946 -3.385979 0.132238
v 0.293060 -3.387696 0.133839
v 0.300583 -3.380656 0.137031
v 0.301726 -3.364219 0.142525
v 0.276880 -3.351899 0.142946
v 0.254460 -3.343389 0.148245
v 0.233831 -3.342095 0.154424
v 0.206906 -3.347582 0.162814
v 0.125854 -3.388289 0.163003
v 0.137334 -3.392450 0.160769
v 0.150481 -3.392713 0.160759
v 0.161013 -3.387826 0.161460
v 0.168966 -3.379937 0.170872
v 0.173039 -3.360504 0.172787
v 0.149395 -3.345798 0.172909
v 0.128603 -3.353238 0.165297
v 0.119901 -3.367825 0.162191
v 0.121098 -3.381247 0.160216
v 0.130781 -3.391545 0.184966
v 0.141120 -3.393481 0.185824
v 0.151895 -3.392220 0.185776
v 0.159363 -3.390278 0.185637
v 0.166912 -3.380790 0.197020
v 0.166027 -3.368838 0.208154
v 0.151021 -3.358747 0.210880
v 0.132365 -3.360337 0.201523
v 0.125091 -3.367385 0.190897
v 0.125738 -3.384450 0.186186
v 0.184906 -3.393494 0.117496
v 0.166648 -3.394108 0.118194
v 0.150671 -3.395129 0.117054
v 0.133919 -3.394265 0.122134
v 0.120008 -3.388003 0.125832
v 0.114440 -3.375706 0.124797
v 0.112218 -3.360635 0.131442
v 0.125295 -3.346812 0.130888
v 0.144395 -3.334546 0.129681
v 0.167458 -3.335539 0.129020
v 0.181262 -3.336701 0.124960
v 0.211627 -3.328077 0.125986
v 0.235182 -3.325376 0.121471
v 0.258664 -3.326520 0.116867
v 0.283400 -3.336197 0.113284
v 0.309343 -3.352131 0.107173
v 0.313186 -3.383490 0.110953
v 0.297805 -3.384878 0.113893
v 0.275885 -3.387241 0.102191
v 0.251944 -3.396442 0.099680
v 0.229347 -3.397363 0.103890
v 0.206358 -3.396242 0.110873
v 0.266366 -3.371830 0.173082
v 0.264344 -3.379426 0.166949
v 0.264045 -3.381388 0.163684
v 0.247936 -3.386596 0.173636
v 0.226525 -3.387096 0.180753
v 0.215103 -3.387253 0.185608
v 0.194488 -3.386355 0.190588
v 0.185674 -3.380558 0.198634
v 0.190646 -3.367868 0.207258
v 0.207987 -3.358660 0.200211
v 0.236425 -3.359473 0.191719
v 0.248636 -3.359026 0.185743
v 0.000000 -0.992193 -0.136299
v 0.059751 -0.961458 0.174490
v 0.114771 -1.022087 0.162259
v 0.114987 -1.129446 0.176897
v 0.127934 -1.245274 0.171906
v 0.142814 -1.359867 0.151642
v 0.151896 -1.477803 0.129247
v 0.157830 -1.596688 0.105103
v 0.154996 -1.714002 0.100615
v 0.157303 -1.795660 0.106281
v 0.152643 -1.851362 0.103805
v 0.153093 -1.910390 0.090152
v 0.158534 -1.966153 0.071138
v 0.162759 -2.016132 0.053337
v 0.158780 -2.061610 0.032437
v 0.165272 -2.149574 0.013077
v 0.168619 -2.258666 -0.004641
v 0.174928 -2.361571 -0.015767
v 0.183554 -2.472991 -0.034534
v 0.189085 -2.588295 -0.050601
v 0.193996 -2.712254 -0.062365
v 0.197308 -2.825037 -0.071819
v 0.200544 -2.926990 -0.083008
v 0.202007 -3.010993 -0.086438
v 0.202093 -3.079026 -0.086269
v 0.201630 -3.139120 -0.073700
v 0.200907 -3.183007 -0.052698
v 0.198508 -3.217911 -0.032366
v 0.197193 -3.243336 -0.008198
v 0.197939 -3.271873 0.022331
v 0.197543 -3.300418 0.055512
v 0.195927 -3.317024 0.095134
v 0.194220 -3.330510 0.126040
v 0.191035 -3.343109 0.152780
v 0.189537 -3.348013 0.171873
v 0.189750 -3.353197 0.197244
v 0.195033 -3.357121 0.202677
v 0.198014 -3.363557 0.206881
v 0.201532 -3.364012 0.205574
v 0.204907 -3.372310 0.202034
v 0.203258 -3.376472 0.200349
v 0.209095 -3.382672 0.193563
v 0.202631 -3.384387 0.191004
v 0.202307 -3.385510 0.188198
v 0.201642 -3.386102 0.184467
v 0.199111 -3.383996 0.166374
v 0.189771 -3.384731 0.144625
v 0.192760 -3.388705 0.130750
v 0.194858 -3.395088 0.114556
v 0.195982 -3.400938 0.097368
v 0.195559 -3.407975 0.069754
v 0.187532 -3.407753 0.045743
v 0.180852 -3.402594 0.007095
v 0.183082 -3.397152 -0.046203
v 0.190097 -3.393485 -0.099863
v 0.187220 -3.403831 -0.151744
v 0.185987 -3.409896 -0.194493
v 0.158346 -3.384269 -0.229073
v 0.142735 -3.353443 -0.226311
v 0.132291 -3.308347 -0.219391
v 0.130155 -3.246771 -0.211016
v 0.137944 -3.178633 -0.215239
v 0.145481 -3.110024 -0.216129
v 0.147922 -3.028277 -0.218984
v 0.147035 -2.932250 -0.222014
v 0.142317 -2.825873 -0.225209
v 0.132915 -2.710129 -0.228197
v 0.118808 -2.586832 -0.234159
v 0.096228 -2.467845 -0.241356
v 0.092989 -2.350880 -0.236601
v 0.092264 -2.238261 -0.228099
v 0.092860 -2.135550 -0.211743
v 0.091392 -2.044176 -0.191062
v 0.088938 -1.961573 -0.172803
v 0.074083 -1.885616 -0.161218
v 0.070149 -1.811080 -0.149675
v 0.069841 -1.735716 -0.139931
v 0.066014 -1.623897 -0.136036
v 0.058694 -1.489300 -0.138900
v 0.049974 -1.363976 -0.143111
v 0.040363 -1.241594 -0.147421
v 0.034841 -1.156926 -0.145282
v 0.031886 -1.046572 -0.138986
v 0.025441 -1.011115 -0.138340
v 0.190028 -3.371818 -0.287521
v 0.195438 -3.346637 -0.300200
v 0.194443 -3.318462 -0.298176
v 0.193142 -3.285246 -0.288572
v 0.193366 -3.249429 -0.277954
v 0.194825 -3.212722 -0.269227
v 0.194313 -3.169904 -0.258568
v 0.194744 -3.105422 -0.257873
v 0.194662 -3.023083 -0.262044
v 0.192871 -2.928652 -0.268218
v 0.189314 -2.822273 -0.276908
v 0.184894 -2.703947 -0.287383
v 0.175618 -2.581506 -0.304027
v 0.163477 -2.463203 -0.320621
v 0.152381 -2.347338 -0.327430
v 0.146613 -2.233877 -0.316184
v 0.148007 -2.133037 -0.293806
v 0.153110 -2.047586 -0.264354
v 0.167858 -1.978649 -0.238631
v 0.196546 -1.944169 -0.236671
v 0.239085 -1.936596 -0.243271
v 0.286488 -1.937165 -0.240179
v 0.323377 -1.944982 -0.222191
v 0.347413 -1.981507 -0.206580
v 0.360925 -2.054988 -0.208907
v 0.372621 -2.141138 -0.221016
v 0.385956 -2.240298 -0.234663
v 0.396378 -2.348720 -0.244755
v 0.387703 -2.458802 -0.243517
v 0.364581 -2.567231 -0.234524
v 0.345412 -2.700467 -0.225677
v 0.326677 -2.834283 -0.217093
v 0.312301 -2.945089 -0.211293
v 0.302945 -3.039731 -0.206371
v 0.301914 -3.116357 -0.202010
v 0.304635 -3.151403 -0.194847
v 0.305898 -3.178387 -0.194283
v 0.303436 -3.205662 -0.193370
v 0.298118 -3.240939 -0.200643
v 0.302241 -3.292679 -0.207157
v 0.301262 -3.341624 -0.216057
v 0.284610 -3.384860 -0.224828
v 0.249748 -3.409492 -0.231686
v -0.000000 0.365742 0.338631
v 0.094428 0.382701 0.381302
v 0.225395 0.402654 0.383253
v 0.320657 0.408296 0.312429
v 0.361267 0.418594 0.233811
v 0.378588 0.417847 0.168659
v 0.389438 0.401043 0.114566
v 0.398308 0.380347 0.055378
v 0.405725 0.353449 -0.005252
v 0.411104 0.332777 -0.072022
v 0.414771 0.322782 -0.143194
v 0.389556 0.317706 -0.215030
v 0.339915 0.328707 -0.271617
v 0.287850 0.324289 -0.324567
v 0.220901 0.333097 -0.359192
v 0.150841 0.339502 -0.365445
v 0.094074 0.343235 -0.348452
v 0.047479 0.349269 -0.326112
v 0.000000 0.366044 -0.313631
v 1.596467 0.700157 -0.207233
v 1.607038 0.670450 -0.236102
v 1.607299 0.655457 -0.273061
v 1.604348 0.650027 -0.310745
v 1.604951 0.661766 -0.348423
v 1.609733 0.686567 -0.364889
v 1.630833 0.712697 -0.370567
v 1.607221 0.736010 -0.365665
v 1.607405 0.755794 -0.356197
v 1.605064 0.773964 -0.338663
v 1.596843 0.785401 -0.317547
v 1.595840 0.791684 -0.295474
v 1.599054 0.794397 -0.269669
v 1.596095 0.790281 -0.240121
v 1.594146 0.773479 -0.213503
v 1.593227 0.737821 -0.199230
v 0.000000 1.233539 0.211714
v -0.000000 1.205055 0.229069
v -0.000000 1.230789 0.197594
v -0.000000 1.154873 0.211007
v -0.000000 1.177541 0.227555
v 0.184165 -3.405246 -0.232074
v 0.215389 -3.410824 -0.231933
v 0.186494 -3.391226 -0.262370
v 0.000000 -0.715939 0.290026
v -0.000000 -0.817863 0.261768
v 0.000000 -0.907147 0.223355
v -0.028789 1.193133 0.240278
v -0.045050 1.224241 0.248379
v -0.033925 1.194115 0.239626
v -0.053945 1.221867 0.240867
v -0.077542 1.198941 0.209113
v -0.051301 1.194355 0.235740
v -0.057828 1.167622 0.223334
v -0.029906 1.192410 0.240792
v -0.067692 1.177771 0.217616
v -0.036072 1.193014 0.240033
v -0.011397 1.441572 0.241997
v -0.038163 1.467801 0.248957
v -0.012280 1.426510 0.235281
v -0.042684 1.447268 0.224781
v -0.011984 1.408293 0.230144
v -0.037923 1.426937 0.206190
v -0.013324 1.369462 0.241623
v -0.034642 1.368369 0.215603
v -0.084776 1.380540 0.191611
v -0.084354 1.370818 0.201446
v -0.103535 1.367868 0.196653
v -0.102399 1.378284 0.185896
v -0.056085 1.389150 0.173381
v -0.050082 1.386278 0.188936
v -0.059028 1.398478 0.176935
v -0.053954 1.395529 0.194714
v -0.067252 1.407261 0.201392
v -0.078546 1.406149 0.192256
v -0.101038 1.413502 0.192525
v -0.101527 1.418882 0.207197
v -0.125940 1.411997 0.183072
v -0.133039 1.417774 0.194357
v -0.146242 1.409451 0.168185
v -0.153933 1.413548 0.178259
v -0.158057 1.405705 0.150519
v -0.168245 1.407165 0.155186
v -0.158528 1.400810 0.145644
v -0.164315 1.399507 0.146803
v -0.152168 1.392419 0.153121
v -0.159017 1.388835 0.156072
v -0.137799 1.381506 0.170374
v -0.142433 1.373757 0.175160
v -0.120878 1.376204 0.182099
v -0.124754 1.367264 0.187547
v -0.014172 1.355190 0.250474
v -0.036163 1.350543 0.230522
v -0.074666 1.332513 0.210015
v -0.078979 1.344741 0.204067
v -0.098755 1.341456 0.198209
v -0.027346 1.394362 0.209381
v -0.012599 1.387696 0.233090
v -0.104963 1.447194 0.201128
v -0.105094 1.463396 0.201587
v -0.073602 1.457653 0.215936
v -0.070988 1.441946 0.201142
v -0.088952 1.411507 0.192972
v -0.081440 1.414614 0.207148
v -0.136560 1.448537 0.190928
v -0.138688 1.464542 0.186553
v -0.034854 1.224086 0.255836
v -0.022409 1.192758 0.242487
v -0.021170 1.192265 0.240693
v -0.045570 1.158504 0.229147
v -0.048571 1.252558 0.235674
v -0.034986 1.249266 0.246593
v -0.046290 1.236347 0.241840
v -0.035588 1.237156 0.251024
v -0.032335 1.265332 0.253272
v -0.048450 1.289544 0.245416
v -0.076433 1.295184 0.214180
v -0.091759 1.328719 0.202387
v -0.085141 1.311573 0.208072
v -0.009681 1.193808 0.241569
v -0.011362 1.223146 0.261894
v -0.011650 1.237348 0.260216
v -0.011761 1.246389 0.253312
v -0.011607 1.261430 0.256921
v -0.014825 1.268718 0.270838
v -0.017101 1.299086 0.284847
v -0.015668 1.324562 0.271443
v -0.038457 1.293480 0.267387
v -0.031371 1.270986 0.268607
v -0.036075 1.316313 0.253878
v -0.057482 1.233034 0.233174
v -0.063256 1.246567 0.225351
v -0.091111 1.286219 0.204685
v -0.103807 1.304828 0.198836
v -0.114169 1.324469 0.192190
v -0.122318 1.339327 0.186475
v -0.084433 1.201797 0.203521
v -0.148114 1.336383 0.162944
v -0.155430 1.304236 0.151346
v -0.167261 1.329837 0.137153
v -0.139505 1.317577 0.172890
v -0.177225 1.379366 0.125256
v -0.185217 1.377460 0.109816
v -0.182314 1.400448 0.124513
v -0.189973 1.403767 0.108626
v -0.181341 1.420151 0.136404
v -0.191288 1.430349 0.118471
v -0.161431 1.444130 0.171793
v -0.169581 1.461237 0.162879
v -0.150350 1.239488 0.120671
v -0.148590 1.265041 0.142805
v -0.131128 1.250076 0.161708
v -0.133055 1.228148 0.144654
v -0.082739 1.212974 0.210020
v -0.075782 1.208119 0.219252
v -0.051677 1.196187 0.236419
v -0.094656 1.206499 0.192058
v -0.092449 1.219918 0.199480
v -0.074963 1.175557 0.206392
v -0.083311 1.174583 0.193729
v -0.113124 1.172599 0.136206
v -0.121924 1.170384 0.112465
v -0.015780 1.150034 0.236664
v -0.009938 1.191880 0.240664
v -0.174439 1.260673 0.083174
v -0.167081 1.286420 0.121700
v -0.124475 1.296570 0.186256
v -0.140397 1.283507 0.165656
v -0.108434 1.277490 0.194582
v -0.122789 1.265310 0.180022
v -0.075420 1.240295 0.215524
v -0.085322 1.231172 0.207423
v -0.042575 1.195617 0.238217
v -0.069962 1.214491 0.226169
v -0.076355 1.221834 0.216868
v -0.038522 1.194843 0.239203
v -0.062224 1.218200 0.233659
v -0.067441 1.228173 0.224885
v -0.017400 1.142836 0.225831
v -0.049451 1.153761 0.219285
v -0.063576 1.163351 0.212659
v -0.039386 1.193732 0.239220
v -0.074510 1.188184 0.212258
v -0.081663 1.189182 0.202308
v -0.091063 1.190795 0.190114
v -0.126242 1.201284 0.135694
v -0.139773 1.205474 0.110295
v -0.010330 1.264235 0.263940
v -0.044735 1.292048 0.256543
v -0.033066 1.268787 0.262038
v -0.021654 1.262886 0.251591
v -0.023331 1.247876 0.252728
v -0.024929 1.237751 0.259371
v -0.023269 1.223643 0.260301
v -0.017527 1.193037 0.242803
v -0.017378 1.447530 0.243114
v -0.023600 1.433341 0.231461
v -0.022581 1.413607 0.221750
v -0.021444 1.390217 0.222258
v -0.023833 1.369642 0.230299
v -0.025054 1.353113 0.240767
v -0.026163 1.320482 0.262300
v -0.028117 1.297053 0.275215
v -0.023203 1.270895 0.269469
v -0.021774 1.267700 0.254872
v -0.027331 1.267952 0.256373
v -0.015796 1.266302 0.256022
v -0.017129 1.272328 0.264285
v -0.021095 1.272533 0.265643
v -0.014433 1.270158 0.258902
v -0.028153 1.269750 0.261121
v -0.025866 1.271484 0.265256
v -0.021770 1.271685 0.259542
v -0.050488 1.302654 0.239108
v -0.044510 1.310676 0.246271
v -0.067542 1.381085 0.182104
v -0.067412 1.374104 0.200851
v -0.062689 1.349415 0.208921
v -0.059950 1.337503 0.217190
v -0.047644 1.343746 0.224405
v -0.048591 1.356551 0.212501
v -0.056062 1.379084 0.190532
v -0.058333 1.385412 0.174429
v -0.043103 1.377595 0.196129
v -0.053155 1.370025 0.203434
v -0.065141 1.363675 0.201786
v -0.081533 1.360425 0.200891
v -0.101999 1.357551 0.196859
v -0.123919 1.357525 0.186668
v -0.143997 1.362398 0.171670
v -0.164174 1.385396 0.145194
v -0.171321 1.398465 0.143646
v -0.172866 1.411941 0.150596
v -0.155821 1.425424 0.176742
v -0.133934 1.429639 0.193191
v -0.104561 1.428442 0.202552
v -0.078554 1.422334 0.203402
v -0.059241 1.411726 0.199078
v -0.045157 1.396982 0.194037
v -0.035049 1.204273 0.248368
v -0.025941 1.203420 0.249145
v -0.018150 1.203787 0.250617
v -0.010008 1.204019 0.251390
v -0.012833 1.176005 0.250734
v -0.034918 1.178781 0.245353
v -0.044573 1.181477 0.240366
v -0.052712 1.184303 0.234442
v -0.059808 1.188981 0.229656
v -0.063906 1.193610 0.226956
v -0.064572 1.201796 0.230510
v -0.056823 1.203183 0.237863
v -0.049333 1.204352 0.243337
v -0.042702 1.204434 0.246285
v -0.071425 1.159195 0.201135
v -0.055840 1.146856 0.209339
v -0.021073 1.131918 0.225843
v -0.093507 1.144108 0.150443
v -0.072396 1.119979 0.171084
v -0.033903 1.087304 0.205232
v -0.155056 1.210878 0.073947
v -0.162434 1.212624 0.028907
v -0.186433 1.260268 0.032062
v -0.131490 1.166604 0.076225
v -0.129981 1.163551 0.023167
v -0.100153 1.137699 0.127192
v -0.104605 1.127975 0.095424
v -0.095401 1.128156 0.054585
v -0.078192 1.110349 0.149145
v -0.033990 1.076769 0.185191
v -0.072938 1.099616 0.119305
v -0.028282 1.076912 0.141616
v -0.063242 1.109018 0.080398
v -0.022274 1.087903 0.101598
v -0.016950 1.062438 0.024583
v -0.057811 1.070651 0.017212
v -0.082776 1.081679 0.008790
v -0.101433 1.098684 -0.015348
v -0.104702 1.049075 -0.029033
v -0.086168 1.034776 -0.003768
v -0.113092 1.110538 -0.041816
v -0.135735 1.183321 -0.016957
v -0.166294 1.219413 -0.009372
v -0.188859 1.260170 -0.005516
v -0.198069 1.406420 0.083518
v -0.193478 1.374976 0.086513
v -0.209713 1.404675 0.052523
v -0.204464 1.370589 0.055716
v -0.182124 1.318302 0.105889
v -0.191606 1.306051 0.068771
v -0.199361 1.301177 0.028309
v -0.201224 1.299365 -0.007299
v -0.213118 1.365371 0.022728
v -0.216278 1.359662 -0.009363
v -0.203347 1.441381 0.089745
v -0.215677 1.445951 0.051155
v -0.218922 1.400263 0.019706
v -0.223189 1.395460 -0.011355
v -0.223963 1.441029 0.015478
v -0.228629 1.433402 -0.017706
v -0.080704 1.478529 0.234064
v -0.084954 1.570708 0.223439
v -0.043747 1.571487 0.242085
v -0.114776 1.485681 0.212173
v -0.149111 1.488128 0.187864
v -0.177811 1.485567 0.150994
v -0.151994 1.408174 0.160278
v -0.162589 1.409802 0.168492
v -0.168034 1.419075 0.163685
v -0.176164 1.434788 0.151586
v -0.185678 1.450281 0.136484
v -0.200155 1.474019 0.107068
v -0.199440 1.552331 0.086486
v -0.217070 1.478415 0.053536
v -0.217352 1.546791 0.043067
v -0.178302 1.557546 0.127157
v -0.152906 1.563524 0.163662
v -0.121947 1.568784 0.197069
v -0.225733 1.470761 0.012495
v -0.231109 1.459822 -0.022080
v -0.231412 1.535125 -0.002559
v -0.237587 1.510293 -0.052524
v -0.060666 1.026805 0.010260
v -0.018428 1.024268 0.015986
v -0.061467 0.971301 0.009875
v -0.018822 0.983319 0.010807
v -0.017379 0.951473 0.014015
v -0.054302 0.918640 0.030207
v -0.090805 0.978470 -0.011081
v -0.105034 0.923799 -0.002678
v -0.116365 0.994726 -0.040645
v -0.152783 0.946141 -0.029305
v -0.077855 0.855451 0.061161
v -0.138812 0.873806 0.033929
v -0.191557 0.903722 0.005278
v -0.115913 1.061405 -0.054755
v -0.128814 1.008635 -0.066066
v -0.182267 0.975253 -0.059457
v -0.232627 0.938310 -0.032084
v -0.191572 1.277244 -0.076385
v -0.202849 1.303699 -0.064276
v -0.239454 1.336620 -0.120931
v -0.233503 1.347867 -0.102560
v -0.254403 1.367040 -0.128631
v -0.242552 1.376883 -0.111949
v -0.257929 1.406336 -0.133108
v -0.249419 1.402999 -0.116414
v -0.237204 1.433689 -0.075524
v -0.240847 1.421707 -0.086113
v -0.233097 1.411788 -0.068619
v -0.236828 1.408902 -0.081572
v -0.259265 1.433044 -0.124415
v -0.251323 1.420232 -0.112881
v -0.246346 1.431167 -0.098150
v -0.243512 1.456843 -0.095752
v -0.227903 1.382806 -0.064969
v -0.234699 1.393872 -0.080673
v -0.234351 1.361874 -0.081549
v -0.237356 1.379857 -0.090292
v -0.241729 1.403147 -0.112345
v -0.244346 1.415081 -0.111213
v -0.239508 1.419026 -0.099588
v -0.238493 1.416984 -0.091019
v -0.235784 1.408272 -0.089108
v -0.233600 1.399069 -0.087715
v -0.234694 1.393049 -0.096172
v -0.240851 1.390009 -0.108974
v -0.235671 1.406231 -0.098627
v -0.216675 1.352396 -0.062300
v -0.229442 1.345134 -0.072327
v -0.217974 1.324134 -0.089474
v -0.219270 1.306539 -0.105082
v -0.252023 1.451847 -0.116301
v -0.249409 1.428235 -0.106444
v -0.241624 1.417830 -0.106685
v -0.236526 1.404861 -0.105754
v -0.236970 1.390814 -0.102827
v -0.238522 1.376330 -0.099013
v -0.230285 1.356841 -0.090909
v -0.221122 1.340001 -0.079454
v -0.209048 1.324080 -0.058804
v -0.208360 1.329422 -0.010929
v -0.206824 1.334075 0.023727
v -0.199310 1.339077 0.060737
v -0.189770 1.346213 0.094117
v -0.177706 1.353008 0.121547
v -0.167736 1.357293 0.136866
v -0.155821 1.372914 0.157342
v -0.151128 1.380051 0.166237
v -0.143935 1.386134 0.163027
v -0.168885 1.239609 -0.087072
v -0.141134 1.210184 -0.095220
v -0.126774 1.134141 -0.111438
v -0.125351 1.089035 -0.120552
v -0.166374 1.240380 -0.115380
v -0.140640 1.212860 -0.120848
v -0.125813 1.139785 -0.133605
v -0.124073 1.095431 -0.140864
v -0.134322 1.035476 -0.131465
v -0.189592 1.005931 -0.137520
v -0.250046 0.990827 -0.145366
v -0.180135 1.007120 -0.161938
v -0.236908 0.993299 -0.181148
v -0.131117 1.044735 -0.150960
v -0.183330 1.274477 -0.106712
v -0.204552 1.323960 -0.110759
v -0.216759 1.344401 -0.120978
v -0.240793 1.372183 -0.139669
v -0.246239 1.404983 -0.138699
v -0.247318 1.434913 -0.128900
v -0.239986 1.465100 -0.121074
v -0.237355 1.474440 -0.098191
v -0.250679 0.964450 -0.072509
v -0.191235 0.991859 -0.087169
v -0.134254 1.017740 -0.089740
v -0.121389 1.073077 -0.078395
v -0.120831 1.120657 -0.066528
v -0.139257 1.194325 -0.046010
v -0.167516 1.226781 -0.038960
v -0.188763 1.263917 -0.034424
v -0.199475 1.299429 -0.032922
v -0.206266 1.328019 -0.031674
v -0.214392 1.356784 -0.033808
v -0.222180 1.390837 -0.035562
v -0.227508 1.424217 -0.041847
v -0.230850 1.448941 -0.048839
v -0.234380 1.475402 -0.073509
v -0.233211 1.460185 -0.083495
v -0.229149 1.440696 -0.065638
v -0.225041 1.417583 -0.057528
v -0.219454 1.387181 -0.051962
v -0.212424 1.356365 -0.048099
v -0.204610 1.327275 -0.047566
v -0.198069 1.300849 -0.050434
v -0.192357 1.269112 -0.055383
v -0.167581 1.234458 -0.063223
v -0.139497 1.204163 -0.070339
v -0.124966 1.128296 -0.089479
v -0.124193 1.081909 -0.100219
v -0.136173 1.025426 -0.111707
v -0.192783 1.001324 -0.112528
v -0.254738 0.981181 -0.109614
v -0.179345 1.267105 -0.146652
v -0.203952 1.308554 -0.156022
v -0.155726 1.241649 -0.146996
v -0.134072 1.213077 -0.146835
v -0.119981 1.140410 -0.154142
v -0.119074 1.098021 -0.159749
v -0.126014 1.050116 -0.168732
v -0.162380 1.006664 -0.186051
v -0.211534 0.987528 -0.216265
v -0.217597 1.337898 -0.166404
v -0.239787 1.506413 -0.092980
v -0.242606 1.503947 -0.120377
v -0.138560 1.256590 -0.202450
v -0.169648 1.297962 -0.228960
v -0.185576 1.327791 -0.241058
v -0.200124 1.364196 -0.247888
v -0.227512 1.372099 -0.172389
v -0.233516 1.406571 -0.171111
v -0.213991 1.403089 -0.246568
v -0.238773 1.439277 -0.158449
v -0.228826 1.443433 -0.232263
v -0.240512 1.485633 -0.202034
v -0.243531 1.503920 -0.181542
v -0.244705 1.502604 -0.143011
v -0.242207 1.468091 -0.141425
v -0.121605 1.237744 -0.192189
v -0.110039 1.211427 -0.187800
v -0.095022 1.143537 -0.186644
v -0.094245 1.100611 -0.190066
v -0.102339 1.053882 -0.197630
v -0.124094 1.005684 -0.214287
v -0.164072 0.969444 -0.249147
v -0.072575 1.147685 -0.203118
v -0.085569 1.214473 -0.208371
v -0.040620 1.152923 -0.217844
v -0.047095 1.220766 -0.222198
v -0.096583 1.238630 -0.215591
v -0.052773 1.243287 -0.234230
v -0.108979 1.254977 -0.230823
v -0.061168 1.258045 -0.255714
v -0.130228 1.298414 -0.263872
v -0.077918 1.299790 -0.293290
v -0.140120 1.329172 -0.278714
v -0.082386 1.331979 -0.309658
v -0.151566 1.365763 -0.289870
v -0.088660 1.370016 -0.322814
v -0.166706 1.406118 -0.294537
v -0.103239 1.413339 -0.330797
v -0.184377 1.447348 -0.291636
v -0.112020 1.454510 -0.336400
v -0.206602 1.490285 -0.272385
v -0.137292 1.499963 -0.327995
v -0.069646 1.317690 0.216908
v -0.043707 1.271161 0.251145
v -0.041074 1.274015 0.261178
v -0.036195 1.276038 0.270363
v -0.028504 1.275717 0.277681
v -0.018210 1.273226 0.284345
v -0.067292 1.279928 0.221088
v -0.080510 1.271497 0.210603
v -0.094557 1.262570 0.201343
v -0.106316 1.251125 0.191812
v -0.116189 1.238404 0.176694
v -0.119298 1.219892 0.162362
v -0.115080 1.197572 0.154376
v -0.105329 1.173547 0.153458
v -0.087430 1.148797 0.167886
v -0.067555 1.128838 0.186032
v -0.030438 1.104409 0.219778
v -0.047709 1.298249 0.245226
v -0.043888 1.301946 0.252174
v -0.037639 1.306279 0.261119
v -0.027461 1.309403 0.269672
v -0.016478 1.312558 0.279219
v -0.017739 1.285842 0.287168
v -0.028640 1.286157 0.278134
v -0.038080 1.285031 0.270045
v -0.044385 1.282942 0.259639
v -0.047670 1.278885 0.247910
v -0.017028 1.191930 0.240966
v -0.024907 1.176634 0.248779
v -0.032409 1.152845 0.236194
v -0.034264 1.147239 0.224163
v -0.039672 1.137522 0.218754
v -0.049184 1.114914 0.202996
v -0.052634 1.103372 0.189158
v -0.055406 1.092884 0.171311
v -0.052165 1.086729 0.131892
v -0.043230 1.095984 0.093652
v -0.035768 1.065370 0.021435
v -0.038527 1.024040 0.012995
v -0.037879 0.977072 0.010658
v -0.028825 0.939388 0.018652
v -0.017114 1.100547 0.069069
v -0.043228 1.189326 -0.219162
v -0.077835 1.183779 -0.205321
v -0.101774 1.180088 -0.186849
v -0.125986 1.178352 -0.150981
v -0.130204 1.176667 -0.127492
v -0.128749 1.171803 -0.103868
v -0.124923 1.165609 -0.081397
v -0.119631 1.159791 -0.057619
v -0.112154 1.151142 -0.031343
v -0.099860 1.139571 0.000931
v -0.078224 1.123650 0.026036
v -0.054113 1.114211 0.047058
v -0.034361 1.106074 0.060751
v -0.063667 1.303419 0.223923
v -0.025923 1.117538 0.224668
v -0.045189 1.125450 0.211990
v -0.062637 1.137788 0.198194
v -0.079860 1.154299 0.186365
v -0.093449 1.173774 0.176395
v -0.103481 1.193971 0.172132
v -0.108603 1.213760 0.175257
v -0.104902 1.229100 0.187242
v -0.096335 1.241402 0.198709
v -0.084450 1.251026 0.208047
v -0.071342 1.258656 0.217778
v -0.058774 1.266126 0.227440
v -0.055960 1.289274 0.233456
v -0.051181 1.274135 0.237688
v -0.043705 1.266007 0.242172
v -0.032074 1.260168 0.246066
v -0.022320 1.257104 0.250291
v -0.011086 1.257315 0.252321
v -0.086167 1.623545 0.201184
v -0.044445 1.628105 0.219961
v -0.121921 1.614753 0.173888
v -0.149989 1.603610 0.143314
v -0.173096 1.594839 0.112825
v -0.192734 1.593785 0.078010
v -0.211871 1.591695 0.038529
v -0.227883 1.584008 -0.007485
v -0.168691 1.625352 0.101671
v -0.150003 1.641157 0.120405
v -0.181161 1.636907 0.073715
v -0.158669 1.665116 0.087785
v -0.120181 1.660503 0.144396
v -0.081877 1.672861 0.164988
v -0.041758 1.678250 0.177608
v -0.085551 1.521184 0.239835
v -0.042921 1.518331 0.257849
v -0.070554 1.277746 -0.277149
v -0.119183 1.273846 -0.248597
v -0.154458 1.275100 -0.215096
v -0.191782 1.286440 -0.149480
v -0.190228 1.297909 -0.103668
v -0.193978 1.295928 -0.090419
v -0.208488 1.312757 -0.076371
v -0.215386 1.328489 -0.071522
v -0.224085 1.348069 -0.065340
v -0.232652 1.368709 -0.072508
v -0.235364 1.385063 -0.084256
v -0.233647 1.395749 -0.091855
v -0.235743 1.407240 -0.094320
v -0.238952 1.418507 -0.095466
v -0.244132 1.428663 -0.093179
v -0.241879 1.448694 -0.084063
v -0.231349 1.454276 -0.075666
v -0.232887 1.466654 -0.059907
v -0.234261 1.486895 -0.035319
v -0.228529 1.500703 0.005936
v -0.217880 1.509979 0.049906
v -0.202150 1.513785 0.096730
v -0.181173 1.519128 0.140489
v -0.155483 1.522624 0.182078
v -0.121199 1.522501 0.215801
v -0.122261 1.690909 0.102742
v -0.080282 1.708872 0.115836
v -0.040969 1.716965 0.126522
v -0.197651 1.641499 0.037969
v -0.210978 1.641456 -0.005813
v -0.234222 1.567773 -0.053838
v -0.216153 1.637777 -0.052055
v -0.167109 1.682961 0.047012
v -0.125362 1.711902 0.057495
v -0.079198 1.732738 0.067195
v -0.038962 1.742059 0.074834
v -0.170645 1.694714 -0.000079
v -0.173146 1.699972 -0.047892
v -0.125618 1.727004 0.008819
v -0.080221 1.748702 0.017930
v -0.038235 1.758659 0.024901
v -0.121201 1.738223 -0.042471
v -0.081449 1.757690 -0.033724
v -0.040317 1.768169 -0.027238
v -0.071185 1.104761 -0.205301
v -0.040106 1.110614 -0.219169
v -0.041845 1.059598 -0.224777
v -0.075857 1.055934 -0.212335
v -0.090072 1.005933 -0.229706
v -0.048620 1.007634 -0.242021
v -0.057962 0.955737 -0.272842
v -0.112801 0.956765 -0.261999
v -0.054040 1.312546 0.231822
v -0.045596 1.320645 0.239340
v -0.035528 1.326790 0.246119
v -0.025063 1.330644 0.254575
v -0.014855 1.334364 0.263618
v -0.014482 1.342975 0.257778
v -0.024764 1.340353 0.248200
v -0.035609 1.337026 0.239336
v -0.046789 1.331537 0.232579
v -0.057277 1.324294 0.225147
v -0.099592 0.670153 0.166943
v -0.093331 0.735703 0.124993
v -0.204042 0.681396 0.139724
v -0.186385 0.752295 0.099444
v -0.102679 0.110925 0.284280
v -0.105556 0.169087 0.304006
v -0.198924 0.109215 0.230871
v -0.218697 0.153372 0.283012
v -0.272574 0.137958 0.156583
v -0.316338 0.183919 0.215738
v -0.331038 0.176117 0.064991
v -0.366822 0.234478 0.142428
v -0.423715 0.738252 -0.010625
v -0.460350 0.829820 -0.067020
v -0.387879 0.879176 -0.049987
v -0.354629 0.813302 -0.000036
v -0.612998 0.747662 -0.085423
v -0.624511 0.808975 -0.103656
v -0.324870 0.692418 0.088449
v -0.281979 0.774865 0.059489
v -0.407307 0.579504 0.025909
v -0.466674 0.611622 -0.032307
v -0.464424 0.531464 -0.085853
v -0.395663 0.507468 -0.006297
v -0.288743 0.883031 -0.008360
v -0.238704 0.840393 0.029986
v -0.163596 0.810572 0.060243
v -0.084870 0.796974 0.090320
v -0.609029 0.639297 -0.111045
v -0.612964 0.591978 -0.148981
v -0.423995 0.467064 -0.099780
v -0.400366 0.464047 -0.047220
v -0.383838 0.273157 0.025398
v -0.391907 0.251424 -0.051961
v -0.379211 0.241603 -0.208699
v -0.409669 0.439406 -0.234091
v -0.392777 0.310454 0.091703
v -0.441161 0.502002 -0.273018
v -0.602851 0.562880 -0.272649
v -0.370451 0.424767 -0.280653
v -0.346433 0.461814 -0.328812
v -0.328038 0.247503 -0.269549
v -0.265464 0.254571 -0.315324
v -0.327485 0.625888 -0.409229
v -0.425761 0.639523 -0.389296
v -0.597286 0.650672 -0.367389
v -0.416680 0.728083 -0.389717
v -0.601625 0.715036 -0.378632
v -0.312805 0.733932 -0.409535
v -0.153563 0.281269 -0.339915
v -0.108664 0.272136 -0.321117
v -0.081923 0.465226 -0.390216
v -0.145564 0.458828 -0.401867
v -0.237377 0.460539 -0.388825
v -0.209107 0.273810 -0.338164
v -0.077214 0.623578 -0.413667
v -0.127630 0.617286 -0.428015
v -0.094677 0.720650 -0.397582
v -0.144504 0.687023 -0.421456
v -0.196712 0.228412 -0.321752
v -0.158885 0.234554 -0.319856
v -0.225565 0.171419 -0.305372
v -0.137830 0.183202 -0.298282
v -0.230940 0.622739 -0.428304
v -0.153994 0.809396 -0.383965
v -0.208855 0.715911 -0.421161
v -0.287901 0.849506 -0.371739
v -0.415462 0.803527 -0.360482
v -0.609967 0.775032 -0.364951
v -0.064520 0.178498 -0.273137
v -0.055739 0.273373 -0.298211
v -0.035966 0.470387 -0.377674
v -0.027563 0.621204 -0.396896
v -0.033968 0.747556 -0.366382
v -0.062430 0.827122 -0.351524
v -0.312088 0.152186 -0.266301
v -0.364668 0.155560 -0.031482
v -0.362080 0.150133 -0.196339
v -0.314675 0.048677 0.055427
v -0.345426 0.044535 -0.026410
v -0.255136 0.030963 0.135739
v -0.335074 0.037873 -0.178185
v -0.292444 0.038643 -0.247241
v -0.212224 0.045541 -0.276638
v -0.135157 0.056874 -0.270048
v -0.064147 0.067271 -0.250574
v -0.188949 0.020838 0.212784
v -0.107074 0.021774 0.282509
v -0.094765 0.308107 0.381736
v -0.091022 0.506088 0.315318
v -0.238912 0.303719 0.384965
v -0.333720 0.327931 0.310153
v -0.374125 0.357815 0.231715
v -0.385403 0.379541 0.180770
v -0.355549 0.503685 0.129509
v -0.326744 0.512536 0.185286
v -0.275268 0.524068 0.241418
v -0.195411 0.528911 0.290610
v -0.375529 0.504507 0.071673
v -0.393078 0.349982 0.145839
v -0.379718 0.297586 0.201016
v -0.334207 0.252381 0.275394
v -0.233598 0.217276 0.346888
v -0.097740 0.227890 0.347920
v -0.409950 0.402275 -0.089466
v -0.401422 0.414414 -0.028769
v -0.391986 0.437607 0.027009
v -0.379596 0.451486 0.089340
v -0.365920 0.461733 0.149576
v -0.343109 0.470740 0.214082
v -0.296815 0.478012 0.284266
v -0.209783 0.478003 0.347294
v -0.091211 0.445830 0.358943
v -0.041497 0.410452 -0.351669
v -0.088811 0.405311 -0.369593
v -0.150145 0.399085 -0.384580
v -0.231058 0.393541 -0.375661
v -0.309880 0.386079 -0.333576
v -0.352921 0.376731 -0.274697
v -0.396305 0.378683 -0.220501
v -0.286881 0.617244 0.147089
v -0.196190 0.617543 0.185560
v -0.371010 0.555407 0.082757
v -0.098005 0.608720 0.209705
v -0.350183 0.538043 0.120831
v -0.270014 0.564930 0.195420
v -0.190665 0.566770 0.235308
v -0.094955 0.554968 0.260730
v -0.323670 0.551515 0.153442
v -0.344857 0.591891 0.111535
v -0.388164 0.634048 0.058057
v -0.452043 0.667522 -0.012471
v -0.609781 0.689821 -0.088701
v -0.316360 0.927147 -0.056176
v -0.065366 0.899294 -0.310145
v -0.137897 0.907244 -0.314466
v -0.212922 0.926903 -0.303414
v -0.273454 0.960943 -0.254604
v -0.305033 0.972590 -0.205219
v -0.320649 0.968926 -0.157231
v -0.325235 0.954342 -0.107913
v -0.475870 0.925885 -0.242052
v -0.632367 0.876650 -0.256590
v -0.480003 0.895996 -0.115160
v -0.632660 0.857421 -0.147231
v -0.361330 0.934569 -0.281992
v -0.385610 0.956306 -0.227159
v -0.399887 0.958202 -0.167110
v -0.401030 0.928886 -0.107491
v -0.488184 0.935964 -0.178260
v -0.634444 0.878699 -0.202586
v -0.625605 0.855011 -0.302283
v -0.456556 0.898614 -0.287161
v -0.596021 0.597078 -0.329895
v -0.432330 0.565102 -0.347079
v -0.328089 0.546080 -0.380359
v -0.232971 0.538090 -0.409491
v -0.138587 0.533894 -0.420708
v -0.072525 0.537799 -0.410616
v -0.028010 0.542699 -0.396693
v -2.132128 0.752612 -0.278852
v -2.122056 0.748276 -0.333174
v -2.090281 0.751962 -0.330204
v -2.096292 0.759238 -0.272626
v -2.098377 0.723492 -0.277446
v -2.129284 0.721240 -0.282016
v -2.095304 0.722679 -0.327858
v -2.122105 0.721478 -0.329637
v -2.214063 0.739035 -0.343114
v -2.181000 0.740513 -0.338824
v -2.184895 0.750381 -0.289053
v -2.216371 0.747127 -0.291889
v -2.216514 0.716016 -0.294414
v -2.182950 0.716689 -0.288953
v -2.211427 0.718586 -0.338898
v -2.176770 0.720422 -0.333813
v -2.114792 0.757905 -0.276831
v -2.104529 0.750655 -0.331052
v -2.110123 0.722737 -0.329459
v -2.115506 0.723744 -0.280781
v -2.198479 0.739673 -0.340672
v -2.198366 0.747350 -0.289181
v -2.198709 0.717240 -0.291158
v -2.193429 0.720451 -0.336371
v -2.173013 0.746926 -0.384046
v -2.194944 0.748267 -0.393500
v -2.178675 0.742448 -0.437908
v -2.153676 0.742654 -0.429581
v -2.091305 0.749364 -0.470130
v -2.110677 0.751269 -0.482535
v -2.090523 0.741730 -0.517717
v -2.070422 0.741316 -0.506155
v -2.087826 0.747051 -0.411992
v -2.065269 0.747210 -0.406089
v -2.081465 0.747067 -0.351799
v -2.103341 0.747248 -0.360942
v -2.011660 0.747238 -0.421343
v -2.055218 0.744339 -0.445342
v -2.028261 0.742531 -0.487636
v -1.988785 0.742174 -0.469562
v -2.094181 0.707907 -0.508666
v -2.079754 0.707269 -0.497663
v -2.034952 0.709164 -0.480769
v -2.000226 0.705218 -0.464801
v -2.091220 0.715280 -0.408258
v -2.066352 0.711859 -0.402290
v -2.158195 0.711289 -0.422362
v -2.178686 0.712784 -0.432139
v -2.081321 0.723163 -0.349350
v -2.103805 0.722917 -0.361632
v -2.172676 0.723585 -0.381978
v -2.193208 0.723997 -0.391631
v -2.093750 0.713651 -0.471081
v -2.110613 0.714686 -0.479980
v -2.014551 0.706259 -0.419515
v -2.048683 0.715985 -0.439704
v -2.044735 0.741409 -0.437143
v -2.017305 0.741184 -0.483675
v -2.023409 0.708750 -0.476803
v -2.040724 0.715351 -0.432359
v -2.102407 0.750642 -0.476140
v -2.081076 0.741717 -0.512879
v -2.087683 0.707940 -0.503474
v -2.102798 0.714395 -0.476063
v -2.181698 0.747693 -0.387072
v -2.163260 0.742596 -0.432832
v -2.166113 0.712015 -0.425966
v -2.180623 0.723672 -0.385555
v -2.075558 0.747095 -0.408682
v -2.091537 0.747286 -0.355669
v -2.091667 0.722926 -0.354720
v -2.078796 0.713708 -0.404977
v -2.044350 0.758930 -0.343241
v -2.016779 0.751286 -0.395404
v -1.969786 0.751102 -0.461307
v -1.989547 0.758638 -0.413749
v -2.055266 0.768906 -0.267100
v -2.049825 0.762590 -0.324094
v -2.023856 0.768372 -0.337673
v -2.029057 0.772573 -0.317378
v -2.049687 0.714351 -0.327541
v -2.048638 0.714000 -0.342167
v -2.036186 0.702487 -0.321536
v -2.034318 0.701687 -0.338246
v -2.030018 0.708619 -0.396398
v -2.052473 0.726414 -0.268985
v -2.012671 0.696711 -0.391271
v -2.004687 0.699501 -0.411976
v -2.036398 0.741757 -0.432421
v -2.010153 0.741316 -0.480014
v -2.015894 0.708238 -0.473259
v -2.033560 0.711346 -0.428688
v -2.000408 0.765143 -0.387225
v -2.038141 0.771062 -0.263864
v -2.257141 0.741182 -0.425220
v -2.242576 0.735527 -0.456466
v -2.151286 0.743185 -0.513544
v -2.140225 0.736627 -0.539774
v -2.296353 0.734904 -0.313911
v -2.293301 0.732363 -0.339702
v -2.157841 0.725743 -0.511913
v -2.144156 0.715852 -0.534271
v -2.234478 0.710790 -0.445933
v -2.243389 0.715473 -0.421792
v -2.290385 0.716140 -0.339634
v -2.294393 0.720946 -0.312137
v -2.037956 0.772910 -0.196643
v -2.060982 0.766535 -0.194639
v -2.060544 0.761260 -0.245513
v -2.040755 0.770552 -0.245058
v -2.060820 0.722202 -0.251018
v -2.096884 0.755652 -0.187033
v -2.106791 0.748836 -0.237644
v -2.099923 0.723964 -0.241217
v -2.091347 0.732900 -0.187758
v -2.055467 0.737705 -0.193919
v -2.117440 0.730655 -0.185398
v -2.125328 0.720885 -0.232918
v -2.186156 0.718432 -0.223954
v -2.177516 0.731798 -0.178523
v -2.198012 0.728642 -0.176561
v -2.205286 0.716652 -0.218646
v -2.244485 0.718709 -0.208088
v -2.247949 0.725597 -0.177871
v -2.253258 0.738754 -0.207427
v -2.249988 0.744268 -0.181735
v -2.209631 0.740667 -0.221911
v -2.201266 0.751242 -0.181936
v -2.182935 0.754311 -0.182409
v -2.192562 0.742941 -0.225729
v -2.116588 0.757363 -0.187712
v -2.126347 0.745589 -0.234188
v -2.039956 0.711014 -0.245053
v -2.035846 0.709253 -0.269495
v -1.986274 0.701137 -0.456100
v -2.031561 0.736202 -0.197308
v -1.972355 0.732813 -0.466640
v -1.991301 0.728747 -0.472052
v -2.008846 0.727655 -0.479293
v -2.018448 0.726599 -0.483882
v -2.029858 0.727578 -0.488697
v -2.072061 0.724492 -0.506603
v -2.081634 0.726055 -0.512701
v -2.090107 0.726186 -0.517601
v -2.142010 0.727224 -0.540136
v -2.157004 0.736913 -0.512041
v -2.114233 0.736404 -0.476465
v -2.106279 0.736248 -0.470741
v -2.095690 0.734415 -0.464458
v -2.052183 0.732457 -0.438547
v -2.044624 0.730921 -0.432772
v -2.037334 0.729198 -0.427660
v -2.020591 0.731985 -0.417709
v -2.021938 0.733209 -0.401708
v -2.065798 0.732143 -0.409086
v -2.074638 0.735269 -0.410973
v -2.088140 0.733096 -0.414426
v -2.152924 0.727981 -0.430555
v -2.162971 0.728735 -0.434043
v -2.177440 0.728894 -0.439193
v -2.238895 0.723226 -0.456817
v -2.256096 0.727514 -0.419303
v -2.194943 0.737954 -0.391071
v -2.182043 0.737553 -0.384740
v -2.173722 0.737270 -0.381132
v -2.104693 0.737261 -0.358348
v -2.092516 0.737204 -0.352999
v -2.082110 0.737217 -0.348836
v -2.060122 0.745058 -0.341313
v -2.063762 0.747004 -0.333947
v -2.092174 0.739092 -0.332220
v -2.106639 0.738515 -0.333556
v -2.121796 0.735198 -0.335263
v -2.178941 0.731595 -0.338731
v -2.196014 0.731366 -0.340872
v -2.212557 0.729771 -0.343650
v -2.293080 0.725428 -0.340988
v -2.296685 0.728909 -0.312500
v -2.216775 0.730009 -0.289260
v -2.200785 0.731410 -0.285845
v -2.187852 0.735110 -0.284151
v -2.132792 0.740676 -0.274668
v -2.116885 0.743527 -0.272774
v -2.099122 0.744511 -0.269506
v -2.062759 0.751955 -0.261575
v -2.064937 0.748478 -0.249973
v -2.104404 0.738396 -0.241283
v -2.126418 0.734794 -0.236269
v -2.190609 0.732180 -0.228249
v -2.208395 0.730259 -0.223567
v -2.254021 0.731114 -0.208519
v -2.250722 0.737118 -0.177591
v -2.199049 0.741402 -0.174327
v -2.176971 0.746909 -0.177571
v -2.123737 0.747101 -0.181750
v -2.097618 0.748439 -0.183736
v -2.055972 0.755190 -0.189179
v -2.028726 0.763319 -0.189491
v -1.977206 0.714981 -0.465514
v -1.994712 0.715900 -0.470397
v -2.011599 0.717384 -0.477617
v -2.020196 0.717643 -0.481824
v -2.031736 0.718285 -0.486711
v -2.074656 0.715153 -0.504085
v -2.083640 0.716763 -0.509913
v -2.091387 0.717052 -0.514485
v -2.143063 0.721496 -0.538195
v -2.158190 0.731765 -0.511761
v -2.113728 0.725966 -0.476353
v -2.106129 0.725633 -0.471132
v -2.096071 0.723886 -0.465304
v -2.051624 0.724320 -0.437664
v -2.043483 0.723411 -0.431604
v -2.036667 0.720747 -0.426659
v -2.019336 0.719107 -0.416163
v -2.029974 0.721023 -0.402381
v -2.066708 0.722154 -0.407807
v -2.076209 0.724599 -0.410163
v -2.089273 0.724301 -0.412928
v -2.154858 0.719086 -0.428238
v -2.164032 0.720059 -0.431684
v -2.177630 0.720930 -0.436971
v -2.236787 0.716376 -0.452897
v -2.250619 0.721106 -0.419888
v -2.194382 0.731377 -0.390791
v -2.181727 0.731015 -0.384415
v -2.173625 0.730851 -0.380652
v -2.104948 0.730099 -0.358438
v -2.092576 0.730486 -0.352729
v -2.082095 0.730652 -0.348213
v -2.062663 0.732417 -0.340286
v -2.064968 0.731801 -0.333848
v -2.093567 0.731177 -0.331109
v -2.108146 0.730881 -0.332638
v -2.121888 0.728442 -0.333330
v -2.177855 0.726174 -0.336914
v -2.194693 0.725951 -0.339371
v -2.211946 0.724327 -0.341855
v -2.292200 0.720935 -0.340800
v -2.296087 0.725125 -0.312015
v -2.216805 0.723053 -0.290597
v -2.200095 0.724255 -0.286976
v -2.186726 0.725593 -0.284090
v -2.132227 0.729334 -0.275411
v -2.117356 0.732121 -0.274674
v -2.099690 0.732871 -0.271837
v -2.057021 0.735579 -0.264786
v -2.066146 0.736415 -0.252142
v -2.102623 0.731566 -0.242115
v -2.126058 0.728052 -0.235496
v -2.188715 0.725454 -0.227159
v -2.207641 0.723503 -0.222031
v -2.249573 0.724383 -0.209837
v -2.250127 0.731662 -0.176747
v -2.198461 0.735234 -0.174578
v -2.177070 0.739654 -0.177002
v -2.116947 0.738380 -0.182599
v -2.092593 0.739721 -0.184856
v -2.054235 0.745591 -0.190666
v -2.026612 0.752274 -0.190486
v -2.037386 0.701030 -0.308438
v -2.052692 0.707958 -0.312929
v -2.096744 0.712520 -0.315336
v -2.111378 0.713096 -0.318233
v -2.124373 0.712906 -0.317839
v -2.177033 0.710876 -0.323928
v -2.193653 0.710840 -0.328126
v -2.210820 0.709156 -0.330835
v -2.294394 0.714538 -0.331506
v -2.297291 0.720974 -0.333504
v -2.298373 0.726544 -0.333437
v -2.297588 0.734070 -0.332740
v -2.213992 0.751380 -0.332000
v -2.199072 0.751675 -0.333871
v -2.180919 0.754135 -0.329153
v -2.126385 0.759010 -0.322496
v -2.108476 0.759919 -0.323381
v -2.093708 0.765527 -0.317935
v -2.053191 0.772553 -0.307378
v -2.031216 0.779024 -0.302189
v -2.037542 0.702987 -0.288194
v -2.053912 0.707584 -0.290307
v -2.098742 0.712358 -0.298775
v -2.113075 0.712909 -0.300226
v -2.126316 0.712155 -0.300759
v -2.179291 0.708137 -0.307530
v -2.195910 0.707351 -0.310086
v -2.212185 0.705566 -0.313527
v -2.295948 0.716155 -0.322682
v -2.299147 0.722154 -0.323828
v -2.299948 0.727524 -0.324037
v -2.299037 0.735110 -0.324280
v -2.218642 0.754399 -0.313417
v -2.182652 0.758745 -0.310788
v -2.131039 0.762799 -0.302627
v -2.094909 0.772066 -0.297515
v -2.056903 0.774281 -0.288059
v -2.035633 0.777244 -0.282443
v -2.006494 0.770717 -0.377747
v -2.022988 0.759842 -0.387908
v -2.066647 0.754527 -0.401769
v -2.076945 0.753822 -0.405296
v -2.089786 0.754597 -0.407756
v -2.155935 0.750370 -0.426435
v -2.166373 0.750948 -0.428999
v -2.182526 0.750381 -0.430870
v -2.247215 0.740252 -0.451593
v -2.252953 0.725567 -0.452055
v -2.247281 0.715482 -0.447727
v -2.237297 0.709700 -0.439964
v -2.179666 0.707762 -0.424596
v -2.169665 0.708107 -0.416227
v -2.161410 0.708298 -0.412067
v -2.094646 0.709572 -0.397976
v -2.082818 0.708103 -0.394124
v -2.071863 0.706190 -0.390233
v -2.036779 0.700000 -0.385301
v -2.019703 0.694644 -0.379786
v -2.029713 0.693819 -0.358032
v -2.042859 0.699812 -0.361267
v -2.079083 0.708493 -0.368346
v -2.089066 0.710201 -0.372882
v -2.100430 0.712273 -0.378445
v -2.167296 0.711853 -0.395204
v -2.175903 0.711453 -0.399194
v -2.186131 0.709574 -0.404783
v -2.240743 0.711567 -0.430607
v -2.253336 0.716588 -0.433739
v -2.261226 0.727598 -0.434994
v -2.253767 0.743906 -0.438819
v -2.190352 0.756853 -0.413644
v -2.164436 0.759463 -0.403619
v -2.100422 0.762322 -0.382143
v -2.073855 0.765727 -0.373250
v -2.032603 0.766597 -0.364713
v -2.017193 0.771531 -0.356728
v -1.973784 0.762919 -0.451067
v -1.992060 0.752634 -0.464737
v -2.012077 0.749042 -0.477786
v -2.021368 0.748971 -0.481823
v -2.036598 0.753395 -0.482993
v -2.071628 0.749135 -0.502938
v -2.083132 0.749639 -0.509721
v -2.094392 0.748948 -0.512862
v -2.142813 0.743550 -0.534115
v -2.151208 0.729475 -0.536702
v -2.151516 0.723161 -0.535066
v -2.150728 0.715479 -0.528649
v -2.098150 0.704521 -0.500153
v -2.092227 0.705603 -0.495505
v -2.084291 0.705607 -0.489347
v -2.039456 0.704655 -0.469064
v -2.029700 0.703455 -0.464116
v -2.021757 0.702146 -0.460882
v -2.004891 0.699402 -0.452736
v -1.992492 0.696085 -0.444032
v -1.998390 0.694699 -0.431334
v -2.009704 0.698125 -0.439589
v -2.027318 0.702437 -0.447862
v -2.035326 0.704419 -0.451241
v -2.043857 0.706614 -0.456720
v -2.088227 0.707415 -0.481616
v -2.096729 0.707259 -0.487012
v -2.103092 0.706127 -0.491350
v -2.155194 0.718204 -0.522316
v -2.157693 0.726284 -0.527064
v -2.157041 0.732881 -0.528661
v -2.146753 0.745642 -0.526293
v -2.103107 0.754852 -0.501159
v -2.077250 0.757388 -0.489078
v -2.045123 0.757499 -0.467224
v -2.022094 0.760540 -0.459837
v -2.001587 0.760284 -0.446430
v -1.982659 0.764784 -0.435134
v -2.043125 0.777930 -0.232822
v -2.065459 0.773975 -0.232905
v -2.107113 0.757139 -0.231480
v -2.125465 0.754263 -0.228590
v -2.189865 0.751607 -0.217539
v -2.208348 0.749130 -0.214240
v -2.255094 0.742437 -0.202656
v -2.258415 0.733240 -0.202906
v -2.255428 0.722300 -0.202269
v -2.240273 0.713875 -0.201665
v -2.207973 0.709349 -0.208372
v -2.173973 0.710500 -0.211943
v -2.125690 0.712719 -0.222523
v -2.094361 0.713613 -0.229069
v -2.059879 0.715196 -0.229631
v -2.040158 0.712567 -0.228737
v -2.036683 0.720371 -0.211683
v -2.057014 0.721695 -0.210571
v -2.091949 0.718040 -0.204087
v -2.120267 0.715646 -0.201932
v -2.169711 0.715321 -0.191773
v -2.203273 0.714406 -0.185710
v -2.238080 0.716958 -0.185021
v -2.255990 0.726168 -0.183117
v -2.258188 0.737141 -0.185891
v -2.254411 0.745840 -0.188888
v -2.204463 0.753724 -0.195895
v -2.126267 0.762467 -0.203506
v -2.063821 0.774828 -0.210090
v -2.041726 0.778366 -0.212729
v -2.083658 0.760595 -0.192761
v -2.085779 0.768775 -0.208585
v -2.091511 0.765952 -0.229169
v -2.087586 0.754669 -0.240726
v -2.089915 0.740486 -0.244893
v -2.088356 0.733454 -0.245862
v -2.086017 0.725511 -0.245481
v -2.081396 0.714376 -0.229507
v -2.080120 0.719641 -0.206901
v -2.078147 0.734764 -0.189980
v -2.079929 0.741679 -0.186875
v -2.078815 0.751155 -0.186626
v -2.167637 0.731740 -0.180130
v -2.161693 0.716193 -0.193905
v -2.166059 0.711572 -0.213563
v -2.176082 0.718811 -0.225475
v -2.178376 0.725736 -0.228903
v -2.180087 0.732536 -0.230413
v -2.181831 0.744031 -0.228217
v -2.178082 0.753350 -0.219666
v -2.169761 0.760203 -0.202164
v -2.168134 0.757517 -0.183706
v -2.167006 0.746660 -0.178487
v -2.167206 0.739550 -0.178578
v -2.265643 0.741876 -0.301751
v -2.267706 0.745620 -0.319892
v -2.266090 0.743607 -0.333356
v -2.261769 0.736774 -0.343457
v -2.259783 0.727698 -0.346852
v -2.259545 0.721687 -0.346767
v -2.258630 0.714154 -0.344309
v -2.262363 0.704933 -0.334963
v -2.264592 0.705316 -0.317020
v -2.264971 0.716094 -0.300761
v -2.266214 0.722486 -0.297966
v -2.266829 0.728331 -0.296783
v -2.238070 0.744909 -0.414380
v -2.233722 0.748840 -0.430825
v -2.226588 0.744796 -0.445889
v -2.221974 0.738343 -0.451732
v -2.218774 0.724527 -0.453192
v -2.217317 0.716568 -0.449808
v -2.216681 0.709215 -0.443385
v -2.219580 0.706173 -0.435835
v -2.224185 0.708521 -0.421798
v -2.228226 0.716655 -0.410233
v -2.233629 0.723386 -0.408534
v -2.237587 0.730573 -0.407838
v -2.132488 0.746685 -0.499286
v -2.126468 0.748317 -0.514526
v -2.121816 0.745716 -0.523134
v -2.116993 0.739221 -0.530096
v -2.117010 0.726468 -0.531907
v -2.118095 0.718343 -0.529998
v -2.119920 0.709557 -0.525801
v -2.127864 0.704717 -0.516060
v -2.133424 0.707426 -0.506668
v -2.137972 0.719037 -0.494571
v -2.139387 0.728706 -0.492956
v -2.138888 0.737402 -0.493462
v -2.225989 0.716993 -0.213868
v -2.224974 0.710926 -0.205225
v -2.221486 0.715099 -0.184905
v -2.224092 0.726317 -0.175510
v -2.225396 0.733119 -0.173231
v -2.225944 0.740002 -0.173324
v -2.226587 0.748366 -0.180247
v -2.232532 0.751973 -0.194493
v -2.233181 0.747870 -0.209545
v -2.232967 0.740980 -0.216497
v -2.232839 0.730662 -0.218272
v -2.229844 0.723377 -0.216871
v -2.035074 0.702173 -0.330749
v -2.047598 0.715744 -0.335204
v -2.062418 0.732254 -0.337196
v -2.060175 0.745371 -0.337378
v -2.045448 0.757835 -0.333872
v -2.027104 0.768204 -0.326969
v -2.007715 0.698633 -0.402329
v -2.011987 0.709598 -0.405328
v -2.013692 0.719175 -0.406440
v -2.013071 0.731429 -0.405797
v -2.005925 0.744865 -0.404640
v -1.992936 0.759990 -0.400094
v -2.038422 0.768158 -0.254419
v -2.045919 0.761426 -0.254590
v -2.053026 0.748648 -0.257354
v -2.053760 0.737829 -0.259069
v -2.051366 0.729998 -0.260621
v -2.035294 0.710217 -0.256160
v -2.081229 0.765895 -0.375017
v -2.086792 0.758582 -0.362768
v -2.092202 0.756220 -0.362407
v -2.097910 0.756800 -0.366154
v -2.094055 0.764333 -0.381325
v -2.087874 0.763434 -0.396587
v -2.082248 0.764030 -0.395056
v -2.077148 0.765045 -0.392011
v -2.088130 0.765399 -0.377814
v -2.123261 0.765375 -0.300646
v -2.121356 0.764315 -0.313415
v -2.111083 0.766360 -0.313811
v -2.104099 0.769119 -0.310163
v -2.104324 0.771408 -0.299017
v -2.106719 0.766999 -0.283640
v -2.113754 0.764209 -0.282630
v -2.123853 0.761151 -0.284655
v -2.113948 0.769089 -0.300377
v -2.171836 0.759776 -0.406041
v -2.166361 0.757530 -0.420353
v -2.184697 0.758349 -0.411459
v -2.179605 0.756416 -0.421205
v -2.172927 0.757444 -0.420456
v -2.176156 0.756516 -0.394561
v -2.181339 0.755948 -0.394634
v -2.188258 0.755889 -0.397188
v -2.177680 0.759466 -0.408113
v -2.198501 0.755808 -0.298490
v -2.189410 0.756034 -0.296761
v -2.207191 0.755139 -0.299506
v -2.207540 0.756644 -0.311937
v -2.189626 0.758516 -0.310448
v -2.206834 0.755978 -0.323127
v -2.198101 0.757222 -0.323183
v -2.188752 0.757597 -0.322435
v -2.198209 0.757808 -0.310900
v -2.101559 0.755540 -0.486579
v -2.097923 0.756983 -0.495662
v -2.094563 0.755734 -0.502950
v -2.085600 0.758225 -0.490144
v -2.090873 0.755606 -0.481080
v -2.082057 0.757442 -0.498634
v -2.097991 0.754851 -0.481681
v -2.086484 0.755290 -0.504802
v -2.092344 0.757995 -0.492355
v -2.023688 0.757982 -0.471815
v -2.029503 0.759809 -0.458876
v -2.036407 0.752899 -0.444657
v -2.046314 0.752948 -0.450843
v -2.041042 0.757924 -0.463315
v -2.035140 0.757823 -0.473871
v -2.041231 0.752524 -0.446746
v -2.028486 0.757929 -0.472947
v -2.035461 0.758672 -0.460596
v -2.095674 0.765361 -0.207984
v -2.092017 0.762092 -0.196537
v -2.099108 0.765049 -0.221833
v -2.106484 0.762979 -0.221320
v -2.114792 0.762309 -0.218424
v -2.112615 0.762929 -0.205688
v -2.110050 0.760852 -0.195138
v -2.101481 0.760733 -0.194615
v -2.104630 0.763721 -0.207399
v -2.185948 0.756192 -0.190429
v -2.194768 0.754416 -0.190244
v -2.177289 0.758479 -0.191867
v -2.179327 0.757865 -0.200062
v -2.183453 0.755768 -0.208906
v -2.197001 0.754437 -0.200022
v -2.198536 0.752897 -0.209119
v -2.190881 0.754211 -0.209074
v -2.188380 0.755922 -0.199154
v -1.981981 0.776462 -0.377838
v -1.991524 0.779304 -0.365343
v -1.998107 0.778524 -0.349883
v -2.002483 0.776572 -0.335158
v -2.002370 0.776206 -0.321832
v -1.985430 0.781066 -0.331974
v -1.971520 0.784096 -0.317647
v -1.980069 0.783165 -0.342702
v -1.960440 0.786132 -0.336590
v -1.977705 0.783960 -0.354653
v -1.960136 0.784993 -0.361603
v -1.966330 0.772355 -0.426367
v -1.972012 0.770366 -0.411092
v -1.958200 0.771651 -0.441007
v -1.974464 0.772184 -0.395310
v -1.952000 0.761269 -0.453806
v -1.949416 0.778268 -0.419467
v -1.957535 0.776752 -0.407741
v -1.945480 0.776280 -0.433003
v -1.949268 0.778945 -0.392849
v -1.930901 0.779989 -0.412145
v -1.929012 0.772062 -0.436158
v -2.006250 0.778590 -0.307530
v -2.012509 0.780804 -0.295707
v -1.978605 0.787585 -0.293629
v -1.999293 0.782824 -0.287727
v -1.978539 0.788463 -0.270130
v -1.999389 0.782214 -0.274551
v -2.016597 0.778342 -0.278674
v -1.995819 0.786264 -0.248374
v -2.002674 0.782334 -0.261406
v -2.018366 0.777388 -0.261936
v -2.019037 0.778627 -0.250864
v -2.023471 0.783611 -0.213970
v -2.019905 0.778757 -0.199675
v -2.024352 0.784519 -0.228957
v -2.010486 0.767403 -0.190793
v -2.021242 0.781624 -0.240315
v -1.993859 0.789096 -0.231669
v -2.008453 0.787645 -0.226610
v -1.992350 0.787434 -0.214930
v -2.007833 0.786246 -0.214470
v -2.006550 0.780468 -0.201290
v -1.990223 0.772379 -0.190992
v -2.008912 0.750614 -0.191420
v -1.984900 0.739542 -0.189865
v -2.012510 0.733774 -0.199694
v -1.995707 0.719111 -0.204523
v -2.019403 0.718397 -0.212813
v -2.023229 0.707200 -0.229719
v -2.022523 0.701422 -0.246468
v -1.858332 0.671183 -0.301474
v -1.847882 0.670393 -0.285676
v -1.803158 0.669737 -0.295059
v -1.835940 0.666855 -0.314843
v -1.901747 0.677412 -0.306370
v -1.918436 0.680077 -0.293795
v -1.921998 0.679429 -0.326981
v -1.949170 0.681739 -0.314450
v -1.914908 0.672531 -0.364552
v -1.956063 0.675416 -0.369019
v -1.907523 0.669037 -0.386174
v -1.947388 0.674774 -0.391539
v -1.880386 0.708121 -0.437980
v -1.917255 0.707853 -0.448736
v -1.775530 0.672351 -0.346625
v -1.820765 0.663608 -0.348560
v -1.756875 0.722736 -0.404169
v -1.800400 0.716536 -0.418913
v -1.765236 0.696267 -0.396468
v -1.809897 0.687277 -0.410641
v -1.887933 0.684239 -0.427245
v -1.930211 0.685337 -0.433142
v -1.958177 0.692702 -0.439449
v -1.942907 0.712726 -0.453386
v -1.959299 0.714159 -0.459605
v -1.967557 0.699376 -0.450189
v -1.977029 0.693047 -0.439708
v -1.985346 0.688975 -0.426919
v -1.991024 0.687471 -0.409197
v -1.996377 0.686246 -0.398351
v -2.002357 0.686241 -0.387747
v -2.007777 0.685878 -0.374557
v -2.015721 0.686372 -0.356765
v -2.017698 0.688676 -0.339835
v -2.020370 0.690869 -0.331254
v -2.020079 0.691371 -0.319515
v -2.024152 0.693844 -0.304347
v -2.024198 0.695349 -0.288617
v -2.021635 0.697865 -0.271988
v -2.020716 0.699432 -0.259197
v -1.953868 0.736350 -0.460714
v -1.937449 0.741607 -0.454853
v -2.012833 0.689424 -0.300120
v -1.999776 0.684808 -0.304349
v -2.013189 0.690634 -0.291070
v -2.000466 0.688804 -0.280058
v -1.994250 0.679031 -0.348514
v -2.005848 0.682554 -0.355009
v -1.997323 0.680753 -0.373000
v -1.987777 0.677869 -0.372254
v -2.010793 0.702066 -0.230335
v -2.001875 0.696296 -0.239065
v -2.005725 0.715059 -0.211920
v -1.996703 0.681489 -0.325533
v -2.000140 0.692100 -0.258822
v -1.969359 0.682333 -0.417009
v -1.973153 0.686130 -0.425882
v -1.967068 0.691033 -0.436084
v -1.979427 0.678474 -0.395048
v -1.918779 0.677101 -0.344275
v -1.957005 0.677798 -0.343985
v -1.898406 0.672227 -0.408473
v -1.937996 0.677381 -0.413418
v -1.964026 0.689418 -0.251456
v -1.930614 0.684479 -0.239257
v -1.962982 0.687377 -0.270850
v -1.932406 0.684853 -0.258970
v -1.957482 0.685023 -0.290395
v -1.927898 0.683016 -0.274967
v -1.962060 0.715335 -0.179085
v -1.942486 0.702609 -0.163641
v -1.928721 0.682798 -0.213786
v -1.963525 0.692895 -0.230789
v -1.927479 0.687567 -0.178530
v -1.960898 0.702623 -0.202798
v -1.843516 0.670225 -0.264764
v -1.840209 0.666874 -0.243291
v -1.843022 0.665854 -0.223740
v -1.828210 0.664932 -0.330385
v -1.784980 0.669917 -0.321576
v -1.770682 0.676255 -0.364570
v -1.816953 0.664448 -0.372626
v -1.797652 0.672585 -0.262239
v -1.844960 0.668648 -0.199604
v -1.794954 0.673741 -0.239342
v -1.794015 0.676116 -0.220931
v -1.794783 0.680874 -0.201489
v -1.813181 0.672502 -0.394551
v -1.768987 0.684079 -0.383726
v -1.863600 0.663882 -0.379614
v -1.870288 0.665232 -0.357818
v -1.875503 0.669304 -0.338443
v -1.880019 0.673373 -0.321397
v -1.881811 0.674575 -0.303656
v -1.883738 0.674538 -0.287686
v -1.886587 0.674571 -0.268658
v -1.889415 0.672854 -0.250478
v -1.890987 0.670354 -0.229481
v -1.890684 0.670453 -0.203875
v -1.857410 0.667894 -0.402304
v -1.849549 0.683068 -0.420431
v -1.840346 0.712557 -0.427929
v -1.845426 0.678307 -0.172493
v -1.799855 0.691906 -0.177855
v -1.888077 0.677319 -0.173519
v -1.926176 0.707910 -0.135263
v -1.907560 0.701150 -0.141678
v -1.878486 0.698793 -0.144132
v -1.915021 0.730595 -0.116437
v -1.895121 0.731180 -0.123658
v -1.871877 0.731084 -0.131991
v -1.848662 0.700220 -0.149108
v -1.842070 0.732226 -0.141889
v -1.812393 0.709520 -0.158548
v -1.805480 0.737701 -0.156884
v -1.950233 0.769329 -0.177515
v -1.952165 0.782918 -0.194259
v -1.908177 0.780120 -0.151227
v -1.931162 0.779793 -0.137758
v -1.885141 0.784958 -0.161400
v -1.857196 0.791394 -0.171858
v -1.808621 0.788792 -0.181578
v -1.749083 0.682667 -0.240569
v -1.705480 0.675691 -0.246503
v -1.723114 0.670004 -0.265915
v -1.753959 0.675761 -0.260121
v -1.717675 0.665543 -0.285143
v -1.757364 0.671523 -0.291969
v -1.722628 0.665123 -0.305113
v -1.746287 0.670284 -0.316894
v -1.699332 0.662647 -0.317240
v -1.735668 0.672964 -0.339898
v -1.695981 0.663133 -0.282691
v -1.728124 0.677544 -0.356535
v -1.725866 0.690559 -0.373701
v -1.722438 0.705007 -0.384908
v -1.706947 0.721265 -0.385432
v -1.981095 0.724401 -0.158775
v -1.971592 0.711190 -0.140927
v -1.961691 0.712231 -0.121051
v -1.973508 0.753147 -0.161268
v -1.963915 0.778029 -0.120192
v -1.951443 0.736262 -0.103692
v -1.975454 0.769757 -0.146018
v -1.939880 0.776016 -0.162523
v -1.925163 0.780080 -0.174884
v -1.950645 0.768810 -0.105705
v -1.918475 0.767952 -0.119935
v -1.895949 0.766591 -0.127530
v -1.871587 0.768045 -0.137989
v -1.842746 0.767436 -0.147278
v -1.806426 0.765673 -0.161912
v -2.061166 0.725856 -0.093300
v -2.048728 0.730918 -0.074774
v -2.080193 0.733178 -0.081261
v -2.066703 0.736893 -0.068295
v -2.076633 0.765591 -0.095364
v -2.067607 0.770887 -0.076355
v -2.054783 0.768134 -0.105130
v -2.045837 0.773334 -0.081135
v -2.042719 0.751277 -0.068918
v -2.066269 0.738964 -0.108048
v -2.040583 0.763961 -0.072266
v -2.063596 0.755151 -0.108679
v -2.085370 0.759049 -0.091919
v -2.068149 0.762209 -0.066599
v -2.087949 0.743682 -0.085344
v -2.069250 0.751526 -0.062748
v -2.003677 0.725392 -0.100824
v -2.013671 0.722466 -0.117407
v -2.019025 0.732535 -0.131016
v -2.014621 0.752764 -0.132644
v -2.012569 0.768076 -0.125302
v -2.000627 0.779027 -0.099547
v -1.990681 0.767542 -0.088350
v -1.993691 0.743204 -0.086389
v -2.025194 0.726255 -0.087203
v -2.036520 0.722300 -0.105456
v -2.042042 0.735623 -0.120044
v -2.038495 0.753959 -0.121132
v -2.033116 0.768166 -0.115568
v -2.022608 0.776633 -0.090434
v -2.015408 0.766702 -0.078951
v -2.017311 0.746935 -0.075812
v -1.748146 0.692392 -0.222528
v -1.750067 0.698178 -0.211766
v -1.769412 0.740731 -0.175104
v -1.780611 0.718386 -0.173271
v -1.776284 0.759502 -0.175600
v -1.742895 0.730762 -0.189143
v -1.758606 0.709164 -0.192082
v -1.760432 0.770292 -0.188979
v -1.730429 0.723355 -0.199175
v -1.701378 0.705761 -0.210890
v -1.694810 0.669994 -0.354602
v -1.697407 0.689770 -0.372237
v -1.710778 0.743869 -0.385359
v -1.751417 0.745932 -0.399221
v -1.795445 0.744972 -0.416309
v -1.837536 0.744142 -0.426748
v -1.875534 0.743440 -0.436623
v -1.912078 0.741909 -0.447194
v -1.944310 0.792256 -0.212132
v -1.907687 0.787626 -0.188142
v -1.876518 0.802095 -0.221630
v -1.929427 0.797357 -0.235524
v -1.820083 0.802474 -0.218636
v -1.768875 0.793686 -0.218312
v -1.927741 0.797907 -0.259140
v -1.867451 0.805943 -0.249836
v -1.821529 0.805948 -0.247286
v -1.774177 0.799981 -0.245764
v -1.926846 0.798611 -0.282234
v -1.910816 0.766035 -0.433703
v -1.917343 0.781770 -0.405968
v -1.924484 0.784009 -0.380499
v -1.928249 0.790010 -0.354579
v -1.925395 0.792851 -0.328221
v -1.926674 0.794276 -0.305034
v -1.871330 0.805592 -0.272631
v -1.872104 0.803920 -0.294742
v -1.873056 0.801928 -0.318946
v -1.878220 0.797664 -0.347615
v -1.875762 0.792209 -0.373628
v -1.873959 0.786380 -0.399016
v -1.873908 0.769071 -0.424133
v -1.838861 0.772217 -0.414758
v -1.794390 0.769183 -0.403381
v -1.748902 0.764002 -0.386598
v -1.728919 0.763967 -0.203259
v -1.726994 0.782689 -0.222371
v -1.730509 0.789694 -0.246962
v -1.688365 0.755549 -0.200467
v -1.684844 0.780037 -0.218229
v -1.686895 0.790872 -0.244278
v -1.823978 0.807440 -0.271158
v -1.827156 0.806916 -0.293811
v -1.833223 0.804883 -0.317325
v -1.839220 0.801460 -0.341545
v -1.844746 0.795988 -0.366511
v -1.843890 0.787579 -0.393366
v -1.797038 0.784693 -0.383413
v -1.796241 0.793764 -0.360555
v -1.792616 0.799176 -0.337881
v -1.787529 0.802346 -0.315323
v -1.781737 0.803682 -0.292985
v -1.778139 0.802770 -0.270154
v -1.748656 0.776566 -0.369561
v -1.749147 0.785394 -0.351577
v -1.747515 0.791288 -0.332207
v -1.743836 0.795056 -0.312377
v -1.737636 0.796378 -0.292064
v -1.734162 0.793345 -0.270187
v -1.698655 0.761195 -0.376891
v -1.700250 0.772262 -0.357368
v -1.703437 0.782629 -0.343786
v -1.704175 0.788941 -0.327664
v -1.702449 0.793844 -0.310393
v -1.697789 0.791725 -0.291791
v -1.691457 0.793113 -0.270574
v -1.670675 0.788843 -0.305541
v -1.671872 0.791440 -0.291073
v -1.637530 0.789945 -0.299268
v -1.648250 0.793249 -0.274887
v -1.671702 0.784339 -0.321987
v -1.675947 0.778965 -0.335543
v -1.651268 0.773048 -0.342273
v -1.638029 0.783885 -0.320498
v -1.641647 0.792029 -0.242663
v -1.650644 0.756713 -0.361395
v -1.645064 0.738418 -0.369978
v -1.655985 0.718090 -0.375037
v -1.651826 0.689894 -0.367605
v -1.641856 0.665530 -0.350800
v -1.639052 0.777664 -0.214433
v -1.638131 0.752734 -0.200711
v -1.633560 0.702325 -0.210031
v -1.645920 0.674045 -0.240117
v -1.640127 0.654914 -0.312943
v -1.645143 0.660487 -0.277021
v -0.618651 0.820688 -0.336952
v -0.435618 0.860805 -0.325912
v -0.334648 0.905452 -0.321373
v -0.252281 0.947393 -0.279061
v -0.192724 0.981045 -0.232573
v -0.146189 1.007015 -0.199254
v -0.118072 1.052822 -0.182450
v -0.110141 1.099392 -0.174728
v -0.110251 1.141266 -0.170692
v -0.116755 1.178525 -0.168916
v -0.124427 1.211293 -0.166900
v -0.140736 1.239745 -0.168475
v -0.162884 1.261661 -0.172545
v -0.179538 1.280410 -0.179005
v -0.195334 1.302523 -0.188015
v -0.210821 1.332710 -0.196886
v -0.222435 1.368615 -0.202436
v -0.231594 1.405491 -0.199969
v -0.238896 1.441125 -0.188135
v -0.243443 1.476830 -0.173606
v -0.244872 1.503285 -0.163361
v -0.349992 0.038212 -0.103522
v -0.371366 0.147577 -0.115458
v -0.399271 0.239363 -0.129417
v -0.417627 0.389567 -0.153883
v -0.433385 0.450850 -0.165583
v -0.477560 0.506804 -0.174200
v -0.611954 0.560751 -0.206464
v -1.465125 0.691207 -0.196101
v -0.794981 0.647491 -0.137587
v -1.019238 0.664486 -0.165407
v -1.273006 0.665258 -0.163841
v -0.799125 0.696085 -0.117993
v -1.020203 0.707851 -0.155476
v -1.274197 0.714672 -0.147632
v -1.463362 0.731263 -0.187266
v -1.178187 0.661982 -0.162485
v -1.177161 0.705761 -0.143625
v -0.880790 0.700187 -0.135185
v -0.878863 0.651939 -0.146400
v -0.703394 0.647934 -0.131852
v -0.707185 0.692510 -0.102797
v -1.369409 0.677150 -0.178612
v -1.370041 0.722657 -0.166265
v -1.553873 0.697581 -0.203839
v -1.549209 0.736213 -0.197018
v -0.537599 0.811976 -0.093681
v -0.513569 0.740699 -0.070611
v -0.513639 0.680314 -0.065343
v -0.519044 0.628386 -0.074473
v -0.533250 0.571558 -0.122451
v -0.534571 0.547102 -0.193174
v -0.518912 0.554267 -0.263771
v -0.509904 0.596171 -0.320425
v -0.508231 0.652951 -0.359471
v -0.511648 0.720092 -0.375415
v -0.518329 0.782989 -0.352653
v -0.529402 0.830467 -0.322079
v -0.541583 0.865502 -0.288550
v -0.551501 0.887806 -0.245196
v -0.560796 0.899178 -0.192941
v -0.553693 0.869721 -0.133522
v -0.106792 -0.084974 0.277447
v -0.194890 -0.089232 0.214461
v -0.263395 -0.083856 0.139915
v -0.313813 -0.075884 0.059175
v -0.330143 -0.075258 -0.023232
v -0.327724 -0.075884 -0.093001
v -0.306812 -0.079036 -0.156107
v -0.262161 -0.077652 -0.206995
v -0.199292 -0.076655 -0.234241
v -0.131029 -0.068848 -0.239862
v -0.060797 -0.064709 -0.226815
v -0.219890 -0.419935 -0.288260
v -0.241459 -0.505901 -0.342324
v -0.062803 -0.550195 -0.350035
v -0.053663 -0.478437 -0.299218
v -0.025346 -0.577772 -0.348023
v -0.032051 -0.524165 -0.319596
v -0.054099 -0.370315 -0.259218
v -0.140236 -0.437464 -0.297371
v -0.149374 -0.525689 -0.352457
v -0.052563 -0.272130 -0.237358
v -0.052292 -0.175597 -0.224333
v -0.128839 -0.354114 -0.262744
v -0.126000 -0.264634 -0.243040
v -0.126876 -0.174271 -0.228384
v -0.190357 -0.177189 -0.219457
v -0.192119 -0.261165 -0.234094
v -0.200329 -0.342583 -0.252702
v -0.299115 -0.418874 -0.253463
v -0.326683 -0.501579 -0.300785
v -0.267920 -0.341200 -0.218879
v -0.252362 -0.264421 -0.199740
v -0.246540 -0.179914 -0.188634
v -0.284576 -0.184865 -0.138800
v -0.310692 -0.185374 -0.085152
v -0.425956 -0.516922 -0.107475
v -0.433841 -0.549128 -0.183824
v -0.365147 -0.448898 -0.195240
v -0.391894 -0.519622 -0.235520
v -0.315375 -0.348364 -0.164013
v -0.292080 -0.276333 -0.147705
v -0.320659 -0.287262 -0.091062
v -0.355661 -0.377039 -0.095479
v -0.494170 -0.650962 -0.106396
v -0.470290 -0.637066 -0.183714
v -0.393671 -0.406929 -0.013769
v -0.432723 -0.525690 -0.002872
v -0.351648 -0.294468 -0.025237
v -0.331840 -0.189159 -0.021186
v -0.333743 -0.190131 0.063666
v -0.367778 -0.290941 0.077075
v -0.410802 -0.398253 0.094077
v -0.445269 -0.524529 0.104808
v -0.488980 -0.657987 -0.003501
v -0.474298 -0.657340 0.113182
v -0.518431 -0.751546 -0.127597
v -0.497452 -0.733681 -0.195975
v -0.530653 -0.809733 -0.018986
v -0.489289 -0.800626 0.114772
v -0.024191 -0.669181 -0.385547
v -0.026300 -0.791447 -0.396818
v -0.169374 -0.955390 -0.399132
v -0.172566 -0.844567 -0.421724
v -0.271382 -0.837882 -0.422257
v -0.272919 -0.966123 -0.403430
v -0.032036 -0.895147 -0.375732
v -0.262009 -1.061002 -0.352190
v -0.076304 -0.862791 -0.399027
v -0.069243 -0.763239 -0.409304
v -0.064286 -0.646460 -0.390703
v -0.169207 -0.734844 -0.424462
v -0.158266 -0.624136 -0.400437
v -0.272087 -0.720892 -0.416636
v -0.261654 -0.608671 -0.391275
v -0.349978 -0.607238 -0.342251
v -0.366262 -0.718356 -0.370712
v -0.373577 -0.835967 -0.384636
v -0.381744 -0.959348 -0.364927
v -0.387214 -1.053588 -0.334596
v -0.425728 -0.619022 -0.260875
v -0.451508 -0.720395 -0.284689
v -0.461755 -0.827099 -0.303838
v -0.499776 -0.826409 -0.219529
v -0.523593 -0.845674 -0.157735
v -0.455935 -0.926247 -0.294252
v -0.488580 -0.893244 -0.243675
v -0.519502 -0.938540 -0.203073
v -0.503321 -0.988294 -0.240701
v -1.548442 0.770861 -0.209909
v -1.553758 0.790831 -0.238053
v -1.555734 0.796531 -0.266801
v -1.556939 0.794300 -0.292297
v -1.559566 0.787297 -0.315087
v -1.561134 0.775776 -0.335763
v -1.560991 0.755531 -0.355058
v -1.563272 0.734429 -0.364781
v -1.562665 0.708580 -0.368131
v -1.561359 0.682084 -0.363724
v -1.562613 0.656628 -0.346377
v -1.563316 0.643939 -0.308224
v -1.563985 0.648796 -0.268291
v -1.562535 0.665472 -0.230949
v -1.464934 0.657638 -0.223307
v -1.465351 0.639430 -0.260898
v -1.466024 0.634062 -0.300808
v -1.467946 0.644873 -0.339463
v -1.469328 0.670424 -0.362007
v -1.470841 0.698434 -0.368686
v -1.471004 0.727148 -0.366447
v -1.470343 0.753723 -0.356033
v -1.462038 0.769255 -0.196802
v -1.463012 0.795439 -0.222168
v -1.464292 0.805867 -0.254789
v -1.466800 0.803276 -0.285541
v -1.471283 0.779142 -0.334075
v -1.469821 0.794165 -0.310563
v -1.367338 0.640556 -0.210488
v -1.271970 0.626180 -0.198505
v -1.367454 0.622374 -0.252843
v -1.272906 0.603529 -0.245426
v -1.369662 0.618552 -0.298026
v -1.274208 0.598530 -0.296551
v -1.372946 0.629762 -0.339983
v -1.273710 0.610918 -0.346623
v -1.375624 0.657901 -0.367359
v -1.275433 0.650291 -0.380271
v -1.381090 0.687219 -0.375025
v -1.283372 0.686023 -0.385683
v -1.379551 0.722914 -0.373540
v -1.283444 0.721861 -0.384799
v -1.376723 0.754824 -0.362457
v -1.278681 0.758616 -0.376859
v -1.276639 0.769577 -0.154621
v -1.370999 0.768985 -0.175331
v -1.370875 0.803312 -0.204275
v -1.275817 0.813660 -0.188999
v -1.370390 0.817075 -0.243724
v -1.273486 0.829330 -0.235515
v -1.370970 0.814425 -0.281599
v -1.376028 0.782920 -0.341067
v -1.373743 0.802563 -0.313611
v -1.272932 0.828689 -0.280335
v -1.276871 0.817265 -0.319829
v -1.279257 0.793243 -0.354625
v -1.179188 0.767149 -0.146989
v -1.660590 0.739998 -0.376144
v -1.666030 0.727347 -0.378773
v -1.664254 0.753097 -0.373311
v -1.690334 0.753803 -0.381767
v -1.698503 0.741791 -0.385896
v -1.695257 0.729109 -0.385449
v -1.686432 0.735662 -0.385065
v -1.674591 0.735281 -0.382143
v -1.673738 0.748696 -0.380176
v -1.684839 0.749117 -0.383012
v -1.670945 0.741121 -0.380649
v -1.688829 0.742467 -0.385255
v -1.178116 0.812697 -0.183157
v -1.178707 0.825524 -0.230281
v -1.179358 0.826161 -0.275461
v -1.180400 0.820485 -0.319192
v -1.176939 0.626649 -0.197973
v -1.177385 0.604308 -0.243650
v -1.176237 0.597600 -0.295300
v -1.165766 0.610410 -0.346215
v -1.162182 0.652175 -0.381198
v -1.180835 0.687921 -0.389693
v -1.186829 0.720293 -0.389855
v -1.167468 0.755402 -0.382705
v -1.177998 0.796854 -0.360857
v -0.712069 0.749678 -0.098019
v -0.801748 0.748542 -0.120270
v -0.881679 0.747059 -0.141758
v -1.020328 0.751112 -0.161147
v -0.884768 0.789637 -0.162170
v -1.019792 0.787785 -0.184310
v -0.805157 0.796939 -0.141015
v -0.718426 0.805140 -0.117721
v -1.021390 0.809537 -0.221977
v -0.722346 0.849248 -0.159251
v -0.807291 0.835171 -0.178301
v -0.887535 0.821918 -0.197121
v -1.023640 0.817458 -0.264814
v -0.889231 0.836813 -0.242657
v -0.808030 0.854909 -0.227776
v -0.722248 0.868930 -0.213942
v -0.701499 0.606715 -0.168664
v -0.791211 0.610874 -0.176869
v -0.875589 0.614370 -0.184065
v -1.018519 0.628830 -0.195720
v -1.018210 0.608573 -0.243185
v -0.874493 0.596739 -0.233518
v -0.788459 0.586227 -0.226195
v -0.697388 0.573265 -0.216739
v -1.017098 0.609984 -0.291150
v -0.875477 0.591757 -0.285153
v -0.789799 0.577686 -0.284206
v -0.697028 0.562383 -0.281938
v -1.016664 0.626234 -0.330706
v -0.881667 0.604096 -0.339858
v -0.792017 0.596074 -0.344084
v -0.693451 0.589215 -0.345828
v -1.020404 0.649282 -0.359819
v -0.894579 0.653501 -0.372383
v -0.875794 0.695648 -0.378719
v -0.880092 0.731584 -0.372672
v -1.029462 0.760305 -0.370113
v -0.904770 0.763499 -0.359151
v -1.028757 0.783175 -0.344580
v -1.025986 0.807620 -0.308714
v -0.891163 0.829287 -0.290304
v -0.894539 0.803824 -0.330371
v -0.720133 0.864824 -0.268856
v -0.808742 0.850005 -0.281111
v -0.716701 0.841857 -0.314930
v -0.713094 0.807497 -0.351834
v -0.706151 0.762605 -0.378471
v -0.691894 0.711380 -0.390321
v -0.694974 0.644966 -0.381975
v -0.809243 0.824259 -0.324627
v -0.797508 0.644885 -0.379527
v -0.795266 0.698895 -0.387275
v -0.801195 0.746507 -0.377700
v -0.809881 0.786951 -0.356868
v -1.107827 0.676869 -0.386266
v -1.021960 0.667746 -0.380238
v -0.942809 0.677936 -0.375565
v -0.950319 0.739189 -0.371597
v -1.027566 0.744194 -0.383391
v -1.109218 0.734440 -0.387454
v -1.124941 0.716640 -0.389417
v -1.124401 0.695620 -0.388879
v -0.934578 0.721045 -0.375029
v -0.929753 0.698533 -0.376731
v -1.023286 0.683781 -0.392215
v -1.084045 0.688560 -0.391322
v -1.025931 0.729882 -0.391920
v -1.084484 0.725782 -0.392617
v -1.087659 0.714787 -0.393884
v -1.087593 0.700347 -0.393423
v -0.964750 0.688815 -0.383874
v -0.960621 0.700603 -0.384747
v -0.960912 0.715617 -0.383514
v -0.967758 0.727817 -0.381595
v -1.024882 0.715621 -0.397297
v -1.024454 0.699891 -0.398111
v -0.952192 0.660269 -0.158633
v -0.952443 0.622688 -0.189744
v -0.951263 0.605013 -0.238961
v -0.951488 0.603853 -0.288292
v -0.954698 0.619819 -0.331701
v -0.962695 0.648039 -0.360297
v -0.979176 0.670308 -0.377266
v -0.988893 0.685417 -0.388976
v -0.990371 0.700290 -0.394014
v -0.991355 0.715897 -0.393088
v -0.992345 0.728991 -0.388122
v -0.985369 0.743427 -0.377680
v -0.973432 0.762156 -0.361836
v -0.966647 0.790741 -0.337125
v -0.962572 0.815572 -0.299653
v -0.960715 0.824825 -0.255666
v -0.956486 0.813043 -0.211990
v -0.954726 0.786399 -0.176703
v -0.953291 0.747754 -0.156373
v -0.952949 0.704202 -0.150118
v -1.094109 0.665378 -0.167648
v -1.092815 0.632906 -0.200663
v -1.093373 0.614312 -0.245136
v -1.092293 0.606615 -0.292028
v -1.087388 0.616935 -0.338397
v -1.082562 0.645790 -0.368878
v -1.066230 0.670268 -0.383395
v -1.057697 0.686150 -0.392123
v -1.057131 0.700489 -0.396134
v -1.057440 0.714826 -0.396178
v -1.059334 0.728256 -0.393058
v -1.069482 0.741560 -0.387084
v -1.088556 0.759813 -0.373229
v -1.094411 0.789513 -0.350586
v -1.097220 0.811579 -0.313501
v -1.097289 0.817621 -0.270357
v -1.096827 0.813944 -0.226739
v -1.094483 0.796009 -0.185166
v -1.094474 0.757525 -0.159055
v -1.093248 0.710585 -0.152005
v -0.286735 -0.194931 0.153930
v -0.204776 -0.209055 0.218147
v -0.111430 -0.201926 0.276428
v -0.313785 -0.298994 0.176049
v -0.217275 -0.312304 0.230795
v -0.120690 -0.317973 0.285756
v -0.345620 -0.409846 0.197921
v -0.368729 -0.522194 0.214774
v -0.239831 -0.429770 0.245545
v -0.257425 -0.556598 0.252020
v -0.382711 -0.673763 0.215204
v -0.252304 -0.694899 0.241914
v -0.390512 -0.811516 0.209020
v -0.243294 -0.851633 0.223384
v -0.138062 -0.442236 0.289864
v -0.141102 -0.573590 0.289137
v -0.131494 -0.701130 0.269922
v -0.110843 -0.812866 0.229534
v -0.044159 -0.980228 -0.332500
v -0.031513 -1.023788 0.113283
v -0.052350 -1.056779 0.099294
v -0.029328 -1.072720 0.057750
v -0.019523 -1.058219 0.010927
v -0.016931 -1.045345 -0.045959
v -0.021710 -1.028266 -0.105464
v -0.044645 -1.067650 -0.177394
v -0.033678 -1.011133 -0.180939
v -0.047978 -0.989904 0.154924
v -0.017330 -1.040405 0.064363
v -0.008770 -1.039729 0.014696
v -0.008941 -1.031834 -0.042547
v -0.014484 -1.012738 -0.102426
v -0.037865 -1.020103 -0.256840
v -0.247883 -1.241840 0.218244
v -0.227803 -1.018062 0.242806
v -0.263889 -1.273430 -0.308988
v -0.370127 -1.279095 -0.296870
v -0.465957 -1.265897 -0.239492
v -0.524031 -1.246428 0.008469
v -0.414593 -1.237367 0.176199
v -0.479331 -1.238196 0.097534
v -0.083378 -1.037561 0.129665
v -0.167193 -0.978302 0.202508
v -0.078449 -0.908607 0.197704
v -0.087052 -1.078774 -0.254033
v -0.139198 -1.043436 -0.329354
v -0.085387 -1.247808 0.136329
v -0.180881 -1.242384 0.201862
v -0.050634 -1.248956 0.097381
v -0.028211 -1.246269 0.052934
v -0.017971 -1.237968 0.003678
v -0.018165 -1.232940 -0.056088
v -0.031588 -1.238907 -0.122848
v -0.052809 -1.244544 -0.174879
v -0.100966 -1.248878 -0.237893
v -0.163009 -1.259097 -0.280784
v -0.090359 -0.937922 -0.382408
v -0.560427 -0.956588 0.013106
v -0.514808 -0.939566 0.131010
v -0.424620 -0.933738 0.215341
v -0.293554 -0.958000 0.251932
v -0.325642 -1.242424 0.214705
v -0.564274 -0.992863 -0.079836
v -0.550408 -0.903369 -0.092193
v -0.542534 -0.952285 -0.157489
v -0.548852 -1.008070 -0.154645
v -0.518673 -1.267388 -0.160788
v -0.537568 -1.261728 -0.083594
v -0.306320 -1.715382 -0.236962
v -0.243190 -1.715627 -0.247546
v -0.359979 -1.719309 -0.201922
v -0.340873 -1.747973 0.076014
v -0.379652 -1.748914 0.020515
v -0.400215 -1.732656 -0.035361
v -0.128301 -1.733109 0.077561
v -0.187044 -1.704040 0.117204
v -0.100162 -1.716304 0.041873
v -0.076416 -1.715316 0.007515
v -0.060215 -1.724228 -0.030486
v -0.054078 -1.736551 -0.072798
v -0.060465 -1.740756 -0.117655
v -0.085110 -1.728942 -0.164604
v -0.123719 -1.725161 -0.207952
v -0.179111 -1.719493 -0.239360
v -0.230866 -1.710641 0.124825
v -0.285548 -1.742066 0.112880
v -0.388753 -1.726933 -0.149008
v -0.400046 -1.732526 -0.092950
v -0.223797 -1.790066 0.120499
v -0.258459 -1.798414 0.115606
v -0.268437 -1.846213 0.111095
v -0.303418 -1.826856 0.086662
v -0.184737 -1.788803 0.116737
v -0.142018 -1.799224 0.096024
v -0.115581 -1.825468 0.063818
v -0.135871 -1.846564 0.088433
v -0.141327 -2.047342 0.017722
v -0.150962 -2.010858 0.043474
v -0.142326 -1.964369 0.052854
v -0.126653 -1.969862 0.026788
v -0.118157 -1.899046 0.043753
v -0.135641 -1.905952 0.070530
v -0.178127 -1.853533 0.117995
v -0.194152 -2.078374 0.050502
v -0.188842 -2.021557 0.069209
v -0.185733 -1.969086 0.090278
v -0.179986 -1.913327 0.108000
v -0.224363 -1.852354 0.123346
v -0.273990 -1.905123 0.097421
v -0.306708 -1.896317 0.066610
v -0.227863 -1.911802 0.116463
v -0.229563 -1.968904 0.100580
v -0.274374 -1.962957 0.084410
v -0.304567 -1.963778 0.055212
v -0.231615 -2.019299 0.079579
v -0.242553 -2.069690 0.059353
v -0.267494 -2.004327 0.075149
v -0.289806 -2.034553 0.051167
v -0.240360 -1.121162 0.238495
v -0.168091 -1.116562 0.215030
v -0.078405 -1.137612 0.139025
v -0.049122 -1.147786 0.099804
v -0.028920 -1.153400 0.055916
v -0.019056 -1.149735 0.006977
v -0.017093 -1.146357 -0.051094
v -0.026226 -1.149246 -0.115751
v -0.048618 -1.165633 -0.178080
v -0.094752 -1.170782 -0.245597
v -0.159130 -1.162382 -0.301352
v -0.262069 -1.177984 -0.334601
v -0.385431 -1.167441 -0.324715
v -0.488610 -1.144323 -0.253372
v -0.539868 -1.137380 -0.165402
v -0.560183 -1.122446 -0.080895
v -0.552628 -1.105819 0.019420
v -0.508648 -1.097428 0.120872
v -0.425914 -1.095703 0.204082
v -0.324616 -1.106833 0.240322
v -0.343320 -1.498796 -0.264506
v -0.259156 -1.502093 -0.280219
v -0.173684 -1.498198 -0.259478
v -0.119573 -1.495268 -0.216280
v -0.070068 -1.492581 -0.164165
v -0.045689 -1.486642 -0.118954
v -0.031926 -1.468955 -0.062049
v -0.035469 -1.468490 -0.005777
v -0.054405 -1.475413 0.034073
v -0.083313 -1.477402 0.067765
v -0.117499 -1.477283 0.097669
v -0.192261 -1.478532 0.155960
v -0.243301 -1.480829 0.174439
v -0.311722 -1.485652 0.173024
v -0.380743 -1.484825 0.133393
v -0.437707 -1.491357 0.064973
v -0.469747 -1.495028 -0.011127
v -0.473897 -1.491383 -0.084120
v -0.456439 -1.495091 -0.148413
v -0.416503 -1.492597 -0.213222
v -0.357339 -1.383415 -0.282032
v -0.261563 -1.385833 -0.295953
v -0.167790 -1.375469 -0.269020
v -0.108682 -1.371143 -0.229137
v -0.060108 -1.367363 -0.170325
v -0.036934 -1.361626 -0.121521
v -0.020873 -1.345333 -0.058728
v -0.020575 -1.348663 -0.000444
v -0.034208 -1.353837 0.047803
v -0.063763 -1.359263 0.086958
v -0.102987 -1.359545 0.118074
v -0.189214 -1.360985 0.179748
v -0.248039 -1.364597 0.195956
v -0.321904 -1.364045 0.192751
v -0.397608 -1.364686 0.151043
v -0.457032 -1.367646 0.077077
v -0.499371 -1.373869 -0.002902
v -0.508293 -1.378712 -0.085114
v -0.489071 -1.380406 -0.155196
v -0.443451 -1.377207 -0.224680
v -0.322817 -1.614113 -0.245598
v -0.251135 -1.618919 -0.258068
v -0.179485 -1.620544 -0.244817
v -0.125727 -1.619691 -0.205851
v -0.079058 -1.627390 -0.158448
v -0.056253 -1.620800 -0.115830
v -0.048672 -1.612842 -0.066247
v -0.055423 -1.602921 -0.019258
v -0.072273 -1.601816 0.019034
v -0.097485 -1.599401 0.051245
v -0.127598 -1.601176 0.079124
v -0.191155 -1.594640 0.130614
v -0.238073 -1.600350 0.147460
v -0.298466 -1.610627 0.143020
v -0.362653 -1.611515 0.108564
v -0.412148 -1.615100 0.047010
v -0.435825 -1.615449 -0.019885
v -0.436753 -1.612385 -0.083235
v -0.419680 -1.611336 -0.146373
v -0.383643 -1.613408 -0.204335
v -0.338033 -1.817709 0.047647
v -0.367331 -1.818757 0.001665
v -0.380042 -1.816406 -0.048632
v -0.334616 -1.889238 0.025063
v -0.359364 -1.891430 -0.013358
v -0.370565 -1.893834 -0.061911
v -0.328830 -1.961671 0.015212
v -0.348715 -1.968088 -0.025107
v -0.363853 -1.973259 -0.071479
v -0.096834 -1.811765 0.028991
v -0.076864 -1.809648 -0.005314
v -0.099131 -1.893484 0.012513
v -0.078096 -1.889896 -0.019932
v -0.108099 -1.970014 -0.006529
v -0.089081 -1.970805 -0.040150
v -0.114400 -2.054225 -0.020478
v -0.095367 -2.056435 -0.057814
v -0.324310 -2.047396 0.010366
v -0.345398 -2.056237 -0.034331
v -0.363287 -2.059021 -0.079957
v -0.059733 -1.813078 -0.042892
v -0.062390 -1.892438 -0.057598
v -0.075993 -1.971696 -0.077258
v -0.085389 -2.056752 -0.095839
v -0.379780 -1.817181 -0.100771
v -0.371424 -1.894733 -0.110422
v -0.371532 -1.812957 -0.152472
v -0.363156 -1.890858 -0.161455
v -0.368111 -1.973286 -0.124458
v -0.357679 -1.967028 -0.182391
v -0.372315 -2.058016 -0.130408
v -0.368233 -2.051723 -0.182695
v -0.054218 -1.813890 -0.085022
v -0.060813 -1.813717 -0.127330
v -0.056369 -1.890290 -0.099017
v -0.063907 -1.886403 -0.140049
v -0.071767 -1.969124 -0.116390
v -0.079723 -1.964224 -0.154396
v -0.081644 -2.053547 -0.134463
v -0.085568 -2.048419 -0.171309
v -0.084520 -1.808396 -0.173703
v -0.089712 -1.883954 -0.182357
v -0.102670 -1.958419 -0.190585
v -0.101284 -2.039748 -0.210874
v -0.123844 -1.805794 -0.213530
v -0.176250 -1.802149 -0.237914
v -0.131316 -1.881933 -0.214053
v -0.147415 -1.962085 -0.223297
v -0.132346 -2.043580 -0.246618
v -0.237485 -1.799522 -0.246592
v -0.297449 -1.798855 -0.238329
v -0.347922 -1.805411 -0.203997
v -0.287308 -1.918360 -0.237486
v -0.286335 -1.959452 -0.248247
v -0.241130 -1.959193 -0.251641
v -0.237319 -1.917548 -0.240603
v -0.204633 -1.961101 -0.245337
v -0.189063 -1.927632 -0.231398
v -0.329415 -1.930716 -0.215189
v -0.317531 -1.962601 -0.234033
v -0.189674 -1.993354 -0.256551
v -0.333929 -1.996621 -0.233259
v -0.348460 -2.059440 -0.237790
v -0.179931 -2.055143 -0.279903
v -0.179314 -2.136329 -0.304634
v -0.128464 -2.133504 -0.273358
v -0.379616 -2.144618 -0.194098
v -0.357909 -2.138349 -0.249711
v -0.179259 -1.872466 -0.232874
v -0.339990 -1.879167 -0.206935
v -0.235529 -1.867658 -0.243058
v -0.292239 -1.868811 -0.238165
v -0.293581 -1.999647 -0.262649
v -0.240331 -1.999758 -0.268876
v -0.240672 -2.058469 -0.291579
v -0.300618 -2.061601 -0.281503
v -0.245103 -2.129749 -0.315955
v -0.311176 -2.136194 -0.297838
v -0.394530 -2.244192 -0.206170
v -0.370667 -2.236925 -0.265564
v -0.181214 -2.233177 -0.334344
v -0.127884 -2.236053 -0.293184
v -0.319772 -2.234370 -0.315287
v -0.251343 -2.228474 -0.334467
v -0.379131 -2.151173 -0.138767
v -0.395266 -2.250209 -0.145237
v -0.366896 -2.153846 -0.087891
v -0.381674 -2.254216 -0.091470
v -0.350036 -2.152403 -0.041168
v -0.360927 -2.255823 -0.044703
v -0.327603 -2.148591 0.000294
v -0.288998 -2.147379 0.029524
v -0.331466 -2.256661 -0.008307
v -0.289948 -2.258196 0.016937
v -0.241514 -2.157300 0.040418
v -0.242306 -2.260531 0.023574
v -0.197482 -2.160490 0.031381
v -0.197223 -2.259665 0.012068
v -0.146944 -2.147066 -0.000807
v -0.148818 -2.258262 -0.013614
v -0.119712 -2.146873 -0.037388
v -0.119075 -2.262220 -0.045065
v -0.102281 -2.148385 -0.075481
v -0.101837 -2.255164 -0.082545
v -0.092074 -2.148503 -0.113331
v -0.090865 -2.251018 -0.122841
v -0.087526 -2.144513 -0.152349
v -0.088913 -2.138569 -0.191116
v -0.099834 -2.132509 -0.233097
v -0.087873 -2.246781 -0.164323
v -0.089669 -2.240602 -0.207847
v -0.099632 -2.235673 -0.250715
v -0.294871 -3.180340 -0.222731
v -0.215160 -3.165713 -0.264186
v -0.173494 -3.186609 -0.251051
v -0.274264 -3.184472 -0.249492
v -0.244219 -3.169536 -0.261840
v -0.304331 -3.170745 -0.155726
v -0.294768 -3.165394 -0.134527
v -0.283364 -3.162293 -0.114868
v -0.271133 -3.159028 -0.098029
v -0.255721 -3.154603 -0.084591
v -0.236096 -3.149484 -0.077427
v -0.216804 -3.142349 -0.074111
v -0.185998 -3.140954 -0.075510
v -0.163718 -3.147368 -0.083884
v -0.142945 -3.155710 -0.101864
v -0.131612 -3.159475 -0.128609
v -0.127156 -3.168974 -0.163684
v -0.133790 -3.177900 -0.198871
v -0.150075 -3.180198 -0.232510
v -0.353252 -2.700876 -0.204161
v -0.335870 -2.699943 -0.250363
v -0.302118 -2.701661 -0.288016
v -0.255454 -2.701864 -0.303480
v -0.212240 -2.702397 -0.299382
v -0.164588 -2.708841 -0.276210
v -0.141635 -2.709597 -0.245138
v -0.127349 -2.710418 -0.212665
v -0.122022 -2.712447 -0.178810
v -0.125560 -2.713328 -0.146260
v -0.133699 -2.713468 -0.114632
v -0.152619 -2.712913 -0.087744
v -0.177359 -2.713309 -0.069675
v -0.213923 -2.710948 -0.057052
v -0.241740 -2.711440 -0.055055
v -0.271078 -2.711686 -0.059397
v -0.299280 -2.711618 -0.070934
v -0.324984 -2.709519 -0.091122
v -0.342915 -2.702981 -0.120824
v -0.351174 -2.702465 -0.158764
v -0.377069 -2.569813 -0.210626
v -0.355320 -2.565548 -0.263982
v -0.311310 -2.573713 -0.303300
v -0.256712 -2.576391 -0.321896
v -0.206574 -2.578174 -0.318121
v -0.152885 -2.583184 -0.285990
v -0.128763 -2.585657 -0.254251
v -0.112160 -2.587971 -0.214582
v -0.107439 -2.587864 -0.177759
v -0.112228 -2.588006 -0.141653
v -0.125070 -2.588145 -0.108615
v -0.145090 -2.588417 -0.080814
v -0.169529 -2.588788 -0.060911
v -0.209567 -2.586209 -0.043117
v -0.243213 -2.588733 -0.037966
v -0.277992 -2.586352 -0.040194
v -0.310827 -2.587061 -0.052541
v -0.342219 -2.584523 -0.078624
v -0.365611 -2.571796 -0.117146
v -0.373120 -2.573756 -0.158258
v -0.405440 -2.351529 -0.214790
v -0.383147 -2.345550 -0.278280
v -0.326839 -2.344356 -0.330179
v -0.257348 -2.343982 -0.351550
v -0.191638 -2.346025 -0.346051
v -0.127955 -2.346979 -0.307161
v -0.099324 -2.349393 -0.260616
v -0.088727 -2.352510 -0.214374
v -0.083296 -2.356191 -0.171076
v -0.086291 -2.358587 -0.128224
v -0.098227 -2.359665 -0.086902
v -0.121487 -2.361991 -0.052092
v -0.153906 -2.360974 -0.027408
v -0.204165 -2.365147 -0.003573
v -0.243930 -2.366172 0.005098
v -0.288386 -2.364280 0.002298
v -0.331181 -2.363215 -0.015439
v -0.368538 -2.361291 -0.047275
v -0.395394 -2.359992 -0.092956
v -0.409529 -2.356674 -0.150915
v -0.330266 -2.837885 -0.197597
v -0.318943 -2.829474 -0.238454
v -0.290030 -2.827464 -0.271040
v -0.252272 -2.821191 -0.285061
v -0.216593 -2.819058 -0.284758
v -0.171710 -2.825166 -0.267193
v -0.148771 -2.825298 -0.241697
v -0.139087 -2.826227 -0.210254
v -0.135807 -2.829175 -0.178962
v -0.135801 -2.832387 -0.149196
v -0.142152 -2.830345 -0.119872
v -0.158222 -2.826809 -0.095146
v -0.179079 -2.825558 -0.079269
v -0.216722 -2.825648 -0.068223
v -0.240638 -2.830036 -0.068847
v -0.264705 -2.832388 -0.075402
v -0.287340 -2.834646 -0.087311
v -0.306881 -2.838858 -0.104093
v -0.320857 -2.844931 -0.127010
v -0.330788 -2.839113 -0.158661
v -0.315487 -2.947308 -0.194950
v -0.305703 -2.942223 -0.229323
v -0.281965 -2.939217 -0.258303
v -0.247968 -2.933278 -0.272322
v -0.217780 -2.926409 -0.273793
v -0.176206 -2.931807 -0.259970
v -0.153839 -2.931678 -0.237274
v -0.143456 -2.932686 -0.207978
v -0.139525 -2.938233 -0.178386
v -0.140340 -2.943037 -0.149746
v -0.148082 -2.934157 -0.122069
v -0.164052 -2.928205 -0.100752
v -0.183960 -2.929180 -0.088284
v -0.217769 -2.928335 -0.081216
v -0.237590 -2.933372 -0.082895
v -0.258398 -2.943841 -0.089957
v -0.277298 -2.948783 -0.100692
v -0.294357 -2.947973 -0.114600
v -0.306909 -2.949186 -0.134975
v -0.315389 -2.947594 -0.162146
v -0.395320 -2.461394 -0.215030
v -0.374042 -2.454936 -0.274625
v -0.322574 -2.458480 -0.323212
v -0.257124 -2.457591 -0.342253
v -0.196672 -2.459850 -0.336256
v -0.137278 -2.463796 -0.302161
v -0.105994 -2.466863 -0.265304
v -0.091419 -2.470063 -0.220334
v -0.087574 -2.470818 -0.175759
v -0.093292 -2.471442 -0.134183
v -0.109068 -2.469347 -0.097172
v -0.134070 -2.472244 -0.068795
v -0.160765 -2.472347 -0.047654
v -0.210122 -2.474355 -0.024253
v -0.244910 -2.474948 -0.016921
v -0.284142 -2.472118 -0.017669
v -0.324177 -2.472814 -0.031868
v -0.360351 -2.471325 -0.060327
v -0.385620 -2.468673 -0.102694
v -0.397990 -2.465899 -0.155075
v -0.160568 -3.243029 -0.257872
v -0.143227 -3.240771 -0.238645
v -0.156123 -3.288453 -0.268843
v -0.138017 -3.295346 -0.247609
v -0.170781 -3.355382 -0.282575
v -0.162418 -3.370948 -0.259093
v -0.295762 -3.230828 -0.219732
v -0.284664 -3.237444 -0.248487
v -0.300043 -3.287781 -0.230627
v -0.292967 -3.285681 -0.256156
v -0.284021 -3.381600 -0.253198
v -0.280174 -3.363567 -0.279907
v -0.215129 -3.209511 -0.272110
v -0.180916 -3.217948 -0.265039
v -0.241851 -3.210333 -0.269711
v -0.264583 -3.216584 -0.262166
v -0.269287 -3.246173 -0.268406
v -0.177255 -3.250036 -0.271417
v -0.213024 -3.247238 -0.281190
v -0.243683 -3.246081 -0.279712
v -0.175570 -3.286369 -0.281202
v -0.277048 -3.281184 -0.281673
v -0.245523 -3.279783 -0.294540
v -0.211057 -3.282822 -0.293043
v -0.270830 -3.345842 -0.293820
v -0.246600 -3.347944 -0.303417
v -0.216733 -3.348688 -0.304980
v -0.181746 -3.343834 -0.294287
v -0.250732 -3.377620 -0.292416
v -0.251200 -3.400199 -0.262980
v -0.215520 -3.379882 -0.291961
v -0.215762 -3.400038 -0.264684
v -0.216865 -3.271372 0.023806
v -0.239967 -3.271700 0.023655
v -0.180433 -3.273673 0.019699
v -0.160037 -3.279473 0.012368
v -0.237751 -3.189838 -0.058998
v -0.216672 -3.184650 -0.053032
v -0.187414 -3.185423 -0.054761
v -0.162554 -3.192887 -0.067824
v -0.142690 -3.202907 -0.086499
v -0.258034 -3.196232 -0.068934
v -0.273874 -3.204492 -0.084359
v -0.284306 -3.212683 -0.105388
v -0.289453 -3.214899 -0.131506
v -0.296688 -3.218019 -0.159600
v -0.305059 -3.039545 -0.192054
v -0.298730 -3.039804 -0.222570
v -0.277605 -3.035710 -0.249625
v -0.245490 -3.030300 -0.264578
v -0.216979 -3.022459 -0.266932
v -0.178617 -3.027796 -0.254152
v -0.155348 -3.027682 -0.233507
v -0.144179 -3.027270 -0.203970
v -0.142724 -3.026519 -0.175666
v -0.143712 -3.025596 -0.146898
v -0.149903 -3.019465 -0.120269
v -0.165831 -3.014484 -0.100418
v -0.185524 -3.013718 -0.090254
v -0.218435 -3.011160 -0.085423
v -0.236471 -3.017754 -0.087695
v -0.254946 -3.024917 -0.095222
v -0.271514 -3.034065 -0.107023
v -0.288916 -3.036076 -0.118551
v -0.298965 -3.038997 -0.138347
v -0.304014 -3.041896 -0.163224
v -0.129923 -3.213764 -0.112237
v -0.125935 -3.232316 -0.143978
v -0.126409 -3.254751 -0.174397
v -0.301390 -3.296515 -0.181657
v -0.280465 -3.382713 -0.192895
v -0.135450 -3.316581 -0.184002
v -0.158410 -3.390300 -0.190555
v -0.247524 -3.408731 -0.195440
v -0.213879 -3.411558 -0.195750
v -0.303184 -3.115402 -0.188394
v -0.297279 -3.123948 -0.218632
v -0.276011 -3.116515 -0.245773
v -0.245399 -3.109112 -0.260499
v -0.216930 -3.102185 -0.263156
v -0.177996 -3.114539 -0.248951
v -0.154793 -3.110502 -0.229492
v -0.139763 -3.108050 -0.201525
v -0.137075 -3.101663 -0.170688
v -0.139568 -3.095690 -0.140073
v -0.147255 -3.093866 -0.113432
v -0.165997 -3.087919 -0.095363
v -0.185791 -3.083076 -0.088321
v -0.217972 -3.082341 -0.085879
v -0.235763 -3.087774 -0.087743
v -0.254108 -3.095876 -0.093720
v -0.270656 -3.104464 -0.104932
v -0.282957 -3.105721 -0.120355
v -0.293345 -3.109406 -0.139555
v -0.301090 -3.119440 -0.163720
v -0.164432 -3.384913 0.143652
v -0.182437 -3.385062 0.132720
v -0.178084 -3.357610 0.149495
v -0.171371 -3.354824 0.155454
v -0.169676 -3.402089 0.093902
v -0.186791 -3.398496 0.102389
v -0.180736 -3.318679 0.092982
v -0.163370 -3.320904 0.091817
v -0.184625 -3.366834 0.204169
v -0.192583 -3.386559 0.187033
v -0.277646 -3.385367 0.118840
v -0.275560 -3.385048 0.156438
v -0.285981 -3.387552 0.153104
v -0.295367 -3.387314 0.122265
v -0.289066 -3.373416 0.162180
v -0.306763 -3.356636 0.125938
v -0.280079 -3.345535 0.127256
v -0.275929 -3.366706 0.165235
v -0.260553 -3.374888 0.182797
v -0.254019 -3.385486 0.178032
v -0.199370 -3.384242 0.196413
v -0.200217 -3.373226 0.205051
v -0.287487 -3.324983 0.089334
v -0.311897 -3.350103 0.089115
v -0.296172 -3.384347 0.083726
v -0.275874 -3.395948 0.079770
v -0.157357 -3.388058 0.195974
v -0.135363 -3.389347 0.194391
v -0.122624 -3.386512 0.141394
v -0.116278 -3.388909 0.081807
v -0.160544 -3.372657 0.209423
v -0.129656 -3.370736 0.199535
v -0.115690 -3.364394 0.146522
v -0.113073 -3.354593 0.099698
v -0.159937 -3.390861 0.175795
v -0.126922 -3.392353 0.174403
v -0.120923 -3.370455 0.176201
v -0.170892 -3.359470 0.203658
v -0.182983 -3.365372 0.201471
v -0.188528 -3.382292 0.169050
v -0.278916 -3.388003 0.145884
v -0.289799 -3.388458 0.146266
v -0.295261 -3.369134 0.153489
v -0.272144 -3.358484 0.156958
v -0.211000 -3.316015 0.097641
v -0.210151 -3.340109 0.145102
v -0.207772 -3.351485 0.177581
v -0.206564 -3.354525 0.193882
v -0.212424 -3.372674 0.201825
v -0.215745 -3.385781 0.193710
v -0.213494 -3.387053 0.181460
v -0.212856 -3.382141 0.163655
v -0.204824 -3.389547 0.127040
v -0.206668 -3.402633 0.091255
v -0.303267 -3.153887 -0.202857
v -0.305394 -3.150076 -0.186172
v -0.303710 -3.179183 -0.203408
v -0.305314 -3.151072 -0.172562
v -0.307331 -3.175652 -0.170286
v -0.307145 -3.177526 -0.186052
v -0.304878 -3.199892 -0.171603
v -0.297128 -3.239100 -0.183211
v -0.304254 -3.205386 -0.184648
v -0.301845 -3.205052 -0.202308
v -0.267224 -3.278441 0.019761
v -0.296585 -3.296062 0.014222
v -0.162357 -3.304265 0.051453
v -0.180546 -3.301086 0.053848
v -0.214911 -3.299042 0.057192
v -0.236364 -3.297964 0.057769
v -0.263253 -3.300738 0.057105
v -0.292274 -3.311851 0.055283
v -0.260197 -3.315352 0.091836
v -0.256073 -3.337066 0.132774
v -0.250248 -3.347269 0.162548
v -0.247424 -3.353833 0.177351
v -0.244830 -3.374500 0.189517
v -0.245999 -3.384282 0.181446
v -0.249573 -3.386918 0.169332
v -0.252600 -3.385290 0.150463
v -0.252204 -3.388393 0.117107
v -0.253298 -3.402976 0.081705
v -0.134393 -3.401084 0.082644
v -0.135830 -3.390136 0.139275
v -0.138890 -3.394706 0.174486
v -0.143249 -3.390130 0.196351
v -0.135978 -3.371483 0.206217
v -0.129453 -3.356057 0.179253
v -0.127176 -3.350335 0.149305
v -0.125375 -3.337290 0.094061
v -0.111171 -3.369262 0.086808
v -0.118276 -3.378531 0.142376
v -0.122444 -3.383973 0.174269
v -0.132002 -3.384964 0.196381
v -0.140279 -3.383554 0.203599
v -0.160048 -3.381311 0.204872
v -0.170604 -3.376024 0.190744
v -0.168950 -3.373874 0.149341
v -0.179486 -3.374590 0.145492
v -0.182501 -3.377987 0.173047
v -0.183232 -3.381272 0.194338
v -0.197542 -3.378528 0.203057
v -0.213791 -3.378129 0.200229
v -0.247494 -3.379067 0.186936
v -0.256777 -3.382502 0.179832
v -0.274401 -3.380658 0.162795
v -0.286430 -3.384152 0.158663
v -0.295498 -3.382731 0.148932
v -0.304809 -3.380983 0.123918
v -0.315732 -3.378924 0.091169
v -0.230033 -3.404617 0.083975
v -0.228599 -3.391001 0.120868
v -0.228148 -3.381528 0.154549
v -0.227159 -3.387299 0.175497
v -0.225117 -3.386690 0.191211
v -0.230266 -3.380150 0.196032
v -0.232531 -3.373106 0.197324
v -0.230378 -3.351395 0.184063
v -0.232433 -3.346635 0.168417
v -0.235002 -3.335020 0.138969
v -0.232419 -3.316395 0.099442
v -0.144037 -3.327010 0.091886
v -0.146416 -3.341832 0.151993
v -0.152086 -3.348734 0.201085
v -0.149522 -3.372612 0.210048
v -0.150654 -3.384141 0.204580
v -0.151542 -3.389121 0.197099
v -0.152159 -3.393394 0.175001
v -0.152426 -3.389371 0.144019
v -0.152988 -3.403376 0.087160
v -0.177888 -3.407906 0.058434
v -0.188030 -3.405166 0.076052
v -0.198599 -3.407918 0.031074
v -0.204380 -3.409914 0.062245
v -0.278938 -3.404618 0.047006
v -0.303555 -3.393542 0.049641
v -0.273710 -3.398202 -0.031268
v -0.294792 -3.385549 -0.031635
v -0.278635 -3.404048 0.006610
v -0.305784 -3.391780 0.007667
v -0.255469 -3.416893 0.049157
v -0.255002 -3.407230 0.005012
v -0.228953 -3.411549 0.052407
v -0.225868 -3.409193 0.014335
v -0.163466 -3.407821 0.026951
v -0.196681 -3.402400 -0.008107
v -0.221286 -3.404855 -0.022648
v -0.249234 -3.403578 -0.030528
v -0.166305 -3.393612 -0.037219
v -0.198205 -3.400870 -0.054231
v -0.219911 -3.404959 -0.060920
v -0.245742 -3.402357 -0.064610
v -0.268105 -3.393122 -0.066697
v -0.281905 -3.378656 -0.069921
v -0.243806 -3.401496 -0.158645
v -0.208523 -3.406563 -0.156387
v -0.274682 -3.380974 -0.158723
v -0.261224 -3.391607 -0.090164
v -0.272082 -3.381281 -0.110656
v -0.243838 -3.399608 -0.091057
v -0.243258 -3.397186 -0.115990
v -0.212101 -3.401417 -0.103210
v -0.224442 -3.403398 -0.087416
v -0.165633 -3.389320 -0.145348
v -0.175261 -3.381318 -0.094410
v -0.144229 -3.359025 -0.188110
v -0.146132 -3.338118 -0.254329
v -0.159620 -3.326341 -0.276749
v -0.177397 -3.320981 -0.290947
v -0.214308 -3.316362 -0.303416
v -0.246629 -3.316064 -0.304047
v -0.278410 -3.320414 -0.290984
v -0.295056 -3.328750 -0.268246
v -0.301516 -3.337365 -0.241458
v -0.297648 -3.344755 -0.190558
v -0.136089 -3.403232 0.026574
v -0.117736 -3.378955 0.028759
v -0.146485 -3.384253 -0.034083
v -0.128900 -3.365174 -0.029350
v -0.160783 -3.366897 -0.090546
v -0.145301 -3.346825 -0.083801
v -0.152159 -3.368003 -0.145395
v -0.140281 -3.333906 -0.136677
v -0.320939 -3.371553 0.053539
v -0.313082 -3.364150 0.010449
v -0.301510 -3.357128 -0.030354
v -0.291623 -3.351568 -0.070225
v -0.290581 -3.350289 -0.110807
v -0.295330 -3.344683 -0.152358
v -0.143397 -3.311080 0.047988
v -0.141479 -3.289367 0.002018
v -0.125254 -3.322240 0.046427
v -0.128038 -3.304901 -0.011105
v -0.116904 -3.357845 0.035200
v -0.115943 -3.340194 0.043515
v -0.123468 -3.323236 -0.013761
v -0.123795 -3.342252 -0.019849
v -0.133635 -3.298030 -0.124828
v -0.132894 -3.324121 -0.073657
v -0.295973 -3.279220 -0.036226
v -0.270398 -3.255416 -0.017415
v -0.242377 -3.245789 -0.007874
v -0.216457 -3.243651 -0.005937
v -0.183482 -3.245485 -0.011276
v -0.157594 -3.254854 -0.023000
v -0.140413 -3.267820 -0.039371
v -0.141886 -3.240327 -0.066252
v -0.159023 -3.229131 -0.047968
v -0.185508 -3.219371 -0.034910
v -0.213989 -3.217869 -0.031583
v -0.240271 -3.222079 -0.036216
v -0.264557 -3.230421 -0.046716
v -0.280876 -3.241979 -0.064673
v -0.131637 -3.256484 -0.089127
v -0.133248 -3.275258 -0.111186
v -0.134463 -3.286689 -0.056900
v -0.126184 -3.303743 -0.066415
v -0.297260 -3.268767 -0.151105
v -0.295477 -3.255815 -0.121169
v -0.291457 -3.249259 -0.091867
v -0.300701 -3.315346 -0.158148
v -0.300655 -3.299679 -0.138678
v -0.300546 -3.290931 -0.111048
v -0.298557 -3.285981 -0.077822
v -0.305951 -3.322597 -0.032498
v -0.298970 -3.320765 -0.071379
v -0.311311 -3.331097 0.011047
v -0.297961 -3.321442 -0.107103
v -0.300131 -3.323703 -0.133259
v -0.313854 -3.340858 0.053311
v -0.008234 1.233539 0.212071
v -0.031344 1.224468 0.209872
v -0.037673 1.222067 0.208942
v -0.043339 1.218451 0.208338
v -0.046944 1.181347 0.193659
v -0.044404 1.178688 0.208363
v -0.040320 1.170915 0.209523
v -0.032720 1.162765 0.210606
v -0.025348 1.158256 0.210465
v -0.022457 1.228921 0.210581
v -0.016248 1.156161 0.210854
v -0.015886 1.232111 0.210957
v -0.053656 1.201324 0.188009
v -0.007219 1.155263 0.210422
v -0.052222 1.210783 0.193900
v -0.041189 1.215999 0.181028
v -0.044305 1.198240 0.172665
v -0.041897 1.175518 0.189466
v -0.034145 1.218274 0.181028
v -0.036713 1.196798 0.169174
v -0.034732 1.170869 0.189466
v -0.027468 1.218924 0.176184
v -0.029137 1.198977 0.165330
v -0.024769 1.168173 0.185436
v -0.010769 1.218196 0.174438
v -0.010120 1.199711 0.162584
v -0.008542 1.162963 0.184619
v -0.019125 1.218512 0.176184
v -0.020332 1.200105 0.166008
v -0.016756 1.163902 0.183251
v -0.009026 1.205055 0.229069
v -0.014807 1.204340 0.228312
v -0.020277 1.203727 0.227936
v -0.029677 1.203249 0.227228
v -0.035228 1.203802 0.226297
v -0.040197 1.203260 0.225694
v -0.044577 1.201356 0.218300
v -0.047784 1.197364 0.214080
v -0.045306 1.192155 0.218059
v -0.041131 1.188345 0.225718
v -0.037549 1.184937 0.226879
v -0.030884 1.181510 0.227961
v -0.022622 1.179801 0.227820
v -0.016757 1.178743 0.228209
v -0.008993 1.178381 0.227778
v -0.050542 1.199778 0.178005
v -0.043113 1.184544 0.180981
v -0.046526 1.187290 0.184740
v -0.035789 1.181944 0.178721
v -0.008867 1.180044 0.173255
v -0.018517 1.181363 0.171926
v -0.026736 1.181334 0.171836
v -0.049565 1.212072 0.184886
v -0.045127 1.217937 0.195157
v -0.008615 1.230789 0.197594
v -0.016772 1.229856 0.195757
v -0.023868 1.226835 0.195281
v -0.032400 1.224508 0.194202
v -0.038560 1.219967 0.196027
v -0.010436 1.212373 0.256389
v -0.020583 1.212386 0.256077
v -0.030646 1.212325 0.253879
v -0.040303 1.212416 0.250190
v -0.049032 1.211862 0.245367
v -0.056715 1.210173 0.239851
v -0.064005 1.207592 0.233319
v -0.069301 1.204308 0.226668
v -0.070371 1.196176 0.218800
v -0.068404 1.187742 0.220804
v -0.060911 1.180577 0.226697
v -0.052737 1.173490 0.232865
v -0.041884 1.167750 0.239839
v -0.029145 1.164342 0.245939
v -0.014547 1.162716 0.248979
v -0.263996 -3.372818 0.179141
v -0.260694 -3.382110 0.173731
v -0.258455 -3.384888 0.171907
v -0.246594 -3.385881 0.177540
v -0.225970 -3.387107 0.185549
v -0.216610 -3.387200 0.189372
v -0.196253 -3.385887 0.193787
v -0.188596 -3.379140 0.201793
v -0.194680 -3.371373 0.206895
v -0.209702 -3.364571 0.202168
v -0.235539 -3.365390 0.193269
v -0.248192 -3.367895 0.190480
v -0.180428 -3.361559 0.182180
v -0.180831 -3.372851 0.158738
v -0.206809 -3.383524 0.143013
v -0.228165 -3.384518 0.137805
v -0.252757 -3.386190 0.134722
v -0.276946 -3.385979 0.132238
v -0.293060 -3.387696 0.133839
v -0.300583 -3.380656 0.137031
v -0.301726 -3.364219 0.142525
v -0.276880 -3.351899 0.142946
v -0.254460 -3.343389 0.148245
v -0.233831 -3.342095 0.154424
v -0.206906 -3.347582 0.162814
v -0.125854 -3.388289 0.163003
v -0.137334 -3.392450 0.160769
v -0.150481 -3.392713 0.160759
v -0.161013 -3.387826 0.161460
v -0.168966 -3.379937 0.170872
v -0.173039 -3.360504 0.172787
v -0.149395 -3.345798 0.172909
v -0.128603 -3.353238 0.165297
v -0.119901 -3.367825 0.162191
v -0.121098 -3.381247 0.160216
v -0.130781 -3.391545 0.184966
v -0.141120 -3.393481 0.185824
v -0.151895 -3.392220 0.185776
v -0.159363 -3.390278 0.185637
v -0.166912 -3.380790 0.197020
v -0.166027 -3.368838 0.208154
v -0.151021 -3.358747 0.210880
v -0.132365 -3.360337 0.201523
v -0.125091 -3.367385 0.190897
v -0.125738 -3.384450 0.186186
v -0.184906 -3.393494 0.117496
v -0.166648 -3.394108 0.118194
v -0.150671 -3.395129 0.117054
v -0.133919 -3.394265 0.122134
v -0.120008 -3.388003 0.125832
v -0.114440 -3.375706 0.124797
v -0.112218 -3.360635 0.131442
v -0.125295 -3.346812 0.130888
v -0.144395 -3.334546 0.129681
v -0.167458 -3.335539 0.129020
v -0.181262 -3.336701 0.124960
v -0.211627 -3.328077 0.125986
v -0.235182 -3.325376 0.121471
v -0.258664 -3.326520 0.116867
v -0.283400 -3.336197 0.113284
v -0.309343 -3.352131 0.107173
v -0.313186 -3.383490 0.110953
v -0.297805 -3.384878 0.113893
v -0.275885 -3.387241 0.102191
v -0.251944 -3.396442 0.099680
v -0.229347 -3.397363 0.103890
v -0.206358 -3.396242 0.110873
v -0.266366 -3.371830 0.173082
v -0.264344 -3.379426 0.166949
v -0.264045 -3.381388 0.163684
v -0.247936 -3.386596 0.173636
v -0.226525 -3.387096 0.180753
v -0.215103 -3.387253 0.185608
v -0.194488 -3.386355 0.190588
v -0.185674 -3.380558 0.198634
v -0.190646 -3.367868 0.207258
v -0.207987 -3.358660 0.200211
v -0.236425 -3.359473 0.191719
v -0.248636 -3.359026 0.185743
v -0.059751 -0.961458 0.174490
v -0.114771 -1.022087 0.162259
v -0.114987 -1.129446 0.176897
v -0.127934 -1.245274 0.171906
v -0.142814 -1.359867 0.151642
v -0.151896 -1.477803 0.129247
v -0.157830 -1.596688 0.105103
v -0.154996 -1.714002 0.100615
v -0.157303 -1.795660 0.106281
v -0.152643 -1.851362 0.103805
v -0.153093 -1.910390 0.090152
v -0.158534 -1.966153 0.071138
v -0.162759 -2.016132 0.053337
v -0.158780 -2.061610 0.032437
v -0.165272 -2.149574 0.013077
v -0.168619 -2.258666 -0.004641
v -0.174928 -2.361571 -0.015767
v -0.183554 -2.472991 -0.034534
v -0.189085 -2.588295 -0.050601
v -0.193996 -2.712254 -0.062365
v -0.197308 -2.825037 -0.071819
v -0.200544 -2.926990 -0.083008
v -0.202007 -3.010993 -0.086438
v -0.202093 -3.079026 -0.086269
v -0.201630 -3.139120 -0.073700
v -0.200907 -3.183007 -0.052698
v -0.198508 -3.217911 -0.032366
v -0.197193 -3.243336 -0.008198
v -0.197939 -3.271873 0.022331
v -0.197543 -3.300418 0.055512
v -0.195927 -3.317024 0.095134
v -0.194220 -3.330510 0.126040
v -0.191035 -3.343109 0.152780
v -0.189537 -3.348013 0.171873
v -0.189750 -3.353197 0.197244
v -0.195033 -3.357121 0.202677
v -0.198014 -3.363557 0.206881
v -0.201532 -3.364012 0.205574
v -0.204907 -3.372310 0.202034
v -0.203258 -3.376472 0.200349
v -0.209095 -3.382672 0.193563
v -0.202631 -3.384387 0.191004
v -0.202307 -3.385510 0.188198
v -0.201642 -3.386102 0.184467
v -0.199111 -3.383996 0.166374
v -0.189771 -3.384731 0.144625
v -0.192760 -3.388705 0.130750
v -0.194858 -3.395088 0.114556
v -0.195982 -3.400938 0.097368
v -0.195559 -3.407975 0.069754
v -0.187532 -3.407753 0.045743
v -0.180852 -3.402594 0.007095
v -0.183082 -3.397152 -0.046203
v -0.190097 -3.393485 -0.099863
v -0.187220 -3.403831 -0.151744
v -0.185987 -3.409896 -0.194493
v -0.158346 -3.384269 -0.229073
v -0.142735 -3.353443 -0.226311
v -0.132291 -3.308347 -0.219391
v -0.130155 -3.246771 -0.211016
v -0.137944 -3.178633 -0.215239
v -0.145481 -3.110024 -0.216129
v -0.147922 -3.028277 -0.218984
v -0.147035 -2.932250 -0.222014
v -0.142317 -2.825873 -0.225209
v -0.132915 -2.710129 -0.228197
v -0.118808 -2.586832 -0.234159
v -0.096228 -2.467845 -0.241356
v -0.092989 -2.350880 -0.236601
v -0.092264 -2.238261 -0.228099
v -0.092860 -2.135550 -0.211743
v -0.091392 -2.044176 -0.191062
v -0.088938 -1.961573 -0.172803
v -0.074083 -1.885616 -0.161218
v -0.070149 -1.811080 -0.149675
v -0.069841 -1.735716 -0.139931
v -0.066014 -1.623897 -0.136036
v -0.058694 -1.489300 -0.138900
v -0.049974 -1.363976 -0.143111
v -0.040363 -1.241594 -0.147421
v -0.034841 -1.156926 -0.145282
v -0.031886 -1.046572 -0.138986
v -0.025441 -1.011115 -0.138340
v -0.190028 -3.371818 -0.287521
v -0.195438 -3.346637 -0.300200
v -0.194443 -3.318462 -0.298176
v -0.193142 -3.285246 -0.288572
v -0.193366 -3.249429 -0.277954
v -0.194825 -3.212722 -0.269227
v -0.194313 -3.169904 -0.258568
v -0.194744 -3.105422 -0.257873
v -0.194662 -3.023083 -0.262044
v -0.192871 -2.928652 -0.268218
v -0.189314 -2.822273 -0.276908
v -0.184894 -2.703947 -0.287383
v -0.175618 -2.581506 -0.304027
v -0.163477 -2.463203 -0.320621
v -0.152381 -2.347338 -0.327430
v -0.146613 -2.233877 -0.316184
v -0.148007 -2.133037 -0.293806
v -0.153110 -2.047586 -0.264354
v -0.167858 -1.978649 -0.238631
v -0.196546 -1.944169 -0.236671
v -0.239085 -1.936596 -0.243271
v -0.286488 -1.937165 -0.240179
v -0.323377 -1.944982 -0.222191
v -0.347413 -1.981507 -0.206580
v -0.360925 -2.054988 -0.208907
v -0.372621 -2.141138 -0.221016
v -0.385956 -2.240298 -0.234663
v -0.396378 -2.348720 -0.244755
v -0.387703 -2.458802 -0.243517
v -0.364581 -2.567231 -0.234524
v -0.345412 -2.700467 -0.225677
v -0.326677 -2.834283 -0.217093
v -0.312301 -2.945089 -0.211293
v -0.302945 -3.039731 -0.206371
v -0.301914 -3.116357 -0.202010
v -0.304635 -3.151403 -0.194847
v -0.305898 -3.178387 -0.194283
v -0.303436 -3.205662 -0.193370
v -0.298118 -3.240939 -0.200643
v -0.302241 -3.292679 -0.207157
v -0.301262 -3.341624 -0.216057
v -0.284610 -3.384860 -0.224828
v -0.249748 -3.409492 -0.231686
v -0.094428 0.382701 0.381302
v -0.225395 0.402654 0.383253
v -0.320657 0.408296 0.312429
v -0.361267 0.418594 0.233811
v -0.378588 0.417847 0.168659
v -0.389438 0.401043 0.114566
v -0.398308 0.380347 0.055378
v -0.405725 0.353449 -0.005252
v -0.411104 0.332777 -0.072022
v -0.414771 0.322782 -0.143194
v -0.389556 0.317706 -0.215030
v -0.339915 0.328707 -0.271617
v -0.287850 0.324289 -0.324567
v -0.220901 0.333097 -0.359192
v -0.150841 0.339502 -0.365445
v -0.094074 0.343235 -0.348452
v -0.047479 0.349269 -0.326112
v -1.596467 0.700157 -0.207233
v -1.607038 0.670450 -0.236102
v -1.607299 0.655457 -0.273061
v -1.604348 0.650027 -0.310745
v -1.604951 0.661766 -0.348423
v -1.609733 0.686567 -0.364889
v -1.630833 0.712697 -0.370567
v -1.607221 0.736010 -0.365665
v -1.607405 0.755794 -0.356197
v -1.605064 0.773964 -0.338663
v -1.596843 0.785401 -0.317547
v -1.595840 0.791684 -0.295474
v -1.599054 0.794397 -0.269669
v -1.596095 0.790281 -0.240121
v -1.594146 0.773479 -0.213503
v -1.593227 0.737821 -0.199230
v -0.184165 -3.405246 -0.232074
v -0.215389 -3.410824 -0.231933
v -0.186494 -3.391226 -0.262370
v 0.000000 -0.955352 0.197013
v -0.000000 1.185603 0.246094
v -0.011034 1.185780 0.245406
v -0.019930 1.186675 0.244757
v -0.026342 1.187401 0.243097
v -0.035194 1.188058 0.241284
v -0.042173 1.189288 0.238684
v -0.048543 1.190152 0.236468
v -0.059316 1.194074 0.231089
v -0.059895 1.197968 0.232648
v -0.049991 1.197717 0.238480
v -0.043865 1.197909 0.241055
v -0.038282 1.198321 0.242588
v -0.031729 1.197852 0.243751
v -0.024134 1.197966 0.245739
v -0.017831 1.198287 0.246619
v -0.009840 1.198795 0.246366
v -0.000000 1.198457 0.246560
v 0.009840 1.198795 0.246366
v 0.017831 1.198287 0.246619
v 0.024134 1.197966 0.245739
v 0.031729 1.197852 0.243751
v 0.038282 1.198321 0.242588
v 0.043865 1.197909 0.241055
v 0.049991 1.197717 0.238480
v 0.059895 1.197968 0.232648
v 0.059316 1.194074 0.231089
v 0.048543 1.190152 0.236468
v 0.042173 1.189288 0.238684
v 0.035194 1.188058 0.241284
v 0.026342 1.187401 0.243097
v 0.019930 1.186675 0.244757
v 0.011034 1.185780 0.245406
v 0.100255 1.346550 0.154936
v 0.074938 1.353128 0.161052
v 0.050178 1.354715 0.150879
v 0.033719 1.378228 0.141543
v 0.037946 1.405420 0.145346
v 0.065988 1.427784 0.161742
v 0.080937 1.443403 0.162508
v 0.098301 1.449220 0.162030
v 0.134076 1.444832 0.151914
v 0.163244 1.437410 0.135983
v 0.171507 1.433686 0.127521
v 0.180218 1.426489 0.117077
v 0.180894 1.412219 0.111860
v 0.171757 1.387756 0.119862
v 0.159930 1.369434 0.130463
v 0.151114 1.355944 0.138325
v 0.126804 1.340487 0.150873
v 0.036948 1.367330 0.142665
v -0.100255 1.346550 0.154936
v -0.074938 1.353128 0.161052
v -0.050178 1.354715 0.150879
v -0.033719 1.378228 0.141543
v -0.037946 1.405420 0.145346
v -0.065988 1.427784 0.161742
v -0.080937 1.443403 0.162508
v -0.098301 1.449220 0.162030
v -0.134076 1.444832 0.151914
v -0.163244 1.437410 0.135983
v -0.171507 1.433686 0.127521
v -0.180218 1.426489 0.117077
v -0.180894 1.412219 0.111860
v -0.171757 1.387756 0.119862
v -0.159930 1.369434 0.130463
v -0.151114 1.355944 0.138325
v -0.126804 1.340487 0.150873
v -0.036948 1.367330 0.142665
v 0.098813 1.336671 0.129566
v 0.068318 1.344595 0.136933
v 0.038494 1.346506 0.124679
v 0.018668 1.374827 0.113434
v 0.023761 1.407581 0.118015
v 0.057538 1.434519 0.137764
v 0.075544 1.453332 0.138687
v 0.096459 1.460339 0.138111
v 0.139551 1.455053 0.125926
v 0.174684 1.446114 0.106736
v 0.184637 1.441628 0.096544
v 0.195130 1.432959 0.083964
v 0.195945 1.415771 0.077681
v 0.184938 1.386304 0.087319
v 0.170692 1.364235 0.100088
v 0.160074 1.347987 0.109558
v 0.130792 1.329368 0.124672
v 0.022558 1.361701 0.114786
v -0.098813 1.336671 0.129566
v -0.068318 1.344595 0.136933
v -0.038494 1.346506 0.124679
v -0.018668 1.374827 0.113434
v -0.023761 1.407581 0.118015
v -0.057538 1.434519 0.137764
v -0.075544 1.453332 0.138687
v -0.096459 1.460339 0.138111
v -0.139551 1.455053 0.125926
v -0.174684 1.446114 0.106736
v -0.184637 1.441628 0.096544
v -0.195130 1.432959 0.083964
v -0.195945 1.415771 0.077681
v -0.184938 1.386304 0.087319
v -0.170692 1.364235 0.100088
v -0.160074 1.347987 0.109558
v -0.130792 1.329368 0.124672
v -0.022558 1.361701 0.114786
v 0.101285 1.361796 0.169810
v 0.079664 1.366298 0.175733
v 0.058520 1.367383 0.165880
v 0.047222 1.376017 0.157925
v 0.044464 1.383475 0.156839
v 0.048074 1.402085 0.160522
v 0.072022 1.417390 0.176402
v 0.084788 1.428079 0.177144
v 0.099616 1.432060 0.176680
v 0.130167 1.429057 0.166883
v 0.155076 1.423978 0.151453
v 0.162132 1.421429 0.143258
v 0.169572 1.416504 0.133143
v 0.170149 1.406738 0.128091
v 0.162346 1.389996 0.135840
v 0.152246 1.377457 0.146107
v 0.144717 1.368225 0.153722
v 0.123957 1.357646 0.165875
v -0.101285 1.361796 0.169810
v -0.079664 1.366298 0.175733
v -0.058520 1.367383 0.165880
v -0.047222 1.376017 0.157925
v -0.044464 1.383475 0.156839
v -0.048074 1.402085 0.160522
v -0.072022 1.417390 0.176402
v -0.084788 1.428079 0.177144
v -0.099616 1.432060 0.176680
v -0.130167 1.429057 0.166883
v -0.155076 1.423978 0.151453
v -0.162132 1.421429 0.143258
v -0.169572 1.416504 0.133143
v -0.170149 1.406738 0.128091
v -0.162346 1.389996 0.135840
v -0.152246 1.377457 0.146107
v -0.144717 1.368225 0.153722
v -0.123957 1.357646 0.165875
v 0.050543 1.362985 0.206524
v 0.037524 1.372922 0.203813
v 0.032863 1.397132 0.199114
v 0.046077 1.420215 0.197670
v 0.076342 1.429802 0.202569
v 0.105394 1.435304 0.202106
v 0.134510 1.435976 0.192917
v 0.157005 1.432535 0.176547
v 0.170182 1.425606 0.159200
v 0.175796 1.414759 0.145842
v 0.175862 1.399152 0.137071
v 0.169906 1.381857 0.136763
v 0.159998 1.364716 0.148740
v 0.145819 1.349538 0.166710
v 0.123826 1.347713 0.186338
v 0.101513 1.348292 0.197046
v 0.081214 1.352695 0.202168
v 0.064015 1.356156 0.204753
v -0.050543 1.362985 0.206524
v -0.037524 1.372922 0.203813
v -0.032863 1.397132 0.199114
v -0.046077 1.420215 0.197670
v -0.076342 1.429802 0.202569
v -0.105394 1.435304 0.202106
v -0.134510 1.435976 0.192917
v -0.157005 1.432535 0.176547
v -0.170182 1.425606 0.159200
v -0.175796 1.414759 0.145842
v -0.175862 1.399152 0.137071
v -0.169906 1.381857 0.136763
v -0.159998 1.364716 0.148740
v -0.145819 1.349538 0.166710
v -0.123826 1.347713 0.186338
v -0.101513 1.348292 0.197046
v -0.081214 1.352695 0.202168
v -0.064015 1.356156 0.204753
vt 0.488356 0.592424
vt 0.489861 0.591939
vt 0.490549 0.592770
vt 0.488827 0.593290
vt 0.492104 0.592379
vt 0.491174 0.591651
vt 0.493638 0.590366
vt 0.493322 0.590082
vt 0.494558 0.589633
vt 0.494693 0.590257
vt 0.491699 0.589834
vt 0.490198 0.590058
vt 0.490984 0.589040
vt 0.492758 0.588833
vt 0.492587 0.589972
vt 0.493885 0.589219
vt 0.489118 0.589311
vt 0.488405 0.590424
vt 0.492532 0.648074
vt 0.491802 0.643639
vt 0.495035 0.641624
vt 0.499565 0.645712
vt 0.500802 0.640287
vt 0.496101 0.637925
vt 0.490805 0.637587
vt 0.493400 0.637074
vt 0.493642 0.640512
vt 0.491456 0.641538
vt 0.492851 0.632920
vt 0.490070 0.633120
vt 0.495972 0.633425
vt 0.500485 0.635228
vt 0.498613 0.623129
vt 0.498779 0.628700
vt 0.495268 0.628552
vt 0.494851 0.623997
vt 0.492277 0.628296
vt 0.489305 0.628476
vt 0.488719 0.624921
vt 0.491659 0.624217
vt 0.513381 0.613977
vt 0.509008 0.616766
vt 0.508486 0.615782
vt 0.512901 0.613016
vt 0.505919 0.621168
vt 0.505307 0.619229
vt 0.503521 0.626337
vt 0.504850 0.626032
vt 0.505692 0.629158
vt 0.504012 0.629821
vt 0.509048 0.634640
vt 0.506740 0.634115
vt 0.511946 0.636253
vt 0.509966 0.636786
vt 0.515221 0.637302
vt 0.522454 0.636906
vt 0.522746 0.637977
vt 0.514511 0.638495
vt 0.528798 0.633220
vt 0.528769 0.634567
vt 0.530763 0.630692
vt 0.531237 0.631885
vt 0.533696 0.623617
vt 0.533348 0.628044
vt 0.532724 0.626857
vt 0.533253 0.623643
vt 0.531477 0.618223
vt 0.531208 0.618755
vt 0.524700 0.612686
vt 0.528130 0.614635
vt 0.527812 0.615224
vt 0.524927 0.613503
vt 0.518770 0.611610
vt 0.518636 0.612489
vt 0.497191 0.619272
vt 0.494194 0.620468
vt 0.491227 0.621140
vt 0.488211 0.621840
vt 0.507009 0.613478
vt 0.503789 0.616341
vt 0.502488 0.614328
vt 0.505652 0.611750
vt 0.504689 0.618087
vt 0.507824 0.614957
vt 0.512478 0.612076
vt 0.502589 0.629386
vt 0.501928 0.624757
vt 0.516263 0.644107
vt 0.508008 0.642684
vt 0.508565 0.639106
vt 0.515831 0.641396
vt 0.505084 0.633892
vt 0.509262 0.637539
vt 0.515487 0.639616
vt 0.523053 0.639110
vt 0.523774 0.640826
vt 0.524781 0.643485
vt 0.483532 0.593420
vt 0.485510 0.593106
vt 0.485687 0.594104
vt 0.483700 0.594444
vt 0.482974 0.590006
vt 0.485262 0.589637
vt 0.485324 0.590797
vt 0.483160 0.591130
vt 0.493341 0.595608
vt 0.494935 0.597434
vt 0.492160 0.598111
vt 0.490996 0.596165
vt 0.496692 0.599834
vt 0.493002 0.600026
vt 0.509490 0.609303
vt 0.511458 0.610798
vt 0.487416 0.600641
vt 0.487760 0.601987
vt 0.485028 0.602519
vt 0.484786 0.601044
vt 0.484537 0.599532
vt 0.486916 0.599133
vt 0.486394 0.597130
vt 0.484205 0.597516
vt 0.487103 0.592778
vt 0.487293 0.593724
vt 0.489494 0.598655
vt 0.488683 0.596679
vt 0.490060 0.600251
vt 0.492871 0.601760
vt 0.490392 0.601525
vt 0.487863 0.602735
vt 0.487504 0.603840
vt 0.485338 0.604400
vt 0.485199 0.603554
vt 0.488415 0.605089
vt 0.488731 0.607122
vt 0.485820 0.607329
vt 0.485516 0.605484
vt 0.489410 0.611006
vt 0.489834 0.613125
vt 0.486875 0.613735
vt 0.486512 0.611529
vt 0.490236 0.615215
vt 0.490596 0.617098
vt 0.487542 0.617780
vt 0.487240 0.615951
vt 0.492588 0.603072
vt 0.494894 0.604077
vt 0.493618 0.605346
vt 0.492160 0.604555
vt 0.492218 0.606370
vt 0.490642 0.606896
vt 0.490044 0.605314
vt 0.491473 0.605494
vt 0.495108 0.612879
vt 0.495793 0.614815
vt 0.493266 0.616170
vt 0.492785 0.614224
vt 0.497509 0.596104
vt 0.495450 0.594676
vt 0.499919 0.597778
vt 0.502381 0.603203
vt 0.505306 0.600585
vt 0.508180 0.602341
vt 0.505015 0.605155
vt 0.511571 0.604554
vt 0.507451 0.607214
vt 0.514818 0.606829
vt 0.517630 0.608821
vt 0.518463 0.610630
vt 0.502312 0.590315
vt 0.499236 0.590245
vt 0.499171 0.588576
vt 0.502416 0.588018
vt 0.525074 0.611370
vt 0.520908 0.604583
vt 0.526352 0.601277
vt 0.531669 0.606090
vt 0.525799 0.608689
vt 0.536312 0.611134
vt 0.531918 0.612928
vt 0.529907 0.614416
vt 0.533263 0.618813
vt 0.534822 0.623501
vt 0.537352 0.623508
vt 0.535638 0.618043
vt 0.539648 0.616623
vt 0.541662 0.623370
vt 0.534646 0.628375
vt 0.541897 0.630726
vt 0.537225 0.628876
vt 0.529201 0.635883
vt 0.532532 0.632183
vt 0.533062 0.640440
vt 0.530700 0.637534
vt 0.534887 0.633360
vt 0.538354 0.636547
vt 0.519026 0.586470
vt 0.525562 0.586657
vt 0.524118 0.593298
vt 0.518048 0.591926
vt 0.497222 0.593441
vt 0.499697 0.594444
vt 0.492273 0.591288
vt 0.493354 0.591757
vt 0.506033 0.590419
vt 0.506488 0.587335
vt 0.513184 0.591211
vt 0.514174 0.586642
vt 0.498212 0.587103
vt 0.501226 0.585847
vt 0.504956 0.584470
vt 0.512729 0.581940
vt 0.516924 0.580654
vt 0.522491 0.578957
vt 0.487077 0.590566
vt 0.487340 0.589487
vt 0.531168 0.596352
vt 0.535912 0.588471
vt 0.516322 0.601778
vt 0.520894 0.598179
vt 0.511865 0.599509
vt 0.515316 0.596080
vt 0.508206 0.597870
vt 0.510590 0.594814
vt 0.493126 0.590781
vt 0.494226 0.590916
vt 0.501378 0.592504
vt 0.498566 0.591969
vt 0.502598 0.595648
vt 0.504733 0.593223
vt 0.485539 0.582719
vt 0.485261 0.584649
vt 0.482171 0.585146
vt 0.481850 0.583201
vt 0.492645 0.582642
vt 0.491496 0.584790
vt 0.488517 0.584561
vt 0.489184 0.582568
vt 0.495952 0.583027
vt 0.494057 0.585039
vt 0.496453 0.585840
vt 0.498987 0.584120
vt 0.501985 0.582276
vt 0.512141 0.575579
vt 0.509213 0.577767
vt 0.515912 0.572438
vt 0.491435 0.603438
vt 0.490375 0.603085
vt 0.490411 0.602288
vt 0.489138 0.603024
vt 0.489296 0.604389
vt 0.489899 0.604688
vt 0.489027 0.603586
vt 0.491348 0.604242
vt 0.490726 0.604809
vt 0.490264 0.603898
vt 0.504009 0.623341
vt 0.504921 0.624596
vt 0.502717 0.621207
vt 0.499747 0.616874
vt 0.501167 0.619418
vt 0.497036 0.611125
vt 0.497996 0.612807
vt 0.489877 0.594619
vt 0.491817 0.594089
vt 0.487914 0.595053
vt 0.485965 0.595445
vt 0.483919 0.595774
vt 0.485275 0.587435
vt 0.482610 0.587805
vt 0.490340 0.587015
vt 0.487957 0.587221
vt 0.492495 0.587081
vt 0.494461 0.587374
vt 0.495844 0.588171
vt 0.496643 0.589127
vt 0.496761 0.590127
vt 0.496335 0.591621
vt 0.495263 0.592608
vt 0.493699 0.593496
vt 0.498133 0.580928
vt 0.494022 0.580440
vt 0.489927 0.580543
vt 0.481613 0.581762
vt 0.485871 0.581056
vt 0.504655 0.572698
vt 0.502676 0.575650
vt 0.497110 0.572108
vt 0.496257 0.575267
vt 0.491104 0.575799
vt 0.491401 0.572621
vt 0.486343 0.573202
vt 0.486404 0.576710
vt 0.480978 0.577898
vt 0.480328 0.573951
vt 0.530241 0.576772
vt 0.538571 0.572831
vt 0.545645 0.584515
vt 0.521453 0.567570
vt 0.529259 0.560512
vt 0.506962 0.568637
vt 0.509364 0.562815
vt 0.513160 0.555694
vt 0.498168 0.567830
vt 0.491479 0.568998
vt 0.479801 0.570746
vt 0.486089 0.569735
vt 0.497676 0.561864
vt 0.491418 0.562247
vt 0.478738 0.564276
vt 0.485253 0.562994
vt 0.499581 0.554634
vt 0.491436 0.555224
vt 0.477540 0.556983
vt 0.484326 0.556037
vt 0.753470 0.950860
vt 0.484202 0.549292
vt 0.476456 0.550380
vt 0.749687 0.951012
vt 0.502336 0.548092
vt 0.492493 0.548377
vt 0.757736 0.951037
vt 0.762705 0.951888
vt 0.768387 0.954111
vt 0.514093 0.549044
vt 0.774798 0.957478
vt 0.525863 0.550719
vt 0.770283 0.944120
vt 0.777448 0.947209
vt 0.780524 0.960117
vt 0.536254 0.550601
vt 0.540330 0.559935
vt 0.546575 0.570573
vt 0.552607 0.581328
vt 0.544828 0.613766
vt 0.547365 0.622593
vt 0.550982 0.611242
vt 0.553768 0.620909
vt 0.548330 0.605209
vt 0.541824 0.608456
vt 0.537490 0.602570
vt 0.543915 0.597942
vt 0.552294 0.595083
vt 0.558067 0.591336
vt 0.555031 0.601928
vt 0.561215 0.598531
vt 0.547964 0.631442
vt 0.555979 0.631177
vt 0.557502 0.609234
vt 0.560218 0.618434
vt 0.563413 0.605984
vt 0.566134 0.615764
vt 0.563107 0.628666
vt 0.569547 0.625330
vt 0.508891 0.647494
vt 0.510511 0.654706
vt 0.501664 0.654759
vt 0.493765 0.655563
vt 0.517600 0.648071
vt 0.526615 0.647223
vt 0.536062 0.644502
vt 0.545439 0.639887
vt 0.557425 0.647213
vt 0.547632 0.648955
vt 0.556460 0.639353
vt 0.538180 0.651251
vt 0.528562 0.653213
vt 0.518976 0.654281
vt 0.564696 0.636255
vt 0.571652 0.632104
vt 0.566651 0.644002
vt 0.575351 0.638841
vt 0.763495 0.942482
vt 0.758270 0.942110
vt 0.749266 0.942792
vt 0.753543 0.942493
vt 0.760596 0.917810
vt 0.763604 0.930308
vt 0.757906 0.931916
vt 0.755067 0.923631
vt 0.747616 0.912852
vt 0.748115 0.921097
vt 0.752556 0.926675
vt 0.753340 0.933574
vt 0.748805 0.933902
vt 0.748375 0.925717
vt 0.772385 0.932075
vt 0.774284 0.919826
vt 0.781688 0.935990
vt 0.786763 0.923607
vt 0.746807 0.899893
vt 0.764033 0.901645
vt 0.778575 0.905060
vt 0.791787 0.909968
vt 0.783477 0.950252
vt 0.788035 0.939741
vt 0.796337 0.929162
vt 0.803276 0.916631
vt 0.558535 0.579394
vt 0.562665 0.588996
vt 0.582799 0.599398
vt 0.577646 0.593618
vt 0.580363 0.589447
vt 0.586487 0.596308
vt 0.586565 0.606194
vt 0.590432 0.603307
vt 0.589518 0.612073
vt 0.593650 0.611958
vt 0.593100 0.618613
vt 0.589737 0.616402
vt 0.581689 0.615569
vt 0.583577 0.618541
vt 0.581961 0.622157
vt 0.579133 0.616957
vt 0.585638 0.619771
vt 0.584859 0.625199
vt 0.592113 0.623640
vt 0.588658 0.618767
vt 0.580588 0.611801
vt 0.576498 0.609685
vt 0.577676 0.605894
vt 0.580915 0.609422
vt 0.583673 0.606557
vt 0.580709 0.601853
vt 0.588292 0.615163
vt 0.587723 0.612388
vt 0.587344 0.616033
vt 0.584140 0.616918
vt 0.585116 0.616954
vt 0.583133 0.614882
vt 0.582308 0.612698
vt 0.582948 0.611697
vt 0.586508 0.609420
vt 0.585037 0.609955
vt 0.586141 0.613088
vt 0.584075 0.614319
vt 0.573254 0.601780
vt 0.574860 0.600924
vt 0.574881 0.584157
vt 0.573597 0.590525
vt 0.569978 0.588498
vt 0.567693 0.576169
vt 0.587747 0.626592
vt 0.586943 0.620042
vt 0.585960 0.616779
vt 0.584837 0.613815
vt 0.583707 0.610835
vt 0.581990 0.607833
vt 0.579215 0.603926
vt 0.576830 0.597840
vt 0.576559 0.600444
vt 0.573968 0.595250
vt 0.570664 0.594297
vt 0.565138 0.596692
vt 0.567811 0.604329
vt 0.570578 0.613253
vt 0.573903 0.621686
vt 0.576675 0.627825
vt 0.579825 0.631906
vt 0.553021 0.568994
vt 0.547728 0.559082
vt 0.785481 0.962575
vt 0.543733 0.550084
vt 0.788448 0.953332
vt 0.563320 0.565625
vt 0.559120 0.556281
vt 0.564010 0.553399
vt 0.060506 0.530954
vt 0.018852 0.381336
vt 0.074105 0.538348
vt 0.554943 0.547602
vt 0.793902 0.966043
vt 0.024398 0.374561
vt 0.796439 0.957822
vt 0.792995 0.942913
vt 0.801668 0.933777
vt 0.810818 0.923645
vt 0.027077 0.343139
vt 0.029228 0.354787
vt 0.808735 0.941886
vt 0.819615 0.936580
vt 0.029053 0.366253
vt 0.800473 0.948985
vt 0.053797 0.526112
vt 0.049273 0.523500
vt 0.584964 0.587195
vt 0.037347 0.522827
vt 0.028549 0.524082
vt 0.021494 0.522728
vt 0.015388 0.520176
vt 0.009148 0.518085
vt 0.588660 0.631247
vt 0.805518 0.937831
vt 0.815850 0.930113
vt 0.797153 0.945834
vt 0.792949 0.955787
vt 0.789798 0.964577
vt 0.549654 0.548928
vt 0.558425 0.567635
vt 0.553695 0.558063
vt 0.563480 0.578770
vt 0.566387 0.588090
vt 0.568250 0.595446
vt 0.570545 0.603318
vt 0.573555 0.611299
vt 0.576644 0.619028
vt 0.579729 0.624681
vt 0.582557 0.627704
vt 0.584572 0.628788
vt 0.583138 0.633331
vt 0.052553 0.534380
vt 0.047884 0.532970
vt 0.059099 0.537720
vt 0.065986 0.540671
vt 0.072927 0.543030
vt 0.022670 0.383222
vt 0.027892 0.376392
vt 0.032726 0.367940
vt 0.035328 0.356487
vt 0.036051 0.344305
vt 0.042455 0.532203
vt 0.035286 0.531814
vt 0.588767 0.639177
vt 0.579642 0.644651
vt 0.001259 0.517319
vt 0.053230 0.540824
vt 0.047991 0.539554
vt 0.042128 0.538836
vt 0.034965 0.538098
vt 0.027209 0.537233
vt 0.027631 0.531158
vt 0.020355 0.529672
vt 0.019645 0.535433
vt 0.013805 0.526270
vt 0.012599 0.532194
vt 0.005648 0.528583
vt 0.000516 0.526031
vt 0.001103 0.521924
vt 0.008209 0.522202
vt 0.059362 0.543289
vt 0.065855 0.545432
vt 0.026006 0.384968
vt 0.021222 0.391040
vt 0.031025 0.378066
vt 0.035796 0.369536
vt 0.039367 0.358535
vt 0.041235 0.345746
vt 0.072189 0.558107
vt 0.072230 0.551842
vt 0.029511 0.387396
vt 0.033520 0.390889
vt 0.038067 0.395713
vt 0.072851 0.565972
vt 0.037899 0.406395
vt 0.043296 0.401311
vt 0.059951 0.557377
vt 0.059728 0.549868
vt 0.065665 0.550912
vt 0.065624 0.557935
vt 0.061281 0.567839
vt 0.066543 0.567055
vt 0.063931 0.579176
vt 0.069378 0.577197
vt 0.054683 0.557417
vt 0.054113 0.548896
vt 0.055842 0.568564
vt 0.058370 0.581197
vt 0.049062 0.558184
vt 0.048534 0.548475
vt 0.049722 0.569359
vt 0.052395 0.583368
vt 0.042290 0.548398
vt 0.042818 0.558635
vt 0.035676 0.559381
vt 0.035076 0.548036
vt 0.037001 0.571921
vt 0.044094 0.570186
vt 0.047980 0.584973
vt 0.040653 0.587636
vt 0.027632 0.559635
vt 0.027175 0.547193
vt 0.028937 0.573335
vt 0.032800 0.590489
vt 0.018993 0.558655
vt 0.019186 0.545340
vt 0.019607 0.573117
vt 0.024184 0.593620
vt 0.010289 0.556357
vt 0.011186 0.541301
vt 0.011066 0.573632
vt 0.015586 0.596745
vt 0.001334 0.550885
vt 0.003175 0.534318
vt 0.000956 0.570080
vt 0.007075 0.599838
vt 0.504031 0.609782
vt 0.498592 0.609004
vt 0.500007 0.610450
vt 0.494643 0.606614
vt 0.496273 0.605090
vt 0.497235 0.606867
vt 0.495482 0.608011
vt 0.492910 0.607667
vt 0.493563 0.608927
vt 0.491666 0.610197
vt 0.491131 0.608497
vt 0.489022 0.609043
vt 0.486177 0.609496
vt 0.502558 0.599123
vt 0.499824 0.601406
vt 0.505343 0.596678
vt 0.507737 0.593918
vt 0.509642 0.590662
vt 0.510605 0.586881
vt 0.508919 0.583150
vt 0.505289 0.580218
vt 0.500481 0.578479
vt 0.495353 0.578021
vt 0.490638 0.578249
vt 0.481299 0.579852
vt 0.486168 0.578937
vt 0.495706 0.602452
vt 0.496164 0.609698
vt 0.494428 0.611038
vt 0.492249 0.612210
vt 0.497414 0.608551
vt 0.502175 0.607817
vt 0.497799 0.603533
vt 0.499615 0.605948
vt 0.505743 0.674624
vt 0.503788 0.664251
vt 0.512593 0.663547
vt 0.514694 0.673474
vt 0.497065 0.675594
vt 0.495280 0.664761
vt 0.521585 0.662737
vt 0.523748 0.671915
vt 0.530696 0.661316
vt 0.532328 0.669921
vt 0.539561 0.659592
vt 0.540133 0.668139
vt 0.548734 0.658058
vt 0.548087 0.668119
vt 0.558212 0.656515
vt 0.557025 0.668058
vt 0.568452 0.653257
vt 0.567477 0.666903
vt 0.539976 0.675275
vt 0.533898 0.678426
vt 0.545198 0.678576
vt 0.538326 0.684854
vt 0.525394 0.682004
vt 0.516245 0.684432
vt 0.507602 0.686049
vt 0.499023 0.687468
vt 0.529091 0.690866
vt 0.519099 0.695257
vt 0.510003 0.697372
vt 0.501012 0.699525
vt 0.552743 0.680733
vt 0.561937 0.682741
vt 0.578411 0.663508
vt 0.571781 0.684964
vt 0.544245 0.691217
vt 0.533794 0.699191
vt 0.522279 0.705121
vt 0.512274 0.708103
vt 0.502728 0.709920
vt 0.551185 0.698073
vt 0.559272 0.704378
vt 0.539075 0.707912
vt 0.526543 0.714518
vt 0.514935 0.718181
vt 0.504477 0.720506
vt 0.544695 0.717620
vt 0.532288 0.724053
vt 0.519295 0.728550
vt 0.506242 0.731194
vt 0.043950 0.389349
vt 0.039199 0.384173
vt 0.049887 0.395107
vt 0.034903 0.380413
vt 0.050998 0.381373
vt 0.057721 0.387737
vt 0.045226 0.375894
vt 0.039946 0.371878
vt 0.051200 0.366056
vt 0.044561 0.361244
vt 0.058348 0.372335
vt 0.066346 0.379624
vt 0.076394 0.370171
vt 0.066696 0.362302
vt 0.057819 0.354429
vt 0.048134 0.348264
vt 0.498851 0.614684
vt 0.501264 0.612258
vt 0.496386 0.616716
vt 0.493671 0.618011
vt 0.490864 0.618743
vt 0.487807 0.619387
vt 0.743810 0.855427
vt 0.764870 0.856696
vt 0.764885 0.872519
vt 0.744952 0.871652
vt 0.787641 0.857312
vt 0.785050 0.874418
vt 0.757238 0.738939
vt 0.735723 0.742965
vt 0.734842 0.731874
vt 0.757809 0.726591
vt 0.783115 0.724918
vt 0.781156 0.737905
vt 0.804464 0.746454
vt 0.807429 0.730141
vt 0.831697 0.739009
vt 0.822485 0.756097
vt 0.824878 0.885005
vt 0.719819 0.342430
vt 0.734858 0.357297
vt 0.834519 0.899333
vt 0.815130 0.857608
vt 0.806615 0.877043
vt 0.767451 0.345844
vt 0.750471 0.350844
vt 0.741460 0.337453
vt 0.761624 0.333506
vt 0.831873 0.845426
vt 0.721177 0.328060
vt 0.849784 0.817447
vt 0.719906 0.300038
vt 0.722214 0.317102
vt 0.842141 0.834044
vt 0.764308 0.887494
vt 0.745948 0.886555
vt 0.782210 0.889799
vt 0.812235 0.901616
vt 0.799581 0.893734
vt 0.737848 0.325636
vt 0.758178 0.321729
vt 0.736252 0.314786
vt 0.737653 0.299170
vt 0.755502 0.297243
vt 0.756086 0.310196
vt 0.852547 0.782014
vt 0.107974 0.177853
vt 0.868797 0.794398
vt 0.856350 0.796302
vt 0.115014 0.190575
vt 0.103402 0.197209
vt 0.859013 0.807701
vt 0.870643 0.809094
vt 0.845078 0.801715
vt 0.840971 0.788457
vt 0.091819 0.203191
vt 0.724652 0.284488
vt 0.738824 0.283315
vt 0.755453 0.283303
vt 0.100200 0.215892
vt 0.109028 0.225500
vt 0.107738 0.238805
vt 0.718290 0.266607
vt 0.122628 0.203754
vt 0.128484 0.217779
vt 0.118904 0.221549
vt 0.111412 0.209475
vt 0.124663 0.235151
vt 0.137384 0.229937
vt 0.723470 0.233482
vt 0.721396 0.249218
vt 0.098177 0.256826
vt 0.086808 0.269478
vt 0.756072 0.254839
vt 0.738547 0.252391
vt 0.741002 0.237818
vt 0.758586 0.241320
vt 0.744590 0.223682
vt 0.761852 0.228073
vt 0.073265 0.286328
vt 0.726237 0.216601
vt 0.152819 0.272633
vt 0.144322 0.263249
vt 0.153377 0.254222
vt 0.161781 0.262340
vt 0.134295 0.250355
vt 0.145014 0.243055
vt 0.114868 0.297842
vt 0.125705 0.284600
vt 0.134324 0.294916
vt 0.120674 0.306489
vt 0.102249 0.305087
vt 0.103311 0.318118
vt 0.169708 0.236984
vt 0.162656 0.244900
vt 0.156028 0.235803
vt 0.165151 0.230747
vt 0.181282 0.232183
vt 0.170280 0.218288
vt 0.171466 0.249478
vt 0.151622 0.223896
vt 0.112434 0.270927
vt 0.100442 0.283558
vt 0.089599 0.299576
vt 0.081742 0.321354
vt 0.058359 0.305777
vt 0.766051 0.427925
vt 0.749164 0.210744
vt 0.798464 0.407187
vt 0.193819 0.241597
vt 0.180212 0.256887
vt 0.159847 0.279866
vt 0.169043 0.269476
vt 0.140151 0.302245
vt 0.127930 0.314011
vt 0.106708 0.332432
vt 0.089990 0.339647
vt 0.202712 0.251375
vt 0.187451 0.265723
vt 0.166399 0.285516
vt 0.174108 0.278268
vt 0.144033 0.306544
vt 0.132256 0.317616
vt 0.111081 0.337532
vt 0.096852 0.350919
vt 0.085041 0.362035
vt 0.076575 0.351384
vt 0.066061 0.340605
vt 0.161300 0.201364
vt 0.143730 0.210477
vt 0.845551 0.762843
vt 0.834294 0.772708
vt 0.852371 0.734762
vt 0.860816 0.758096
vt 0.145665 0.172044
vt 0.129367 0.181777
vt 0.152405 0.186787
vt 0.136323 0.196466
vt 0.827383 0.711532
vt 0.845608 0.710168
vt 0.804952 0.708066
vt 0.164744 0.161247
vt 0.172284 0.174412
vt 0.180924 0.187971
vt 0.191424 0.201382
vt 0.201314 0.213611
vt 0.211021 0.225177
vt 0.218969 0.236088
vt 0.781899 0.706653
vt 0.757562 0.708665
vt 0.733344 0.712767
vt 0.755136 0.753799
vt 0.736885 0.758382
vt 0.755741 0.799515
vt 0.739394 0.794453
vt 0.738669 0.784122
vt 0.754825 0.786292
vt 0.757671 0.813943
vt 0.760339 0.827951
vt 0.741670 0.825947
vt 0.740451 0.809212
vt 0.778409 0.754311
vt 0.799566 0.761812
vt 0.815219 0.770464
vt 0.824913 0.781344
vt 0.832711 0.804513
vt 0.829793 0.792758
vt 0.808628 0.794220
vt 0.819713 0.795622
vt 0.821081 0.805858
vt 0.808727 0.806006
vt 0.794228 0.805257
vt 0.794460 0.790708
vt 0.775278 0.788804
vt 0.776146 0.803751
vt 0.818713 0.787186
vt 0.810185 0.782100
vt 0.795544 0.776005
vt 0.776342 0.771048
vt 0.754130 0.771465
vt 0.737874 0.772586
vt 0.833884 0.816712
vt 0.822106 0.815796
vt 0.809843 0.816555
vt 0.795117 0.817626
vt 0.777549 0.817569
vt 0.150666 0.290090
vt 0.156086 0.295212
vt 0.144362 0.282762
vt 0.135935 0.272691
vt 0.123270 0.258827
vt 0.783983 0.842454
vt 0.804613 0.840950
vt 0.819689 0.835459
vt 0.742736 0.840559
vt 0.762906 0.842112
vt 0.829369 0.827961
vt 0.821601 0.823527
vt 0.812570 0.826048
vt 0.798242 0.828739
vt 0.780149 0.829603
vt 0.821551 0.911802
vt 0.053015 0.331512
vt 0.035905 0.328750
vt 0.042993 0.329090
vt 0.023687 0.328593
vt 0.833302 0.930551
vt 0.828402 0.921347
vt 0.784214 0.379135
vt 0.788902 0.388476
vt 0.773413 0.395956
vt 0.769078 0.386476
vt 0.764450 0.376045
vt 0.778872 0.369315
vt 0.773421 0.358205
vt 0.757848 0.363785
vt 0.030905 0.309984
vt 0.041618 0.308689
vt 0.018559 0.312107
vt 0.848099 0.924320
vt 0.842030 0.912405
vt 0.742952 0.370397
vt 0.749041 0.382753
vt 0.753790 0.393930
vt 0.777600 0.405424
vt 0.793562 0.397383
vt 0.756828 0.404200
vt 0.760195 0.415096
vt 0.737855 0.267662
vt 0.755235 0.269063
vt 0.062835 0.032249
vt 0.064480 0.033725
vt 0.061993 0.036298
vt 0.060348 0.034762
vt 0.051504 0.024249
vt 0.053853 0.022490
vt 0.055229 0.023672
vt 0.052873 0.025621
vt 0.057394 0.030760
vt 0.059649 0.028821
vt 0.079079 0.019401
vt 0.076584 0.021872
vt 0.075321 0.020720
vt 0.077966 0.018193
vt 0.068107 0.012472
vt 0.067499 0.011289
vt 0.070248 0.008893
vt 0.070963 0.010025
vt 0.072298 0.017418
vt 0.074610 0.015040
vt 0.057286 0.022342
vt 0.056269 0.021104
vt 0.061769 0.027088
vt 0.064765 0.030158
vt 0.066519 0.031499
vt 0.072800 0.022703
vt 0.074667 0.023899
vt 0.069797 0.019690
vt 0.065686 0.014966
vt 0.065013 0.013781
vt 0.787240 0.017434
vt 0.786725 0.015735
vt 0.788743 0.014771
vt 0.789205 0.016643
vt 0.980190 0.558674
vt 0.981405 0.557401
vt 0.983183 0.559464
vt 0.981929 0.560614
vt 0.771299 0.022208
vt 0.773672 0.020746
vt 0.774266 0.022464
vt 0.771860 0.023621
vt 0.967913 0.545532
vt 0.969687 0.543679
vt 0.972399 0.547812
vt 0.971149 0.548937
vt 0.941604 0.368977
vt 0.939271 0.368861
vt 0.939079 0.366612
vt 0.941472 0.366971
vt 0.937609 0.385679
vt 0.934929 0.384986
vt 0.936034 0.381755
vt 0.938233 0.382176
vt 0.629693 0.022496
vt 0.631925 0.021026
vt 0.633363 0.022590
vt 0.631389 0.024373
vt 0.642811 0.012802
vt 0.644074 0.011218
vt 0.645525 0.012701
vt 0.644436 0.014128
vt 0.641969 0.031917
vt 0.640410 0.034136
vt 0.639167 0.033148
vt 0.640757 0.030806
vt 0.653808 0.020640
vt 0.652535 0.021931
vt 0.651390 0.020950
vt 0.652597 0.019699
vt 0.951118 0.367463
vt 0.950635 0.369865
vt 0.948185 0.369711
vt 0.948481 0.367642
vt 0.950139 0.384293
vt 0.950772 0.388450
vt 0.947947 0.389749
vt 0.948311 0.385057
vt 0.943442 0.367257
vt 0.943587 0.369248
vt 0.941179 0.383128
vt 0.940369 0.386946
vt 0.972228 0.550114
vt 0.973809 0.549332
vt 0.976786 0.550547
vt 0.974057 0.551588
vt 0.938613 0.380581
vt 0.936515 0.380042
vt 0.937039 0.377737
vt 0.939299 0.378276
vt 0.941943 0.379124
vt 0.941608 0.381388
vt 0.950397 0.380476
vt 0.950392 0.382507
vt 0.948808 0.383195
vt 0.948553 0.380904
vt 0.984989 0.560980
vt 0.983476 0.562153
vt 0.939143 0.364743
vt 0.941384 0.365279
vt 0.943350 0.365770
vt 0.951232 0.365549
vt 0.948728 0.365917
vt 0.647150 0.014313
vt 0.645997 0.015795
vt 0.635103 0.024451
vt 0.633225 0.026264
vt 0.791584 0.013069
vt 0.792299 0.015270
vt 0.647248 0.010390
vt 0.645997 0.008891
vt 0.648280 0.011936
vt 0.655822 0.018551
vt 0.654557 0.017657
vt 0.769091 0.022933
vt 0.769825 0.024537
vt 0.639105 0.036001
vt 0.637870 0.035103
vt 0.631518 0.028011
vt 0.629342 0.026062
vt 0.628303 0.023957
vt 0.694500 0.021427
vt 0.685789 0.015254
vt 0.688732 0.010691
vt 0.697273 0.017479
vt 0.760432 0.028444
vt 0.981268 0.527346
vt 0.967478 0.539085
vt 0.965530 0.541853
vt 0.679415 0.010983
vt 0.673390 0.005851
vt 0.991702 0.503657
vt 0.682527 0.006228
vt 0.988728 0.515179
vt 0.987843 0.517346
vt 0.983947 0.514922
vt 0.984500 0.512774
vt 0.965195 0.403065
vt 0.968930 0.400431
vt 0.969502 0.401050
vt 0.045694 0.031795
vt 0.963601 0.407325
vt 0.962407 0.405765
vt 0.968591 0.399907
vt 0.964362 0.401872
vt 0.625516 0.032308
vt 0.954486 0.393962
vt 0.955206 0.391890
vt 0.974336 0.414428
vt 0.970017 0.410999
vt 0.056310 0.042981
vt 0.951222 0.396419
vt 0.949221 0.394456
vt 0.950603 0.392037
vt 0.976584 0.526982
vt 0.977828 0.524617
vt 0.986988 0.505588
vt 0.988760 0.501810
vt 0.978674 0.532406
vt 0.975021 0.529988
vt 0.952141 0.390392
vt 0.800343 0.009837
vt 0.800904 0.011728
vt 0.989265 0.564992
vt 0.987598 0.566441
vt 0.702791 0.021000
vt 0.710613 0.027544
vt 0.708983 0.030913
vt 0.700768 0.025195
vt 0.943434 0.354337
vt 0.942555 0.353354
vt 0.944344 0.352484
vt 0.945002 0.354224
vt 0.658728 0.002143
vt 0.657435 0.004480
vt 0.656485 0.003572
vt 0.656420 0.001757
vt 0.653476 0.005380
vt 0.654619 0.006625
vt 0.941652 0.359184
vt 0.944175 0.359427
vt 0.949551 0.359638
vt 0.951417 0.359050
vt 0.939911 0.358325
vt 0.652766 0.003550
vt 0.658778 0.010689
vt 0.660563 0.010899
vt 0.088763 0.005819
vt 0.087367 0.004050
vt 0.088407 0.003151
vt 0.089661 0.005676
vt 0.082791 0.008716
vt 0.085388 0.011418
vt 0.086634 0.012103
vt 0.078064 0.002729
vt 0.078629 0.004225
vt 0.989927 0.497705
vt 0.989951 0.494607
vt 0.994586 0.494108
vt 0.994326 0.497652
vt 0.989517 0.499802
vt 0.991787 0.500149
vt 0.977294 0.414405
vt 0.975781 0.415529
vt 0.933348 0.040134
vt 0.931908 0.043182
vt 0.977518 0.418160
vt 0.979487 0.416314
vt 0.699104 0.040067
vt 0.698746 0.041729
vt 0.698891 0.045848
vt 0.694670 0.047072
vt 0.982904 0.429156
vt 0.700388 0.055176
vt 0.700932 0.056675
vt 0.695706 0.057700
vt 0.707275 0.042158
vt 0.707962 0.044789
vt 0.701462 0.045236
vt 0.701749 0.041835
vt 0.717970 0.044453
vt 0.716352 0.044523
vt 0.717745 0.041191
vt 0.719810 0.040976
vt 0.723831 0.041194
vt 0.724649 0.043574
vt 0.728150 0.041380
vt 0.727999 0.043500
vt 0.734292 0.043054
vt 0.731028 0.043653
vt 0.731961 0.042227
vt 0.733343 0.041498
vt 0.956745 0.046851
vt 0.961708 0.047703
vt 0.961308 0.049591
vt 0.956487 0.049231
vt 0.952967 0.048494
vt 0.953058 0.045987
vt 0.724668 0.051818
vt 0.725116 0.053159
vt 0.720757 0.054488
vt 0.720566 0.052876
vt 0.720179 0.039334
vt 0.724292 0.039605
vt 0.729134 0.040033
vt 0.729732 0.050241
vt 0.730559 0.051467
vt 0.708427 0.055452
vt 0.703512 0.056168
vt 0.703067 0.054715
vt 0.708290 0.053781
vt 0.718675 0.054618
vt 0.718509 0.052982
vt 0.702142 0.040235
vt 0.707183 0.040590
vt 0.717985 0.039535
vt 0.935790 0.044455
vt 0.936280 0.042380
vt 0.940015 0.043366
vt 0.939710 0.045483
vt 0.950774 0.048076
vt 0.950694 0.045424
vt 0.971527 0.419176
vt 0.970049 0.416687
vt 0.967510 0.413279
vt 0.953633 0.398397
vt 0.939997 0.390109
vt 0.937066 0.388970
vt 0.933180 0.387894
vt 0.975051 0.424069
vt 0.973409 0.420918
vt 0.978779 0.431716
vt 0.980448 0.434991
vt 0.932323 0.384097
vt 0.929632 0.386450
vt 0.933923 0.381244
vt 0.934687 0.379571
vt 0.935112 0.377396
vt 0.937245 0.368686
vt 0.937070 0.366285
vt 0.937217 0.364189
vt 0.986143 0.568668
vt 0.992331 0.568452
vt 0.993548 0.571358
vt 0.941752 0.352513
vt 0.991301 0.569786
vt 0.953076 0.358501
vt 0.993492 0.561435
vt 0.990693 0.556536
vt 0.953356 0.365169
vt 0.989815 0.554628
vt 0.953297 0.367304
vt 0.988405 0.552446
vt 0.952796 0.369937
vt 0.952061 0.380169
vt 0.984146 0.544672
vt 0.983132 0.542034
vt 0.951861 0.381951
vt 0.981881 0.540421
vt 0.951732 0.383609
vt 0.978054 0.536178
vt 0.981808 0.535933
vt 0.619216 0.026618
vt 0.954153 0.388770
vt 0.627087 0.022313
vt 0.628205 0.020861
vt 0.630668 0.019699
vt 0.641365 0.011562
vt 0.642772 0.009908
vt 0.644932 0.007579
vt 0.802109 0.014313
vt 0.804086 0.008037
vt 0.807258 0.007771
vt 0.656516 0.000086
vt 0.804481 0.009445
vt 0.656925 0.019329
vt 0.662225 0.011219
vt 0.798398 0.003139
vt 0.788852 0.004739
vt 0.785799 0.005174
vt 0.654859 0.021462
vt 0.783927 0.005652
vt 0.653513 0.022799
vt 0.643007 0.032946
vt 0.769692 0.010092
vt 0.767005 0.010645
vt 0.641475 0.034989
vt 0.764799 0.011195
vt 0.640187 0.036781
vt 0.987073 0.519093
vt 0.991198 0.519960
vt 0.044584 0.024544
vt 0.970820 0.398433
vt 0.675366 0.017962
vt 0.050360 0.023034
vt 0.677976 0.019349
vt 0.052677 0.021434
vt 0.055362 0.020007
vt 0.681089 0.021237
vt 0.691140 0.027978
vt 0.064431 0.012740
vt 0.066957 0.010223
vt 0.694263 0.029846
vt 0.069635 0.007879
vt 0.697089 0.031431
vt 0.705934 0.035307
vt 0.705057 0.037093
vt 0.716029 0.032477
vt 0.089345 0.002647
vt 0.714296 0.034708
vt 0.714887 0.032750
vt 0.087698 0.012705
vt 0.080063 0.020440
vt 0.699935 0.018601
vt 0.077671 0.022883
vt 0.076116 0.025204
vt 0.068065 0.033199
vt 0.065960 0.035575
vt 0.685507 0.008790
vt 0.063559 0.038161
vt 0.978202 0.410824
vt 0.994885 0.501011
vt 0.932091 0.046185
vt 0.981019 0.414628
vt 0.939354 0.047705
vt 0.702449 0.038823
vt 0.718180 0.038070
vt 0.720530 0.037915
vt 0.724526 0.038201
vt 0.961336 0.051719
vt 0.966257 0.048270
vt 0.967642 0.049558
vt 0.735095 0.041050
vt 0.965803 0.049357
vt 0.731263 0.052680
vt 0.962967 0.041646
vt 0.958079 0.039901
vt 0.725537 0.054354
vt 0.720935 0.055941
vt 0.954504 0.038602
vt 0.951539 0.037824
vt 0.952345 0.035540
vt 0.941732 0.034395
vt 0.938316 0.032390
vt 0.939149 0.031010
vt 0.710017 0.057074
vt 0.985357 0.431798
vt 0.700823 0.058613
vt 0.935255 0.032410
vt 0.930700 0.030960
vt 0.987747 0.484109
vt 0.989198 0.486810
vt 0.048070 0.033991
vt 0.965080 0.409709
vt 0.055037 0.028205
vt 0.057192 0.025993
vt 0.059412 0.024470
vt 0.067450 0.017166
vt 0.069742 0.014525
vt 0.072355 0.012161
vt 0.080478 0.006103
vt 0.086756 0.001683
vt 0.086079 0.002919
vt 0.084663 0.001934
vt 0.084912 0.000935
vt 0.714233 0.037322
vt 0.085092 0.000032
vt 0.713393 0.036083
vt 0.712165 0.037079
vt 0.698266 0.028275
vt 0.707533 0.033255
vt 0.695407 0.027315
vt 0.692510 0.024814
vt 0.683132 0.018718
vt 0.679649 0.017418
vt 0.677422 0.014826
vt 0.989582 0.511397
vt 0.985296 0.509434
vt 0.758744 0.020727
vt 0.980627 0.520550
vt 0.982870 0.516963
vt 0.766420 0.017022
vt 0.784997 0.010651
vt 0.771985 0.015008
vt 0.799358 0.006535
vt 0.790412 0.009091
vt 0.803083 0.000298
vt 0.663321 0.002842
vt 0.803464 0.005470
vt 0.802669 0.003113
vt 0.662177 0.006900
vt 0.661020 0.004148
vt 0.660328 0.007179
vt 0.658885 0.005830
vt 0.651211 0.015036
vt 0.656617 0.008766
vt 0.649874 0.016965
vt 0.648629 0.018413
vt 0.638035 0.027597
vt 0.636321 0.029608
vt 0.634816 0.031326
vt 0.959947 0.399732
vt 0.961433 0.404504
vt 0.957716 0.401704
vt 0.973172 0.540366
vt 0.970404 0.536505
vt 0.973740 0.532767
vt 0.975991 0.544653
vt 0.983907 0.554883
vt 0.979748 0.548189
vt 0.990895 0.563648
vt 0.987667 0.559244
vt 0.997228 0.566376
vt 0.946901 0.350996
vt 0.993553 0.567384
vt 0.995594 0.565815
vt 0.949810 0.353623
vt 0.946569 0.352278
vt 0.946484 0.354155
vt 0.948907 0.354336
vt 0.946287 0.359576
vt 0.945420 0.366001
vt 0.945482 0.367510
vt 0.945416 0.369495
vt 0.944583 0.379898
vt 0.944410 0.382103
vt 0.943987 0.383954
vt 0.943204 0.388142
vt 0.942961 0.391203
vt 0.947432 0.392924
vt 0.929495 0.034257
vt 0.989700 0.490369
vt 0.933908 0.035799
vt 0.962602 0.044754
vt 0.957411 0.042848
vt 0.968468 0.043168
vt 0.737239 0.046659
vt 0.967031 0.045697
vt 0.967141 0.044099
vt 0.734992 0.048630
vt 0.735176 0.046657
vt 0.733920 0.047955
vt 0.731311 0.046827
vt 0.724797 0.048334
vt 0.728258 0.047616
vt 0.718149 0.048832
vt 0.716487 0.048890
vt 0.702335 0.050319
vt 0.707962 0.049194
vt 0.980238 0.425583
vt 0.699860 0.050533
vt 0.976715 0.427705
vt 0.942085 0.038303
vt 0.950352 0.041345
vt 0.767318 0.013427
vt 0.767878 0.016382
vt 0.768116 0.012568
vt 0.769474 0.012549
vt 0.770764 0.015722
vt 0.771530 0.018877
vt 0.770514 0.019275
vt 0.769398 0.019399
vt 0.769350 0.015947
vt 0.682947 0.016357
vt 0.684429 0.014162
vt 0.681002 0.015475
vt 0.680022 0.014127
vt 0.680978 0.012117
vt 0.682913 0.009635
vt 0.684351 0.010043
vt 0.686113 0.011253
vt 0.682638 0.013250
vt 0.786512 0.010160
vt 0.787483 0.013038
vt 0.789662 0.011643
vt 0.789222 0.009467
vt 0.788504 0.012293
vt 0.785934 0.007735
vt 0.786752 0.007158
vt 0.788096 0.006784
vt 0.787698 0.009802
vt 0.698568 0.020736
vt 0.697166 0.019602
vt 0.699984 0.021708
vt 0.698874 0.023921
vt 0.695794 0.022025
vt 0.697752 0.025853
vt 0.696197 0.025054
vt 0.694584 0.024113
vt 0.697293 0.022886
vt 0.987140 0.557779
vt 0.988558 0.556493
vt 0.985981 0.558817
vt 0.987140 0.554613
vt 0.985376 0.555787
vt 0.984113 0.557006
vt 0.988359 0.555331
vt 0.984422 0.558499
vt 0.986406 0.556724
vt 0.977459 0.545222
vt 0.975435 0.547158
vt 0.980219 0.543256
vt 0.979282 0.547093
vt 0.981435 0.545178
vt 0.977337 0.548514
vt 0.980912 0.544016
vt 0.976208 0.547781
vt 0.978445 0.546091
vt 0.936364 0.033978
vt 0.935922 0.036524
vt 0.935403 0.039436
vt 0.936878 0.040013
vt 0.938686 0.040145
vt 0.939342 0.037555
vt 0.939807 0.035332
vt 0.938295 0.034465
vt 0.937684 0.037191
vt 0.956074 0.041021
vt 0.954364 0.040393
vt 0.952578 0.040027
vt 0.952345 0.041710
vt 0.952475 0.043717
vt 0.955697 0.043067
vt 0.955285 0.044968
vt 0.953860 0.044347
vt 0.954142 0.042235
vt 0.975022 0.521417
vt 0.972828 0.523953
vt 0.976911 0.518440
vt 0.978437 0.515572
vt 0.978977 0.512824
vt 0.972782 0.510882
vt 0.975065 0.514310
vt 0.973523 0.516335
vt 0.969826 0.514398
vt 0.972580 0.518714
vt 0.968866 0.519561
vt 0.969718 0.530767
vt 0.967586 0.533399
vt 0.965140 0.535720
vt 0.970855 0.527557
vt 0.963076 0.538493
vt 0.966717 0.529135
vt 0.964478 0.530974
vt 0.963097 0.533399
vt 0.965672 0.525739
vt 0.961039 0.528732
vt 0.959617 0.533606
vt 0.981813 0.507538
vt 0.980187 0.509895
vt 0.979413 0.505497
vt 0.974923 0.506048
vt 0.979934 0.502779
vt 0.975660 0.501227
vt 0.983372 0.504133
vt 0.979804 0.497263
vt 0.981042 0.500160
vt 0.984480 0.500723
vt 0.984873 0.498434
vt 0.985924 0.490616
vt 0.985508 0.487495
vt 0.985949 0.493703
vt 0.980426 0.439261
vt 0.985349 0.496162
vt 0.982715 0.492992
vt 0.979678 0.493727
vt 0.982782 0.490495
vt 0.979687 0.490236
vt 0.982878 0.487559
vt 0.980112 0.484440
vt 0.977677 0.437127
vt 0.972883 0.439428
vt 0.975425 0.433777
vt 0.970692 0.433909
vt 0.973695 0.429576
vt 0.971750 0.425577
vt 0.969567 0.422490
vt 0.928823 0.430990
vt 0.934176 0.430658
vt 0.933918 0.434454
vt 0.925112 0.438045
vt 0.938130 0.427637
vt 0.940095 0.430079
vt 0.941368 0.424942
vt 0.942687 0.419170
vt 0.948698 0.418277
vt 0.945657 0.425208
vt 0.940217 0.416612
vt 0.946595 0.412214
vt 0.939506 0.405186
vt 0.943550 0.407967
vt 0.937215 0.413647
vt 0.933482 0.410996
vt 0.929405 0.408429
vt 0.935359 0.402707
vt 0.922732 0.427097
vt 0.925872 0.429287
vt 0.919110 0.435564
vt 0.914713 0.432253
vt 0.911843 0.429596
vt 0.919669 0.423522
vt 0.913487 0.417195
vt 0.906491 0.423758
vt 0.901331 0.420969
vt 0.907901 0.414406
vt 0.931502 0.400288
vt 0.925050 0.406103
vt 0.920393 0.403177
vt 0.925900 0.397773
vt 0.929061 0.393584
vt 0.931072 0.390801
vt 0.934919 0.392272
vt 0.934993 0.395374
vt 0.938168 0.392964
vt 0.941431 0.394025
vt 0.944882 0.396172
vt 0.947102 0.397594
vt 0.949349 0.398900
vt 0.951767 0.400895
vt 0.955128 0.403464
vt 0.957545 0.406270
vt 0.959099 0.407503
vt 0.960408 0.409644
vt 0.962910 0.411936
vt 0.964783 0.414732
vt 0.966463 0.417959
vt 0.967817 0.420356
vt 0.926802 0.388729
vt 0.923754 0.390450
vt 0.958428 0.414549
vt 0.961285 0.413919
vt 0.962430 0.415490
vt 0.961468 0.418794
vt 0.953540 0.404846
vt 0.952249 0.407279
vt 0.948445 0.403696
vt 0.950021 0.402461
vt 0.969245 0.426682
vt 0.966494 0.426007
vt 0.971262 0.431177
vt 0.955378 0.411110
vt 0.963913 0.422612
vt 0.939521 0.395939
vt 0.940094 0.397988
vt 0.937007 0.394876
vt 0.944444 0.400569
vt 0.952869 0.421575
vt 0.949378 0.427390
vt 0.951904 0.429656
vt 0.956038 0.424420
vt 0.958390 0.427750
vt 0.953602 0.433257
vt 0.439103 0.013746
vt 0.958718 0.444530
vt 0.963414 0.437043
vt 0.443424 0.009214
vt 0.960629 0.431528
vt 0.955632 0.437988
vt 0.942532 0.432927
vt 0.935274 0.438393
vt 0.944828 0.435684
vt 0.936904 0.442306
vt 0.947103 0.439092
vt 0.939374 0.445136
vt 0.935986 0.424898
vt 0.933323 0.422595
vt 0.930320 0.420017
vt 0.916579 0.420158
vt 0.909267 0.426191
vt 0.926895 0.417265
vt 0.927644 0.444272
vt 0.949489 0.443409
vt 0.942214 0.448804
vt 0.929664 0.448461
vt 0.931555 0.451672
vt 0.933906 0.454847
vt 0.923421 0.414281
vt 0.919448 0.411567
vt 0.913910 0.408620
vt 0.945241 0.453365
vt 0.937513 0.458555
vt 0.952106 0.448892
vt 0.436900 0.020973
vt 0.959445 0.453680
vt 0.954150 0.455999
vt 0.960483 0.461383
vt 0.435928 0.028366
vt 0.955717 0.462827
vt 0.948749 0.458366
vt 0.949681 0.464672
vt 0.942072 0.461876
vt 0.942142 0.467400
vt 0.972307 0.484602
vt 0.972938 0.480207
vt 0.969208 0.471955
vt 0.440542 0.048676
vt 0.967458 0.479664
vt 0.964319 0.474418
vt 0.437308 0.037285
vt 0.962223 0.468563
vt 0.957116 0.470246
vt 0.951054 0.471381
vt 0.943240 0.472707
vt 0.920527 0.449926
vt 0.921979 0.454293
vt 0.980657 0.266551
vt 0.914458 0.452039
vt 0.911379 0.449275
vt 0.917574 0.443803
vt 0.912891 0.440617
vt 0.910091 0.445314
vt 0.978127 0.252469
vt 0.908468 0.437695
vt 0.977849 0.259337
vt 0.905184 0.435559
vt 0.902252 0.432112
vt 0.899364 0.429525
vt 0.980018 0.232937
vt 0.448931 0.012113
vt 0.446311 0.016938
vt 0.444823 0.021756
vt 0.449267 0.051821
vt 0.446810 0.040944
vt 0.448951 0.047129
vt 0.443793 0.028894
vt 0.444482 0.036463
vt 0.959431 0.476316
vt 0.953570 0.478174
vt 0.943470 0.478524
vt 0.461824 0.027490
vt 0.458073 0.025674
vt 0.460514 0.022038
vt 0.464625 0.024758
vt 0.464565 0.028700
vt 0.467044 0.027622
vt 0.469155 0.028872
vt 0.465334 0.030727
vt 0.463062 0.035414
vt 0.466628 0.033600
vt 0.469906 0.033684
vt 0.466802 0.038706
vt 0.462413 0.041890
vt 0.458929 0.037457
vt 0.461215 0.031269
vt 0.456880 0.030459
vt 0.463392 0.019242
vt 0.468002 0.023007
vt 0.461371 0.033548
vt 0.457121 0.034435
vt 0.465889 0.016648
vt 0.470411 0.038749
vt 0.465979 0.032205
vt 0.471620 0.030741
vt 0.455923 0.020011
vt 0.453886 0.024109
vt 0.458104 0.016822
vt 0.459374 0.047334
vt 0.457739 0.044193
vt 0.454661 0.038538
vt 0.452572 0.035008
vt 0.452638 0.029655
vt 0.923981 0.458265
vt 0.925648 0.460295
vt 0.935531 0.464761
vt 0.934254 0.469608
vt 0.936361 0.473092
vt 0.929493 0.463451
vt 0.927832 0.468870
vt 0.932922 0.476353
vt 0.924320 0.467847
vt 0.981392 0.275684
vt 0.977122 0.244936
vt 0.977847 0.239715
vt 0.980751 0.228342
vt 0.923785 0.523520
vt 0.932031 0.528465
vt 0.940070 0.532164
vt 0.947359 0.535189
vt 0.954050 0.538394
vt 0.970109 0.488406
vt 0.963509 0.482230
vt 0.956139 0.488589
vt 0.966464 0.492772
vt 0.944768 0.486404
vt 0.934238 0.484120
vt 0.965502 0.497494
vt 0.953495 0.493906
vt 0.944259 0.491995
vt 0.934631 0.489920
vt 0.964640 0.502115
vt 0.955756 0.533043
vt 0.958556 0.526962
vt 0.961061 0.522158
vt 0.962693 0.516906
vt 0.963000 0.511447
vt 0.964012 0.506804
vt 0.953650 0.498496
vt 0.953192 0.502879
vt 0.952667 0.507687
vt 0.952824 0.513566
vt 0.951481 0.518721
vt 0.950140 0.523750
vt 0.948836 0.529684
vt 0.942283 0.526455
vt 0.933633 0.523159
vt 0.924621 0.519061
vt 0.925674 0.476976
vt 0.925300 0.482869
vt 0.925575 0.488419
vt 0.981187 0.285925
vt 0.982133 0.291721
vt 0.984188 0.296789
vt 0.944102 0.496708
vt 0.944116 0.501217
vt 0.944669 0.506008
vt 0.945161 0.510965
vt 0.945485 0.516121
vt 0.944375 0.521559
vt 0.935239 0.518358
vt 0.935888 0.513525
vt 0.935859 0.508842
vt 0.935488 0.504201
vt 0.934942 0.499595
vt 0.934812 0.494941
vt 0.925541 0.514820
vt 0.926400 0.510804
vt 0.926757 0.506654
vt 0.926651 0.502436
vt 0.925994 0.498085
vt 0.925796 0.493432
vt 0.996514 0.321502
vt 0.995022 0.317284
vt 0.994528 0.313916
vt 0.993380 0.310728
vt 0.991756 0.307601
vt 0.989426 0.304659
vt 0.986775 0.301303
vt 0.984502 0.306516
vt 0.985363 0.309355
vt 0.978829 0.305130
vt 0.978541 0.310530
vt 0.986812 0.312487
vt 0.988706 0.314911
vt 0.984628 0.318389
vt 0.980278 0.314690
vt 0.975401 0.299446
vt 0.986329 0.323262
vt 0.968528 0.239984
vt 0.969455 0.234024
vt 0.966355 0.246021
vt 0.972993 0.293541
vt 0.971244 0.288092
vt 0.967771 0.278234
vt 0.968753 0.269415
vt 0.966118 0.254083
vt 0.967715 0.261423
vt 0.000000 0.529728
vt 0.776315 0.307187
vt 0.778443 0.318047
vt 0.831221 0.311308
vt 0.829219 0.301683
vt 0.843158 0.299406
vt 0.845295 0.308998
vt 0.860226 0.306053
vt 0.858248 0.296189
vt 0.875171 0.292658
vt 0.876539 0.301340
vt 0.913849 0.286820
vt 0.915748 0.295645
vt 0.896135 0.298642
vt 0.894127 0.289629
vt 0.951783 0.281613
vt 0.952736 0.289870
vt 0.935129 0.292855
vt 0.933742 0.284392
vt 0.795764 0.305061
vt 0.813557 0.303353
vt 0.815692 0.313518
vt 0.798039 0.315604
vt 0.961594 0.287844
vt 0.960356 0.279864
vt 0.755690 0.687090
vt 0.731570 0.689588
vt 0.779862 0.684198
vt 0.802477 0.684506
vt 0.823326 0.685704
vt 0.840967 0.685648
vt 0.184029 0.149847
vt 0.192588 0.160699
vt 0.201427 0.171948
vt 0.211610 0.182713
vt 0.220903 0.194437
vt 0.231439 0.205736
vt 0.241150 0.215226
vt 0.297485 0.147071
vt 0.279298 0.138980
vt 0.295002 0.123679
vt 0.309896 0.133077
vt 0.318995 0.135099
vt 0.308388 0.143093
vt 0.324293 0.136960
vt 0.314300 0.146370
vt 0.302108 0.157850
vt 0.288177 0.170967
vt 0.279338 0.163090
vt 0.265660 0.128525
vt 0.280064 0.112712
vt 0.264075 0.177326
vt 0.272626 0.185606
vt 0.257581 0.199766
vt 0.249267 0.191055
vt 0.266135 0.152850
vt 0.251940 0.165985
vt 0.237454 0.178908
vt 0.227772 0.167912
vt 0.241285 0.155415
vt 0.253776 0.142471
vt 0.266045 0.100545
vt 0.252942 0.115439
vt 0.241839 0.130713
vt 0.230835 0.143901
vt 0.218072 0.156989
vt 0.209083 0.146210
vt 0.200247 0.136871
vt 0.242396 0.098663
vt 0.254079 0.086239
vt 0.230777 0.074073
vt 0.246654 0.073418
vt 0.230572 0.119333
vt 0.221583 0.132394
vt 0.212389 0.121911
vt 0.219753 0.104304
vt 0.253545 0.055092
vt 0.241264 0.044558
vt 0.846897 0.618998
vt 0.848924 0.593549
vt 0.844685 0.642930
vt 0.840801 0.663424
vt 0.823180 0.661907
vt 0.823779 0.640082
vt 0.824945 0.616652
vt 0.827240 0.590169
vt 0.852494 0.564333
vt 0.828675 0.562861
vt 0.236878 0.867168
vt 0.264078 0.037407
vt 0.218548 0.849444
vt 0.189170 0.841929
vt 0.341402 0.120851
vt 0.335090 0.120372
vt 0.354719 0.101181
vt 0.363360 0.100178
vt 0.341900 0.042506
vt 0.356286 0.057114
vt 0.341554 0.073988
vt 0.326589 0.062364
vt 0.381607 0.082999
vt 0.371110 0.083773
vt 0.344279 0.099586
vt 0.358582 0.083415
vt 0.326378 0.117846
vt 0.326548 0.090325
vt 0.311063 0.107592
vt 0.310739 0.078678
vt 0.295480 0.095449
vt 0.280975 0.083105
vt 0.295722 0.065761
vt 0.311005 0.048387
vt 0.324528 0.027871
vt 0.307476 0.813991
vt 0.332424 0.812201
vt 0.265727 0.067981
vt 0.278267 0.050699
vt 0.292609 0.034678
vt 0.278280 0.023845
vt 0.248980 0.850551
vt 0.304860 0.018988
vt 0.291126 0.016285
vt 0.264470 0.833820
vt 0.275587 0.824934
vt 0.963984 0.295520
vt 0.966338 0.301688
vt 0.968950 0.307366
vt 0.970233 0.312616
vt 0.972144 0.316955
vt 0.975523 0.320946
vt 0.977814 0.325597
vt 0.986387 0.327539
vt 0.979254 0.329846
vt 0.964292 0.235298
vt 0.959948 0.240742
vt 0.958858 0.246850
vt 0.958878 0.254983
vt 0.960060 0.262776
vt 0.960949 0.270984
vt 0.932320 0.275479
vt 0.951983 0.272682
vt 0.931415 0.266809
vt 0.951294 0.264245
vt 0.930899 0.258436
vt 0.950556 0.256002
vt 0.930991 0.250095
vt 0.950246 0.247776
vt 0.931388 0.243063
vt 0.950117 0.241490
vt 0.931989 0.237182
vt 0.950530 0.236039
vt 0.932396 0.231330
vt 0.971268 0.333036
vt 0.952593 0.336626
vt 0.969076 0.328818
vt 0.954658 0.297463
vt 0.936898 0.300843
vt 0.957930 0.304090
vt 0.939344 0.308009
vt 0.960375 0.309779
vt 0.942009 0.314573
vt 0.962508 0.314702
vt 0.944828 0.320288
vt 0.966954 0.323516
vt 0.949991 0.330249
vt 0.947484 0.325101
vt 0.964828 0.319109
vt 0.912105 0.277653
vt 0.892541 0.280470
vt 0.911330 0.268761
vt 0.891914 0.271137
vt 0.911195 0.259842
vt 0.891661 0.261791
vt 0.911495 0.251178
vt 0.891210 0.252266
vt 0.912141 0.243317
vt 0.891645 0.242397
vt 0.913643 0.237321
vt 0.893577 0.235418
vt 0.939240 0.351559
vt 0.893962 0.228278
vt 0.935681 0.345701
vt 0.917621 0.355389
vt 0.918166 0.304379
vt 0.899015 0.308089
vt 0.920736 0.312655
vt 0.901861 0.317674
vt 0.923488 0.320301
vt 0.904494 0.326121
vt 0.926363 0.327181
vt 0.932554 0.339266
vt 0.929465 0.333233
vt 0.907327 0.333813
vt 0.910890 0.340679
vt 0.914430 0.347984
vt 0.879835 0.312091
vt 0.971576 0.232024
vt 0.989700 0.327170
vt 0.989967 0.324405
vt 0.978256 0.228796
vt 0.995433 0.323700
vt 0.977638 0.231383
vt 0.973373 0.230307
vt 0.975833 0.230106
vt 0.994612 0.324898
vt 0.992341 0.325290
vt 0.991999 0.326890
vt 0.976273 0.228708
vt 0.882780 0.322284
vt 0.885747 0.330803
vt 0.888809 0.338702
vt 0.892166 0.346382
vt 0.873563 0.283475
vt 0.872857 0.273912
vt 0.872162 0.264052
vt 0.869856 0.254184
vt 0.868931 0.243605
vt 0.872609 0.235941
vt 0.873794 0.229296
vt 0.896493 0.364123
vt 0.895136 0.355015
vt 0.781732 0.329434
vt 0.800769 0.326073
vt 0.818131 0.323242
vt 0.847608 0.318405
vt 0.833535 0.320761
vt 0.862835 0.315659
vt 0.850156 0.327723
vt 0.836427 0.330029
vt 0.865598 0.325013
vt 0.821445 0.332782
vt 0.804327 0.336333
vt 0.786108 0.340664
vt 0.868975 0.333905
vt 0.790946 0.351880
vt 0.808337 0.346517
vt 0.825250 0.342233
vt 0.839888 0.339221
vt 0.853508 0.336820
vt 0.872211 0.342415
vt 0.844334 0.348217
vt 0.857350 0.345678
vt 0.829497 0.351546
vt 0.812828 0.356368
vt 0.795878 0.362398
vt 0.774915 0.295795
vt 0.794094 0.294197
vt 0.811887 0.292408
vt 0.828023 0.291139
vt 0.841631 0.289272
vt 0.856703 0.286582
vt 0.855943 0.276458
vt 0.827155 0.279890
vt 0.840703 0.278080
vt 0.793104 0.283063
vt 0.811246 0.281585
vt 0.773653 0.283718
vt 0.855286 0.266586
vt 0.826953 0.269248
vt 0.840225 0.267667
vt 0.793642 0.271188
vt 0.811342 0.270892
vt 0.774495 0.270493
vt 0.854355 0.256788
vt 0.827675 0.259236
vt 0.840174 0.258398
vt 0.795134 0.258645
vt 0.812835 0.259404
vt 0.775757 0.256891
vt 0.853339 0.248257
vt 0.829684 0.250644
vt 0.841014 0.250446
vt 0.878699 0.359119
vt 0.875652 0.350759
vt 0.880433 0.366532
vt 0.861673 0.354545
vt 0.848745 0.356993
vt 0.865991 0.362860
vt 0.853688 0.365364
vt 0.869100 0.369407
vt 0.858381 0.372045
vt 0.800942 0.372196
vt 0.818026 0.365859
vt 0.834363 0.360591
vt 0.805872 0.381296
vt 0.810845 0.390156
vt 0.815548 0.399715
vt 0.779234 0.230914
vt 0.777995 0.244055
vt 0.823294 0.374593
vt 0.839654 0.369120
vt 0.797654 0.246751
vt 0.816594 0.247573
vt 0.798660 0.235870
vt 0.813947 0.238535
vt 0.832049 0.391828
vt 0.845704 0.385791
vt 0.828571 0.383035
vt 0.846311 0.377221
vt 0.850024 0.242904
vt 0.858110 0.240214
vt 0.833260 0.244809
vt 0.841492 0.244649
vt 0.870517 0.373504
vt 0.862707 0.375811
vt 0.878590 0.371895
vt 0.886658 0.371028
vt 0.861270 0.231546
vt 0.861264 0.235852
vt 0.855417 0.383173
vt 0.856571 0.378572
vt 0.824161 0.238834
vt 0.826335 0.243264
vt 0.848340 0.239399
vt 0.853393 0.238316
vt 0.882679 0.374226
vt 0.877827 0.375213
vt 0.853994 0.232829
vt 0.854023 0.235782
vt 0.835368 0.240868
vt 0.841824 0.240508
vt 0.830765 0.240661
vt 0.830054 0.238265
vt 0.860592 0.382796
vt 0.860900 0.380036
vt 0.865466 0.378679
vt 0.871567 0.376766
vt 0.848241 0.233438
vt 0.848196 0.236362
vt 0.835729 0.237660
vt 0.842065 0.237008
vt 0.835801 0.234460
vt 0.872545 0.379711
vt 0.801268 0.661036
vt 0.778224 0.659614
vt 0.754282 0.663110
vt 0.729805 0.665833
vt 0.800248 0.638645
vt 0.776675 0.638069
vt 0.753330 0.638951
vt 0.728020 0.641034
vt 0.800372 0.614886
vt 0.800598 0.591583
vt 0.776969 0.613027
vt 0.776661 0.586692
vt 0.800736 0.560965
vt 0.773488 0.558309
vt 0.161940 0.829975
vt 0.135134 0.811056
vt 0.754459 0.613032
vt 0.726078 0.614208
vt 0.752170 0.586161
vt 0.724186 0.587342
vt 0.748607 0.559752
vt 0.744260 0.535085
vt 0.383732 0.066653
vt 0.393644 0.071658
vt 0.102248 0.741075
vt 0.108789 0.749095
vt 0.723908 0.483701
vt 0.720167 0.472739
vt 0.092534 0.738243
vt 0.717327 0.462422
vt 0.081425 0.734127
vt 0.716373 0.450491
vt 0.716933 0.437563
vt 0.422047 0.035343
vt 0.413888 0.035428
vt 0.417444 0.041329
vt 0.410308 0.046290
vt 0.390738 0.803848
vt 0.728279 0.495058
vt 0.718199 0.498393
vt 0.717265 0.485069
vt 0.716408 0.473910
vt 0.715483 0.462678
vt 0.714447 0.450467
vt 0.713816 0.437655
vt 0.421307 0.045544
vt 0.414782 0.051704
vt 0.397372 0.054813
vt 0.403030 0.062803
vt 0.310832 0.766335
vt 0.332001 0.767321
vt 0.332697 0.787850
vt 0.308931 0.790386
vt 0.288951 0.767845
vt 0.284781 0.793210
vt 0.114371 0.757235
vt 0.731248 0.502403
vt 0.120866 0.764750
vt 0.754491 0.500879
vt 0.736064 0.514466
vt 0.373190 0.804388
vt 0.356883 0.815005
vt 0.142897 0.754332
vt 0.133174 0.746028
vt 0.146589 0.726387
vt 0.156664 0.732447
vt 0.125159 0.739484
vt 0.118017 0.732770
vt 0.128942 0.715253
vt 0.137535 0.720629
vt 0.110527 0.726735
vt 0.120413 0.710517
vt 0.111137 0.706484
vt 0.101764 0.721974
vt 0.091620 0.716153
vt 0.100633 0.700716
vt 0.080854 0.708405
vt 0.395953 0.767760
vt 0.390615 0.768005
vt 0.394394 0.784867
vt 0.386990 0.784234
vt 0.384468 0.768298
vt 0.370577 0.785644
vt 0.368469 0.769548
vt 0.354022 0.789697
vt 0.353137 0.769010
vt 0.367355 0.069531
vt 0.168673 0.738381
vt 0.156501 0.759860
vt 0.218594 0.758075
vt 0.237577 0.762010
vt 0.229665 0.789669
vt 0.209133 0.785521
vt 0.198423 0.815040
vt 0.222952 0.818729
vt 0.175381 0.808382
vt 0.187969 0.778745
vt 0.199667 0.752262
vt 0.152318 0.794098
vt 0.145425 0.777673
vt 0.169915 0.769019
vt 0.182555 0.744419
vt 0.242271 0.816459
vt 0.239395 0.834845
vt 0.255264 0.828463
vt 0.257485 0.817014
vt 0.265552 0.791551
vt 0.270917 0.765210
vt 0.255712 0.763477
vt 0.248865 0.791064
vt 0.312181 0.744164
vt 0.331271 0.743467
vt 0.291786 0.744383
vt 0.209468 0.727920
vt 0.227705 0.732982
vt 0.245273 0.736951
vt 0.159229 0.706186
vt 0.168758 0.711132
vt 0.141547 0.696434
vt 0.150266 0.701133
vt 0.132634 0.692344
vt 0.123754 0.687706
vt 0.113800 0.681586
vt 0.391552 0.743193
vt 0.386394 0.743339
vt 0.380460 0.743452
vt 0.365112 0.744351
vt 0.350814 0.744595
vt 0.179925 0.715930
vt 0.193291 0.722019
vt 0.275586 0.741862
vt 0.261397 0.739830
vt 0.224227 0.650302
vt 0.209951 0.651224
vt 0.216062 0.636546
vt 0.223718 0.637864
vt 0.236807 0.636247
vt 0.229540 0.629853
vt 0.200540 0.648199
vt 0.208365 0.633407
vt 0.194628 0.642948
vt 0.203465 0.629491
vt 0.202911 0.618097
vt 0.200408 0.627100
vt 0.189897 0.636183
vt 0.195362 0.618589
vt 0.205962 0.591201
vt 0.214320 0.577884
vt 0.215303 0.587107
vt 0.210685 0.595394
vt 0.206261 0.606546
vt 0.200085 0.604393
vt 0.207339 0.619414
vt 0.212735 0.621615
vt 0.218667 0.587782
vt 0.219927 0.577742
vt 0.229041 0.578552
vt 0.224963 0.589809
vt 0.215194 0.597631
vt 0.221490 0.600381
vt 0.211213 0.608414
vt 0.217167 0.610871
vt 0.221245 0.625540
vt 0.235279 0.619235
vt 0.244012 0.623274
vt 0.226008 0.614942
vt 0.229963 0.604158
vt 0.239132 0.608063
vt 0.247669 0.609732
vt 0.233495 0.594010
vt 0.238581 0.584261
vt 0.240153 0.599394
vt 0.247418 0.594427
vt 0.330224 0.718768
vt 0.313089 0.719434
vt 0.315046 0.694332
vt 0.330344 0.693583
vt 0.347927 0.718867
vt 0.345624 0.693203
vt 0.361928 0.718594
vt 0.359421 0.692962
vt 0.376455 0.718059
vt 0.373039 0.691081
vt 0.378409 0.691554
vt 0.382151 0.718161
vt 0.129120 0.661302
vt 0.387049 0.718251
vt 0.383019 0.691944
vt 0.146718 0.638078
vt 0.138405 0.667931
vt 0.153721 0.645114
vt 0.146825 0.671585
vt 0.161008 0.649921
vt 0.154879 0.675786
vt 0.168207 0.654613
vt 0.162953 0.680309
vt 0.175998 0.658502
vt 0.179862 0.689579
vt 0.171225 0.684944
vt 0.182878 0.663326
vt 0.190374 0.667975
vt 0.189816 0.694268
vt 0.200313 0.671816
vt 0.202832 0.699115
vt 0.212933 0.675290
vt 0.217918 0.704796
vt 0.227507 0.680326
vt 0.235613 0.708874
vt 0.243753 0.684374
vt 0.252029 0.712549
vt 0.258291 0.687858
vt 0.266373 0.716392
vt 0.271436 0.690700
vt 0.279865 0.717669
vt 0.285135 0.692734
vt 0.295121 0.719815
vt 0.299539 0.693686
vt 0.317313 0.672427
vt 0.331182 0.672949
vt 0.344969 0.672572
vt 0.358342 0.671637
vt 0.370460 0.671134
vt 0.376389 0.669917
vt 0.381311 0.669016
vt 0.159757 0.617390
vt 0.165775 0.624184
vt 0.172107 0.630151
vt 0.179773 0.634368
vt 0.238557 0.653832
vt 0.253070 0.657393
vt 0.265258 0.663252
vt 0.277830 0.665149
vt 0.290229 0.667892
vt 0.303316 0.670792
vt 0.247259 0.640846
vt 0.259015 0.643327
vt 0.270384 0.645708
vt 0.254166 0.626904
vt 0.263948 0.628507
vt 0.274868 0.629619
vt 0.257370 0.611966
vt 0.267045 0.612383
vt 0.277667 0.612921
vt 0.187094 0.616913
vt 0.179968 0.613147
vt 0.193226 0.601583
vt 0.186189 0.598303
vt 0.199275 0.587082
vt 0.192484 0.582932
vt 0.206367 0.571719
vt 0.198986 0.566873
vt 0.258834 0.593972
vt 0.269345 0.593968
vt 0.279691 0.594955
vt 0.173216 0.608191
vt 0.179502 0.593636
vt 0.185658 0.578576
vt 0.192044 0.562530
vt 0.281987 0.647078
vt 0.285655 0.630729
vt 0.293585 0.649350
vt 0.297267 0.632736
vt 0.289354 0.614315
vt 0.302498 0.616730
vt 0.290485 0.596393
vt 0.301581 0.598581
vt 0.166106 0.603364
vt 0.380158 0.655211
vt 0.172268 0.589400
vt 0.378903 0.641501
vt 0.178606 0.574610
vt 0.377598 0.626880
vt 0.184941 0.558786
vt 0.380325 0.611003
vt 0.369435 0.655608
vt 0.375193 0.655427
vt 0.374143 0.641208
vt 0.368751 0.640970
vt 0.368636 0.626458
vt 0.373372 0.626649
vt 0.371465 0.610399
vt 0.376068 0.610702
vt 0.357897 0.655431
vt 0.345791 0.655530
vt 0.357839 0.640232
vt 0.357128 0.624028
vt 0.362600 0.607359
vt 0.332605 0.655230
vt 0.319486 0.654530
vt 0.306086 0.652172
vt 0.335074 0.626394
vt 0.324064 0.624990
vt 0.325168 0.620056
vt 0.335409 0.621376
vt 0.343718 0.622199
vt 0.345128 0.626116
vt 0.314553 0.622430
vt 0.317419 0.618658
vt 0.352735 0.619773
vt 0.347937 0.615508
vt 0.314808 0.610933
vt 0.308326 0.613975
vt 0.307282 0.598202
vt 0.313838 0.597540
vt 0.351893 0.602621
vt 0.357567 0.605301
vt 0.355050 0.586151
vt 0.361318 0.587738
vt 0.308980 0.580333
vt 0.315388 0.581298
vt 0.346610 0.641095
vt 0.346347 0.629728
vt 0.308674 0.636293
vt 0.312301 0.625376
vt 0.321376 0.639552
vt 0.334014 0.640895
vt 0.323285 0.628988
vt 0.334874 0.630431
vt 0.337159 0.612558
vt 0.325629 0.611116
vt 0.339570 0.600062
vt 0.327233 0.597924
vt 0.341806 0.585295
vt 0.328608 0.582621
vt 0.318223 0.561647
vt 0.311838 0.560407
vt 0.358010 0.566506
vt 0.365342 0.567656
vt 0.344646 0.565977
vt 0.331552 0.563225
vt 0.292367 0.577066
vt 0.303435 0.579284
vt 0.295043 0.556743
vt 0.306351 0.559110
vt 0.281874 0.575293
vt 0.284691 0.554636
vt 0.271820 0.574060
vt 0.275053 0.552818
vt 0.262174 0.573172
vt 0.252249 0.571271
vt 0.266176 0.551076
vt 0.256979 0.548657
vt 0.242735 0.566311
vt 0.248023 0.545318
vt 0.234030 0.562106
vt 0.239413 0.541883
vt 0.226113 0.560636
vt 0.233337 0.539160
vt 0.221552 0.558817
vt 0.213054 0.554068
vt 0.229346 0.537340
vt 0.221988 0.532343
vt 0.205552 0.549295
vt 0.214076 0.529400
vt 0.198516 0.545054
vt 0.206358 0.525778
vt 0.191161 0.541526
vt 0.384597 0.592901
vt 0.380378 0.592304
vt 0.375900 0.591667
vt 0.366676 0.589006
vt 0.198651 0.522188
vt 0.389591 0.571460
vt 0.385454 0.571014
vt 0.380688 0.570498
vt 0.371024 0.568395
vt 0.315234 0.539093
vt 0.321462 0.540370
vt 0.367948 0.545253
vt 0.359845 0.544557
vt 0.334896 0.541993
vt 0.347800 0.543556
vt 0.298788 0.535423
vt 0.309830 0.537927
vt 0.288340 0.533301
vt 0.279010 0.531528
vt 0.270293 0.529340
vt 0.262077 0.526964
vt 0.254308 0.523823
vt 0.247097 0.521071
vt 0.241311 0.519224
vt 0.230171 0.513468
vt 0.237090 0.517321
vt 0.222832 0.509847
vt 0.215422 0.505667
vt 0.207811 0.501658
vt 0.394028 0.547269
vt 0.389455 0.547081
vt 0.384555 0.546809
vt 0.373892 0.546050
vt 0.331837 0.470698
vt 0.326521 0.469679
vt 0.331015 0.442658
vt 0.335512 0.444524
vt 0.342133 0.471821
vt 0.344483 0.446316
vt 0.352159 0.472707
vt 0.352787 0.448424
vt 0.361036 0.473077
vt 0.360189 0.449350
vt 0.366042 0.448968
vt 0.367133 0.472884
vt 0.379684 0.471607
vt 0.371824 0.471974
vt 0.370163 0.448506
vt 0.377187 0.448475
vt 0.380786 0.448269
vt 0.383549 0.471332
vt 0.246118 0.437840
vt 0.386892 0.471078
vt 0.383887 0.448079
vt 0.258711 0.417461
vt 0.251969 0.440948
vt 0.264398 0.419705
vt 0.257753 0.444076
vt 0.269614 0.422810
vt 0.263594 0.447158
vt 0.274649 0.426033
vt 0.269192 0.449715
vt 0.279364 0.428458
vt 0.276094 0.453307
vt 0.272419 0.451411
vt 0.282978 0.430145
vt 0.286739 0.431563
vt 0.281316 0.455356
vt 0.291642 0.432520
vt 0.286898 0.457448
vt 0.296613 0.433837
vt 0.292679 0.459487
vt 0.301747 0.435122
vt 0.298831 0.461830
vt 0.307103 0.435930
vt 0.305254 0.464854
vt 0.312832 0.436218
vt 0.312934 0.466630
vt 0.319215 0.439071
vt 0.321916 0.468854
vt 0.327100 0.441088
vt 0.328276 0.497526
vt 0.322357 0.496174
vt 0.340053 0.497297
vt 0.351543 0.497881
vt 0.361612 0.498259
vt 0.368452 0.497866
vt 0.382346 0.497034
vt 0.374304 0.497613
vt 0.386871 0.496621
vt 0.232251 0.459804
vt 0.391031 0.496125
vt 0.238605 0.463575
vt 0.244869 0.467038
vt 0.250988 0.470187
vt 0.256680 0.472895
vt 0.264378 0.476999
vt 0.260622 0.474840
vt 0.270800 0.479129
vt 0.277006 0.482045
vt 0.283602 0.484134
vt 0.291164 0.486760
vt 0.299110 0.491182
vt 0.307256 0.492350
vt 0.317175 0.495042
vt 0.318747 0.517730
vt 0.324759 0.519332
vt 0.337749 0.520138
vt 0.350385 0.521479
vt 0.361840 0.522124
vt 0.368882 0.522014
vt 0.375110 0.522318
vt 0.384570 0.522129
vt 0.389736 0.521984
vt 0.394057 0.521479
vt 0.219059 0.480675
vt 0.226275 0.484942
vt 0.232970 0.489304
vt 0.239843 0.492224
vt 0.245813 0.495164
vt 0.250470 0.497248
vt 0.255584 0.499254
vt 0.261888 0.501773
vt 0.268611 0.504940
vt 0.276251 0.507141
vt 0.284421 0.509529
vt 0.293235 0.511865
vt 0.302825 0.513947
vt 0.313511 0.516455
vt 0.335154 0.420098
vt 0.339045 0.421529
vt 0.346794 0.423535
vt 0.354387 0.425721
vt 0.360617 0.427713
vt 0.365941 0.427688
vt 0.369802 0.427304
vt 0.376356 0.427590
vt 0.379768 0.427555
vt 0.382712 0.427517
vt 0.269239 0.398552
vt 0.275041 0.400018
vt 0.279712 0.403939
vt 0.284285 0.407169
vt 0.288919 0.408823
vt 0.292117 0.410591
vt 0.295617 0.411651
vt 0.299944 0.412159
vt 0.305124 0.411692
vt 0.309847 0.412246
vt 0.314239 0.413910
vt 0.319210 0.415171
vt 0.324984 0.417120
vt 0.331783 0.418858
vt 0.339015 0.400918
vt 0.342498 0.401754
vt 0.349505 0.404030
vt 0.356741 0.406287
vt 0.362502 0.408613
vt 0.367255 0.409013
vt 0.371033 0.408446
vt 0.377432 0.408995
vt 0.380765 0.409124
vt 0.383901 0.409554
vt 0.276233 0.383042
vt 0.281790 0.385016
vt 0.286827 0.387946
vt 0.291524 0.390661
vt 0.295842 0.392412
vt 0.298990 0.394192
vt 0.302275 0.395376
vt 0.306400 0.395410
vt 0.310927 0.395446
vt 0.315678 0.395105
vt 0.320023 0.396235
vt 0.324740 0.397126
vt 0.330141 0.398093
vt 0.335995 0.400190
vt 0.376498 0.377091
vt 0.870003 0.654490
vt 0.875398 0.660227
vt 0.382280 0.379067
vt 0.883407 0.653198
vt 0.877704 0.650049
vt 0.889930 0.641723
vt 0.887716 0.647211
vt 0.882386 0.645841
vt 0.884922 0.641648
vt 0.859781 0.620633
vt 0.357002 0.375059
vt 0.350382 0.374387
vt 0.352751 0.364452
vt 0.871557 0.614425
vt 0.869218 0.619761
vt 0.876271 0.621620
vt 0.879403 0.617359
vt 0.885213 0.622200
vt 0.880823 0.624829
vt 0.367505 0.380403
vt 0.856901 0.642240
vt 0.859171 0.646984
vt 0.371757 0.379990
vt 0.362203 0.378955
vt 0.855497 0.635588
vt 0.855752 0.629120
vt 0.861438 0.626862
vt 0.861656 0.650162
vt 0.868382 0.649359
vt 0.863996 0.641143
vt 0.866226 0.645595
vt 0.861970 0.633866
vt 0.874356 0.646506
vt 0.867823 0.626089
vt 0.870166 0.639874
vt 0.867934 0.633119
vt 0.872157 0.643189
vt 0.877729 0.627270
vt 0.874028 0.626261
vt 0.873510 0.632238
vt 0.878335 0.631283
vt 0.879602 0.635658
vt 0.875013 0.637605
vt 0.880807 0.638733
vt 0.876881 0.640669
vt 0.879021 0.643198
vt 0.881688 0.640871
vt 0.882767 0.629464
vt 0.887810 0.627282
vt 0.884615 0.634136
vt 0.885348 0.637950
vt 0.889599 0.632284
vt 0.905605 0.565392
vt 0.896731 0.567735
vt 0.895690 0.562333
vt 0.904639 0.560603
vt 0.894524 0.558413
vt 0.903710 0.556688
vt 0.893786 0.555495
vt 0.892057 0.549374
vt 0.901561 0.548431
vt 0.902842 0.553017
vt 0.879565 0.566249
vt 0.880285 0.570457
vt 0.315498 0.368831
vt 0.311301 0.368787
vt 0.308193 0.368334
vt 0.878815 0.563342
vt 0.301010 0.364339
vt 0.876742 0.555522
vt 0.878442 0.560732
vt 0.305281 0.366950
vt 0.874272 0.550560
vt 0.296035 0.361341
vt 0.880241 0.575006
vt 0.319776 0.369320
vt 0.879303 0.579685
vt 0.323864 0.370050
vt 0.877141 0.584693
vt 0.327909 0.371000
vt 0.873141 0.589728
vt 0.332301 0.372025
vt 0.869142 0.595507
vt 0.336928 0.372507
vt 0.342348 0.385639
vt 0.346255 0.385059
vt 0.352786 0.388069
vt 0.359375 0.390713
vt 0.364974 0.392892
vt 0.369749 0.392835
vt 0.373886 0.391473
vt 0.379932 0.392938
vt 0.383230 0.393417
vt 0.386338 0.394218
vt 0.280631 0.369273
vt 0.286563 0.371844
vt 0.292111 0.373610
vt 0.297043 0.376304
vt 0.300961 0.378662
vt 0.303986 0.380625
vt 0.307410 0.381118
vt 0.311389 0.381356
vt 0.315840 0.381197
vt 0.320453 0.381040
vt 0.324451 0.382283
vt 0.329051 0.383117
vt 0.334777 0.382822
vt 0.339528 0.385072
vt 0.290518 0.359447
vt 0.870700 0.545685
vt 0.283829 0.356297
vt 0.866875 0.539299
vt 0.389785 0.380763
vt 0.397982 0.366512
vt 0.390329 0.366589
vt 0.386446 0.379998
vt 0.882766 0.614079
vt 0.888578 0.619286
vt 0.890663 0.654193
vt 0.895473 0.640872
vt 0.893963 0.646619
vt 0.892276 0.625205
vt 0.937193 0.546498
vt 0.117023 0.007496
vt 0.012935 0.024680
vt 0.015732 0.027783
vt 0.955345 0.608410
vt 0.957145 0.612119
vt 0.952034 0.613664
vt 0.952163 0.609414
vt 0.921470 0.546779
vt 0.930234 0.546715
vt 0.930012 0.549677
vt 0.921980 0.550396
vt 0.017463 0.021430
vt 0.021052 0.019284
vt 0.023525 0.020833
vt 0.023098 0.021305
vt 0.008423 0.003964
vt 0.012745 0.008185
vt 0.008805 0.008849
vt 0.006065 0.004142
vt 0.005328 0.002077
vt 0.006850 0.002287
vt 0.007958 0.001637
vt 0.005473 0.000354
vt 0.042006 0.037277
vt 0.041845 0.035101
vt 0.037245 0.035451
vt 0.039170 0.033656
vt 0.041706 0.032077
vt 0.038615 0.030861
vt 0.011698 0.004761
vt 0.011063 0.005215
vt 0.013704 0.008289
vt 0.021923 0.018887
vt 0.024636 0.020242
vt 0.069845 0.003075
vt 0.066438 0.003617
vt 0.067018 0.002534
vt 0.069233 0.001463
vt 0.033166 0.030383
vt 0.034020 0.028547
vt 0.032463 0.033670
vt 0.926254 0.572558
vt 0.924350 0.566780
vt 0.930080 0.565856
vt 0.931738 0.571241
vt 0.933712 0.577571
vt 0.930342 0.579126
vt 0.938114 0.582975
vt 0.934441 0.584379
vt 0.938121 0.593781
vt 0.935971 0.588896
vt 0.940828 0.585161
vt 0.941952 0.590805
vt 0.944530 0.596384
vt 0.941143 0.598299
vt 0.100349 0.006226
vt 0.103540 0.003672
vt 0.104554 0.005443
vt 0.101823 0.006852
vt 0.954643 0.626003
vt 0.952920 0.621667
vt 0.960516 0.618576
vt 0.962534 0.621251
vt 0.109626 0.013511
vt 0.111298 0.010567
vt 0.112942 0.008543
vt 0.113809 0.014583
vt 0.097584 0.012631
vt 0.098234 0.008058
vt 0.100341 0.008698
vt 0.099478 0.012270
vt 0.924095 0.533862
vt 0.922137 0.530351
vt 0.930065 0.530343
vt 0.930673 0.533653
vt 0.101596 0.016321
vt 0.100078 0.017834
vt 0.930119 0.537467
vt 0.922185 0.538081
vt 0.103514 0.009505
vt 0.104979 0.009870
vt 0.104332 0.011992
vt 0.102990 0.012159
vt 0.103036 0.007690
vt 0.105204 0.006864
vt 0.105575 0.008325
vt 0.104151 0.008569
vt 0.101733 0.012949
vt 0.101759 0.009256
vt 0.103729 0.013984
vt 0.108000 0.011584
vt 0.108150 0.010175
vt 0.109806 0.010007
vt 0.108844 0.012086
vt 0.020466 0.023645
vt 0.015454 0.023712
vt 0.005695 0.009891
vt 0.003548 0.005452
vt 0.002759 0.002234
vt 0.045696 0.039345
vt 0.042266 0.039935
vt 0.036807 0.038815
vt 0.032245 0.036795
vt 0.922683 0.553544
vt 0.929900 0.552633
vt 0.930098 0.556237
vt 0.923548 0.556620
vt 0.021431 0.027353
vt 0.024058 0.023487
vt 0.025519 0.027896
vt 0.023917 0.030515
vt 0.025265 0.022519
vt 0.026716 0.024724
vt 0.025947 0.021125
vt 0.027490 0.023273
vt 0.057881 0.004378
vt 0.057609 0.003384
vt 0.059746 0.003247
vt 0.059407 0.004376
vt 0.017228 0.014474
vt 0.017962 0.013932
vt 0.019198 0.016142
vt 0.018445 0.016478
vt 0.013702 0.015836
vt 0.015060 0.018372
vt 0.011477 0.021825
vt 0.010132 0.018402
vt 0.953722 0.606637
vt 0.950231 0.608062
vt 0.947989 0.606522
vt 0.951804 0.604616
vt 0.343021 0.378484
vt 0.344740 0.378414
vt 0.346355 0.373573
vt 0.338742 0.377265
vt 0.341266 0.378259
vt 0.339977 0.372454
vt 0.342985 0.372989
vt 0.344572 0.373256
vt 0.344522 0.367534
vt 0.341798 0.367900
vt 0.868711 0.602474
vt 0.347803 0.368532
vt 0.346155 0.367943
vt 0.866075 0.606632
vt 0.875235 0.610226
vt 0.897720 0.574205
vt 0.907051 0.571207
vt 0.909861 0.577931
vt 0.899252 0.582396
vt 0.911840 0.547542
vt 0.912513 0.551420
vt 0.914109 0.558565
vt 0.913323 0.554945
vt 0.914951 0.563032
vt 0.916346 0.568584
vt 0.918779 0.574808
vt 0.929812 0.561048
vt 0.924693 0.560952
vt 0.028499 0.034375
vt 0.029375 0.031504
vt 0.030203 0.028244
vt 0.032169 0.026607
vt 0.063151 0.002836
vt 0.063566 0.004247
vt 0.015297 0.012219
vt 0.016367 0.012044
vt 0.011078 0.013411
vt 0.007825 0.014470
vt 0.947974 0.600570
vt 0.944154 0.602647
vt 0.958235 0.615520
vt 0.952177 0.617567
vt 0.108006 0.005436
vt 0.107806 0.003461
vt 0.111482 0.004756
vt 0.109946 0.006305
vt 0.107055 0.008502
vt 0.107553 0.006855
vt 0.109088 0.007473
vt 0.108144 0.008587
vt 0.106363 0.011641
vt 0.106680 0.009712
vt 0.106655 0.013898
vt 0.107087 0.019408
vt 0.107192 0.016332
vt 0.921455 0.542522
vt 0.929604 0.542047
vt 0.962514 0.610363
vt 0.958931 0.607493
vt 0.016218 0.020318
vt 0.019363 0.017911
vt 0.020035 0.017388
vt 0.060440 0.001318
vt 0.058955 0.001490
vt 0.062379 0.001093
vt 0.067080 0.000901
vt 0.068841 0.000723
vt 0.944640 0.615386
vt 0.947001 0.611720
vt 0.945045 0.610868
vt 0.941427 0.614774
vt 0.937742 0.614120
vt 0.942810 0.609902
vt 0.932197 0.597149
vt 0.929626 0.592026
vt 0.925385 0.600919
vt 0.922521 0.595366
vt 0.919076 0.604479
vt 0.916238 0.599647
vt 0.935245 0.601738
vt 0.927532 0.605606
vt 0.938638 0.606229
vt 0.932131 0.610458
vt 0.935052 0.620025
vt 0.930911 0.618412
vt 0.940243 0.621167
vt 0.926046 0.614654
vt 0.921869 0.609517
vt 0.925513 0.625101
vt 0.922806 0.622408
vt 0.919678 0.618098
vt 0.916450 0.612814
vt 0.913341 0.607905
vt 0.910147 0.604180
vt 0.897181 0.622590
vt 0.902229 0.620144
vt 0.905580 0.626954
vt 0.899634 0.628272
vt 0.897862 0.613516
vt 0.892634 0.616359
vt 0.910182 0.610983
vt 0.905037 0.609877
vt 0.912323 0.615105
vt 0.908549 0.616894
vt 0.914936 0.619183
vt 0.913541 0.623160
vt 0.907329 0.631224
vt 0.900862 0.633202
vt 0.915824 0.628448
vt 0.942641 0.626411
vt 0.944988 0.632218
vt 0.930818 0.632180
vt 0.928557 0.627853
vt 0.933129 0.637444
vt 0.919369 0.637375
vt 0.917853 0.632694
vt 0.921279 0.642979
vt 0.909263 0.642019
vt 0.908946 0.636473
vt 0.901826 0.639395
vt 0.901201 0.645893
vt 0.910292 0.649802
vt 0.899010 0.654205
vt 0.927301 0.586644
vt 0.919359 0.590091
vt 0.912200 0.594398
vt 0.905662 0.598966
vt 0.899534 0.603494
vt 0.892175 0.607088
vt 0.886671 0.611208
vt 0.911333 0.543270
vt 0.890055 0.543975
vt 0.900219 0.543639
vt 0.911644 0.538814
vt 0.898891 0.538663
vt 0.911405 0.530588
vt 0.912163 0.534563
vt 0.899744 0.534738
vt 0.899861 0.530572
vt 0.876924 0.529525
vt 0.888456 0.529481
vt 0.889021 0.575140
vt 0.888391 0.580802
vt 0.888643 0.569303
vt 0.887763 0.563695
vt 0.887057 0.560531
vt 0.884559 0.551562
vt 0.886377 0.557821
vt 0.882134 0.546344
vt 0.879453 0.540671
vt 0.877242 0.535011
vt 0.888469 0.538631
vt 0.888212 0.534218
vt 0.879342 0.606091
vt 0.879034 0.598750
vt 0.881668 0.592368
vt 0.885344 0.586703
vt 0.886204 0.604382
vt 0.886457 0.599926
vt 0.889301 0.594900
vt 0.893748 0.589439
vt 0.906739 0.588790
vt 0.900457 0.593786
vt 0.914819 0.584546
vt 0.895124 0.598453
vt 0.891418 0.602102
vt 0.923089 0.581309
vt 0.674689 0.058630
vt 0.674454 0.052949
vt 0.675854 0.052575
vt 0.675959 0.058109
vt 0.677208 0.052474
vt 0.677111 0.057911
vt 0.680438 0.032268
vt 0.677767 0.037001
vt 0.677847 0.033618
vt 0.679201 0.029868
vt 0.678048 0.029173
vt 0.676359 0.032962
vt 0.674482 0.032261
vt 0.676313 0.028213
vt 0.673005 0.032125
vt 0.674280 0.027407
vt 0.672509 0.059062
vt 0.672405 0.053056
vt 0.671380 0.031701
vt 0.672850 0.026947
vt 0.669821 0.059307
vt 0.669347 0.053203
vt 0.670938 0.053032
vt 0.671211 0.059201
vt 0.681536 0.033827
vt 0.680195 0.041322
vt 0.682688 0.032862
vt 0.680425 0.049061
vt 0.669758 0.031514
vt 0.670942 0.026562
vt 0.679805 0.045256
vt 0.678508 0.042389
vt 0.676919 0.042391
vt 0.676534 0.039424
vt 0.677605 0.039361
vt 0.677360 0.046224
vt 0.675682 0.046892
vt 0.675332 0.042498
vt 0.676291 0.037057
vt 0.675073 0.039223
vt 0.674830 0.036420
vt 0.673943 0.046609
vt 0.673648 0.042940
vt 0.673137 0.040039
vt 0.672882 0.036846
vt 0.676733 0.049686
vt 0.678295 0.049177
vt 0.675045 0.049707
vt 0.672071 0.046733
vt 0.671924 0.043279
vt 0.671598 0.039941
vt 0.671245 0.036560
vt 0.673095 0.050162
vt 0.669854 0.043098
vt 0.670199 0.046526
vt 0.667831 0.046443
vt 0.667944 0.042864
vt 0.669789 0.036135
vt 0.669763 0.039484
vt 0.668090 0.039097
vt 0.668206 0.035941
vt 0.671419 0.050418
vt 0.669617 0.050716
vt 0.668477 0.031535
vt 0.668476 0.031535
vt 0.070598 0.000839
vt 0.038140 0.029503
vt 0.070251 0.000036
vt 0.067478 0.000103
vt 0.017350 0.011887
vt 0.060718 0.000416
vt 0.019801 0.015932
vt 0.056866 0.001561
vt 0.056266 0.003241
vt 0.022797 0.018663
vt 0.020695 0.016976
vt 0.055560 0.004824
vt 0.056732 0.004383
vt 0.057100 0.006224
vt 0.028241 0.022216
vt 0.064567 0.005814
vt 0.035031 0.026773
vt 0.006952 0.019814
vt 0.957223 0.605559
vt 0.951340 0.598899
vt 0.002273 0.011153
vt 0.000908 0.006188
vt 0.942600 0.584513
vt 0.046920 0.041922
vt 0.042107 0.043716
vt 0.036219 0.042323
vt 0.933940 0.565099
vt 0.027469 0.037664
vt 0.934666 0.555759
vt 0.019609 0.030721
vt 0.096927 0.003497
vt 0.963803 0.616903
vt 0.108713 0.000036
vt 0.934470 0.541669
vt 0.097411 0.019769
vt 0.094121 0.012762
vt 0.933926 0.530595
vt 0.667667 0.059412
vt 0.667708 0.053057
vt 0.667741 0.050663
vt 0.668702 0.026536
vt 0.483335 0.592205
vt 0.485324 0.591877
vt 0.673953 0.023510
vt 0.675128 0.023935
vt 0.677458 0.025039
vt 0.490609 0.590736
vt 0.679807 0.026570
vt 0.680680 0.027274
vt 0.492620 0.590493
vt 0.677512 0.061225
vt 0.676676 0.061521
vt 0.675711 0.061793
vt 0.674584 0.062198
vt 0.487866 0.591648
vt 0.486906 0.591877
vt 0.670068 0.062798
vt 0.483372 0.592438
vt 0.895501 0.635334
vt 0.894445 0.630264
vt 0.890392 0.636840
vt 0.722291 0.558562
vt 0.720835 0.537157
vt 0.719503 0.517704
vt 0.477056 0.594069
vt 0.478652 0.594027
vt 0.478477 0.594999
vt 0.476673 0.595066
vt 0.475075 0.595185
vt 0.475722 0.594200
vt 0.473192 0.593396
vt 0.472982 0.593765
vt 0.471947 0.594000
vt 0.471876 0.593365
vt 0.476157 0.592381
vt 0.474654 0.592642
vt 0.473329 0.592033
vt 0.475079 0.591665
vt 0.473854 0.593057
vt 0.472382 0.592758
vt 0.476933 0.591325
vt 0.477964 0.592153
vt 0.485113 0.648099
vt 0.488093 0.642771
vt 0.482205 0.643361
vt 0.485899 0.639611
vt 0.489057 0.641270
vt 0.488184 0.637936
vt 0.487372 0.633825
vt 0.480885 0.638469
vt 0.484579 0.635308
vt 0.478776 0.626399
vt 0.482616 0.626014
vt 0.483683 0.630464
vt 0.480408 0.631734
vt 0.486432 0.629260
vt 0.485708 0.625198
vt 0.461843 0.622431
vt 0.461990 0.621372
vt 0.467071 0.622587
vt 0.466901 0.623683
vt 0.471193 0.624846
vt 0.471254 0.626886
vt 0.475164 0.631024
vt 0.475816 0.634485
vt 0.474017 0.634404
vt 0.473804 0.631179
vt 0.472611 0.640687
vt 0.474616 0.639437
vt 0.472413 0.643008
vt 0.470373 0.643151
vt 0.467594 0.645196
vt 0.468646 0.646089
vt 0.460657 0.648233
vt 0.460588 0.647132
vt 0.453845 0.646924
vt 0.453376 0.645664
vt 0.450643 0.645170
vt 0.450691 0.643897
vt 0.445681 0.638094
vt 0.446120 0.637978
vt 0.447608 0.640872
vt 0.447415 0.642193
vt 0.446058 0.632237
vt 0.446493 0.632629
vt 0.450683 0.624823
vt 0.450720 0.625659
vt 0.448544 0.628211
vt 0.448062 0.627767
vt 0.455964 0.621910
vt 0.456368 0.622692
vt 0.478883 0.622287
vt 0.482104 0.622459
vt 0.485131 0.622144
vt 0.467725 0.619935
vt 0.468454 0.617866
vt 0.472280 0.619297
vt 0.471696 0.621621
vt 0.467431 0.621596
vt 0.471407 0.623565
vt 0.462089 0.620349
vt 0.477022 0.633612
vt 0.476163 0.629010
vt 0.468778 0.651948
vt 0.468319 0.649247
vt 0.474476 0.644745
vt 0.476146 0.647950
vt 0.476108 0.638688
vt 0.473318 0.643490
vt 0.468076 0.647457
vt 0.460732 0.649399
vt 0.460502 0.654087
vt 0.460602 0.651250
vt 0.481556 0.593753
vt 0.481709 0.594757
vt 0.481004 0.591505
vt 0.480688 0.590388
vt 0.474938 0.598638
vt 0.477338 0.598415
vt 0.476859 0.600630
vt 0.474012 0.600877
vt 0.476674 0.602713
vt 0.473117 0.603712
vt 0.462646 0.618815
vt 0.464031 0.616773
vt 0.482164 0.601505
vt 0.482270 0.602890
vt 0.482155 0.599917
vt 0.482008 0.597853
vt 0.479942 0.593952
vt 0.480068 0.594914
vt 0.479695 0.598161
vt 0.479559 0.600291
vt 0.479534 0.601983
vt 0.477355 0.604312
vt 0.479628 0.603296
vt 0.482412 0.603632
vt 0.483106 0.604564
vt 0.482644 0.606038
vt 0.482996 0.608065
vt 0.483599 0.611962
vt 0.483877 0.614105
vt 0.484167 0.616214
vt 0.484430 0.618113
vt 0.478044 0.605465
vt 0.478925 0.606732
vt 0.477797 0.607948
vt 0.476182 0.607155
vt 0.479452 0.608470
vt 0.479876 0.607402
vt 0.481173 0.606773
vt 0.481114 0.608464
vt 0.478803 0.615561
vt 0.481435 0.616092
vt 0.481604 0.618089
vt 0.478776 0.617615
vt 0.471148 0.600441
vt 0.472640 0.598430
vt 0.469400 0.602798
vt 0.468809 0.608724
vt 0.466939 0.611415
vt 0.463037 0.609762
vt 0.465196 0.607180
vt 0.465292 0.614143
vt 0.460534 0.612941
vt 0.458186 0.616132
vt 0.456157 0.618914
vt 0.455945 0.620888
vt 0.464745 0.596492
vt 0.463912 0.594350
vt 0.467166 0.593840
vt 0.467637 0.595442
vt 0.449914 0.623704
vt 0.451693 0.615955
vt 0.448372 0.621407
vt 0.441982 0.620835
vt 0.445477 0.614571
vt 0.439201 0.627104
vt 0.443936 0.627386
vt 0.446316 0.628140
vt 0.444576 0.638346
vt 0.444551 0.633389
vt 0.442183 0.639168
vt 0.438058 0.640421
vt 0.437802 0.633378
vt 0.442055 0.633431
vt 0.446298 0.642920
vt 0.444021 0.644220
vt 0.440194 0.647472
vt 0.453864 0.648306
vt 0.449519 0.645860
vt 0.451678 0.653852
vt 0.452978 0.650346
vt 0.445416 0.651856
vt 0.447673 0.647725
vt 0.447677 0.598202
vt 0.450351 0.603056
vt 0.445039 0.606301
vt 0.441545 0.600473
vt 0.468544 0.599568
vt 0.470568 0.597826
vt 0.474568 0.594204
vt 0.473694 0.594994
vt 0.461253 0.597781
vt 0.459835 0.595005
vt 0.452330 0.596811
vt 0.454730 0.600821
vt 0.464345 0.591912
vt 0.467603 0.592139
vt 0.460368 0.591802
vt 0.447807 0.592019
vt 0.452193 0.591894
vt 0.441988 0.592196
vt 0.479271 0.591848
vt 0.478671 0.590917
vt 0.439338 0.611454
vt 0.432321 0.605511
vt 0.455142 0.611832
vt 0.449657 0.609888
vt 0.458638 0.608258
vt 0.454270 0.606115
vt 0.461579 0.605535
vt 0.458342 0.603403
vt 0.473599 0.593995
vt 0.472600 0.594474
vt 0.466331 0.598268
vt 0.468823 0.596861
vt 0.466181 0.601637
vt 0.463383 0.600022
vt 0.478202 0.583927
vt 0.479084 0.585667
vt 0.471448 0.586132
vt 0.474702 0.584953
vt 0.475973 0.586628
vt 0.473226 0.587800
vt 0.468439 0.587555
vt 0.470880 0.588855
vt 0.468866 0.590380
vt 0.465914 0.589561
vt 0.462481 0.588774
vt 0.450714 0.585680
vt 0.454188 0.586815
vt 0.446134 0.583912
vt 0.479254 0.605441
vt 0.479855 0.604025
vt 0.480144 0.604768
vt 0.481296 0.604314
vt 0.481110 0.606134
vt 0.481585 0.605658
vt 0.481583 0.604811
vt 0.479594 0.606176
vt 0.480365 0.606514
vt 0.480510 0.605503
vt 0.473744 0.628337
vt 0.473288 0.629841
vt 0.474277 0.625894
vt 0.475693 0.620833
vt 0.475167 0.623700
vt 0.476414 0.614517
vt 0.476045 0.616418
vt 0.477905 0.596594
vt 0.475895 0.596714
vt 0.479904 0.596374
vt 0.481875 0.596119
vt 0.479966 0.588310
vt 0.477358 0.588970
vt 0.475036 0.589540
vt 0.473017 0.590290
vt 0.471246 0.591196
vt 0.470190 0.592393
vt 0.469738 0.593554
vt 0.469946 0.594538
vt 0.470826 0.595817
vt 0.472157 0.596410
vt 0.473921 0.596752
vt 0.465699 0.586264
vt 0.469438 0.584486
vt 0.473348 0.583273
vt 0.477354 0.582458
vt 0.456883 0.580554
vt 0.459704 0.582717
vt 0.463842 0.577580
vt 0.465662 0.580300
vt 0.470713 0.579154
vt 0.469414 0.576238
vt 0.474391 0.575169
vt 0.475457 0.578511
vt 0.433946 0.592611
vt 0.421834 0.604886
vt 0.424793 0.591548
vt 0.439326 0.581077
vt 0.429670 0.576893
vt 0.453397 0.577446
vt 0.449257 0.572700
vt 0.443381 0.567169
vt 0.461470 0.573866
vt 0.468180 0.572830
vt 0.473522 0.571803
vt 0.460026 0.568056
vt 0.466076 0.566415
vt 0.472156 0.565147
vt 0.455907 0.561815
vt 0.463813 0.559766
vt 0.470809 0.558259
vt 0.745911 0.951258
vt 0.468770 0.551829
vt 0.451204 0.556500
vt 0.736850 0.953331
vt 0.741689 0.951909
vt 0.460622 0.553617
vt 0.440368 0.561168
vt 0.731445 0.956190
vt 0.429753 0.566527
vt 0.725456 0.960204
vt 0.728531 0.946549
vt 0.721713 0.950446
vt 0.419869 0.569747
vt 0.720107 0.963378
vt 0.416487 0.591976
vt 0.418996 0.579895
vt 0.414219 0.604100
vt 0.431981 0.632336
vt 0.432409 0.641516
vt 0.425344 0.631921
vt 0.425805 0.641976
vt 0.425922 0.625353
vt 0.427774 0.617051
vt 0.435342 0.619372
vt 0.433123 0.626339
vt 0.418922 0.617031
vt 0.412253 0.615334
vt 0.418524 0.624395
vt 0.411578 0.623162
vt 0.434680 0.650096
vt 0.427006 0.652416
vt 0.418525 0.632111
vt 0.418904 0.641700
vt 0.411885 0.630928
vt 0.412444 0.641069
vt 0.419450 0.652324
vt 0.412281 0.651228
vt 0.476850 0.652785
vt 0.486025 0.657340
vt 0.477627 0.660132
vt 0.468782 0.656126
vt 0.459966 0.658212
vt 0.450143 0.658660
vt 0.439782 0.657291
vt 0.430784 0.668076
vt 0.429175 0.660318
vt 0.440617 0.666586
vt 0.450305 0.665732
vt 0.460046 0.664508
vt 0.469471 0.662446
vt 0.420381 0.660025
vt 0.412462 0.658323
vt 0.421016 0.667993
vt 0.411120 0.665892
vt 0.735096 0.944101
vt 0.740245 0.943118
vt 0.744980 0.942975
vt 0.735323 0.919353
vt 0.741493 0.924437
vt 0.739557 0.932968
vt 0.733721 0.932072
vt 0.744322 0.927160
vt 0.744263 0.934100
vt 0.725190 0.934909
vt 0.721975 0.923037
vt 0.716360 0.939905
vt 0.710030 0.928312
vt 0.729944 0.903776
vt 0.715975 0.908966
vt 0.703514 0.915470
vt 0.715995 0.954198
vt 0.710448 0.944380
vt 0.701140 0.934975
vt 0.692926 0.923510
vt 0.407148 0.614592
vt 0.407983 0.604169
vt 0.391411 0.630909
vt 0.386927 0.629166
vt 0.390528 0.620699
vt 0.394439 0.623779
vt 0.390024 0.638556
vt 0.385435 0.637062
vt 0.389113 0.645074
vt 0.385162 0.646291
vt 0.390295 0.649246
vt 0.387818 0.652420
vt 0.397650 0.645875
vt 0.400516 0.646370
vt 0.399506 0.652204
vt 0.396815 0.649297
vt 0.395257 0.651123
vt 0.397737 0.656016
vt 0.392075 0.651140
vt 0.390366 0.656866
vt 0.397484 0.641951
vt 0.400679 0.638634
vt 0.396411 0.639802
vt 0.398348 0.635420
vt 0.392879 0.637973
vt 0.394179 0.632564
vt 0.391265 0.647609
vt 0.390914 0.644797
vt 0.392443 0.648129
vt 0.395761 0.647939
vt 0.394849 0.648287
vt 0.396061 0.645687
vt 0.396143 0.643353
vt 0.395215 0.642610
vt 0.391113 0.641595
vt 0.392678 0.641630
vt 0.392637 0.644952
vt 0.394988 0.645455
vt 0.399420 0.629807
vt 0.401216 0.630103
vt 0.394024 0.613929
vt 0.398274 0.604047
vt 0.400061 0.616467
vt 0.397282 0.619549
vt 0.394109 0.651799
vt 0.395449 0.658262
vt 0.393993 0.648392
vt 0.394106 0.645223
vt 0.394220 0.642037
vt 0.394883 0.638641
vt 0.396258 0.634049
vt 0.396566 0.627518
vt 0.397657 0.629898
vt 0.401270 0.622182
vt 0.398446 0.624146
vt 0.407272 0.622677
vt 0.407189 0.630772
vt 0.407430 0.640115
vt 0.406987 0.649173
vt 0.406331 0.655879
vt 0.404657 0.660756
vt 0.409875 0.592547
vt 0.411715 0.581459
vt 0.412618 0.571655
vt 0.715545 0.966221
vt 0.711314 0.957931
vt 0.399040 0.592655
vt 0.092264 0.618347
vt 0.094565 0.610838
vt 0.400026 0.582456
vt 0.061747 0.426923
vt 0.707807 0.969667
vt 0.401203 0.572896
vt 0.395836 0.572509
vt 0.068847 0.421798
vt 0.703354 0.963084
vt 0.705856 0.948111
vt 0.696348 0.940181
vt 0.686229 0.931382
vt 0.100374 0.421047
vt 0.099195 0.428810
vt 0.690196 0.949005
vt 0.088878 0.418183
vt 0.077421 0.417653
vt 0.699061 0.954899
vt 0.390749 0.613665
vt 0.090229 0.626366
vt 0.084102 0.636082
vt 0.079726 0.639446
vt 0.072175 0.644132
vt 0.067635 0.649700
vt 0.064592 0.655576
vt 0.061151 0.661186
vt 0.396078 0.662965
vt 0.692961 0.944638
vt 0.681928 0.938380
vt 0.702039 0.951476
vt 0.707041 0.961153
vt 0.711603 0.968437
vt 0.406638 0.572457
vt 0.404321 0.592991
vt 0.405736 0.582406
vt 0.403098 0.605164
vt 0.403332 0.614929
vt 0.403925 0.622496
vt 0.404275 0.630691
vt 0.403984 0.639219
vt 0.403538 0.647533
vt 0.402429 0.653879
vt 0.400721 0.657651
vt 0.399160 0.659324
vt 0.401977 0.663169
vt 0.081293 0.624905
vt 0.083967 0.620826
vt 0.086841 0.614063
vt 0.090228 0.607378
vt 0.094035 0.601113
vt 0.060098 0.422996
vt 0.067232 0.418200
vt 0.075962 0.413887
vt 0.087556 0.411991
vt 0.099760 0.412018
vt 0.077623 0.628978
vt 0.072376 0.633879
vt 0.398522 0.670512
vt 0.408921 0.672775
vt 0.392266 0.670508
vt 0.077147 0.619788
vt 0.080349 0.615451
vt 0.068096 0.629267
vt 0.073113 0.624103
vt 0.066928 0.639297
vt 0.062704 0.634910
vt 0.062303 0.645107
vt 0.058060 0.641146
vt 0.059466 0.651921
vt 0.054738 0.648153
vt 0.051727 0.655384
vt 0.057788 0.658632
vt 0.052518 0.663407
vt 0.049431 0.660635
vt 0.083468 0.609624
vt 0.087071 0.603813
vt 0.058559 0.419559
vt 0.091131 0.598248
vt 0.065752 0.414970
vt 0.074556 0.410727
vt 0.085756 0.407836
vt 0.098638 0.406755
vt 0.083789 0.590028
vt 0.053109 0.411696
vt 0.056350 0.415912
vt 0.050391 0.420368
vt 0.079247 0.583573
vt 0.048569 0.406867
vt 0.074875 0.598445
vt 0.078866 0.594375
vt 0.083407 0.599733
vt 0.079525 0.604345
vt 0.069178 0.589570
vt 0.073716 0.586793
vt 0.070810 0.601796
vt 0.075844 0.608695
vt 0.064543 0.592506
vt 0.066009 0.604817
vt 0.071837 0.612600
vt 0.059340 0.595825
vt 0.067099 0.616668
vt 0.061801 0.621577
vt 0.054977 0.612493
vt 0.060931 0.608480
vt 0.047942 0.602028
vt 0.054494 0.598805
vt 0.048647 0.617463
vt 0.056284 0.627296
vt 0.040852 0.606121
vt 0.051348 0.633845
vt 0.042652 0.623761
vt 0.033838 0.612278
vt 0.037454 0.631111
vt 0.047808 0.642077
vt 0.026959 0.617367
vt 0.034101 0.641055
vt 0.046150 0.652575
vt 0.021488 0.626581
vt 0.469357 0.615483
vt 0.474259 0.613006
vt 0.473384 0.614828
vt 0.477233 0.609478
vt 0.476887 0.611070
vt 0.474859 0.610547
vt 0.475199 0.608556
vt 0.479213 0.609920
vt 0.478999 0.611323
vt 0.481202 0.611919
vt 0.481164 0.610137
vt 0.483336 0.609979
vt 0.470653 0.606203
vt 0.467330 0.604917
vt 0.463909 0.603490
vt 0.460758 0.601641
vt 0.457911 0.599167
vt 0.455788 0.595893
vt 0.456191 0.591820
vt 0.458691 0.587881
vt 0.462690 0.584695
vt 0.467401 0.582621
vt 0.471940 0.581326
vt 0.476394 0.580546
vt 0.474890 0.605876
vt 0.478856 0.613599
vt 0.476782 0.612886
vt 0.481296 0.614012
vt 0.475230 0.612200
vt 0.470484 0.613028
vt 0.473255 0.607569
vt 0.472310 0.610439
vt 0.488535 0.677462
vt 0.479688 0.679246
vt 0.478491 0.669171
vt 0.487057 0.667010
vt 0.470611 0.680676
vt 0.469714 0.671290
vt 0.461844 0.681539
vt 0.460626 0.672866
vt 0.453880 0.682356
vt 0.451676 0.674076
vt 0.442496 0.675564
vt 0.446341 0.684888
vt 0.433025 0.677143
vt 0.437856 0.687699
vt 0.422281 0.677341
vt 0.427587 0.689959
vt 0.463090 0.690099
vt 0.456321 0.689065
vt 0.460961 0.697609
vt 0.452436 0.693867
vt 0.472293 0.690758
vt 0.481737 0.690121
vt 0.490442 0.688878
vt 0.471639 0.700338
vt 0.482513 0.701290
vt 0.491807 0.700372
vt 0.445984 0.698333
vt 0.437921 0.703186
vt 0.416142 0.690250
vt 0.429314 0.708452
vt 0.457400 0.705536
vt 0.469861 0.709733
vt 0.482671 0.711653
vt 0.493105 0.711264
vt 0.453032 0.714258
vt 0.447401 0.722828
vt 0.467664 0.719688
vt 0.481655 0.721922
vt 0.493825 0.721663
vt 0.465464 0.730689
vt 0.479281 0.732797
vt 0.493032 0.732883
vt 0.055277 0.401381
vt 0.060155 0.406438
vt 0.063646 0.410956
vt 0.063666 0.394834
vt 0.068785 0.400928
vt 0.072471 0.406442
vt 0.078968 0.395567
vt 0.083368 0.402486
vt 0.073135 0.388050
vt 0.083658 0.380332
vt 0.090977 0.389672
vt 0.096542 0.399716
vt 0.475837 0.618470
vt 0.472773 0.616944
vt 0.478825 0.619606
vt 0.481811 0.619963
vt 0.484704 0.619757
vt 0.725340 0.875060
vt 0.723137 0.859401
vt 0.705626 0.879491
vt 0.700680 0.862991
vt 0.713761 0.741795
vt 0.711235 0.729738
vt 0.689829 0.744208
vt 0.685839 0.731716
vt 0.668024 0.756123
vt 0.662615 0.740500
vt 0.651668 0.768347
vt 0.639974 0.752903
vt 0.667778 0.895215
vt 0.660102 0.910500
vt 0.941171 0.151094
vt 0.951359 0.132563
vt 0.684662 0.884865
vt 0.673368 0.867105
vt 0.906666 0.149386
vt 0.908742 0.135900
vt 0.929196 0.133947
vt 0.924367 0.149349
vt 0.945969 0.119173
vt 0.655069 0.857640
vt 0.633647 0.832701
vt 0.643403 0.847898
vt 0.941858 0.108962
vt 0.939216 0.091947
vt 0.727870 0.889809
vt 0.710442 0.894320
vt 0.693823 0.900409
vt 0.682358 0.909858
vt 0.908696 0.123629
vt 0.929298 0.121592
vt 0.927741 0.110736
vt 0.907420 0.111978
vt 0.904296 0.099394
vt 0.921956 0.096163
vt 0.625877 0.798326
vt 0.624219 0.812886
vt 0.611640 0.812801
vt 0.270272 0.350453
vt 0.250670 0.353820
vt 0.258011 0.342638
vt 0.256156 0.372151
vt 0.623195 0.824435
vt 0.638271 0.802899
vt 0.636128 0.816542
vt 0.930243 0.078389
vt 0.243981 0.365011
vt 0.900377 0.086016
vt 0.916322 0.081297
vt 0.231824 0.355861
vt 0.931255 0.059437
vt 0.209422 0.346924
vt 0.222781 0.346457
vt 0.245328 0.334224
vt 0.238923 0.345066
vt 0.227335 0.336843
vt 0.231690 0.327514
vt 0.214113 0.330257
vt 0.220102 0.317883
vt 0.916866 0.029155
vt 0.177521 0.365927
vt 0.190847 0.355357
vt 0.923331 0.043650
vt 0.891686 0.058903
vt 0.885431 0.046658
vt 0.901292 0.038299
vt 0.907791 0.051571
vt 0.878532 0.034888
vt 0.893831 0.025768
vt 0.909411 0.013758
vt 0.159874 0.378406
vt 0.178428 0.299855
vt 0.189255 0.291543
vt 0.196843 0.300428
vt 0.187274 0.308910
vt 0.207476 0.309462
vt 0.199528 0.319710
vt 0.150932 0.336181
vt 0.142656 0.329855
vt 0.155047 0.316945
vt 0.164816 0.326179
vt 0.142925 0.348329
vt 0.129984 0.346472
vt 0.215057 0.285190
vt 0.221002 0.290122
vt 0.215393 0.298916
vt 0.206720 0.291742
vt 0.220561 0.273935
vt 0.233756 0.285769
vt 0.202691 0.282668
vt 0.227010 0.304046
vt 0.177649 0.340262
vt 0.164306 0.351454
vt 0.147652 0.361290
vt 0.125434 0.367801
vt 0.139552 0.392080
vt 0.900688 0.000036
vt 0.871387 0.024322
vt 0.911515 0.220943
vt 0.195830 0.273488
vt 0.211930 0.260846
vt 0.171638 0.292400
vt 0.182575 0.283861
vt 0.135592 0.322154
vt 0.148087 0.310681
vt 0.115905 0.342209
vt 0.107683 0.358456
vt 0.095156 0.371135
vt 0.105274 0.382289
vt 0.250100 0.295770
vt 0.239920 0.312748
vt 0.642534 0.786394
vt 0.629865 0.778446
vt 0.292696 0.322488
vt 0.614071 0.776183
vt 0.267682 0.328851
vt 0.278405 0.313179
vt 0.264105 0.305544
vt 0.253450 0.321003
vt 0.303149 0.303812
vt 0.639999 0.725193
vt 0.661605 0.718313
vt 0.290363 0.294793
vt 0.264677 0.277002
vt 0.277683 0.286458
vt 0.251932 0.265700
vt 0.240330 0.255080
vt 0.229376 0.244685
vt 0.684230 0.713543
vt 0.708706 0.712056
vt 0.718089 0.756152
vt 0.723928 0.801479
vt 0.722986 0.788238
vt 0.724111 0.816078
vt 0.723505 0.830345
vt 0.695074 0.759891
vt 0.675203 0.770494
vt 0.661064 0.781430
vt 0.653106 0.793519
vt 0.649917 0.805422
vt 0.648734 0.817447
vt 0.671098 0.803852
vt 0.672631 0.815498
vt 0.660389 0.817092
vt 0.660314 0.806820
vt 0.684562 0.798281
vt 0.686865 0.812649
vt 0.703122 0.793518
vt 0.704465 0.808490
vt 0.667808 0.792103
vt 0.660112 0.798396
vt 0.681317 0.783855
vt 0.699559 0.776108
vt 0.721617 0.773452
vt 0.649275 0.829640
vt 0.660772 0.827047
vt 0.672989 0.826060
vt 0.687709 0.824999
vt 0.705047 0.822405
vt 0.160867 0.300934
vt 0.167796 0.307674
vt 0.177333 0.316701
vt 0.190393 0.330191
vt 0.702182 0.847889
vt 0.681504 0.849320
vt 0.665788 0.846086
vt 0.722998 0.844718
vt 0.655226 0.840074
vt 0.662331 0.834608
vt 0.671591 0.835808
vt 0.686150 0.836405
vt 0.704177 0.834683
vt 0.674340 0.921094
vt 0.113556 0.395868
vt 0.115369 0.406018
vt 0.115279 0.413115
vt 0.114692 0.425320
vt 0.112368 0.435420
vt 0.668581 0.931351
vt 0.900067 0.186070
vt 0.916665 0.188801
vt 0.915206 0.199123
vt 0.898229 0.196359
vt 0.902394 0.175135
vt 0.918135 0.177485
vt 0.904459 0.162935
vt 0.920976 0.163854
vt 0.135649 0.408620
vt 0.133710 0.419238
vt 0.130843 0.431433
vt 0.126963 0.443230
vt 0.654143 0.924241
vt 0.937138 0.165955
vt 0.934816 0.179533
vt 0.933442 0.191598
vt 0.913885 0.209391
vt 0.896295 0.206224
vt 0.933451 0.202308
vt 0.933324 0.213712
vt 0.912799 0.066014
vt 0.896535 0.072302
vt 0.409100 0.019747
vt 0.412266 0.018174
vt 0.413209 0.020217
vt 0.409986 0.021772
vt 0.405056 0.006479
vt 0.405931 0.008209
vt 0.403341 0.009836
vt 0.402649 0.008158
vt 0.409392 0.014113
vt 0.406844 0.015647
vt 0.391806 0.031143
vt 0.391009 0.029707
vt 0.394237 0.027988
vt 0.394935 0.029549
vt 0.388668 0.018552
vt 0.385448 0.020497
vt 0.384598 0.019462
vt 0.387735 0.017604
vt 0.392050 0.024082
vt 0.389067 0.025532
vt 0.401433 0.011371
vt 0.400576 0.010018
vt 0.406510 0.020924
vt 0.404533 0.017117
vt 0.407233 0.023010
vt 0.396911 0.026216
vt 0.397461 0.028364
vt 0.394992 0.022420
vt 0.391795 0.017035
vt 0.390881 0.016025
vt 0.827777 0.017078
vt 0.825787 0.016352
vt 0.826189 0.014466
vt 0.828237 0.015364
vt 0.018347 0.100864
vt 0.015750 0.100652
vt 0.015908 0.098958
vt 0.018625 0.099126
vt 0.843863 0.021335
vt 0.843349 0.022766
vt 0.840907 0.021687
vt 0.841445 0.019951
vt 0.036238 0.102690
vt 0.031570 0.102173
vt 0.031709 0.100497
vt 0.036641 0.100157
vt 0.192747 0.016848
vt 0.194424 0.015739
vt 0.196157 0.017428
vt 0.194250 0.018635
vt 0.181863 0.030132
vt 0.184275 0.027517
vt 0.185940 0.029013
vt 0.184036 0.031847
vt 0.810262 0.023101
vt 0.810438 0.025625
vt 0.807784 0.025811
vt 0.807654 0.023690
vt 0.794180 0.025829
vt 0.794009 0.027920
vt 0.792225 0.027715
vt 0.792163 0.025641
vt 0.808536 0.038480
vt 0.808576 0.036836
vt 0.811366 0.037314
vt 0.811215 0.038895
vt 0.792200 0.039189
vt 0.792362 0.037663
vt 0.794101 0.037661
vt 0.794013 0.039167
vt 0.188197 0.008356
vt 0.189650 0.010564
vt 0.188182 0.012052
vt 0.186577 0.010194
vt 0.175387 0.019316
vt 0.175885 0.021234
vt 0.172369 0.024362
vt 0.171694 0.021326
vt 0.193004 0.014344
vt 0.191331 0.015433
vt 0.179185 0.028701
vt 0.181735 0.025746
vt 0.029980 0.102026
vt 0.027700 0.101461
vt 0.026878 0.098658
vt 0.029646 0.100294
vt 0.185315 0.026248
vt 0.186736 0.024308
vt 0.188532 0.025782
vt 0.187013 0.027594
vt 0.182861 0.024352
vt 0.184462 0.022716
vt 0.178271 0.016801
vt 0.179046 0.018529
vt 0.177068 0.019711
vt 0.176656 0.018034
vt 0.013589 0.100352
vt 0.013607 0.098437
vt 0.195824 0.014786
vt 0.197607 0.016247
vt 0.194245 0.013518
vt 0.189652 0.007108
vt 0.190874 0.009324
vt 0.794127 0.030201
vt 0.792260 0.030004
vt 0.810526 0.028259
vt 0.807918 0.028355
vt 0.822650 0.015079
vt 0.823294 0.012856
vt 0.789365 0.027353
vt 0.789152 0.025413
vt 0.789763 0.029170
vt 0.789299 0.039191
vt 0.789533 0.037659
vt 0.846094 0.021989
vt 0.845413 0.023616
vt 0.813674 0.037736
vt 0.813464 0.039248
vt 0.813074 0.025322
vt 0.812969 0.028240
vt 0.812278 0.023113
vt 0.941010 0.015125
vt 0.939665 0.010491
vt 0.949944 0.006834
vt 0.951252 0.012104
vt 0.041456 0.083288
vt 0.855120 0.024595
vt 0.041635 0.099137
vt 0.040609 0.102362
vt 0.958664 0.010126
vt 0.957259 0.004619
vt 0.965715 0.002827
vt 0.052407 0.061517
vt 0.968288 0.014935
vt 0.052291 0.069666
vt 0.050916 0.071407
vt 0.046628 0.069770
vt 0.151333 0.018681
vt 0.149719 0.018783
vt 0.409328 0.002499
vt 0.151171 0.014113
vt 0.150869 0.022534
vt 0.148905 0.022527
vt 0.152786 0.018623
vt 0.151793 0.014067
vt 0.165059 0.021702
vt 0.162073 0.021357
vt 0.819580 0.021240
vt 0.136755 0.018275
vt 0.417847 0.010034
vt 0.136240 0.016452
vt 0.168941 0.023631
vt 0.167851 0.026194
vt 0.165077 0.025788
vt 0.045765 0.084564
vt 0.046895 0.082144
vt 0.058446 0.059643
vt 0.056509 0.063339
vt 0.040181 0.086181
vt 0.044317 0.087627
vt 0.169320 0.021411
vt 0.813936 0.011817
vt 0.814436 0.009909
vt 0.007681 0.099663
vt 0.007826 0.097459
vt 0.933305 0.012037
vt 0.933861 0.016661
vt 0.924237 0.019412
vt 0.923786 0.015696
vt 0.203297 0.006535
vt 0.202439 0.005218
vt 0.204223 0.004690
vt 0.204612 0.006641
vt 0.775462 0.029905
vt 0.776784 0.027975
vt 0.778048 0.029280
vt 0.778043 0.030595
vt 0.781541 0.030054
vt 0.781436 0.028366
vt 0.200516 0.010886
vt 0.198796 0.009025
vt 0.195376 0.004870
vt 0.194716 0.003029
vt 0.202253 0.011753
vt 0.780611 0.026585
vt 0.780498 0.037299
vt 0.781585 0.035868
vt 0.375873 0.036080
vt 0.375455 0.036888
vt 0.373451 0.034905
vt 0.374631 0.034199
vt 0.380496 0.031317
vt 0.382248 0.034631
vt 0.382508 0.036029
vt 0.377537 0.025958
vt 0.376293 0.024952
vt 0.061009 0.056230
vt 0.058390 0.052695
vt 0.779469 0.048308
vt 0.063461 0.054338
vt 0.057938 0.056228
vt 0.059587 0.057825
vt 0.135005 0.017790
vt 0.134985 0.015905
vt 0.775322 0.052763
vt 0.774044 0.049643
vt 0.131858 0.017998
vt 0.989431 0.013164
vt 0.988363 0.011840
vt 0.132138 0.015313
vt 0.128042 0.019595
vt 0.991155 0.016907
vt 0.998503 0.024502
vt 0.118177 0.020483
vt 0.994208 0.027493
vt 0.994018 0.025910
vt 0.982008 0.017386
vt 0.986797 0.014610
vt 0.988585 0.017518
vt 0.982579 0.020045
vt 0.973491 0.024251
vt 0.970283 0.021974
vt 0.972224 0.021237
vt 0.974968 0.023585
vt 0.966791 0.023980
vt 0.967132 0.026473
vt 0.964107 0.027916
vt 0.963018 0.026091
vt 0.958287 0.030351
vt 0.958434 0.028534
vt 0.959996 0.028563
vt 0.961471 0.029416
vt 0.750327 0.055126
vt 0.750460 0.057515
vt 0.745627 0.057622
vt 0.745326 0.055716
vt 0.754014 0.056964
vt 0.754054 0.054456
vt 0.970827 0.033843
vt 0.974966 0.032941
vt 0.975521 0.034466
vt 0.971031 0.035242
vt 0.965664 0.022769
vt 0.969215 0.020675
vt 0.961532 0.025330
vt 0.965595 0.034715
vt 0.965409 0.036182
vt 0.986965 0.029775
vt 0.986335 0.028222
vt 0.991419 0.026704
vt 0.991676 0.028202
vt 0.977439 0.033645
vt 0.976850 0.032109
vt 0.985725 0.013358
vt 0.981384 0.015944
vt 0.971264 0.019866
vt 0.771379 0.053831
vt 0.767410 0.054652
vt 0.767217 0.052522
vt 0.770998 0.051733
vt 0.756226 0.056662
vt 0.756444 0.054017
vt 0.137549 0.023054
vt 0.134674 0.023384
vt 0.141799 0.023016
vt 0.162043 0.025065
vt 0.179571 0.032555
vt 0.176891 0.030910
vt 0.182778 0.034999
vt 0.132148 0.022938
vt 0.128645 0.023536
vt 0.120300 0.025193
vt 0.116684 0.025845
vt 0.186320 0.033385
vt 0.038625 0.105649
vt 0.187624 0.030385
vt 0.188495 0.028764
vt 0.189969 0.027110
vt 0.195615 0.020143
vt 0.197633 0.018830
vt 0.199213 0.017446
vt 0.203750 0.012519
vt 0.003217 0.097110
vt 0.002777 0.098737
vt 0.001472 0.100016
vt 0.205410 0.004081
vt 0.006985 0.089573
vt 0.188670 0.005186
vt 0.013696 0.091207
vt 0.008102 0.091942
vt 0.015747 0.090751
vt 0.187006 0.006525
vt 0.018337 0.090555
vt 0.185213 0.008517
vt 0.177509 0.015291
vt 0.027104 0.089244
vt 0.029818 0.088455
vt 0.176211 0.016528
vt 0.031859 0.088476
vt 0.174969 0.017634
vt 0.037552 0.088957
vt 0.171618 0.018581
vt 0.167835 0.018123
vt 0.037588 0.084456
vt 0.811937 0.021097
vt 0.810116 0.020896
vt 0.807570 0.021864
vt 0.794290 0.023928
vt 0.792122 0.023794
vt 0.788945 0.023736
vt 0.779799 0.024988
vt 0.810637 0.008231
vt 0.810286 0.009651
vt 0.808864 0.011687
vt 0.773031 0.029393
vt 0.789095 0.040525
vt 0.825755 0.004442
vt 0.816163 0.003151
vt 0.816536 0.000033
vt 0.828822 0.004778
vt 0.792064 0.040515
vt 0.830708 0.005196
vt 0.793960 0.040473
vt 0.808557 0.039940
vt 0.845078 0.009174
vt 0.847782 0.009640
vt 0.811092 0.040254
vt 0.850005 0.010118
vt 0.813275 0.040568
vt 0.045703 0.071440
vt 0.152400 0.011568
vt 0.043009 0.068056
vt 0.150628 0.011021
vt 0.960236 0.018040
vt 0.404262 0.005012
vt 0.957318 0.018508
vt 0.402016 0.006710
vt 0.399819 0.008812
vt 0.953761 0.019286
vt 0.390075 0.015146
vt 0.942069 0.022410
vt 0.386892 0.016755
vt 0.938510 0.023167
vt 0.383827 0.018563
vt 0.935323 0.023752
vt 0.375398 0.024135
vt 0.925699 0.024556
vt 0.375128 0.037593
vt 0.918056 0.019238
vt 0.917982 0.021282
vt 0.916439 0.021512
vt 0.922060 0.013325
vt 0.392484 0.032404
vt 0.936783 0.010691
vt 0.395554 0.030898
vt 0.398246 0.030150
vt 0.408362 0.025011
vt 0.411279 0.023758
vt 0.953610 0.006079
vt 0.414486 0.022289
vt 0.421914 0.020429
vt 0.135119 0.013587
vt 0.055845 0.051623
vt 0.987456 0.010670
vt 0.772032 0.056042
vt 0.980833 0.014671
vt 0.756848 0.058952
vt 0.968262 0.019566
vt 0.964823 0.021619
vt 0.960026 0.024569
vt 0.740754 0.056044
vt 0.741150 0.057153
vt 0.740558 0.058538
vt 0.956069 0.030839
vt 0.743342 0.047628
vt 0.971193 0.036498
vt 0.749359 0.048115
vt 0.744387 0.049602
vt 0.976017 0.035843
vt 0.752998 0.047005
vt 0.755999 0.046383
vt 0.977953 0.035001
vt 0.765972 0.043473
vt 0.763759 0.041670
vt 0.991380 0.030241
vt 0.769488 0.041650
vt 0.999776 0.028018
vt 0.067796 0.046073
vt 0.772544 0.041831
vt 0.772386 0.039337
vt 0.114461 0.025192
vt 0.070125 0.050221
vt 0.146580 0.019327
vt 0.146112 0.022792
vt 0.407705 0.011074
vt 0.404929 0.012427
vt 0.402787 0.014058
vt 0.393331 0.019400
vt 0.390104 0.020748
vt 0.387040 0.022488
vt 0.378740 0.028302
vt 0.372575 0.032878
vt 0.372443 0.030891
vt 0.373469 0.030969
vt 0.373961 0.032622
vt 0.371548 0.033341
vt 0.918742 0.025546
vt 0.918391 0.022876
vt 0.919231 0.024216
vt 0.935231 0.020385
vt 0.924851 0.022097
vt 0.938246 0.020402
vt 0.941798 0.018973
vt 0.952644 0.016242
vt 0.956360 0.016138
vt 0.959306 0.014407
vt 0.967254 0.011058
vt 0.054469 0.067013
vt 0.044991 0.076459
vt 0.049941 0.073499
vt 0.048442 0.077454
vt 0.848573 0.015995
vt 0.829799 0.010227
vt 0.842946 0.014161
vt 0.824337 0.008842
vt 0.815313 0.006577
vt 0.775062 0.036684
vt 0.811894 0.003264
vt 0.811175 0.005645
vt 0.808400 0.003494
vt 0.776497 0.035690
vt 0.775318 0.032948
vt 0.777981 0.034550
vt 0.778010 0.032575
vt 0.789964 0.033431
vt 0.781697 0.032978
vt 0.792281 0.033805
vt 0.794187 0.033912
vt 0.808151 0.032649
vt 0.810789 0.032809
vt 0.813070 0.032916
vt 0.820676 0.031721
vt 0.152463 0.022547
vt 0.156941 0.023813
vt 0.042878 0.090329
vt 0.041920 0.095246
vt 0.037171 0.095378
vt 0.032052 0.095726
vt 0.019118 0.095611
vt 0.026964 0.094873
vt 0.013370 0.095254
vt 0.007910 0.095348
vt 0.199948 0.000028
vt 0.003343 0.092917
vt 0.003328 0.095491
vt 0.000000 0.095444
vt 0.200009 0.001026
vt 0.203041 0.002793
vt 0.201598 0.003996
vt 0.199988 0.002176
vt 0.197400 0.007432
vt 0.192809 0.012009
vt 0.191569 0.012872
vt 0.190028 0.014126
vt 0.182248 0.021081
vt 0.180597 0.022554
vt 0.179379 0.024009
vt 0.176517 0.027167
vt 0.174227 0.029211
vt 0.170152 0.026692
vt 0.064827 0.048001
vt 0.066988 0.051974
vt 0.773712 0.045286
vt 0.749872 0.051093
vt 0.744587 0.052724
vt 0.959621 0.036592
vt 0.740090 0.051832
vt 0.740115 0.053434
vt 0.738105 0.053450
vt 0.960174 0.035645
vt 0.959121 0.033966
vt 0.960827 0.034559
vt 0.962648 0.032378
vt 0.969142 0.030790
vt 0.965729 0.031708
vt 0.975303 0.028241
vt 0.976813 0.027545
vt 0.990093 0.022450
vt 0.984562 0.023979
vt 0.996919 0.020013
vt 0.992399 0.021526
vt 0.124743 0.024411
vt 0.765415 0.047357
vt 0.757000 0.049961
vt 0.847559 0.012430
vt 0.847095 0.015402
vt 0.846734 0.011598
vt 0.845376 0.011623
vt 0.844189 0.014836
vt 0.843525 0.018014
vt 0.844554 0.018379
vt 0.845673 0.018467
vt 0.845610 0.015014
vt 0.953583 0.014067
vt 0.952892 0.011511
vt 0.955709 0.013863
vt 0.957073 0.012904
vt 0.956818 0.010693
vt 0.955791 0.007718
vt 0.954299 0.007639
vt 0.952240 0.008213
vt 0.954881 0.011227
vt 0.827393 0.012692
vt 0.828269 0.009785
vt 0.825169 0.011369
vt 0.825539 0.009179
vt 0.826348 0.011981
vt 0.828769 0.007342
vt 0.827932 0.006792
vt 0.826578 0.006462
vt 0.827072 0.009465
vt 0.939079 0.012535
vt 0.937386 0.013153
vt 0.935731 0.013615
vt 0.936065 0.016068
vt 0.939593 0.015271
vt 0.936501 0.018260
vt 0.938231 0.018007
vt 0.940062 0.017639
vt 0.937896 0.015601
vt 0.014856 0.094787
vt 0.015022 0.092881
vt 0.014730 0.096338
vt 0.017377 0.092873
vt 0.017509 0.094988
vt 0.017302 0.096730
vt 0.016067 0.092337
vt 0.015926 0.097388
vt 0.016139 0.094734
vt 0.030711 0.094902
vt 0.030393 0.097684
vt 0.030607 0.091515
vt 0.028118 0.094582
vt 0.028340 0.091708
vt 0.028163 0.096989
vt 0.029582 0.091422
vt 0.029430 0.097445
vt 0.029422 0.094642
vt 0.771355 0.043338
vt 0.771662 0.045904
vt 0.772028 0.048839
vt 0.770525 0.049338
vt 0.768713 0.049375
vt 0.768194 0.046754
vt 0.767845 0.044510
vt 0.769401 0.043723
vt 0.769868 0.046478
vt 0.751302 0.049338
vt 0.753043 0.048801
vt 0.754845 0.048529
vt 0.754990 0.050222
vt 0.754756 0.052219
vt 0.751572 0.051401
vt 0.751884 0.053321
vt 0.753339 0.052776
vt 0.753168 0.050652
vt 0.051141 0.082442
vt 0.050449 0.085724
vt 0.052370 0.079138
vt 0.053730 0.076187
vt 0.055592 0.074095
vt 0.060886 0.077854
vt 0.056775 0.078109
vt 0.059874 0.082335
vt 0.056095 0.080563
vt 0.054771 0.082752
vt 0.056343 0.086222
vt 0.046903 0.092322
vt 0.046098 0.095612
vt 0.045729 0.098963
vt 0.048772 0.089475
vt 0.044769 0.102285
vt 0.050019 0.093724
vt 0.049908 0.096620
vt 0.048813 0.099186
vt 0.053355 0.092503
vt 0.053775 0.098002
vt 0.050754 0.102083
vt 0.058086 0.068640
vt 0.057193 0.071360
vt 0.061163 0.069316
vt 0.063440 0.073225
vt 0.063012 0.067258
vt 0.066833 0.069722
vt 0.059855 0.065339
vt 0.064428 0.064791
vt 0.067484 0.064024
vt 0.061900 0.062394
vt 0.063486 0.060696
vt 0.071813 0.053574
vt 0.069075 0.055131
vt 0.066602 0.056977
vt 0.113296 0.028445
vt 0.065007 0.058943
vt 0.069124 0.059123
vt 0.070376 0.061986
vt 0.071073 0.057559
vt 0.073150 0.059867
vt 0.073352 0.055707
vt 0.111534 0.031912
vt 0.116658 0.029344
vt 0.117726 0.034553
vt 0.120688 0.029110
vt 0.123446 0.032960
vt 0.125080 0.027947
vt 0.129441 0.027077
vt 0.133220 0.026948
vt 0.151095 0.064535
vt 0.147722 0.071758
vt 0.145254 0.062574
vt 0.148122 0.060072
vt 0.145002 0.055009
vt 0.148136 0.055097
vt 0.148323 0.050888
vt 0.145517 0.047633
vt 0.149197 0.041019
vt 0.152122 0.046346
vt 0.155297 0.039027
vt 0.155653 0.046765
vt 0.165182 0.040420
vt 0.164199 0.048733
vt 0.159829 0.047363
vt 0.160521 0.038883
vt 0.169664 0.042223
vt 0.168708 0.050426
vt 0.157879 0.067031
vt 0.158624 0.076536
vt 0.153328 0.075037
vt 0.154236 0.065856
vt 0.162579 0.067308
vt 0.162476 0.077214
vt 0.171357 0.068404
vt 0.176957 0.071165
vt 0.175705 0.080367
vt 0.170362 0.077945
vt 0.173923 0.043832
vt 0.179315 0.046771
vt 0.178343 0.054425
vt 0.173195 0.052487
vt 0.180738 0.041720
vt 0.175725 0.038080
vt 0.178240 0.036262
vt 0.181738 0.038436
vt 0.175724 0.034093
vt 0.172905 0.032137
vt 0.169108 0.030687
vt 0.166633 0.029780
vt 0.164234 0.028780
vt 0.161182 0.028062
vt 0.157104 0.026939
vt 0.153407 0.026711
vt 0.151486 0.026220
vt 0.148989 0.026473
vt 0.145650 0.025866
vt 0.142291 0.026066
vt 0.138705 0.026680
vt 0.135978 0.027052
vt 0.042168 0.106592
vt 0.045623 0.107174
vt 0.146281 0.031016
vt 0.145055 0.028359
vt 0.141062 0.031163
vt 0.143110 0.028398
vt 0.156964 0.029039
vt 0.155807 0.031539
vt 0.160962 0.032401
vt 0.160992 0.030399
vt 0.132277 0.031523
vt 0.130077 0.029741
vt 0.125277 0.030853
vt 0.150864 0.031365
vt 0.136543 0.031525
vt 0.172536 0.034816
vt 0.170558 0.035598
vt 0.174903 0.036175
vt 0.165872 0.033696
vt 0.141529 0.045990
vt 0.144048 0.039693
vt 0.138196 0.045348
vt 0.134302 0.046175
vt 0.135791 0.039031
vt 0.139866 0.038889
vt 0.736487 0.039993
vt 0.742727 0.040537
vt 0.125352 0.040651
vt 0.122231 0.048920
vt 0.131429 0.039533
vt 0.129307 0.047420
vt 0.141298 0.063877
vt 0.141260 0.054791
vt 0.137196 0.064945
vt 0.137676 0.054630
vt 0.133448 0.064690
vt 0.133586 0.054879
vt 0.151614 0.055147
vt 0.155058 0.055874
vt 0.158927 0.056707
vt 0.167127 0.067734
vt 0.166746 0.077206
vt 0.163191 0.057769
vt 0.141232 0.073508
vt 0.128810 0.064647
vt 0.128705 0.055590
vt 0.136674 0.074434
vt 0.132973 0.074869
vt 0.129022 0.074918
vt 0.167669 0.058731
vt 0.172233 0.060253
vt 0.177929 0.062880
vt 0.123888 0.074289
vt 0.123347 0.064996
vt 0.122756 0.056823
vt 0.114504 0.053875
vt 0.730056 0.036026
vt 0.115861 0.059494
vt 0.107742 0.057708
vt 0.724439 0.031122
vt 0.109475 0.062376
vt 0.117242 0.065227
vt 0.111657 0.068299
vt 0.118486 0.072667
vt 0.114044 0.075952
vt 0.082101 0.062336
vt 0.713336 0.008826
vt 0.717426 0.017939
vt 0.095042 0.062538
vt 0.088966 0.063211
vt 0.089072 0.059195
vt 0.100973 0.060665
vt 0.098995 0.056315
vt 0.102721 0.065750
vt 0.105483 0.071264
vt 0.109154 0.078288
vt 0.141034 0.082596
vt 0.143022 0.088706
vt 0.679712 0.134019
vt 0.136678 0.084081
vt 0.147696 0.081243
vt 0.147086 0.089486
vt 0.153066 0.083046
vt 0.151019 0.088116
vt 0.158068 0.084800
vt 0.678132 0.119800
vt 0.680352 0.126305
vt 0.161756 0.086123
vt 0.166274 0.086373
vt 0.170081 0.087108
vt 0.670763 0.101613
vt 0.739788 0.032834
vt 0.744945 0.034722
vt 0.735486 0.030204
vt 0.751024 0.036592
vt 0.724289 0.014494
vt 0.721806 0.008437
vt 0.729993 0.025529
vt 0.725504 0.019395
vt 0.096487 0.067578
vt 0.098552 0.073369
vt 0.104382 0.081623
vt 0.744447 0.014660
vt 0.748355 0.014853
vt 0.747073 0.019614
vt 0.742836 0.018503
vt 0.745702 0.011939
vt 0.748274 0.011106
vt 0.744937 0.009910
vt 0.749028 0.008771
vt 0.740132 0.007900
vt 0.740759 0.002956
vt 0.746407 0.004666
vt 0.744006 0.006900
vt 0.735683 0.009101
vt 0.735364 0.003472
vt 0.741491 0.012230
vt 0.738776 0.015705
vt 0.752045 0.013930
vt 0.751081 0.019806
vt 0.740100 0.010417
vt 0.736326 0.012563
vt 0.736028 0.000035
vt 0.754671 0.012565
vt 0.744442 0.008375
vt 0.749638 0.005737
vt 0.744970 0.024171
vt 0.740730 0.022446
vt 0.748715 0.025121
vt 0.752858 0.026242
vt 0.730338 0.004834
vt 0.731768 0.011111
vt 0.732535 0.015140
vt 0.736126 0.019112
vt 0.132304 0.084889
vt 0.129680 0.084790
vt 0.120145 0.079621
vt 0.117058 0.083569
vt 0.113008 0.083999
vt 0.124840 0.083636
vt 0.121529 0.088237
vt 0.112491 0.088710
vt 0.124469 0.090415
vt 0.681606 0.142984
vt 0.676952 0.112292
vt 0.674772 0.107493
vt 0.080459 0.124516
vt 0.677679 0.195163
vt 0.071533 0.120940
vt 0.063725 0.116776
vt 0.056907 0.112802
vt 0.050308 0.109412
vt 0.080401 0.066387
vt 0.089311 0.067908
vt 0.088705 0.077623
vt 0.079129 0.071932
vt 0.097323 0.085357
vt 0.105511 0.092360
vt 0.075950 0.075553
vt 0.086070 0.082945
vt 0.093179 0.089144
vt 0.100655 0.095555
vt 0.072792 0.079035
vt 0.053537 0.104817
vt 0.056686 0.098909
vt 0.058996 0.094008
vt 0.062191 0.089532
vt 0.066352 0.085986
vt 0.069438 0.082371
vt 0.082322 0.085597
vt 0.079108 0.088613
vt 0.075597 0.091939
vt 0.070821 0.095371
vt 0.067528 0.099558
vt 0.064334 0.103668
vt 0.060397 0.108296
vt 0.066933 0.111561
vt 0.074789 0.116455
vt 0.083504 0.121153
vt 0.116380 0.094859
vt 0.111914 0.098721
vt 0.107327 0.101859
vt 0.684716 0.152743
vt 0.685457 0.158569
vt 0.684928 0.164013
vt 0.089520 0.092119
vt 0.085921 0.094836
vt 0.081772 0.097292
vt 0.077526 0.099900
vt 0.073225 0.102761
vt 0.069566 0.106933
vt 0.077641 0.112272
vt 0.081097 0.108832
vt 0.084844 0.106023
vt 0.088764 0.103511
vt 0.092762 0.101160
vt 0.096547 0.098449
vt 0.086325 0.117855
vt 0.089003 0.114742
vt 0.092092 0.111947
vt 0.095515 0.109481
vt 0.099377 0.107372
vt 0.103202 0.104715
vt 0.680142 0.191211
vt 0.680373 0.186743
vt 0.679888 0.183373
vt 0.680081 0.179991
vt 0.680749 0.176530
vt 0.682146 0.173047
vt 0.683733 0.169076
vt 0.687395 0.173427
vt 0.687377 0.176394
vt 0.692439 0.170484
vt 0.694252 0.175580
vt 0.686879 0.179808
vt 0.685752 0.182671
vt 0.690652 0.184845
vt 0.693769 0.180062
vt 0.694108 0.164060
vt 0.690407 0.190000
vt 0.681198 0.099649
vt 0.683783 0.105100
vt 0.687584 0.110269
vt 0.694737 0.157714
vt 0.694864 0.151993
vt 0.695389 0.141553
vt 0.691939 0.133379
vt 0.690104 0.117931
vt 0.690661 0.125422
vt 0.046662 0.658133
vt 0.887172 0.114848
vt 0.888221 0.125864
vt 0.835707 0.134417
vt 0.821556 0.136207
vt 0.820877 0.126403
vt 0.834888 0.124621
vt 0.806404 0.137631
vt 0.789425 0.137753
vt 0.788267 0.129041
vt 0.805495 0.127612
vt 0.749526 0.134446
vt 0.769232 0.131530
vt 0.769872 0.140741
vt 0.750216 0.143447
vt 0.711678 0.140245
vt 0.729764 0.137778
vt 0.730842 0.146285
vt 0.713113 0.148432
vt 0.867921 0.118342
vt 0.868739 0.129097
vt 0.851223 0.132119
vt 0.850377 0.121766
vt 0.702962 0.141007
vt 0.704045 0.149010
vt 0.707283 0.690524
vt 0.682843 0.691087
vt 0.660462 0.694645
vt 0.640016 0.698954
vt 0.314187 0.284897
vt 0.302932 0.276233
vt 0.292622 0.267026
vt 0.281931 0.257514
vt 0.271806 0.246690
vt 0.260669 0.236699
vt 0.250034 0.225494
vt 0.312587 0.163115
vt 0.327301 0.151567
vt 0.335782 0.167003
vt 0.319565 0.181760
vt 0.317214 0.152469
vt 0.325832 0.142362
vt 0.295505 0.180267
vt 0.345829 0.182577
vt 0.329179 0.196008
vt 0.280374 0.194643
vt 0.265773 0.208592
vt 0.304929 0.194067
vt 0.290959 0.207444
vt 0.277181 0.221122
vt 0.287568 0.231457
vt 0.300864 0.218723
vt 0.314541 0.207033
vt 0.357129 0.197305
vt 0.341472 0.209493
vt 0.325555 0.219661
vt 0.311724 0.229855
vt 0.297882 0.241807
vt 0.308097 0.251436
vt 0.316884 0.260824
vt 0.370686 0.210111
vt 0.357581 0.221031
vt 0.383037 0.218291
vt 0.381432 0.234103
vt 0.336233 0.231597
vt 0.322650 0.239788
vt 0.332560 0.249600
vt 0.350586 0.243299
vt 0.401745 0.212510
vt 0.411524 0.225400
vt 0.391118 0.253178
vt 0.606928 0.635853
vt 0.612522 0.659484
vt 0.619393 0.679455
vt 0.636575 0.675248
vt 0.632808 0.653569
vt 0.628293 0.630331
vt 0.622416 0.604318
vt 0.419962 0.244117
vt 0.617575 0.577339
vt 0.420030 0.203057
vt 0.430079 0.213547
vt 0.578785 0.513777
vt 0.609055 0.511979
vt 0.341501 0.127180
vt 0.361842 0.108741
vt 0.419638 0.125065
vt 0.398885 0.139151
vt 0.388191 0.123513
vt 0.405933 0.109816
vt 0.380208 0.093426
vt 0.362804 0.119257
vt 0.379812 0.105951
vt 0.343496 0.136029
vt 0.370975 0.137514
vt 0.352806 0.151936
vt 0.381645 0.153997
vt 0.363988 0.168224
vt 0.375436 0.183446
vt 0.393634 0.169765
vt 0.411891 0.155551
vt 0.433188 0.143293
vt 0.498208 0.462081
vt 0.474054 0.455585
vt 0.389614 0.199577
vt 0.407618 0.188095
vt 0.424469 0.174741
vt 0.434421 0.189696
vt 0.548696 0.509085
vt 0.440864 0.163459
vt 0.442737 0.177328
vt 0.536665 0.489717
vt 0.527438 0.478881
vt 0.703937 0.157048
vt 0.703435 0.163631
vt 0.702546 0.169818
vt 0.702810 0.175216
vt 0.702211 0.179919
vt 0.700108 0.184707
vt 0.699235 0.189817
vt 0.682404 0.095039
vt 0.699062 0.194300
vt 0.686511 0.099402
vt 0.692224 0.103385
vt 0.695007 0.108931
vt 0.697301 0.116733
vt 0.698384 0.124541
vt 0.699867 0.132663
vt 0.708945 0.131740
vt 0.728592 0.128828
vt 0.726993 0.120259
vt 0.707207 0.123456
vt 0.725106 0.112085
vt 0.705569 0.115343
vt 0.722646 0.104114
vt 0.703526 0.107369
vt 0.720265 0.097486
vt 0.701862 0.101306
vt 0.718015 0.092019
vt 0.699915 0.096198
vt 0.725609 0.198955
vt 0.698178 0.091175
vt 0.726551 0.193216
vt 0.708528 0.190419
vt 0.713430 0.156258
vt 0.731419 0.154446
vt 0.712179 0.163542
vt 0.731112 0.162012
vt 0.711453 0.169692
vt 0.730425 0.169063
vt 0.710809 0.175018
vt 0.729347 0.175344
vt 0.709054 0.184733
vt 0.709838 0.179903
vt 0.728171 0.180714
vt 0.727231 0.186363
vt 0.748590 0.125162
vt 0.768148 0.122298
vt 0.746804 0.116417
vt 0.766093 0.113171
vt 0.744397 0.107828
vt 0.763677 0.104140
vt 0.741644 0.099607
vt 0.761401 0.094880
vt 0.738788 0.092255
vt 0.758176 0.085543
vt 0.735643 0.086934
vt 0.754339 0.079401
vt 0.743600 0.203734
vt 0.763205 0.208523
vt 0.745346 0.197105
vt 0.765415 0.201255
vt 0.750382 0.152508
vt 0.769797 0.150616
vt 0.750272 0.161173
vt 0.769795 0.160616
vt 0.749809 0.169286
vt 0.769675 0.169463
vt 0.749010 0.176700
vt 0.746514 0.190047
vt 0.747759 0.183384
vt 0.769147 0.177642
vt 0.767684 0.185239
vt 0.766369 0.193249
vt 0.789324 0.148997
vt 0.678597 0.098335
vt 0.679113 0.095557
vt 0.687244 0.192131
vt 0.680174 0.195587
vt 0.681804 0.193011
vt 0.672602 0.099446
vt 0.676385 0.097200
vt 0.673970 0.097708
vt 0.682931 0.193925
vt 0.685220 0.193656
vt 0.676860 0.095864
vt 0.682179 0.195393
vt 0.789400 0.159607
vt 0.788979 0.168618
vt 0.788290 0.177062
vt 0.787257 0.185380
vt 0.787196 0.119779
vt 0.785152 0.110411
vt 0.783014 0.100761
vt 0.782418 0.090644
vt 0.780295 0.080239
vt 0.774589 0.073938
vt 0.783409 0.210628
vt 0.788155 0.203619
vt 0.786865 0.194500
vt 0.888307 0.137716
vt 0.869100 0.139910
vt 0.851651 0.142135
vt 0.822015 0.145883
vt 0.836177 0.144138
vt 0.806636 0.147582
vt 0.822223 0.155541
vt 0.836041 0.153846
vt 0.806648 0.157335
vt 0.851187 0.152223
vt 0.868608 0.150758
vt 0.887306 0.149727
vt 0.805940 0.166821
vt 0.885859 0.161856
vt 0.867661 0.161662
vt 0.850228 0.162367
vt 0.835338 0.163643
vt 0.821598 0.165216
vt 0.805259 0.175900
vt 0.833635 0.173532
vt 0.820434 0.174800
vt 0.848806 0.172503
vt 0.866158 0.172383
vt 0.884123 0.173343
vt 0.885274 0.103528
vt 0.866431 0.107452
vt 0.848865 0.110799
vt 0.819458 0.116253
vt 0.833035 0.114172
vt 0.804243 0.117962
vt 0.802091 0.108040
vt 0.817163 0.105260
vt 0.830667 0.103141
vt 0.864214 0.096496
vt 0.846401 0.100241
vt 0.883047 0.091591
vt 0.799913 0.098389
vt 0.814660 0.095141
vt 0.827833 0.092881
vt 0.860320 0.085265
vt 0.843267 0.090017
vt 0.878478 0.079152
vt 0.798019 0.088731
vt 0.812072 0.086240
vt 0.824293 0.083489
vt 0.855322 0.073665
vt 0.838567 0.079428
vt 0.873399 0.066471
vt 0.796566 0.080263
vt 0.809005 0.078856
vt 0.819923 0.075822
vt 0.804334 0.184878
vt 0.803791 0.193759
vt 0.804237 0.201359
vt 0.818812 0.184531
vt 0.831902 0.183200
vt 0.817038 0.193731
vt 0.829545 0.192631
vt 0.815920 0.200892
vt 0.826947 0.200371
vt 0.882056 0.184176
vt 0.863875 0.182961
vt 0.846714 0.182558
vt 0.879917 0.194302
vt 0.877671 0.204211
vt 0.855625 0.034102
vt 0.862676 0.042556
vt 0.867602 0.054802
vt 0.861309 0.192833
vt 0.844067 0.192240
vt 0.849522 0.062978
vt 0.831598 0.069155
vt 0.845462 0.052834
vt 0.831565 0.059737
vt 0.857819 0.211846
vt 0.827872 0.053258
vt 0.858651 0.202428
vt 0.839990 0.201900
vt 0.789704 0.073910
vt 0.798221 0.074189
vt 0.806898 0.073435
vt 0.814835 0.071246
vt 0.815727 0.205222
vt 0.823870 0.205212
vt 0.807529 0.205976
vt 0.799549 0.207440
vt 0.796085 0.211153
vt 0.785439 0.070626
vt 0.819464 0.058825
vt 0.830538 0.206113
vt 0.821858 0.062929
vt 0.821034 0.067795
vt 0.793686 0.070748
vt 0.798838 0.070349
vt 0.804273 0.209375
vt 0.809206 0.208940
vt 0.803426 0.211592
vt 0.792362 0.068498
vt 0.805401 0.069559
vt 0.811693 0.068067
vt 0.816047 0.066559
vt 0.816046 0.064060
vt 0.815146 0.061110
vt 0.826805 0.208749
vt 0.822041 0.208747
vt 0.815648 0.208648
vt 0.809302 0.211736
vt 0.798113 0.067397
vt 0.804175 0.066272
vt 0.810434 0.065095
vt 0.821940 0.211603
vt 0.803229 0.063218
vt 0.658149 0.671199
vt 0.680822 0.666574
vt 0.705140 0.666663
vt 0.655898 0.648810
vt 0.679245 0.645080
vt 0.702617 0.642696
vt 0.652509 0.625226
vt 0.649207 0.602201
vt 0.675581 0.620311
vt 0.672350 0.594141
vt 0.645062 0.571991
vt 0.671612 0.565506
vt 0.638059 0.505413
vt 0.667970 0.491930
vt 0.697881 0.617238
vt 0.696402 0.590151
vt 0.696379 0.563361
vt 0.697395 0.538257
vt 0.398059 0.081849
vt 0.713548 0.429468
vt 0.712502 0.473375
vt 0.710486 0.484697
vt 0.705603 0.436099
vt 0.723623 0.428532
vt 0.713625 0.462746
vt 0.735312 0.426600
vt 0.712549 0.450776
vt 0.401252 0.438552
vt 0.428998 0.042900
vt 0.430975 0.053536
vt 0.418387 0.436310
vt 0.419926 0.056486
vt 0.425289 0.049646
vt 0.707750 0.496505
vt 0.410676 0.068919
vt 0.503964 0.414654
vt 0.501263 0.438629
vt 0.478410 0.431625
vt 0.482993 0.411602
vt 0.525160 0.420293
vt 0.524436 0.445988
vt 0.698872 0.486954
vt 0.705796 0.504156
vt 0.702635 0.516706
vt 0.680301 0.462172
vt 0.690773 0.449176
vt 0.435513 0.440173
vt 0.449508 0.453693
vt 0.671122 0.434763
vt 0.661761 0.410662
vt 0.672804 0.406626
vt 0.682244 0.428457
vt 0.691357 0.423555
vt 0.682787 0.402692
vt 0.692244 0.399046
vt 0.699644 0.418319
vt 0.701517 0.396015
vt 0.708143 0.413816
vt 0.711391 0.393818
vt 0.717651 0.410806
vt 0.722799 0.390149
vt 0.728716 0.407017
vt 0.420121 0.399889
vt 0.411982 0.416298
vt 0.425315 0.401142
vt 0.431295 0.402598
vt 0.425792 0.417765
vt 0.418402 0.416979
vt 0.446765 0.406863
vt 0.441639 0.422266
vt 0.461920 0.409246
vt 0.457123 0.429389
vt 0.394207 0.098024
vt 0.648844 0.414208
vt 0.656716 0.437607
vt 0.596092 0.424063
vt 0.600168 0.452806
vt 0.579222 0.452979
vt 0.576706 0.424321
vt 0.580294 0.482785
vt 0.605077 0.483821
vt 0.628964 0.481661
vt 0.615778 0.421949
vt 0.622233 0.450172
vt 0.654320 0.472017
vt 0.664207 0.457199
vt 0.641806 0.444052
vt 0.634068 0.417499
vt 0.561089 0.495485
vt 0.561757 0.476887
vt 0.546721 0.486206
vt 0.546715 0.474542
vt 0.543366 0.421131
vt 0.543630 0.448011
vt 0.558622 0.422317
vt 0.560106 0.450702
vt 0.488239 0.388321
vt 0.506849 0.392631
vt 0.526832 0.396719
vt 0.591912 0.397696
vt 0.610778 0.396189
vt 0.573910 0.398256
vt 0.653936 0.387438
vt 0.664230 0.384392
vt 0.673990 0.381133
vt 0.683443 0.378175
vt 0.692970 0.375852
vt 0.702570 0.372986
vt 0.713505 0.368867
vt 0.429107 0.376604
vt 0.434144 0.377727
vt 0.439948 0.378965
vt 0.454846 0.382763
vt 0.468838 0.385717
vt 0.642061 0.390028
vt 0.627781 0.393467
vt 0.543215 0.397321
vt 0.557533 0.398021
vt 0.611029 0.317181
vt 0.613890 0.305066
vt 0.621657 0.305226
vt 0.624870 0.320798
vt 0.601346 0.300993
vt 0.609696 0.296095
vt 0.634683 0.319615
vt 0.629810 0.303606
vt 0.641485 0.315582
vt 0.635365 0.300691
vt 0.638073 0.289611
vt 0.645391 0.291526
vt 0.647415 0.309839
vt 0.638820 0.298925
vt 0.640185 0.262624
vt 0.634751 0.265844
vt 0.631792 0.256831
vt 0.634508 0.247962
vt 0.636977 0.277633
vt 0.643450 0.276692
vt 0.627760 0.291198
vt 0.633475 0.290062
vt 0.628361 0.256855
vt 0.621794 0.257649
vt 0.619928 0.245823
vt 0.629030 0.246758
vt 0.629900 0.267184
vt 0.623196 0.268689
vt 0.625448 0.279809
vt 0.631760 0.278527
vt 0.618658 0.293436
vt 0.596736 0.286888
vt 0.606077 0.284580
vt 0.615995 0.282126
vt 0.614161 0.270787
vt 0.604417 0.272880
vt 0.595718 0.272898
vt 0.612619 0.260153
vt 0.609478 0.249616
vt 0.605060 0.264174
vt 0.598871 0.257918
vt 0.493957 0.364271
vt 0.498623 0.339522
vt 0.513500 0.343161
vt 0.510655 0.368178
vt 0.476559 0.361005
vt 0.483693 0.336246
vt 0.462864 0.358079
vt 0.470193 0.333389
vt 0.448703 0.354795
vt 0.457180 0.328956
vt 0.451819 0.328401
vt 0.443091 0.353813
vt 0.702316 0.346042
vt 0.689449 0.319899
vt 0.447218 0.327909
vt 0.438265 0.352971
vt 0.691941 0.350788
vt 0.681236 0.325478
vt 0.682980 0.352776
vt 0.673169 0.328812
vt 0.674275 0.355371
vt 0.665210 0.332052
vt 0.665488 0.358279
vt 0.656823 0.334391
vt 0.647127 0.364169
vt 0.640909 0.340961
vt 0.649152 0.337821
vt 0.656487 0.361258
vt 0.636463 0.366882
vt 0.630422 0.342845
vt 0.622764 0.369169
vt 0.617371 0.343859
vt 0.606873 0.371881
vt 0.602106 0.346035
vt 0.588726 0.372524
vt 0.585387 0.346924
vt 0.571911 0.373015
vt 0.570452 0.347585
vt 0.557098 0.374064
vt 0.557006 0.347878
vt 0.543609 0.372755
vt 0.543171 0.347273
vt 0.528223 0.371965
vt 0.528848 0.345472
vt 0.501719 0.319103
vt 0.515435 0.321225
vt 0.488254 0.316115
vt 0.475302 0.312657
vt 0.463500 0.309862
vt 0.457910 0.307542
vt 0.680575 0.297111
vt 0.453249 0.305722
vt 0.673377 0.302639
vt 0.666027 0.307294
vt 0.657700 0.309979
vt 0.596289 0.317926
vt 0.581363 0.318665
vt 0.568285 0.322103
vt 0.555581 0.321578
vt 0.542887 0.321916
vt 0.529487 0.322278
vt 0.590211 0.303523
vt 0.578198 0.303726
vt 0.566584 0.303904
vt 0.586077 0.288523
vt 0.576169 0.288239
vt 0.565237 0.287257
vt 0.585769 0.273248
vt 0.576191 0.271820
vt 0.565660 0.270332
vt 0.653827 0.291452
vt 0.661538 0.289108
vt 0.650717 0.275236
vt 0.658249 0.273352
vt 0.647533 0.259850
vt 0.654988 0.257065
vt 0.643487 0.243420
vt 0.651654 0.240063
vt 0.587749 0.255303
vt 0.577430 0.253304
vt 0.567085 0.252308
vt 0.669108 0.285524
vt 0.665701 0.270040
vt 0.662517 0.254085
vt 0.659294 0.237119
vt 0.554932 0.303047
vt 0.554435 0.286298
vt 0.543113 0.303074
vt 0.542654 0.286064
vt 0.553921 0.269480
vt 0.540558 0.269355
vt 0.556215 0.251669
vt 0.544905 0.251710
vt 0.677006 0.282135
vt 0.457003 0.292387
vt 0.673608 0.267255
vt 0.460839 0.279165
vt 0.670194 0.251531
vt 0.464897 0.265058
vt 0.666979 0.234792
vt 0.465234 0.248952
vt 0.461836 0.293542
vt 0.467455 0.294813
vt 0.465567 0.279781
vt 0.470907 0.280571
vt 0.469089 0.265634
vt 0.473776 0.266345
vt 0.469471 0.249465
vt 0.474048 0.250041
vt 0.478817 0.296831
vt 0.490684 0.299227
vt 0.481761 0.281919
vt 0.485536 0.266146
vt 0.483329 0.248740
vt 0.503687 0.301437
vt 0.516700 0.303241
vt 0.530304 0.303470
vt 0.506740 0.272657
vt 0.507363 0.267666
vt 0.517669 0.268316
vt 0.517815 0.273369
vt 0.496921 0.270475
vt 0.499049 0.266896
vt 0.525541 0.268415
vt 0.527639 0.272662
vt 0.490657 0.262802
vt 0.496177 0.259526
vt 0.529573 0.261326
vt 0.535359 0.265543
vt 0.533069 0.248361
vt 0.539380 0.250255
vt 0.494741 0.246122
vt 0.488662 0.247676
vt 0.488314 0.229720
vt 0.494769 0.229352
vt 0.534631 0.232120
vt 0.541106 0.232389
vt 0.492622 0.284899
vt 0.495039 0.273789
vt 0.530779 0.287389
vt 0.529291 0.275983
vt 0.517689 0.288177
vt 0.505026 0.287095
vt 0.517821 0.277443
vt 0.506169 0.276658
vt 0.507319 0.258676
vt 0.518914 0.259450
vt 0.507326 0.245950
vt 0.519844 0.246193
vt 0.507934 0.231027
vt 0.521401 0.230908
vt 0.535580 0.212288
vt 0.542084 0.212283
vt 0.488177 0.209239
vt 0.495594 0.209502
vt 0.508815 0.211522
vt 0.522194 0.211306
vt 0.546749 0.232413
vt 0.558037 0.232337
vt 0.547718 0.212052
vt 0.559269 0.211875
vt 0.568676 0.232589
vt 0.569833 0.211773
vt 0.578780 0.233288
vt 0.579641 0.211818
vt 0.588420 0.234248
vt 0.598525 0.234266
vt 0.588687 0.211794
vt 0.598176 0.211166
vt 0.608809 0.231203
vt 0.607604 0.209588
vt 0.618153 0.228728
vt 0.616709 0.207851
vt 0.626206 0.228788
vt 0.623192 0.206332
vt 0.631029 0.227869
vt 0.640274 0.224820
vt 0.627456 0.205303
vt 0.635629 0.201794
vt 0.648546 0.221559
vt 0.643956 0.200407
vt 0.656259 0.218732
vt 0.652221 0.198316
vt 0.664150 0.216665
vt 0.464478 0.230369
vt 0.468734 0.230583
vt 0.473251 0.230808
vt 0.482813 0.229947
vt 0.660470 0.196256
vt 0.463647 0.208370
vt 0.467794 0.208717
vt 0.472570 0.209115
vt 0.482458 0.208886
vt 0.536441 0.190783
vt 0.542798 0.190712
vt 0.489873 0.186749
vt 0.497961 0.187605
vt 0.509977 0.188910
vt 0.522942 0.189825
vt 0.548324 0.190594
vt 0.559641 0.190233
vt 0.570302 0.190133
vt 0.579799 0.190164
vt 0.588773 0.189672
vt 0.597291 0.188899
vt 0.605515 0.187291
vt 0.613117 0.185958
vt 0.619149 0.185244
vt 0.623654 0.184177
vt 0.631179 0.181708
vt 0.639072 0.179547
vt 0.647142 0.176850
vt 0.655375 0.174359
vt 0.463885 0.183776
vt 0.468411 0.184460
vt 0.473273 0.185123
vt 0.483886 0.186403
vt 0.539486 0.120409
vt 0.540848 0.094014
vt 0.545618 0.093035
vt 0.544899 0.120418
vt 0.529164 0.119556
vt 0.531700 0.094069
vt 0.519152 0.118522
vt 0.523147 0.094562
vt 0.510366 0.117199
vt 0.515704 0.094065
vt 0.510030 0.092578
vt 0.504417 0.115852
vt 0.492337 0.112214
vt 0.499181 0.089978
vt 0.506072 0.091342
vt 0.499984 0.114067
vt 0.495687 0.089093
vt 0.488594 0.111211
vt 0.629885 0.104428
vt 0.621391 0.082029
vt 0.492679 0.088317
vt 0.485360 0.110326
vt 0.623550 0.106368
vt 0.615382 0.083151
vt 0.617277 0.108341
vt 0.609671 0.085210
vt 0.610958 0.110258
vt 0.604116 0.087417
vt 0.604976 0.111705
vt 0.599026 0.088903
vt 0.597517 0.113920
vt 0.591195 0.090550
vt 0.595158 0.089873
vt 0.601486 0.112757
vt 0.592001 0.114941
vt 0.586200 0.090559
vt 0.586123 0.115934
vt 0.581069 0.090908
vt 0.580060 0.116838
vt 0.575784 0.091195
vt 0.573575 0.117971
vt 0.570373 0.090971
vt 0.566695 0.119720
vt 0.564693 0.090166
vt 0.558817 0.120005
vt 0.557885 0.091754
vt 0.549577 0.120482
vt 0.549760 0.092238
vt 0.537887 0.147425
vt 0.543956 0.147222
vt 0.526368 0.144964
vt 0.514976 0.143355
vt 0.505019 0.141814
vt 0.498377 0.140129
vt 0.484894 0.136673
vt 0.492680 0.138769
vt 0.480530 0.135408
vt 0.639329 0.128626
vt 0.476540 0.134132
vt 0.632374 0.131121
vt 0.625567 0.133332
vt 0.618960 0.135261
vt 0.612858 0.136839
vt 0.604520 0.139407
vt 0.608619 0.138000
vt 0.597811 0.140278
vt 0.591164 0.141962
vt 0.584291 0.142761
vt 0.576368 0.143903
vt 0.567727 0.146736
vt 0.559508 0.146335
vt 0.549258 0.147095
vt 0.537199 0.169502
vt 0.543405 0.169071
vt 0.524292 0.167827
vt 0.511632 0.166743
vt 0.500262 0.165201
vt 0.493369 0.163756
vt 0.477945 0.160889
vt 0.487197 0.162872
vt 0.472901 0.159766
vt 0.648317 0.151622
vt 0.468755 0.158449
vt 0.640421 0.154442
vt 0.633020 0.157453
vt 0.625718 0.159014
vt 0.619298 0.160767
vt 0.608928 0.162926
vt 0.614330 0.161928
vt 0.602260 0.164203
vt 0.595059 0.166036
vt 0.587139 0.166745
vt 0.578664 0.167538
vt 0.569567 0.168158
vt 0.559756 0.168381
vt 0.548788 0.168814
vt 0.541747 0.070766
vt 0.545839 0.070100
vt 0.533758 0.071263
vt 0.525888 0.071967
vt 0.519393 0.072741
vt 0.514171 0.071705
vt 0.503963 0.069631
vt 0.510453 0.070594
vt 0.500620 0.068949
vt 0.614646 0.061464
vt 0.497737 0.068352
vt 0.608672 0.061802
vt 0.603340 0.064763
vt 0.598237 0.067066
vt 0.593373 0.067811
vt 0.586260 0.069315
vt 0.589897 0.068939
vt 0.581916 0.068992
vt 0.576919 0.067550
vt 0.572177 0.067197
vt 0.567548 0.067997
vt 0.562428 0.068290
vt 0.556389 0.069108
vt 0.549384 0.069523
vt 0.542112 0.050695
vt 0.545690 0.050536
vt 0.534800 0.051599
vt 0.527267 0.052440
vt 0.521170 0.053630
vt 0.516427 0.053121
vt 0.506438 0.051170
vt 0.512826 0.051846
vt 0.503141 0.050663
vt 0.610725 0.044908
vt 0.499981 0.050490
vt 0.604894 0.045791
vt 0.599392 0.047710
vt 0.594265 0.049485
vt 0.589693 0.050384
vt 0.582814 0.052072
vt 0.586264 0.051533
vt 0.578758 0.051322
vt 0.574306 0.050498
vt 0.569707 0.049260
vt 0.565226 0.049544
vt 0.560426 0.049523
vt 0.554939 0.049447
vt 0.548794 0.050394
vt 0.001367 0.475545
vt 0.507362 0.020866
vt 0.507990 0.008412
vt 0.012930 0.466133
vt 0.024541 0.459313
vt 0.021771 0.465210
vt 0.036557 0.464776
vt 0.032546 0.467776
vt 0.028032 0.465869
vt 0.031543 0.461632
vt 0.024523 0.499545
vt 0.031343 0.505841
vt 0.539569 0.022329
vt 0.532942 0.021731
vt 0.032676 0.494713
vt 0.037701 0.497661
vt 0.037296 0.489069
vt 0.039098 0.483800
vt 0.044195 0.483351
vt 0.042332 0.490681
vt 0.521615 0.024983
vt 0.517518 0.023771
vt 0.008564 0.478568
vt 0.009511 0.483741
vt 0.527095 0.024568
vt 0.012278 0.489951
vt 0.016281 0.495039
vt 0.022209 0.493530
vt 0.008711 0.474537
vt 0.014628 0.471239
vt 0.015899 0.480466
vt 0.015091 0.475552
vt 0.018529 0.487547
vt 0.021140 0.470044
vt 0.027833 0.490409
vt 0.021640 0.477873
vt 0.023797 0.484651
vt 0.021307 0.474020
vt 0.035160 0.483638
vt 0.032755 0.486627
vt 0.028829 0.482092
vt 0.033296 0.480034
vt 0.031754 0.475748
vt 0.026896 0.476864
vt 0.030925 0.472551
vt 0.026610 0.473288
vt 0.030383 0.470303
vt 0.026859 0.469984
vt 0.037952 0.478905
vt 0.043315 0.477713
vt 0.035061 0.470520
vt 0.036706 0.474038
vt 0.041829 0.472613
vt 0.094046 0.517380
vt 0.096073 0.521824
vt 0.087813 0.525676
vt 0.085485 0.520690
vt 0.097619 0.525539
vt 0.089169 0.529534
vt 0.090284 0.532330
vt 0.099070 0.529021
vt 0.100726 0.533486
vt 0.092476 0.538301
vt 0.072458 0.531968
vt 0.579002 0.024252
vt 0.574873 0.023499
vt 0.070572 0.528138
vt 0.582139 0.024398
vt 0.073557 0.534762
vt 0.589950 0.021840
vt 0.585261 0.023592
vt 0.583266 0.013752
vt 0.076468 0.542311
vt 0.077380 0.547778
vt 0.595405 0.019842
vt 0.067867 0.524481
vt 0.570580 0.023167
vt 0.566428 0.023107
vt 0.064360 0.521243
vt 0.562276 0.023271
vt 0.059671 0.518457
vt 0.053478 0.516728
vt 0.557769 0.023443
vt 0.553135 0.023038
vt 0.046848 0.514396
vt 0.541594 0.033590
vt 0.545319 0.034902
vt 0.534610 0.035305
vt 0.527638 0.036650
vt 0.521728 0.037726
vt 0.517051 0.036764
vt 0.507034 0.034931
vt 0.513248 0.034640
vt 0.503705 0.034775
vt 0.609022 0.030555
vt 0.500501 0.034970
vt 0.602709 0.031952
vt 0.596927 0.032632
vt 0.591573 0.034341
vt 0.587279 0.035912
vt 0.580480 0.037098
vt 0.583936 0.037265
vt 0.576529 0.036577
vt 0.572189 0.035574
vt 0.567690 0.034545
vt 0.563528 0.035005
vt 0.558853 0.034951
vt 0.553288 0.033574
vt 0.548196 0.034881
vt 0.601181 0.019030
vt 0.077349 0.553821
vt 0.608346 0.017207
vt 0.078000 0.561237
vt 0.025147 0.442189
vt 0.499672 0.021106
vt 0.501830 0.007087
vt 0.503095 0.020989
vt 0.048630 0.483736
vt 0.046980 0.491363
vt 0.029832 0.454250
vt 0.041544 0.462212
vt 0.036948 0.458445
vt 0.048150 0.476774
vt 0.130709 0.514140
vt 0.129276 0.512911
vt 0.490750 0.026032
vt 0.029722 0.007946
vt 0.109072 0.453358
vt 0.105906 0.454412
vt 0.103308 0.451046
vt 0.108353 0.449298
vt 0.117814 0.523140
vt 0.116104 0.519912
vt 0.123030 0.515780
vt 0.124948 0.518048
vt 0.485301 0.027205
vt 0.481425 0.031296
vt 0.480789 0.031296
vt 0.481301 0.028423
vt 0.478430 0.008777
vt 0.480145 0.007150
vt 0.481793 0.012341
vt 0.478655 0.014815
vt 0.478243 0.006485
vt 0.479109 0.005217
vt 0.477017 0.006870
vt 0.479061 0.054452
vt 0.480565 0.056032
vt 0.477736 0.004168
vt 0.479786 0.051499
vt 0.482409 0.051278
vt 0.477013 0.009532
vt 0.478088 0.049211
vt 0.476821 0.011739
vt 0.477584 0.011574
vt 0.478088 0.015595
vt 0.479605 0.031722
vt 0.480422 0.028802
vt 0.119982 0.003106
vt 0.120578 0.001488
vt 0.122803 0.002535
vt 0.123394 0.003613
vt 0.481393 0.044852
vt 0.479458 0.044253
vt 0.484300 0.046539
vt 0.106559 0.499460
vt 0.111773 0.497307
vt 0.113590 0.502641
vt 0.108408 0.505255
vt 0.106014 0.491742
vt 0.109655 0.491024
vt 0.106250 0.485083
vt 0.110048 0.484064
vt 0.103712 0.475311
vt 0.108560 0.475472
vt 0.110963 0.480702
vt 0.104838 0.480528
vt 0.103508 0.469879
vt 0.107374 0.469442
vt 0.046332 0.005967
vt 0.044888 0.006654
vt 0.042098 0.005363
vt 0.043035 0.003550
vt 0.098179 0.439525
vt 0.107357 0.438741
vt 0.107293 0.442091
vt 0.099329 0.444046
vt 0.037366 0.013632
vt 0.033241 0.014886
vt 0.033842 0.008813
vt 0.035571 0.010759
vt 0.049364 0.012251
vt 0.047454 0.011970
vt 0.046445 0.008438
vt 0.048522 0.007709
vt 0.127520 0.532058
vt 0.132969 0.528366
vt 0.134420 0.531404
vt 0.098268 0.435226
vt 0.047091 0.017553
vt 0.045511 0.016104
vt 0.123498 0.529763
vt 0.130282 0.525604
vt 0.043308 0.009377
vt 0.043927 0.012011
vt 0.042583 0.011897
vt 0.041856 0.009797
vt 0.043716 0.007544
vt 0.042636 0.008466
vt 0.041201 0.008280
vt 0.041513 0.006808
vt 0.045225 0.012742
vt 0.045052 0.009060
vt 0.043275 0.013863
vt 0.038908 0.011638
vt 0.038087 0.012174
vt 0.037039 0.010137
vt 0.038700 0.010235
vt 0.484927 0.030917
vt 0.488342 0.027248
vt 0.482806 0.006164
vt 0.484653 0.010736
vt 0.480951 0.003419
vt 0.479619 0.060156
vt 0.482360 0.058009
vt 0.485196 0.053213
vt 0.486762 0.048476
vt 0.114826 0.516951
vt 0.113722 0.513952
vt 0.119250 0.510418
vt 0.121204 0.513453
vt 0.487027 0.034122
vt 0.487700 0.038087
vt 0.484684 0.037516
vt 0.482398 0.033473
vt 0.481530 0.036273
vt 0.480871 0.033717
vt 0.479935 0.035872
vt 0.479379 0.033287
vt 0.131959 0.004287
vt 0.130433 0.004301
vt 0.130082 0.003175
vt 0.132220 0.003291
vt 0.480305 0.022360
vt 0.480973 0.024607
vt 0.480218 0.024940
vt 0.479410 0.022540
vt 0.483682 0.020661
vt 0.484649 0.023371
vt 0.487981 0.019739
vt 0.489614 0.023034
vt 0.108798 0.455746
vt 0.108432 0.458508
vt 0.104224 0.459203
vt 0.105136 0.456640
vt 0.544343 0.027354
vt 0.546018 0.027749
vt 0.543677 0.022294
vt 0.550450 0.027364
vt 0.547784 0.027861
vt 0.550152 0.022407
vt 0.547097 0.022361
vt 0.545488 0.022322
vt 0.546623 0.016714
vt 0.546110 0.009722
vt 0.549229 0.017590
vt 0.543213 0.017070
vt 0.544943 0.016805
vt 0.037836 0.507188
vt 0.043144 0.498903
vt 0.082489 0.514871
vt 0.091803 0.511823
vt 0.090133 0.504729
vt 0.078922 0.507340
vt 0.107839 0.524639
vt 0.109569 0.528174
vt 0.104938 0.517917
vt 0.106426 0.521309
vt 0.102998 0.513806
vt 0.100869 0.508492
vt 0.099185 0.502024
vt 0.112106 0.509773
vt 0.116195 0.506690
vt 0.487484 0.044075
vt 0.484768 0.042796
vt 0.481797 0.041221
vt 0.479264 0.041578
vt 0.126272 0.004213
vt 0.126673 0.002798
vt 0.479930 0.019415
vt 0.479082 0.020089
vt 0.483647 0.017088
vt 0.486616 0.015389
vt 0.107706 0.464031
vt 0.103394 0.464592
vt 0.101133 0.447802
vt 0.107240 0.445905
vt 0.038648 0.005501
vt 0.036745 0.006449
vt 0.035143 0.004969
vt 0.038763 0.003520
vt 0.039728 0.008518
vt 0.038643 0.008649
vt 0.037653 0.007577
vt 0.039162 0.006896
vt 0.040543 0.011626
vt 0.040150 0.009711
vt 0.040348 0.013896
vt 0.039920 0.016352
vt 0.040157 0.019423
vt 0.127178 0.522197
vt 0.120301 0.526595
vt 0.492500 0.023047
vt 0.113730 0.447569
vt 0.485314 0.025536
vt 0.481418 0.026250
vt 0.480579 0.026396
vt 0.129369 0.001253
vt 0.130855 0.001410
vt 0.127428 0.001047
vt 0.120962 0.000743
vt 0.122725 0.000904
vt 0.100374 0.455574
vt 0.096311 0.453992
vt 0.099290 0.457412
vt 0.098047 0.459506
vt 0.091469 0.459065
vt 0.094068 0.456373
vt 0.097864 0.481718
vt 0.096939 0.476060
vt 0.090151 0.483183
vt 0.089211 0.477006
vt 0.082552 0.483404
vt 0.082013 0.477826
vt 0.096713 0.470557
vt 0.088199 0.471951
vt 0.089074 0.465323
vt 0.096825 0.464928
vt 0.083418 0.459599
vt 0.085825 0.455862
vt 0.089358 0.451891
vt 0.081685 0.465497
vt 0.081318 0.472107
vt 0.074511 0.461120
vt 0.075123 0.457351
vt 0.074508 0.466446
vt 0.074995 0.472619
vt 0.075359 0.478417
vt 0.074959 0.483309
vt 0.053656 0.476012
vt 0.052308 0.469972
vt 0.057896 0.467549
vt 0.059179 0.475030
vt 0.059533 0.482959
vt 0.053632 0.483725
vt 0.067478 0.481695
vt 0.070995 0.477779
vt 0.066203 0.473952
vt 0.070309 0.473186
vt 0.070032 0.468351
vt 0.066568 0.465949
vt 0.056806 0.463065
vt 0.050409 0.465259
vt 0.065313 0.460328
vt 0.088222 0.446238
vt 0.086713 0.440159
vt 0.075972 0.453337
vt 0.075263 0.448506
vt 0.074044 0.442887
vt 0.064464 0.455698
vt 0.062944 0.451019
vt 0.061202 0.445361
vt 0.055034 0.457867
vt 0.052036 0.453190
vt 0.047555 0.459679
vt 0.043235 0.454785
vt 0.048302 0.446285
vt 0.036583 0.449341
vt 0.099140 0.487440
vt 0.090686 0.489310
vt 0.082363 0.490024
vt 0.074388 0.490162
vt 0.066768 0.490092
vt 0.058701 0.491502
vt 0.051826 0.491395
vt 0.111665 0.531930
vt 0.102450 0.538154
vt 0.094024 0.543847
vt 0.114533 0.535356
vt 0.104296 0.542962
vt 0.086251 0.435635
vt 0.117448 0.538493
vt 0.107289 0.545639
vt 0.073330 0.437625
vt 0.091872 0.563253
vt 0.101235 0.556521
vt 0.074897 0.519220
vt 0.071064 0.515005
vt 0.078016 0.524168
vt 0.080594 0.529225
vt 0.081880 0.532201
vt 0.082920 0.534794
vt 0.085121 0.540929
vt 0.086220 0.546577
vt 0.087379 0.552744
vt 0.088910 0.558624
vt 0.095876 0.549104
vt 0.098258 0.552828
vt 0.048895 0.499840
vt 0.052954 0.505964
vt 0.058833 0.509586
vt 0.065133 0.512015
vt 0.055454 0.497197
vt 0.058274 0.500656
vt 0.063527 0.503056
vt 0.070332 0.504868
vt 0.073213 0.497411
vt 0.081232 0.497769
vt 0.090265 0.496464
vt 0.066157 0.496762
vt 0.061015 0.495983
vt 0.098860 0.494231
vt 0.660660 0.058431
vt 0.659393 0.057880
vt 0.659589 0.052249
vt 0.660973 0.052679
vt 0.658245 0.057662
vt 0.658243 0.052098
vt 0.656470 0.031218
vt 0.657951 0.028925
vt 0.658903 0.032824
vt 0.658646 0.036247
vt 0.659166 0.028340
vt 0.660987 0.027544
vt 0.662381 0.031767
vt 0.660446 0.032298
vt 0.663088 0.026931
vt 0.663862 0.031762
vt 0.662832 0.058915
vt 0.663016 0.052867
vt 0.664554 0.026604
vt 0.665524 0.031497
vt 0.665516 0.059239
vt 0.664128 0.059089
vt 0.664480 0.052901
vt 0.666066 0.053135
vt 0.655217 0.032679
vt 0.655868 0.040432
vt 0.656587 0.056342
vt 0.653892 0.040367
vt 0.666483 0.026388
vt 0.667155 0.031483
vt 0.657458 0.041657
vt 0.655977 0.044507
vt 0.658598 0.038654
vt 0.659654 0.038803
vt 0.659036 0.041786
vt 0.660602 0.042007
vt 0.659979 0.046451
vt 0.658346 0.045666
vt 0.660100 0.036427
vt 0.661608 0.035909
vt 0.661118 0.038717
vt 0.662248 0.042572
vt 0.661724 0.046267
vt 0.663500 0.036497
vt 0.662976 0.039686
vt 0.658805 0.049257
vt 0.657271 0.048661
vt 0.660485 0.049356
vt 0.663942 0.043028
vt 0.663586 0.046499
vt 0.665153 0.036348
vt 0.664516 0.039704
vt 0.662412 0.049910
vt 0.666019 0.042982
vt 0.665463 0.046397
vt 0.666648 0.036059
vt 0.666385 0.039384
vt 0.664074 0.050247
vt 0.665862 0.050630
vt 0.477400 0.047947
vt 0.475558 0.048980
vt 0.476998 0.013657
vt 0.477552 0.016287
vt 0.478306 0.020713
vt 0.478605 0.022702
vt 0.479658 0.025246
vt 0.132945 0.001459
vt 0.133489 0.000743
vt 0.479669 0.029300
vt 0.133562 0.003133
vt 0.478615 0.031527
vt 0.133108 0.004280
vt 0.132758 0.006125
vt 0.478648 0.035720
vt 0.478073 0.041155
vt 0.477464 0.043811
vt 0.111956 0.457520
vt 0.112266 0.454564
vt 0.111411 0.463409
vt 0.111334 0.469395
vt 0.112010 0.475796
vt 0.112778 0.480187
vt 0.112809 0.483316
vt 0.113523 0.489462
vt 0.115045 0.495912
vt 0.117159 0.500988
vt 0.119690 0.504560
vt 0.123229 0.508124
vt 0.490746 0.035034
vt 0.110629 0.438453
vt 0.110935 0.441517
vt 0.112861 0.444859
vt 0.131340 0.519648
vt 0.133440 0.523297
vt 0.135551 0.526391
vt 0.110586 0.436503
vt 0.481351 0.592528
vt 0.663833 0.023063
vt 0.662627 0.023376
vt 0.660205 0.024251
vt 0.475977 0.593143
vt 0.657715 0.025547
vt 0.656773 0.026158
vt 0.473989 0.593561
vt 0.655597 0.026151
vt 0.658698 0.061341
vt 0.659658 0.061615
vt 0.660778 0.062034
vt 0.478840 0.593107
vt 0.479838 0.593036
vt 0.665266 0.062725
vt 0.044817 0.466679
vt 0.046937 0.471404
vt 0.039797 0.468458
vt 0.718766 0.506527
vt 0.514503 0.614429
vt 0.509534 0.617409
vt 0.506815 0.620803
vt 0.505377 0.625197
vt 0.506477 0.628743
vt 0.509574 0.633636
vt 0.513083 0.635569
vt 0.516629 0.636466
vt 0.524308 0.635325
vt 0.530113 0.630836
vt 0.531535 0.628751
vt 0.532577 0.626552
vt 0.532883 0.624274
vt 0.532064 0.620999
vt 0.529241 0.617062
vt 0.526202 0.614936
vt 0.519989 0.613367
vt 0.505491 0.623461
vt 0.460905 0.623208
vt 0.466641 0.624447
vt 0.465486 0.624987
vt 0.460216 0.624296
vt 0.470375 0.626839
vt 0.468656 0.626771
vt 0.472936 0.630618
vt 0.473117 0.634253
vt 0.471670 0.634607
vt 0.472077 0.630629
vt 0.471828 0.639925
vt 0.470450 0.639907
vt 0.469097 0.642898
vt 0.467708 0.642669
vt 0.465999 0.644881
vt 0.458305 0.646235
vt 0.457530 0.645066
vt 0.464719 0.644345
vt 0.451271 0.643836
vt 0.451672 0.643058
vt 0.449218 0.642269
vt 0.450336 0.642032
vt 0.447540 0.640389
vt 0.446686 0.638205
vt 0.447122 0.638128
vt 0.448770 0.640493
vt 0.446353 0.634866
vt 0.447535 0.634341
vt 0.447757 0.630381
vt 0.449931 0.627402
vt 0.450529 0.628268
vt 0.448634 0.630867
vt 0.455325 0.623931
vt 0.455345 0.624966
vt 0.472378 0.629043
vt 0.471169 0.628933
vt 0.510874 0.617575
vt 0.515442 0.615257
vt 0.516820 0.617418
vt 0.513206 0.618939
vt 0.508601 0.620238
vt 0.509971 0.622046
vt 0.507933 0.628628
vt 0.505905 0.624911
vt 0.508555 0.624589
vt 0.510541 0.626782
vt 0.510918 0.633119
vt 0.513018 0.631352
vt 0.514328 0.634864
vt 0.515549 0.632989
vt 0.524641 0.633968
vt 0.517662 0.635521
vt 0.518312 0.633563
vt 0.524033 0.631636
vt 0.529303 0.630208
vt 0.527642 0.627729
vt 0.530128 0.628897
vt 0.528838 0.626740
vt 0.532703 0.624636
vt 0.531210 0.627184
vt 0.530565 0.626092
vt 0.530405 0.624750
vt 0.531045 0.620682
vt 0.528502 0.622245
vt 0.525880 0.615970
vt 0.528580 0.617775
vt 0.526176 0.619939
vt 0.524413 0.618454
vt 0.520268 0.614400
vt 0.520579 0.616550
vt 0.506615 0.622884
vt 0.508272 0.623609
vt 0.463878 0.626931
vt 0.459411 0.626842
vt 0.467943 0.628555
vt 0.468302 0.633949
vt 0.468959 0.630991
vt 0.468013 0.638959
vt 0.466015 0.641323
vt 0.457286 0.642675
vt 0.463490 0.642740
vt 0.452198 0.640487
vt 0.450741 0.639834
vt 0.449801 0.638040
vt 0.449232 0.639242
vt 0.451260 0.635118
vt 0.452752 0.630108
vt 0.451864 0.632196
vt 0.455641 0.627050
vt 0.469270 0.629922
vt 0.409227 0.437512
vt 0.707279 0.438393
vt 0.698578 0.443031
vt 0.692472 0.493786
vt 0.436783 0.111773
vt 0.419304 0.092210
vt 0.425126 0.076351
vt 0.429339 0.062052
vt 0.682504 0.505853
vt 0.669487 0.533254
vt 0.703720 0.479584
vt 0.709233 0.450810
vt 0.709280 0.462318
vt 0.705613 0.470804
vt 0.640345 0.544422
vt 0.613050 0.548791
vt 0.459637 0.167010
vt 0.450945 0.134357
vt 0.456313 0.179995
vt 0.444955 0.198569
vt 0.557422 0.527698
vt 0.449151 0.229607
vt 0.399504 0.806768
vt 0.069352 0.730510
vt 0.743032 0.490279
vt 0.128680 0.779499
vt 0.356209 0.026205
vt 0.374653 0.044847
vt 0.390781 0.039957
vt 0.405290 0.036573
vt 0.771166 0.526037
vt 0.735757 0.484320
vt 0.729821 0.477627
vt 0.719676 0.450059
vt 0.721548 0.461260
vt 0.726569 0.469166
vt 0.801765 0.533075
vt 0.829719 0.533883
vt 0.302445 0.000035
vt 0.334529 0.010691
vt 0.289279 0.002574
vt 0.270052 0.012800
vt 0.254204 0.026748
vt 0.858456 0.532583
vt 0.042411 0.509008
vt 0.542654 0.009767
vt 0.000000 0.481867
vt 0.513415 0.020024
vt 0.018231 0.450123
vt 0.611686 0.000025
vt 0.494331 0.005558
vt 0.580911 0.014511
vt 0.074787 0.537094
vt 0.539130 0.012124
vt 0.551166 0.013455
vt 0.615353 0.029194
vt 0.615686 0.015703
vt 0.013931 0.458323
vt 0.605303 0.004285
vt 0.598815 0.007845
vt 0.593299 0.009917
vt 0.616398 0.044056
vt 0.556581 0.013339
vt 0.561407 0.012697
vt 0.565930 0.013301
vt 0.570113 0.013995
vt 0.574215 0.014424
vt 0.588274 0.012063
vt 0.578138 0.014608
vt 0.010425 0.499711
vt 0.004442 0.493471
vt 0.001122 0.487040
vt 0.532923 0.011043
vt 0.513249 0.008181
vt 0.656794 0.148441
vt 0.646309 0.125756
vt 0.620848 0.061095
vt 0.627687 0.080638
vt 0.663903 0.172075
vt 0.636543 0.102354
vt 0.669210 0.194507
vt 0.672014 0.215014
vt 0.674374 0.232873
vt 0.677805 0.249184
vt 0.681595 0.264538
vt 0.685034 0.278805
vt 0.688776 0.292773
vt 0.698087 0.314266
vt 0.723806 0.360365
vt 0.711244 0.337730
vt 0.747852 0.425342
vt 0.431534 0.045401
vt 0.740758 0.401455
vt 0.734937 0.383579
vt 0.426748 0.040413
vt 0.710684 0.437835
vt 0.349739 0.361468
vt 0.861608 0.611534
vt 0.850301 0.649340
vt 0.855118 0.653655
vt 0.883692 0.664342
vt 0.283813 0.338793
vt 0.863627 0.532216
vt 0.311277 0.358860
vt 0.309109 0.357668
vt 0.346353 0.360768
vt 0.340681 0.363473
vt 0.274673 0.366735
vt 0.276909 0.353427
vt 0.384029 0.366720
vt 0.289270 0.344188
vt 0.294964 0.348916
vt 0.299987 0.351997
vt 0.270825 0.381128
vt 0.335386 0.362330
vt 0.330770 0.360783
vt 0.326215 0.360517
vt 0.321976 0.360404
vt 0.317868 0.360046
vt 0.304513 0.355059
vt 0.313981 0.359482
vt 0.848269 0.628773
vt 0.847087 0.637337
vt 0.848173 0.644493
vt 0.359050 0.364569
vt 0.378909 0.365495
vt 0.211340 0.475941
vt 0.225942 0.455661
vt 0.263220 0.397012
vt 0.252794 0.414901
vt 0.199872 0.497796
vt 0.239975 0.434540
vt 0.190401 0.518811
vt 0.183754 0.538412
vt 0.178045 0.555498
vt 0.171579 0.570861
vt 0.164942 0.585216
vt 0.158856 0.598570
vt 0.152530 0.611573
vt 0.139306 0.630907
vt 0.105300 0.671282
vt 0.121933 0.651445
vt 0.720350 0.437845
vt 0.407136 0.809303
vt 0.400827 0.785417
vt 0.089963 0.691960
vt 0.424396 0.038021
vt 0.079527 0.568877
vt 0.106717 0.435951
vt 0.109830 0.548944
vt 0.060063 0.439475
vt 0.044227 0.438976
vt 0.119167 0.542156
vt 0.127995 0.536050
vt 0.893948 0.666707
vt 0.963653 0.623886
vt 0.935639 0.642124
vt 0.923811 0.648412
vt 0.911282 0.658111
vt 0.947268 0.636153
vt 0.957238 0.629431
vt 0.051712 0.006216
vt 0.137398 0.528934
vt 0.049635 0.003097
vt 0.052829 0.012237
vt 0.049837 0.019375
vt 0.041655 0.023393
vt 0.031099 0.017200
vt 0.037710 0.000137
vt 0.032663 0.002731
vt 0.045000 0.000035
vt 0.116333 0.448523
vt 0.101427 0.000243
vt 0.963400 0.613068
vt 0.105758 0.023439
vt 0.934030 0.537481
vt 0.940596 0.548883
vt 0.113864 0.002412
vt 0.094984 0.006700
vt 0.966462 0.621168
vt 0.965353 0.619564
vt 0.116047 0.016801
vt 0.933923 0.533737
vt 0.112514 0.451996
vt 0.491778 0.020891
vt 0.126517 0.510320
vt 0.491172 0.030187
vt 0.491133 0.039889
vt 0.490613 0.045521
vt 0.489824 0.050038
vt 0.488190 0.055132
vt 0.485268 0.060431
vt 0.480707 0.062793
vt 0.482774 0.001864
vt 0.485124 0.004703
vt 0.487886 0.009048
vt 0.489754 0.013484
vt 0.491162 0.018331
vt 0.129904 0.509321
vt 0.008435 0.021989
vt 0.955237 0.603348
vt 0.936040 0.552052
vt 0.936753 0.548334
vt 0.031346 0.040113
vt 0.933892 0.560721
vt 0.004306 0.015516
vt 0.947765 0.594098
vt 0.000383 0.002541
vt 0.940789 0.581961
vt 0.009548 0.023972
vt 0.962298 0.606467
vt 0.022947 0.034268
vt 0.944555 0.588518
vt 0.937760 0.576565
vt 0.935207 0.570450
vt 0.132043 0.000567
vt 0.479831 0.026609
vt 0.134284 0.004710
vt 0.479061 0.033913
vt 0.119207 0.000877
vt 0.476260 0.013307
vt 0.476260 0.050353
vt 0.481316 0.000027
vt 0.479289 0.001976
vt 0.122631 0.004965
vt 0.118889 0.003309
vt 0.125288 0.005791
vt 0.130992 0.005949
vt 0.135332 0.002667
vt 0.129081 0.000354
vt 0.126904 0.000036
vt 0.122319 0.000110
vt 0.119545 0.000071
vt 0.478186 0.057796
vt 0.476913 0.052319
vt 0.476969 0.055158
vt 0.057759 0.000659
vt 0.056315 0.000850
vt 0.026624 0.021310
vt 0.058864 0.006030
vt 0.040688 0.030273
vt 0.009933 0.003421
vt 0.002806 0.000034
vt 0.000000 0.000227
vt 0.067215 0.004962
vt 0.070940 0.003268
vt 0.032655 0.025440
vt 0.025156 0.019377
vt 0.054491 0.002792
vt 0.018623 0.013444
vt 0.062893 0.000076
vt 0.014576 0.008356
vt 0.013000 0.006180
vt 0.040142 0.028831
vt 0.013236 0.005398
vt 0.044910 0.036699
vt 0.043772 0.034025
vt 0.132065 0.510211
vt 0.115842 0.450850
vt 0.964061 0.608063
vt 0.939368 0.550873
vt 0.280742 0.337807
vt 0.612000 0.796482
vt 0.593971 0.581695
vt 0.584540 0.550533
vt 0.601344 0.610596
vt 0.622601 0.701679
vt 0.326859 0.270615
vt 0.342495 0.261351
vt 0.365369 0.257349
vt 0.621772 0.726690
vt 0.220902 0.367588
vt 0.237733 0.378047
vt 0.164008 0.404975
vt 0.156518 0.417306
vt 0.203302 0.373859
vt 0.152533 0.427942
vt 0.149067 0.438539
vt 0.144117 0.450826
vt 0.638060 0.917486
vt 0.643532 0.902811
vt 0.629205 0.859059
vt 0.638508 0.869216
vt 0.261969 0.360979
vt 0.611853 0.827347
vt 0.618859 0.751977
vt 0.175168 0.393355
vt 0.189085 0.382706
vt 0.614911 0.843301
vt 0.253532 0.387489
vt 0.648969 0.882760
vt 0.865993 0.778060
vt 0.096956 0.185487
vt 0.223080 0.035020
vt 0.239314 0.006750
vt 0.212314 0.063267
vt 0.176069 0.138086
vt 0.191079 0.126324
vt 0.201253 0.111292
vt 0.206612 0.088713
vt 0.156529 0.147931
vt 0.087821 0.226068
vt 0.078422 0.208619
vt 0.046564 0.281454
vt 0.034196 0.287333
vt 0.080479 0.243251
vt 0.023344 0.290672
vt 0.012561 0.293492
vt 0.864580 0.916570
vt 0.857269 0.903709
vt 0.849953 0.889362
vt 0.857688 0.843114
vt 0.849915 0.854558
vt 0.085448 0.190596
vt 0.137256 0.157207
vt 0.121237 0.168188
vt 0.059290 0.270136
vt 0.070774 0.256900
vt 0.069976 0.192265
vt 0.869767 0.825490
vt 0.841546 0.869628
vt 0.108978 0.111060
vt 0.113425 0.108172
vt 0.105061 0.113117
vt 0.101733 0.115089
vt 0.098985 0.117468
vt 0.096720 0.120136
vt 0.094973 0.123184
vt 0.092228 0.126805
vt 0.088029 0.128665
vt 0.117867 0.104923
vt 0.122248 0.101011
vt 0.130330 0.094862
vt 0.172946 0.090674
vt 0.166246 0.092115
vt 0.161206 0.093101
vt 0.153723 0.092662
vt 0.139354 0.092628
vt 0.147011 0.093915
vt 0.917249 0.492670
vt 0.916860 0.487382
vt 0.917981 0.497034
vt 0.918424 0.500876
vt 0.918192 0.504504
vt 0.917437 0.507922
vt 0.916066 0.511156
vt 0.914843 0.515533
vt 0.891670 0.425942
vt 0.916760 0.481879
vt 0.917226 0.476024
vt 0.917234 0.465869
vt 0.894792 0.429400
vt 0.897697 0.435607
vt 0.899960 0.440217
vt 0.904836 0.445911
vt 0.913554 0.457332
vt 0.907898 0.452014
vt 0.042642 0.081055
vt 0.856364 0.019450
vt 0.157161 0.020844
vt 0.820227 0.026897
vt 0.820516 0.036540
vt 0.857021 0.014260
vt 0.817624 0.040118
vt 0.817742 0.042738
vt 0.166273 0.019876
vt 0.852118 0.030105
vt 0.854927 0.027217
vt 0.820474 0.023824
vt 0.760154 0.025829
vt 0.983507 0.522696
vt 0.628680 0.035977
vt 0.956567 0.396131
vt 0.632264 0.039203
vt 0.757920 0.015561
vt 0.636846 0.039601
vt 0.759959 0.011780
vt 0.621889 0.027919
vt 0.982814 0.531990
vt 0.980208 0.529641
vt 0.623131 0.030355
vt 0.050314 0.064787
vt 0.966026 0.007221
vt 0.142098 0.019640
vt 0.415384 0.006273
vt 0.047819 0.067755
vt 0.414044 0.003328
vt 0.053649 0.055343
vt 0.421337 0.016916
vt 0.965733 0.018874
vt 0.150332 0.014032
vt 0.055196 0.058417
vt 0.421124 0.014711
vt 0.670986 0.009085
vt 0.990920 0.507752
vt 0.050869 0.037510
vt 0.967555 0.407240
vt 0.668753 0.012417
vt 0.966090 0.404412
vt 0.678617 0.000033
vt 0.976099 0.413735
vt 0.992059 0.518377
vt 0.046385 0.027057
vt 0.675107 0.001794
vt 0.054282 0.042088
vt 0.778199 0.043977
vt 0.061055 0.050345
vt 0.124303 0.020321
vt 0.995475 0.016099
vt 0.119844 0.020359
vt 0.777169 0.040622
vt 0.070275 0.044924
vt 0.999336 0.026056
vt 0.780170 0.054463
vt 0.992402 0.009374
vt 0.780946 0.051719
vt 0.994507 0.011628
vt 0.994171 0.489687
vt 0.928000 0.038516
vt 0.695143 0.051217
vt 0.978555 0.422165
vt 0.695750 0.055938
vt 0.993911 0.486156
vt 0.931161 0.028264
vt 0.983815 0.430559
vt 0.694152 0.037190
vt 0.694387 0.039683
vt 0.926347 0.041844
vt 0.693521 0.042643
vt 0.719577 0.023518
vt 0.094046 0.057154
vt 0.714474 0.012832
vt 0.109585 0.039853
vt 0.119964 0.040902
vt 0.106360 0.053643
vt 0.112268 0.050401
vt 0.118001 0.046119
vt 0.966883 0.467506
vt 0.439382 0.042892
vt 0.970592 0.477150
vt 0.450747 0.000020
vt 0.966473 0.441486
vt 0.964556 0.460025
vt 0.963564 0.453360
vt 0.963506 0.446205
vt 0.689760 0.093436
vt 0.707626 0.195087
vt 0.797238 0.064607
vt 0.815548 0.211750
vt 0.809455 0.062048
vt 0.827885 0.211307
vt 0.791550 0.065659
vt 0.832954 0.210196
vt 0.784209 0.066499
vt 0.843010 0.209943
vt 0.771563 0.067905
vt 0.840266 0.044455
vt 0.875881 0.214713
vt 0.894385 0.217017
vt 0.751938 0.072666
vt 0.673150 0.096493
vt 0.686003 0.195092
vt 0.671274 0.097141
vt 0.688287 0.194707
vt 0.177588 0.091068
vt 0.668753 0.097416
vt 0.691568 0.194117
vt 0.733252 0.080080
vt 0.715961 0.086525
vt 0.163128 0.405306
vt 0.931359 0.227677
vt 0.885765 0.014665
vt 0.185899 0.049244
vt 0.186444 0.044050
vt 0.185177 0.056881
vt 0.184012 0.064839
vt 0.182238 0.073579
vt 0.179994 0.082818
vt 0.085219 0.059176
vt 0.077508 0.056023
vt 0.185971 0.040583
vt 0.186074 0.036951
vt 0.075189 0.052766
vt 0.073154 0.049742
vt 0.055377 0.054281
vt 0.991489 0.007043
vt 0.132554 0.013074
vt 0.035477 0.085819
vt 0.169395 0.018827
vt 0.854861 0.010546
vt 0.042517 0.068680
vt 0.151619 0.011400
vt 0.745487 0.059746
vt 0.956668 0.028923
vt 0.738813 0.050833
vt 0.965327 0.037581
vt 0.001908 0.091955
vt 0.194150 0.001376
vt 0.006788 0.102169
vt 0.205768 0.006771
vt 0.811389 0.000463
vt 0.779576 0.038719
vt 0.812815 0.014439
vt 0.775514 0.026886
vt 0.917064 0.018610
vt 0.382745 0.037228
vt 0.925951 0.026530
vt 0.371529 0.030779
vt 0.755313 0.044061
vt 0.986276 0.031939
vt 0.767649 0.056889
vt 0.970430 0.018645
vt 0.768729 0.040229
vt 0.995177 0.029174
vt 0.774982 0.055753
vt 0.984816 0.012236
vt 0.739303 0.057258
vt 0.957280 0.034897
vt 0.000167 0.097899
vt 0.203861 0.001753
vt 0.807457 0.008067
vt 0.772781 0.033699
vt 0.917195 0.023776
vt 0.372679 0.035639
vt 0.776850 0.037905
vt 0.116257 0.020004
vt 0.753346 0.044854
vt 0.748632 0.045638
vt 0.750771 0.059653
vt 0.754587 0.059174
vt 0.962964 0.000024
vt 0.137287 0.013016
vt 0.955509 0.002046
vt 0.952059 0.003514
vt 0.948926 0.004452
vt 0.938010 0.007561
vt 0.935112 0.007768
vt 0.931768 0.008847
vt 0.935733 0.025604
vt 0.939188 0.024771
vt 0.942695 0.024160
vt 0.954080 0.021969
vt 0.957075 0.021031
vt 0.960008 0.020693
vt 0.043257 0.067036
vt 0.407506 0.000000
vt 0.850502 0.008075
vt 0.848223 0.007576
vt 0.845489 0.007089
vt 0.831234 0.003205
vt 0.829308 0.002767
vt 0.826151 0.002332
vt 0.821586 0.017635
vt 0.824620 0.018914
vt 0.826649 0.019867
vt 0.839593 0.024257
vt 0.842421 0.025022
vt 0.843870 0.026348
vt 0.038008 0.082633
vt 0.820497 0.018412
vt 0.031757 0.085734
vt 0.030079 0.086225
vt 0.028211 0.086659
vt 0.017919 0.087209
vt 0.015299 0.087626
vt 0.013163 0.087926
vt 0.013121 0.103484
vt 0.015222 0.103748
vt 0.017569 0.104243
vt 0.026907 0.104441
vt 0.029301 0.104918
vt 0.031390 0.104963
vt 0.034993 0.105267
vt 0.959480 0.230502
vt 0.950767 0.230729
vt 0.878529 0.377920
vt 0.842103 0.233812
vt 0.866375 0.381388
vt 0.830078 0.235180
vt 0.884122 0.376112
vt 0.825288 0.234219
vt 0.891034 0.373603
vt 0.815644 0.231273
vt 0.903038 0.369493
vt 0.801258 0.226359
vt 0.783589 0.220803
vt 0.765695 0.215911
vt 0.921808 0.361727
vt 0.995751 0.326090
vt 0.972538 0.229160
vt 0.997728 0.325706
vt 0.970290 0.229508
vt 0.915903 0.520001
vt 1.000000 0.324590
vt 0.966988 0.229947
vt 0.913985 0.230071
vt 0.955128 0.341859
vt 0.047003 0.280558
vt 0.730697 0.200964
vt 0.783159 0.415824
vt 0.919948 0.394025
vt 0.958666 0.540770
vt 0.914303 0.399220
vt 0.908671 0.404961
vt 0.902785 0.411660
vt 0.896784 0.419036
vt 0.973586 0.449116
vt 0.978731 0.442761
vt 0.961219 0.543170
vt 0.964113 0.545421
vt 0.984109 0.484317
vt 0.982312 0.436365
vt 0.979058 0.412896
vt 0.926978 0.044625
vt 0.996720 0.499030
vt 0.953004 0.386851
vt 0.981617 0.533428
vt 0.638652 0.041503
vt 0.970214 0.397913
vt 0.991397 0.519191
vt 0.730136 0.038674
vt 0.966322 0.050771
vt 0.735911 0.049227
vt 0.964113 0.039730
vt 0.950642 0.353068
vt 0.996053 0.560892
vt 0.938396 0.357597
vt 0.991073 0.571599
vt 0.663889 0.006555
vt 0.797924 0.000034
vt 0.652178 0.001857
vt 0.805969 0.011434
vt 0.090433 0.005586
vt 0.713013 0.025859
vt 0.077569 0.001623
vt 0.712197 0.038495
vt 0.718827 0.056061
vt 0.944037 0.032710
vt 0.707102 0.039205
vt 0.950032 0.050330
vt 0.704695 0.057856
vt 0.935544 0.029929
vt 0.699386 0.038613
vt 0.935021 0.046629
vt 0.736493 0.042491
vt 0.969038 0.045819
vt 0.944111 0.351170
vt 0.995604 0.570005
vt 0.660045 0.000036
vt 0.806168 0.003231
vt 0.087518 0.000854
vt 0.715681 0.035425
vt 0.993326 0.483487
vt 0.696197 0.059650
vt 0.954268 0.036435
vt 0.958935 0.037466
vt 0.956064 0.051349
vt 0.952279 0.050671
vt 0.995085 0.503029
vt 0.059464 0.044631
vt 0.685015 0.004360
vt 0.687805 0.006865
vt 0.690466 0.008767
vt 0.699788 0.015242
vt 0.702463 0.016375
vt 0.705277 0.018479
vt 0.696102 0.033051
vt 0.693102 0.031144
vt 0.689982 0.029431
vt 0.679919 0.023673
vt 0.677388 0.021816
vt 0.674723 0.020546
vt 0.669895 0.016972
vt 0.971721 0.398993
vt 0.764236 0.009169
vt 0.766498 0.008596
vt 0.769215 0.008022
vt 0.783336 0.003679
vt 0.785248 0.003179
vt 0.788389 0.002643
vt 0.793446 0.017790
vt 0.790455 0.019166
vt 0.788457 0.020185
vt 0.775662 0.024990
vt 0.772860 0.025846
vt 0.771455 0.027218
vt 0.763333 0.031239
vt 0.955657 0.389586
vt 0.984126 0.538844
vt 0.984750 0.540477
vt 0.985534 0.542227
vt 0.991323 0.550755
vt 0.992575 0.553093
vt 0.993629 0.554976
vt 0.981265 0.564420
vt 0.979784 0.562908
vt 0.977969 0.561337
vt 0.972163 0.554021
vt 0.970335 0.552404
vt 0.969036 0.550767
vt 0.966614 0.548082
vt 0.087843 0.594805
vt 0.052206 0.423961
vt 0.632189 0.930873
vt 0.649310 0.936688
vt 0.664667 0.941012
vt 0.678876 0.945205
vt 0.088438 0.631274
vt 0.385448 0.620043
vt 0.055621 0.431445
vt 0.097944 0.603948
vt 0.394470 0.581292
vt 0.743806 0.963346
vt 0.747201 0.963343
vt 0.075639 0.574922
vt 0.042989 0.411782
vt 0.047328 0.416315
vt 0.053576 0.427364
vt 0.390326 0.661396
vt 0.055593 0.666838
vt 0.393115 0.590563
vt 0.391054 0.608076
vt 0.713899 0.975736
vt 0.718288 0.973910
vt 0.709533 0.977375
vt 0.058458 0.435268
vt 0.385508 0.654024
vt 0.382379 0.646042
vt 0.381437 0.637244
vt 0.382638 0.626296
vt 0.078999 0.421771
vt 0.071107 0.425381
vt 0.088909 0.423600
vt 0.064461 0.430576
vt 0.722960 0.971452
vt 0.728805 0.968480
vt 0.734147 0.964820
vt 0.739580 0.963715
vt 0.750248 0.963391
vt 0.024697 0.393075
vt 0.072541 0.547091
vt 0.000000 0.297688
vt 0.006548 0.315267
vt 0.013464 0.330296
vt 0.019257 0.343835
vt 0.577898 0.582857
vt 0.042862 0.522597
vt 0.013963 0.387173
vt 0.559903 0.545517
vt 0.067091 0.535235
vt 0.756693 0.962667
vt 0.753286 0.963031
vt 0.032827 0.400988
vt 0.028559 0.396381
vt 0.017911 0.389464
vt 0.593604 0.627916
vt 0.594691 0.637166
vt 0.568262 0.561746
vt 0.572013 0.570414
vt 0.787929 0.972063
vt 0.783375 0.970508
vt 0.010321 0.384108
vt 0.792404 0.973586
vt 0.595803 0.619390
vt 0.596206 0.610829
vt 0.594277 0.602196
vt 0.589629 0.592215
vt 0.025038 0.364427
vt 0.020957 0.372089
vt 0.023822 0.354417
vt 0.015371 0.378406
vt 0.778442 0.968453
vt 0.772276 0.966062
vt 0.766547 0.963022
vt 0.760977 0.962548
vt 0.397875 0.609170
vt 0.704412 0.962534
vt 0.392338 0.599978
vt 0.569710 0.580887
vt 0.796626 0.957904
vt 0.575819 0.577662
vt 0.479910 0.592722
vt 0.665942 0.022743
vt 0.481443 0.592807
vt 0.663373 0.062818
vt 0.475286 0.593300
vt 0.658573 0.025056
vt 0.475473 0.593467
vt 0.474616 0.593612
vt 0.656203 0.026414
vt 0.479059 0.592824
vt 0.476412 0.593318
vt 0.662238 0.062667
vt 0.668917 0.022585
vt 0.667664 0.062968
vt 0.477263 0.593003
vt 0.474454 0.593417
vt 0.477464 0.593150
vt 0.486752 0.591597
vt 0.671875 0.022999
vt 0.485315 0.592174
vt 0.671973 0.062937
vt 0.491310 0.590660
vt 0.679002 0.025997
vt 0.491184 0.590880
vt 0.492040 0.590742
vt 0.681221 0.027588
vt 0.487598 0.591429
vt 0.490240 0.591030
vt 0.673116 0.062804
vt 0.489352 0.590985
vt 0.492135 0.590506
vt 0.489166 0.591171
vt 0.657863 0.061059
vt 0.654170 0.031573
vt 0.655155 0.048453
vt 0.681854 0.027406
vt 0.678776 0.056640
vt 0.682178 0.041442
vt 0.754669 0.020096
vt 0.729489 0.001396
vt 0.718943 0.004706
vt 0.743434 0.000535
vt 0.754298 0.042598
vt 0.465184 0.044029
vt 0.460469 0.013240
vt 0.452256 0.006692
vt 0.470874 0.022290
vt 0.442335 0.052434
vt 0.501754 0.620096
vt 0.499869 0.623746
vt 0.500223 0.628960
vt 0.502228 0.634721
vt 0.508829 0.638512
vt 0.515701 0.640721
vt 0.523501 0.640175
vt 0.530132 0.636908
vt 0.533994 0.632914
vt 0.536248 0.628686
vt 0.536393 0.623506
vt 0.534738 0.618335
vt 0.531156 0.613492
vt 0.525524 0.609705
vt 0.517946 0.609507
vt 0.511845 0.611282
vt 0.507317 0.614039
vt 0.504130 0.617003
vt 0.474829 0.624531
vt 0.477786 0.627388
vt 0.479124 0.632446
vt 0.479074 0.638552
vt 0.474037 0.644270
vt 0.468227 0.648569
vt 0.460651 0.650549
vt 0.453314 0.649572
vt 0.448373 0.647018
vt 0.444884 0.643727
vt 0.443090 0.638856
vt 0.443001 0.633415
vt 0.444838 0.627672
vt 0.448957 0.622277
vt 0.456077 0.619662
vt 0.462435 0.619397
vt 0.467614 0.620565
vt 0.471586 0.622358
vn 0.147443 -0.592250 0.792149
vn 0.190234 -0.624994 0.757095
vn 0.235436 -0.500562 0.833071
vn 0.164748 -0.545308 0.821886
vn 0.332163 -0.425793 0.841646
vn 0.206241 -0.630719 0.748103
vn 0.536053 -0.407535 0.739299
vn 0.542282 -0.258049 0.799588
vn 0.722447 -0.235114 0.650224
vn 0.676067 -0.343508 0.651871
vn 0.374543 0.224861 0.899531
vn 0.255932 0.340161 0.904870
vn 0.504038 0.034162 0.863006
vn 0.584293 -0.048879 0.810069
vn 0.428663 -0.032119 0.902893
vn 0.636692 -0.149293 0.756528
vn 0.390653 0.067380 0.918069
vn 0.172254 0.424240 0.889016
vn -0.000000 -0.202327 0.979318
vn 0.000000 -0.433764 0.901027
vn 0.314684 -0.487236 0.814601
vn 0.318743 -0.321645 0.891598
vn 0.461381 -0.623525 0.631146
vn 0.595312 -0.481608 0.643162
vn 0.000000 -0.329620 0.944114
vn 0.359840 -0.339809 0.868933
vn 0.240239 -0.393019 0.887593
vn 0.000000 -0.380806 0.924655
vn 0.459372 -0.074599 0.885106
vn -0.000000 -0.025490 0.999675
vn 0.752136 -0.252728 0.608621
vn 0.581522 -0.466566 0.666444
vn 0.724619 0.436698 0.533125
vn 0.844470 0.035004 0.534458
vn 0.783931 0.148680 0.602782
vn 0.719077 0.387222 0.577051
vn 0.491318 0.265063 0.829667
vn -0.000001 0.321928 0.946764
vn -0.000001 0.489667 0.871909
vn 0.470967 0.447132 0.760436
vn 0.085105 0.953038 -0.290646
vn 0.132357 0.986705 -0.094313
vn 0.136865 0.484528 0.864003
vn 0.324618 0.346733 0.880000
vn 0.372804 0.871941 -0.317390
vn -0.008980 0.665819 0.746059
vn 0.764655 0.070940 0.640524
vn 0.941158 -0.003428 -0.337950
vn 0.758118 -0.544733 -0.358501
vn 0.417290 -0.676938 0.606321
vn 0.538701 -0.819044 -0.197406
vn 0.157159 -0.712696 0.683642
vn 0.317491 -0.896177 -0.309946
vn 0.045009 -0.391653 0.919012
vn -0.032423 -0.951458 -0.306066
vn -0.222855 -0.914442 -0.337834
vn 0.359030 -0.528234 0.769459
vn 0.178930 -0.448819 0.875526
vn -0.418757 -0.822720 -0.384415
vn 0.468133 -0.563092 0.681013
vn -0.620345 -0.728497 -0.290627
vn 0.523273 -0.640291 0.562329
vn 0.463692 -0.191776 0.864992
vn 0.502848 -0.710905 0.491688
vn -0.867310 -0.379718 -0.321851
vn -0.922997 0.242954 -0.298411
vn 0.661101 0.224145 0.716034
vn -0.811334 0.541645 -0.219907
vn 0.587531 0.195251 0.785292
vn 0.689281 0.190859 0.698903
vn -0.752361 0.632311 -0.184759
vn -0.568319 0.746437 -0.346187
vn 0.455481 0.242229 0.856658
vn -0.114230 0.950959 -0.287451
vn 0.650960 0.461550 0.602679
vn 0.672879 0.418788 0.609796
vn 0.461545 0.479308 0.746485
vn -0.000000 0.539695 0.841861
vn 0.357107 0.245931 0.901106
vn 0.437768 0.418836 0.795572
vn 0.546863 0.365140 0.753402
vn 0.467457 0.240727 0.850608
vn 0.102368 0.275153 0.955935
vn 0.150762 0.057928 0.986871
vn 0.326031 -0.024646 0.945038
vn 0.230788 -0.087301 0.969080
vn 0.410235 0.364132 0.836131
vn 0.433901 -0.417520 0.798378
vn 0.399533 -0.621154 0.674197
vn 0.274595 -0.460681 0.844020
vn 0.256104 -0.086835 0.962741
vn -0.132537 -0.078463 0.988068
vn -0.145464 0.141970 0.979125
vn 0.193706 0.175968 0.965149
vn 0.465501 0.059051 0.883076
vn 0.479237 0.094531 0.872580
vn 0.569558 -0.151431 0.807882
vn -0.000000 -0.681373 0.731936
vn -0.006357 -0.664446 0.747309
vn 0.023548 -0.581646 0.813101
vn 0.000000 -0.590031 0.807380
vn 0.000000 0.150372 0.988630
vn 0.113195 0.121592 0.986105
vn 0.048294 0.525367 0.849504
vn 0.000000 0.548465 0.836173
vn 0.600239 0.145561 0.786464
vn 0.620195 0.247418 0.744408
vn 0.555116 0.281699 0.782619
vn 0.496287 0.008034 0.868121
vn 0.621206 0.067686 0.780719
vn 0.532090 0.200440 0.822621
vn 0.435112 0.128754 0.891123
vn 0.397917 0.089729 0.913023
vn 0.036629 0.368683 0.928833
vn 0.207240 -0.261718 0.942632
vn -0.000000 -0.472810 0.881165
vn -0.000000 0.332469 0.943114
vn 0.000000 0.370635 0.928778
vn 0.020988 0.341304 0.939719
vn 0.059115 -0.136633 0.988856
vn -0.000000 -0.139497 0.990223
vn 0.003115 -0.612132 0.790750
vn 0.078815 -0.564678 0.821539
vn 0.293805 0.302329 0.906794
vn 0.250804 -0.097471 0.963118
vn 0.269478 0.383037 0.883552
vn 0.494435 -0.235403 0.836731
vn 0.286153 -0.044496 0.957150
vn 0.455779 -0.693681 0.557738
vn 0.555880 -0.786915 0.267886
vn 0.000000 -0.939308 0.343074
vn -0.000000 -0.913669 0.406460
vn 0.406681 -0.881549 0.239754
vn 0.419058 -0.567476 0.708775
vn -0.000000 -0.655994 0.754766
vn 0.000000 -0.937034 0.349239
vn 0.478674 0.269080 0.835744
vn 0.485474 0.436037 0.757751
vn 0.000000 0.480739 0.876864
vn 0.000000 0.274057 0.961713
vn 0.480517 0.542267 0.689238
vn 0.484907 0.546756 0.682586
vn -0.000000 0.623058 0.782176
vn -0.000000 0.607601 0.794243
vn 0.383869 -0.770176 0.509386
vn 0.724038 -0.568838 0.390118
vn 0.755640 -0.504006 0.418314
vn 0.356918 -0.857222 0.371188
vn 0.685432 -0.377556 0.622603
vn 0.569461 -0.459470 0.681617
vn 0.275202 -0.942937 0.187442
vn 0.315147 -0.842899 0.436123
vn 0.701964 0.442401 0.558147
vn 0.664736 0.423215 0.615642
vn 0.667029 0.457590 0.587949
vn 0.666064 0.477774 0.572792
vn 0.654379 0.204469 0.727997
vn 0.649975 0.187161 0.736549
vn 0.631374 0.101188 0.768849
vn 0.649002 -0.020693 0.760505
vn 0.564418 -0.018827 0.825275
vn 0.510283 -0.032007 0.859411
vn 0.575125 0.014239 0.817942
vn 0.505958 0.018853 0.862352
vn 0.492595 0.075839 0.866948
vn 0.542183 0.056770 0.838340
vn 0.594820 0.003192 0.803853
vn 0.538083 -0.095977 0.837410
vn 0.770184 -0.120487 0.626338
vn 0.799938 -0.160769 0.578146
vn 0.779118 -0.233363 0.581822
vn 0.774466 -0.231933 0.588566
vn 0.719561 -0.132328 0.681705
vn 0.715529 -0.033576 0.697776
vn 0.829236 -0.156126 0.536650
vn 0.855307 -0.091590 0.509963
vn 0.765316 -0.029667 0.642971
vn 0.883772 -0.059871 0.464071
vn 0.824055 -0.033501 0.565518
vn 0.828411 -0.118188 0.547509
vn 0.811938 -0.134757 0.567976
vn 0.757900 -0.306987 0.575628
vn 0.884651 -0.193114 0.424382
vn 0.858976 -0.120157 0.497717
vn 0.915695 -0.097127 0.389961
vn 0.925738 -0.164755 0.340390
vn 0.836911 -0.275397 0.473008
vn 0.922373 -0.136313 0.361452
vn 0.892994 -0.165066 0.418707
vn 0.665250 -0.007635 0.746581
vn 0.815547 -0.096951 0.570511
vn 0.780514 -0.038480 0.623953
vn 0.709613 0.044404 0.703192
vn 0.852844 -0.078742 0.516194
vn 0.891416 -0.050679 0.450344
vn 0.824906 -0.338553 0.452672
vn 0.855758 -0.352812 0.378421
vn 0.837265 -0.296390 0.459501
vn 0.795854 -0.296610 0.527863
vn 0.695998 0.173938 0.696658
vn 0.691395 0.154308 0.705806
vn 0.288101 -0.621392 0.728608
vn 0.444220 -0.361582 0.819712
vn 0.754228 -0.152795 0.638587
vn 0.789720 -0.245419 0.562238
vn 0.766787 -0.266191 0.584106
vn 0.808743 -0.312150 0.498494
vn 0.793215 -0.172428 0.584019
vn 0.783722 -0.220435 0.580680
vn 0.803096 -0.269733 0.531301
vn 0.826485 -0.341867 0.447268
vn 0.836626 -0.371822 0.402250
vn 0.855358 -0.400073 0.329095
vn 0.097453 0.485001 0.869067
vn 0.241165 0.079559 0.967218
vn 0.879682 -0.254263 0.401883
vn 0.900817 -0.339955 0.270111
vn 0.645715 -0.075949 0.759792
vn 0.780810 -0.210753 0.588149
vn 0.581071 -0.108447 0.806596
vn 0.719000 -0.222277 0.658508
vn 0.567468 -0.063707 0.820927
vn 0.671626 -0.167311 0.721752
vn 0.398485 -0.538826 0.742211
vn 0.547456 -0.338461 0.765334
vn 0.728872 0.076076 0.680410
vn 0.749210 0.109240 0.653262
vn 0.650700 0.061781 0.756818
vn 0.687615 -0.013617 0.725948
vn 0.179890 -0.459574 0.869730
vn 0.118670 -0.746372 0.654863
vn 0.000000 -0.742148 0.670236
vn -0.000000 -0.369954 0.929050
vn 0.590008 -0.488738 0.642671
vn 0.577732 -0.576141 0.578176
vn 0.348964 -0.689921 0.634218
vn 0.404559 -0.534098 0.742342
vn 0.686746 -0.422641 0.591400
vn 0.680451 -0.448457 0.579545
vn 0.752184 -0.323212 0.574241
vn 0.766805 -0.305566 0.564482
vn 0.793554 -0.299232 0.529842
vn 0.841343 -0.390350 0.373858
vn 0.833277 -0.359722 0.419820
vn 0.851058 -0.429664 0.301809
vn -0.163796 -0.798223 0.579664
vn 0.091773 -0.649495 0.754808
vn 0.253944 -0.540507 0.802100
vn 0.505997 -0.475147 0.719863
vn 0.487275 -0.868763 -0.088403
vn 0.026186 -0.990097 -0.137924
vn 0.640437 -0.699584 0.316896
vn -0.248637 -0.909080 0.334295
vn -0.202715 -0.977015 0.065939
vn -0.058851 -0.895002 0.442164
vn 0.211645 0.803278 0.556733
vn 0.750021 0.545703 -0.373733
vn 0.137164 0.562315 0.815468
vn 0.598945 0.454644 0.659214
vn 0.546932 0.539249 0.640372
vn 0.788263 0.305848 0.533946
vn 0.717957 0.312328 0.622084
vn 0.390522 0.555485 0.734118
vn 0.666853 0.413654 0.619837
vn 0.282389 0.349218 0.893478
vn 0.240082 0.167751 0.956149
vn 0.364601 0.013952 0.931059
vn 0.578510 -0.083219 0.811419
vn 0.747983 -0.091712 0.657351
vn 0.820567 -0.072384 0.566948
vn 0.845573 -0.245631 0.473996
vn 0.826200 -0.145602 0.544236
vn 0.876978 -0.186549 0.442843
vn 0.678267 0.011991 0.734718
vn 0.831662 -0.062768 0.551723
vn 0.444882 0.050328 0.894174
vn 0.151094 0.082388 0.985080
vn -0.008184 -0.039210 0.999198
vn 0.276163 -0.236834 0.931474
vn 0.668771 -0.049348 0.741829
vn 0.303071 -0.365348 0.880153
vn 0.446520 -0.221772 0.866855
vn 0.150431 -0.443015 0.883803
vn 0.046932 -0.475508 0.878458
vn -0.000000 -0.487437 0.873158
vn 0.117750 -0.485202 0.866437
vn 0.000000 -0.486982 0.873412
vn 0.546562 -0.348620 0.761403
vn 0.322151 -0.422881 0.846989
vn 0.645859 -0.306507 0.699228
vn 0.703754 -0.243936 0.667252
vn 0.764178 -0.168179 0.622694
vn 0.797535 -0.241376 0.552878
vn 0.775468 -0.232629 0.586970
vn 0.700727 -0.045620 0.711970
vn 0.628982 -0.020422 0.777152
vn 0.548239 -0.073348 0.833099
vn 0.726268 -0.361418 0.584732
vn 0.647032 -0.334931 0.684961
vn 0.515556 -0.190972 0.835304
vn -0.000000 0.045042 0.998985
vn 0.265295 -0.025139 0.963840
vn 0.837879 -0.391201 0.380684
vn 0.820248 -0.369464 0.436681
vn 0.803929 -0.420545 0.420524
vn 0.781607 -0.374562 0.498792
vn 0.741149 -0.333745 0.582505
vn 0.760044 -0.465964 0.453002
vn 0.502212 -0.657632 0.561518
vn 0.475972 -0.411048 0.777490
vn 0.000000 -0.464358 0.885648
vn 0.000000 -0.780030 0.625742
vn 0.874607 -0.447169 0.187357
vn 0.865340 -0.498842 0.048408
vn 0.918484 -0.371508 0.135531
vn 0.830952 -0.548620 0.092380
vn 0.776494 -0.628073 -0.050810
vn 0.827971 -0.490283 0.272191
vn 0.724088 -0.689608 0.011733
vn 0.601579 -0.789384 -0.122375
vn 0.763772 -0.597717 0.243691
vn 0.653230 -0.732531 0.191543
vn 0.000000 -0.990559 0.137085
vn 0.388214 -0.910711 0.141052
vn 0.595517 -0.801607 -0.052787
vn 0.460491 -0.881772 -0.102110
vn 0.000000 -0.992416 -0.122925
vn 0.260546 -0.956635 -0.130251
vn 0.395459 -0.888335 -0.233393
vn 0.284138 -0.907455 -0.309502
vn 0.000000 -0.950571 -0.310506
vn 0.154892 -0.936847 -0.313569
vn 0.214073 -0.532557 0.818875
vn 0.232314 -0.943686 0.235555
vn 0.000000 -0.979178 0.203004
vn -0.000000 -0.578908 0.815393
vn 0.512429 -0.785122 0.347850
vn 0.404664 -0.864142 0.299176
vn 0.328649 -0.437183 0.837174
vn 0.458102 -0.315349 0.831082
vn 0.707337 -0.194371 0.679628
vn 0.709471 -0.637137 0.301177
vn 0.878762 -0.100153 0.466634
vn 0.840001 -0.522667 0.145665
vn 0.681879 -0.057550 0.729198
vn 0.853172 -0.005345 0.521602
vn 0.946848 -0.052273 0.317406
vn 0.916171 -0.384798 0.112077
vn 0.794138 -0.600956 -0.090529
vn 0.837434 -0.542890 -0.063049
vn 0.916899 -0.399114 0.002163
vn 0.936458 -0.091411 0.338661
vn 0.935172 -0.144659 0.323306
vn 0.948264 -0.116649 0.295275
vn 0.946112 -0.127088 0.297862
vn 0.954591 -0.141208 0.262327
vn 0.933115 -0.096339 0.346431
vn 0.911438 -0.180164 0.369895
vn 0.937423 -0.229855 0.261545
vn 0.955968 -0.251590 0.151089
vn 0.963799 -0.266133 0.016269
vn 0.968180 -0.193608 0.158564
vn 0.972321 -0.232648 0.021604
vn 0.941592 -0.112336 0.317467
vn 0.957188 -0.092143 0.274411
vn 0.966571 -0.165042 0.196217
vn 0.969011 -0.126597 0.212112
vn 0.975932 -0.210491 0.057018
vn 0.984612 -0.152745 0.084905
vn 0.975282 -0.083002 0.204780
vn 0.989766 -0.104165 0.097539
vn 0.456094 -0.346669 0.819633
vn 0.469682 0.078482 0.879341
vn 0.271703 0.072361 0.959657
vn -0.000000 0.087177 0.996193
vn 0.562654 -0.275078 0.779585
vn 0.694862 -0.114914 0.709902
vn 0.850436 0.008300 0.526013
vn 0.927485 -0.004703 0.373830
vn 0.956351 0.042056 0.289178
vn 0.922051 0.097775 0.374517
vn 0.961975 -0.021004 0.272329
vn 0.865496 0.141640 0.480474
vn 0.761227 0.149297 0.631066
vn 0.622181 0.113578 0.774590
vn 0.979783 -0.040395 0.195944
vn 0.991319 -0.069560 0.111568
vn 0.979286 -0.017796 0.201698
vn 0.991521 -0.064487 0.112814
vn 0.371213 -0.084824 0.924665
vn 0.117869 -0.107623 0.987180
vn -0.000000 -0.174881 0.984590
vn 0.088293 -0.156727 0.983688
vn 0.169674 0.496131 0.851507
vn 0.377503 0.170817 0.910117
vn 0.016264 0.102734 0.994576
vn -0.071123 0.344129 0.936225
vn -0.000000 0.497663 0.867371
vn -0.000000 0.402424 0.915453
vn -0.027212 0.175556 0.984093
vn 0.031721 -0.017772 0.999339
vn 0.000000 -0.031920 0.999490
vn 0.000000 0.200547 0.979684
vn 0.553455 0.198598 0.808855
vn 0.291782 0.525453 0.799226
vn 0.604647 0.320700 0.729077
vn 0.203965 0.602049 0.771968
vn -0.000000 0.481329 0.876540
vn 0.156276 0.502920 0.850088
vn 0.204161 0.526633 0.825213
vn 0.162603 0.562172 0.810878
vn 0.933380 0.052324 0.355055
vn 0.659413 0.481281 0.577531
vn 0.243943 0.713322 0.657011
vn 0.218278 0.647696 0.729962
vn 0.908440 -0.413831 -0.058999
vn 0.965147 -0.257156 -0.048601
vn 0.856048 -0.257310 0.448300
vn 0.822460 -0.412374 0.391801
vn 0.646086 -0.721741 -0.248319
vn 0.720872 -0.594346 -0.356507
vn 0.855983 -0.114454 0.504177
vn 0.893302 -0.372713 -0.251190
vn 0.823736 -0.099104 0.558245
vn 0.954806 -0.027268 -0.295975
vn 0.946716 0.188348 -0.261253
vn 0.848954 -0.149621 0.506843
vn 0.960155 -0.143710 0.239687
vn 0.944594 -0.140529 0.296636
vn 0.858926 0.034986 0.510903
vn 0.869924 -0.054806 0.490131
vn 0.953579 -0.100593 0.283846
vn 0.873146 0.188234 0.449649
vn 0.925603 0.360943 -0.113927
vn 0.893244 -0.049861 0.446798
vn 0.964537 -0.060655 0.256885
vn 0.853354 -0.100700 0.511514
vn 0.822135 -0.049108 0.567170
vn 0.962255 0.060319 0.265381
vn 0.958998 -0.136490 0.248382
vn 0.926597 -0.329025 0.182100
vn 0.564036 -0.285712 0.774746
vn 0.664765 -0.052644 0.745196
vn 0.773924 -0.403178 0.488353
vn 0.934632 -0.351742 -0.052346
vn 0.921779 -0.385447 0.041884
vn 0.964937 -0.250353 -0.078869
vn 0.990571 -0.100422 -0.093196
vn 0.996081 0.060999 0.064048
vn 0.782183 0.080405 0.617838
vn 0.936354 0.123757 0.328520
vn 0.900634 -0.092681 0.424582
vn 0.974673 -0.205864 0.087359
vn 0.809839 -0.195904 0.552976
vn 0.750015 -0.239291 0.616618
vn 0.833691 -0.504562 -0.224448
vn 0.844077 -0.502583 0.186933
vn 0.933599 -0.356707 0.033947
vn 0.896817 -0.422365 -0.131631
vn 0.929835 0.273284 0.246421
vn 0.944540 -0.033224 0.326713
vn 0.871706 -0.420106 0.252268
vn 0.968687 -0.154830 0.194097
vn 0.979955 0.124819 0.155269
vn 0.991400 -0.044524 0.123064
vn 0.959485 -0.263221 0.100511
vn 0.878876 -0.429518 0.207582
vn 0.891925 -0.439100 0.107987
vn 0.855650 -0.387541 0.343039
vn 0.883949 -0.297977 0.360340
vn 0.965562 -0.247746 -0.079451
vn 0.968538 -0.239146 -0.068880
vn 0.980897 -0.188761 -0.047009
vn 0.988484 -0.149583 -0.022902
vn 0.992689 -0.120553 0.005999
vn 0.992926 -0.115214 0.028704
vn 0.812823 -0.568255 -0.128083
vn 0.820947 -0.561706 -0.102623
vn 0.975823 -0.033860 0.215926
vn 0.953326 -0.285672 0.097779
vn 0.973090 0.074347 0.218102
vn 0.814483 -0.566709 -0.124335
vn 0.856030 -0.514276 -0.052288
vn 0.863268 -0.482685 -0.147592
vn 0.807328 -0.573058 -0.140804
vn 0.989194 -0.053532 -0.136491
vn 0.976058 -0.182547 -0.118269
vn 0.978961 -0.202770 0.022801
vn 0.998588 -0.047096 0.024579
vn 0.986208 0.081520 -0.144045
vn 0.997162 0.075176 0.004029
vn 0.709839 0.592690 0.380589
vn 0.307870 0.829356 0.466246
vn 0.291836 0.780510 0.552843
vn 0.224806 0.958562 -0.174987
vn 0.354975 0.926189 -0.127149
vn 0.349063 0.931408 0.103124
vn 0.292918 0.951917 0.089738
vn 0.820413 0.556222 -0.132434
vn 0.792782 0.603576 0.084818
vn 0.890896 -0.445427 -0.088875
vn 0.865024 -0.489893 -0.108344
vn 0.765348 -0.582279 -0.274214
vn 0.732841 -0.570682 -0.370494
vn 0.794365 -0.380580 -0.473439
vn 0.852931 -0.039803 -0.520504
vn 0.885541 0.157661 -0.436990
vn 0.994550 0.104177 -0.004114
vn 0.991664 -0.002204 0.128831
vn 0.331572 0.897786 0.289896
vn 0.316338 0.890089 0.328134
vn 0.732538 0.636054 0.242535
vn 0.990837 0.078075 0.110211
vn 0.991362 -0.036530 0.125965
vn 0.972700 -0.221151 0.070333
vn 0.797879 -0.586587 -0.138941
vn 0.846896 -0.523865 -0.091285
vn 0.901375 -0.427922 -0.066383
vn 0.964518 -0.261384 0.037205
vn 0.962089 -0.254488 0.098085
vn 0.959663 -0.240154 0.146195
vn 0.962865 -0.183642 0.197907
vn 0.969728 -0.113952 0.215970
vn 0.972594 -0.052935 0.226403
vn 0.968635 0.029613 0.246718
vn 0.942931 0.123984 0.309046
vn 0.990542 -0.106226 0.086844
vn 0.816894 -0.559187 -0.141404
vn 0.864266 -0.502862 -0.013182
vn 0.755930 -0.600547 -0.260603
vn 0.855704 -0.408767 -0.317302
vn 0.930726 -0.153912 -0.331752
vn 0.929780 -0.040322 -0.365901
vn 0.925279 0.116088 -0.361084
vn 0.784214 0.503471 -0.362664
vn 0.359891 0.874315 -0.325656
vn 0.155983 0.920042 -0.359433
vn 0.881153 -0.472702 0.011079
vn 0.897602 -0.435821 -0.066113
vn 0.989345 -0.103914 0.101976
vn 0.994437 -0.014766 0.104296
vn 0.990711 -0.075275 0.113253
vn 0.646443 -0.684879 -0.336232
vn 0.705099 -0.644448 -0.295842
vn 0.776390 -0.558866 -0.291354
vn 0.850084 -0.428963 -0.305528
vn 0.907137 -0.295356 -0.299779
vn 0.935572 -0.308286 -0.172236
vn 0.970045 -0.135879 -0.201369
vn 0.948398 -0.203883 -0.242843
vn 0.990967 -0.055841 -0.121931
vn 0.978537 -0.138337 -0.152735
vn 0.992743 -0.088217 -0.081720
vn 0.998239 -0.055413 -0.021183
vn 0.996256 -0.067253 0.054327
vn 0.999500 -0.031517 -0.002713
vn 0.684170 -0.600657 -0.413671
vn 0.800116 -0.329321 -0.501361
vn 0.794905 -0.028279 -0.606074
vn 0.818584 -0.146113 -0.555492
vn 0.776446 0.144188 -0.613466
vn 0.668181 0.425795 -0.610109
vn 0.333543 0.764172 -0.552078
vn 0.067589 0.837097 -0.542864
vn 0.462266 -0.139004 -0.875778
vn 0.667642 -0.157932 -0.727538
vn 0.646007 -0.032515 -0.762639
vn 0.483331 -0.031843 -0.874859
vn 0.274190 -0.013518 -0.961581
vn 0.239743 -0.086357 -0.966988
vn -0.000000 -0.057329 -0.998355
vn 0.000000 -0.000727 -1.000000
vn 0.375767 -0.645939 -0.664502
vn 0.602106 -0.595884 -0.531404
vn 0.676034 -0.313694 -0.666765
vn 0.436755 -0.312808 -0.843443
vn 0.119622 -0.691351 -0.712548
vn 0.191181 -0.297431 -0.935406
vn 0.000000 -0.716263 -0.697830
vn -0.000000 -0.287872 -0.957669
vn 0.353284 -0.762181 -0.542468
vn 0.542186 -0.724112 -0.426259
vn 0.121599 -0.791622 -0.598789
vn 0.000000 -0.795834 -0.605515
vn 0.410613 -0.685142 -0.601646
vn 0.578222 -0.680759 -0.449696
vn 0.191867 -0.688685 -0.699214
vn -0.000000 -0.683316 -0.730123
vn 0.628885 -0.583302 -0.514065
vn 0.464508 -0.557177 -0.688321
vn 0.489049 -0.433448 -0.756938
vn 0.684241 -0.454351 -0.570420
vn 0.251979 -0.417644 -0.872972
vn 0.241873 -0.531942 -0.811502
vn 0.000000 -0.520042 -0.854141
vn 0.000000 -0.411412 -0.911449
vn 0.518413 -0.326167 -0.790483
vn 0.737881 -0.324886 -0.591592
vn 0.273998 -0.329929 -0.903367
vn 0.000000 -0.332741 -0.943018
vn 0.574593 -0.226427 -0.786494
vn 0.798690 -0.214388 -0.562256
vn 0.324855 -0.243259 -0.913944
vn 0.000000 -0.253463 -0.967345
vn 0.655954 -0.105356 -0.747412
vn 0.876194 -0.103256 -0.470768
vn 0.357020 -0.101030 -0.928617
vn 0.000000 -0.100006 -0.994987
vn 0.760323 -0.044933 -0.647989
vn 0.936731 -0.063661 -0.344212
vn 0.447023 -0.037391 -0.893741
vn 0.000000 -0.018418 -0.999830
vn 0.565243 0.158184 0.809616
vn 0.799753 0.144431 0.582696
vn 0.726215 0.173642 0.665177
vn 0.909109 -0.069328 0.410748
vn 0.907640 -0.173715 0.382117
vn 0.909972 0.032932 0.413360
vn 0.903916 0.157409 0.397691
vn 0.761980 0.036152 0.646591
vn 0.751030 0.257807 0.607857
vn 0.654185 0.282023 0.701787
vn 0.643686 0.071438 0.761948
vn 0.441030 -0.018601 0.897300
vn -0.000000 -0.070037 0.997544
vn 0.608369 0.023050 0.793320
vn 0.660491 -0.034290 0.750051
vn 0.603787 0.000605 0.797146
vn 0.667164 -0.090374 0.739408
vn 0.754870 -0.208568 0.621829
vn 0.798299 -0.278228 0.534142
vn 0.817823 -0.309156 0.485374
vn 0.821684 -0.328836 0.465512
vn 0.786440 -0.357784 0.503491
vn 0.729182 -0.335827 0.596250
vn 0.649282 -0.210899 0.730722
vn -0.000000 -0.093317 0.995637
vn 0.385625 -0.118178 0.915056
vn 0.666699 -0.281985 0.689926
vn 0.855424 0.270992 0.441376
vn 0.734735 0.381776 0.560723
vn 0.663227 0.402443 0.631008
vn 0.884896 0.150198 0.440908
vn 0.663700 0.078360 0.743883
vn 0.772905 -0.144482 0.617854
vn 0.758117 0.001754 0.652116
vn 0.248286 0.496902 0.831530
vn 0.258255 0.315773 0.913013
vn 0.477592 0.311127 0.821648
vn 0.478933 0.450978 0.753155
vn -0.000000 0.507541 0.861628
vn -0.000000 0.315108 0.949056
vn 0.642570 0.312046 0.699808
vn 0.652508 0.390799 0.649238
vn 0.764762 0.298387 0.571056
vn 0.761685 0.335504 0.554322
vn 0.845052 0.254527 0.470216
vn 0.825663 0.289277 0.484355
vn 0.899496 0.186570 0.395094
vn 0.871628 0.242775 0.425822
vn 0.941224 0.115434 0.317448
vn 0.917975 0.212778 0.334735
vn 0.980868 0.055174 0.186695
vn 0.967097 0.191693 0.167263
vn 0.807942 0.319998 0.494804
vn 0.733369 0.428372 0.527890
vn 0.826370 0.360451 0.432652
vn 0.702057 0.558582 0.441705
vn 0.603357 0.553952 0.573671
vn 0.424689 0.650243 0.629939
vn 0.209780 0.706721 0.675676
vn 0.000000 0.723125 0.690718
vn 0.547886 0.703551 0.452589
vn 0.382985 0.791186 0.476810
vn 0.189114 0.835599 0.515762
vn -0.000000 0.850692 0.525664
vn 0.857374 0.410026 0.311108
vn 0.888131 0.433509 0.152620
vn 0.984814 0.151710 0.084416
vn 0.905315 0.418874 0.070350
vn 0.702357 0.644576 0.302020
vn 0.528829 0.784703 0.323390
vn 0.370053 0.861986 0.346469
vn 0.179118 0.911326 0.370676
vn -0.000000 0.925733 0.378178
vn 0.710431 0.685740 0.158267
vn 0.719359 0.687705 0.097897
vn 0.531721 0.824013 0.195642
vn 0.366604 0.901765 0.228957
vn 0.175050 0.952653 0.248616
vn 0.000000 0.967226 0.253917
vn 0.532211 0.835217 0.138433
vn 0.374630 0.911988 0.167123
vn 0.185384 0.965757 0.181511
vn 0.000000 0.982583 0.185823
vn 0.276099 0.077303 -0.958015
vn 0.467940 0.105147 -0.877483
vn 0.000000 0.071857 -0.997415
vn 0.614339 0.138279 -0.776831
vn 0.241144 0.240932 -0.940107
vn 0.000000 0.226386 -0.974038
vn 0.401196 0.297775 -0.866240
vn 0.523871 0.364730 -0.769760
vn 0.251546 0.534299 -0.807000
vn 0.270362 0.645764 -0.714069
vn 0.174351 0.455918 -0.872778
vn -0.000000 0.435720 -0.900082
vn -0.000000 0.518202 -0.855258
vn 0.067465 0.569322 -0.819342
vn 0.036289 0.672192 -0.739487
vn 0.014293 0.756337 -0.654026
vn 0.650376 0.352126 0.673066
vn 0.641066 0.251676 0.725047
vn 0.640723 0.398958 0.655978
vn 0.665103 0.397345 0.632262
vn 0.472831 0.485417 0.735392
vn -0.000000 0.558849 0.829269
vn -0.000000 0.527378 0.849631
vn 0.102254 0.539703 0.835623
vn 0.117050 0.530165 0.839776
vn -0.000000 0.524754 0.851254
vn 0.238157 0.514999 0.823443
vn 0.202192 0.521708 0.828818
vn -0.079275 -0.532321 0.842823
vn -0.000000 -0.387902 0.921701
vn 0.000000 -0.044483 0.999010
vn 0.197004 -0.182787 0.963213
vn 0.598567 -0.435855 0.672121
vn 0.369518 -0.700297 0.610770
vn 0.688989 -0.650184 0.320242
vn 0.773221 -0.474410 0.420791
vn 0.894502 -0.347122 0.281730
vn 0.865981 -0.486821 0.114378
vn 0.431294 0.431340 0.792421
vn 0.533323 0.309252 0.787356
vn 0.442241 0.377057 0.813788
vn 0.407177 0.506241 0.760215
vn 0.466747 0.406374 0.785498
vn 0.342384 0.482233 0.806365
vn 0.145606 0.449825 0.881168
vn 0.296577 0.376197 0.877792
vn 0.378848 0.177834 0.908212
vn 0.145242 0.129057 0.980943
vn 0.684121 0.169636 0.709368
vn 0.655868 0.107948 0.747117
vn 0.878748 -0.248493 0.407496
vn 0.719851 -0.512746 0.467875
vn 0.711490 -0.272963 0.647513
vn 0.803960 -0.204971 0.558243
vn 0.139009 0.499838 0.854891
vn -0.000000 0.486604 0.873622
vn 0.189046 0.510428 0.838883
vn 0.305654 0.532040 0.789626
vn 0.236488 0.507732 0.828421
vn 0.453851 -0.027720 0.890647
vn 0.211295 -0.193320 0.958114
vn 0.520360 -0.358107 0.775232
vn 0.509811 -0.668722 0.541206
vn 0.291299 -0.739888 0.606391
vn 0.293776 -0.489097 0.821267
vn 0.992234 -0.070054 0.102787
vn 0.988574 -0.102912 0.110141
vn 0.988324 -0.040344 0.146928
vn 0.989449 0.055322 0.133905
vn 0.986231 -0.131959 -0.099676
vn 0.985668 -0.147004 -0.082761
vn 0.922386 -0.222125 0.316013
vn 0.868038 -0.394051 0.302049
vn 0.983553 0.110786 0.142653
vn 0.996312 0.027176 0.081391
vn 0.886801 -0.461509 -0.024366
vn 0.695309 -0.717724 0.037649
vn 0.425625 -0.900540 0.088716
vn 0.179067 -0.960098 0.214817
vn 0.789401 -0.475577 -0.388166
vn 0.702416 -0.418429 -0.575786
vn 0.514244 -0.407061 -0.754887
vn 0.586239 -0.632934 -0.505686
vn 0.866549 -0.159081 -0.473061
vn 0.712105 -0.203616 -0.671898
vn 0.739210 -0.280269 -0.612387
vn 0.872440 -0.219988 -0.436410
vn 0.559386 -0.260294 -0.786978
vn 0.536424 -0.269561 -0.799742
vn 0.279683 -0.217782 -0.935066
vn 0.422994 -0.509432 -0.749369
vn 0.361996 -0.381453 -0.850560
vn 0.222435 -0.138795 -0.965018
vn -0.094523 -0.730506 -0.676333
vn 0.247570 -0.652015 -0.716649
vn 0.152048 -0.336060 -0.929486
vn -0.120574 -0.373681 -0.919687
vn 0.085826 0.093837 -0.991881
vn -0.098589 0.040675 -0.994297
vn 0.130328 0.223760 -0.965891
vn 0.199306 0.174920 -0.964199
vn -0.302907 -0.337259 -0.891350
vn -0.048900 -0.285327 -0.957182
vn -0.105768 -0.342036 -0.933715
vn -0.345024 -0.361026 -0.866383
vn 0.300902 -0.245608 -0.921485
vn 0.234016 -0.313290 -0.920373
vn -0.093684 -0.007042 -0.995577
vn -0.016392 -0.187116 -0.982201
vn -0.246762 -0.157400 -0.956208
vn -0.297019 0.108062 -0.948737
vn -0.143801 0.193348 -0.970535
vn -0.276217 0.267142 -0.923222
vn -0.154556 -0.348057 -0.924645
vn -0.143802 -0.376508 -0.915185
vn 0.167221 -0.325710 -0.930564
vn 0.034859 -0.315422 -0.948311
vn -0.217628 -0.246704 -0.944339
vn 0.177902 -0.236440 -0.955221
vn -0.325445 -0.345377 -0.880228
vn 0.440244 -0.237605 -0.865869
vn 0.218184 -0.251054 -0.943063
vn 0.123127 -0.066050 -0.990190
vn 0.006911 0.228573 -0.973502
vn -0.109347 0.433431 -0.894528
vn 0.060979 0.478860 -0.875771
vn 0.194492 0.410539 -0.890860
vn 0.066217 0.412171 -0.908697
vn -0.075470 0.399811 -0.913486
vn -0.266961 -0.231034 -0.935604
vn -0.307208 -0.306501 -0.900933
vn -0.334772 -0.391177 -0.857268
vn -0.358157 -0.360707 -0.861170
vn -0.275063 -0.138624 -0.951380
vn -0.265433 0.141371 -0.953709
vn -0.239520 0.268685 -0.932973
vn -0.188848 0.412265 -0.891276
vn 0.000000 -0.228840 -0.973464
vn -0.000000 -0.295470 -0.955352
vn -0.000000 -0.442131 -0.896951
vn -0.000000 -0.385610 -0.922662
vn 0.000000 -0.150550 -0.988603
vn -0.000000 0.132515 -0.991181
vn -0.000000 0.253926 -0.967224
vn 0.000000 0.382083 -0.924128
vn 0.000000 0.479463 -0.877562
vn -0.082341 0.535924 -0.840241
vn -0.088904 0.607536 -0.789301
vn 0.593080 -0.230336 -0.771493
vn 0.655610 -0.187787 -0.731376
vn 0.946355 -0.293492 0.135182
vn 0.969142 -0.242106 0.046359
vn 0.949018 -0.213917 0.231525
vn 0.953705 -0.243332 0.176738
vn 0.972416 -0.231328 -0.029902
vn 0.971326 -0.231397 -0.054608
vn 0.890947 -0.240734 -0.385047
vn 0.874176 -0.200963 -0.442075
vn 0.894215 -0.097723 0.436842
vn 0.970172 -0.132577 0.202955
vn 0.797752 -0.074414 0.598377
vn 0.976942 -0.201894 -0.069452
vn 0.880928 -0.272847 -0.386680
vn 0.567374 -0.304223 -0.765203
vn 0.133798 -0.272552 -0.952793
vn -0.170366 -0.219785 -0.960557
vn -0.248324 -0.191341 -0.949592
vn 0.000000 -0.194296 -0.980943
vn 0.678250 -0.059763 0.732397
vn 0.330118 -0.034576 0.943306
vn -0.000000 -0.005907 0.999983
vn -0.180811 -0.484655 0.855814
vn 0.000000 -0.460057 0.887889
vn -0.184395 0.460789 0.868143
vn 0.000000 0.380175 0.924915
vn -0.000000 0.089542 0.995983
vn -0.165572 0.145604 0.975390
vn -0.163943 0.659346 0.733747
vn -0.070440 0.697667 0.712951
vn 0.000000 0.653224 0.757165
vn 0.000000 0.591667 0.806182
vn 0.310334 -0.535304 0.785584
vn 0.736425 -0.433822 0.519112
vn 0.926495 -0.266898 0.265276
vn 0.991387 -0.068056 0.111894
vn 0.964113 0.195714 0.179395
vn 0.982652 0.154916 0.101959
vn 0.859063 0.304303 0.411596
vn 0.937829 0.284730 0.198509
vn 0.908035 0.348521 0.232391
vn 0.782742 0.492793 0.380091
vn 0.574039 0.568944 0.588883
vn 0.677025 0.268212 0.685347
vn 0.268005 0.226279 0.936467
vn 0.207393 0.569308 0.795535
vn 0.971104 0.113556 0.209909
vn 0.917377 0.011626 0.397849
vn 0.735678 -0.096363 0.670441
vn 0.306039 -0.186647 0.933544
vn -0.179097 -0.208288 0.961530
vn 0.000000 -0.243737 0.969841
vn 0.954521 0.023160 0.297242
vn 0.896985 0.291738 0.332126
vn 0.725430 0.538251 0.428995
vn 0.480526 0.700590 0.527512
vn 0.162606 0.748161 0.643284
vn -0.281634 -0.337117 -0.898351
vn -0.000000 -0.369169 -0.929362
vn -0.247097 -0.306249 -0.919323
vn -0.006012 -0.262639 -0.964875
vn 0.306963 -0.260331 -0.915424
vn 0.232467 0.587510 0.775108
vn 0.441314 0.464790 0.767602
vn 0.681471 0.246843 0.688960
vn -0.000000 0.573567 0.819158
vn 0.046343 0.600252 0.798468
vn 0.876253 -0.026058 0.481146
vn 0.857346 0.195044 0.476358
vn 0.691144 0.418482 0.589230
vn 0.453067 0.617376 0.643100
vn 0.192775 0.723677 0.662669
vn 0.333487 0.669070 0.664177
vn -0.045546 0.660304 -0.749616
vn 0.119117 0.884708 -0.450669
vn 0.033150 0.758369 -0.650982
vn 0.179899 0.960906 -0.210467
vn 0.244482 0.960062 0.136052
vn 0.308154 0.846798 0.433560
vn 0.101899 0.956577 -0.273088
vn 0.019476 0.813062 -0.581852
vn 0.153639 0.760468 -0.630938
vn 0.259266 0.898830 -0.353393
vn 0.351785 0.923482 0.153064
vn 0.175753 0.971743 0.157564
vn 0.181451 0.778277 0.601132
vn 0.321821 0.678208 0.660655
vn 0.182141 0.807309 -0.561317
vn 0.146644 0.636509 -0.757200
vn 0.206248 0.935825 -0.285821
vn 0.263221 0.949404 0.171310
vn 0.344862 0.748315 0.566653
vn 0.395243 0.648638 0.650424
vn 0.379383 0.908845 0.173405
vn 0.311082 0.878556 -0.362447
vn 0.089073 0.585231 -0.805959
vn -0.042060 0.622542 -0.781455
vn 0.257241 0.730313 -0.632827
vn 0.217056 0.555273 -0.802844
vn 0.348706 -0.853768 -0.386632
vn 0.018037 -0.961114 -0.275564
vn 0.032670 -0.796390 0.603900
vn 0.084597 -0.355104 0.930991
vn 0.142972 -0.355433 0.923703
vn 0.122065 -0.749697 0.650427
vn 0.032109 -0.268364 -0.962782
vn -0.105900 -0.289627 -0.951263
vn -0.077950 -0.651569 -0.754574
vn 0.050066 -0.674880 -0.736227
vn 0.108120 -0.945063 0.308492
vn 0.012939 -0.962710 0.270225
vn 0.140335 -0.342141 0.929110
vn 0.155951 -0.348132 0.924383
vn 0.066023 -0.807067 0.586757
vn 0.063377 -0.786466 0.614373
vn -0.158685 -0.590940 -0.790954
vn -0.153468 -0.358387 -0.920872
vn -0.128138 -0.296761 -0.946316
vn -0.142044 -0.584476 -0.798881
vn -0.025544 -0.982870 0.182520
vn -0.015666 -0.976967 0.212816
vn -0.076673 -0.675141 -0.733694
vn -0.082016 -0.369896 -0.925446
vn -0.045506 -0.974544 0.219527
vn -0.005792 -0.816826 0.576855
vn 0.097434 -0.337888 0.936129
vn 0.029742 -0.812544 0.582140
vn 0.129633 -0.308136 0.942469
vn -0.030643 -0.979972 0.196762
vn -0.095073 -0.659142 -0.745985
vn -0.088061 -0.374376 -0.923086
vn -0.239974 0.256111 -0.936387
vn -0.100742 0.875209 -0.473139
vn -0.138476 0.676749 -0.723074
vn -0.282161 0.283484 -0.916527
vn -0.420930 0.187565 -0.887490
vn -0.288305 0.763923 -0.577323
vn -0.323001 0.625111 -0.710567
vn -0.482253 0.168834 -0.859609
vn -0.192346 0.648560 -0.736460
vn -0.082663 0.860461 -0.502766
vn -0.229616 0.269717 -0.935163
vn -0.236034 0.309699 -0.921072
vn -0.314690 0.303970 -0.899207
vn -0.136447 0.815566 -0.562347
vn -0.282560 0.764493 -0.579405
vn -0.423887 0.198939 -0.883597
vn -0.209990 -0.866882 -0.452128
vn -0.356507 -0.529372 -0.769850
vn -0.436042 -0.505449 -0.744573
vn -0.306921 -0.826891 -0.471223
vn -0.159204 -0.767695 -0.620724
vn -0.299053 -0.401657 -0.865586
vn -0.357650 -0.400188 -0.843763
vn -0.183634 -0.774745 -0.605020
vn -0.185482 -0.306510 -0.933621
vn -0.230468 -0.393159 -0.890118
vn -0.160596 -0.767709 -0.620348
vn -0.073629 -0.728619 -0.680950
vn -0.236958 -0.448073 -0.862022
vn -0.301761 -0.443424 -0.843988
vn -0.240331 -0.780308 -0.577374
vn -0.162797 -0.817035 -0.553128
vn 0.321152 -0.163690 0.932774
vn 0.416406 -0.142712 0.897909
vn 0.362764 -0.685231 0.631554
vn 0.232047 -0.703818 0.671412
vn 0.431673 -0.093217 0.897201
vn 0.313482 -0.145395 0.938397
vn 0.214853 -0.684504 0.696630
vn 0.322730 -0.618290 0.716633
vn 0.519701 -0.254202 0.815654
vn 0.510671 -0.269695 0.816382
vn 0.346784 -0.755132 0.556343
vn 0.371254 -0.700631 0.609332
vn 0.538020 -0.153399 0.828857
vn 0.693413 -0.183290 0.696838
vn 0.550316 -0.767659 0.328407
vn 0.461072 -0.743593 0.484234
vn -0.065087 -0.997836 -0.009278
vn -0.003368 -0.999304 -0.037163
vn 0.053321 -0.966118 -0.252532
vn 0.057882 -0.958227 -0.280091
vn -0.383717 0.150992 -0.911023
vn -0.269830 0.605440 -0.748755
vn -0.236050 0.791443 -0.563825
vn -0.377639 0.201093 -0.903853
vn -0.183479 -0.794259 -0.579213
vn -0.349734 -0.422597 -0.836121
vn -0.345683 -0.476598 -0.808306
vn -0.209597 -0.836031 -0.507071
vn 0.005947 -0.997189 -0.074696
vn 0.062855 -0.980020 -0.188706
vn 0.526784 -0.252994 0.811476
vn 0.610574 -0.149919 0.777640
vn 0.526795 -0.701716 0.479668
vn 0.392705 -0.731982 0.556763
vn -0.109387 0.806959 -0.580390
vn -0.386242 0.311398 -0.868244
vn -0.447755 -0.443558 -0.776384
vn -0.305480 -0.799105 -0.517797
vn -0.047862 -0.996389 -0.070137
vn 0.537409 -0.187542 0.822204
vn 0.403142 -0.661554 0.632316
vn -0.048637 -0.998809 -0.003806
vn -0.020076 -0.999734 -0.011351
vn -0.008392 -0.997876 -0.064599
vn 0.113975 -0.982192 -0.149360
vn -0.039235 0.861026 -0.507045
vn -0.248904 0.388925 -0.887008
vn -0.257508 -0.735844 -0.626277
vn -0.316887 -0.430095 -0.845340
vn -0.070744 -0.994911 -0.071748
vn 0.382210 -0.198947 0.902405
vn 0.286678 -0.624840 0.726217
vn -0.088156 0.865932 -0.492331
vn -0.175729 0.381216 -0.907631
vn 0.351819 -0.124699 0.927725
vn 0.332727 -0.647573 0.685523
vn 0.145884 -0.972667 -0.180655
vn -0.037320 -0.697378 -0.715731
vn -0.137469 -0.287868 -0.947752
vn 0.067893 0.993326 0.093237
vn 0.138074 0.984942 0.104043
vn 0.187765 0.717841 0.670409
vn 0.154346 0.735260 0.659977
vn 0.038638 0.517350 -0.854901
vn 0.026700 0.874921 -0.483530
vn 0.112450 0.852639 -0.510257
vn -0.186513 0.426610 -0.884996
vn 0.102318 0.990699 0.089702
vn 0.167687 0.978099 0.123304
vn 0.258353 0.806066 0.532458
vn 0.220347 0.681808 0.697556
vn 0.134786 0.772345 -0.620738
vn 0.439476 0.846413 -0.300741
vn 0.301794 0.924224 -0.233945
vn 0.176008 0.898976 -0.401078
vn 0.707426 -0.703238 -0.070747
vn 0.840115 -0.485866 -0.241126
vn 0.173916 -0.311102 -0.934328
vn 0.281858 -0.792517 -0.540807
vn 0.534737 -0.831602 -0.149982
vn 0.638292 -0.769571 -0.018511
vn 0.474908 -0.205811 0.855631
vn 0.435357 -0.753166 0.493159
vn 0.185466 -0.945843 -0.266426
vn 0.114606 -0.673868 -0.729909
vn -0.030498 -0.233839 -0.971797
vn 0.303697 -0.747565 0.590690
vn 0.218365 -0.913359 0.343644
vn 0.220630 -0.377725 0.899248
vn 0.455160 -0.748153 -0.482801
vn 0.604832 -0.694004 -0.390561
vn 0.692810 -0.573743 -0.436845
vn 0.281958 0.778626 -0.560573
vn 0.260920 0.889041 -0.376200
vn 0.178363 0.976567 0.120434
vn 0.266190 0.933508 0.240221
vn 0.641619 0.716417 -0.273991
vn 0.475451 0.812543 -0.337224
vn 0.860176 -0.206477 -0.466331
vn -0.006430 0.888410 -0.459007
vn -0.212295 0.413041 -0.885623
vn -0.107519 0.860402 -0.498145
vn -0.349419 0.367474 -0.861899
vn 0.216263 0.659989 0.719475
vn 0.257858 0.737651 0.624004
vn 0.214510 0.975522 0.048408
vn 0.192681 0.978208 0.077350
vn 0.068753 -0.759797 -0.646515
vn -0.078444 -0.419453 -0.904381
vn 0.655789 -0.353115 -0.667271
vn 0.426694 -0.865627 -0.261960
vn 0.549674 -0.734342 -0.398246
vn 0.262152 -0.960333 -0.095064
vn 0.060653 -0.845996 -0.529729
vn 0.046811 -0.610289 -0.790794
vn -0.192055 -0.767706 -0.611345
vn 0.003937 -0.998495 -0.054699
vn -0.195115 -0.784836 -0.588185
vn 0.119036 -0.983408 -0.136894
vn 0.523283 -0.600029 0.605095
vn 0.609006 -0.103757 0.786350
vn -0.358661 -0.422380 -0.832440
vn -0.259258 -0.475925 -0.840405
vn 0.286608 -0.674938 0.679937
vn 0.392769 -0.331946 0.857639
vn 0.426614 -0.687641 0.587495
vn 0.422687 -0.869855 0.254339
vn 0.947456 -0.308558 0.084375
vn 0.600695 -0.240712 0.762380
vn 0.113713 -0.959556 0.257530
vn 0.157192 -0.762989 0.627008
vn 0.232520 -0.303942 0.923880
vn -0.001183 -0.241366 -0.970434
vn -0.035244 -0.604425 -0.795882
vn 0.322223 0.801155 -0.504305
vn 0.245978 0.930425 -0.271671
vn 0.264165 0.893517 -0.363103
vn 0.315384 0.584414 -0.747659
vn 0.429538 0.900527 -0.067443
vn 0.614725 0.788269 0.027307
vn 0.875592 -0.171827 -0.451457
vn 0.701421 -0.637476 -0.318799
vn 0.308692 0.851349 -0.424162
vn 0.279265 0.502216 -0.818407
vn 0.311389 -0.769995 -0.556906
vn 0.355466 -0.003710 -0.934682
vn 0.255422 -0.017550 -0.966670
vn 0.158172 -0.649372 -0.743840
vn -0.008984 -0.991618 -0.128894
vn 0.097384 -0.995211 0.008467
vn -0.124133 -0.615468 0.778325
vn -0.205872 -0.645343 0.735628
vn -0.174530 -0.201082 0.963901
vn -0.107134 -0.262012 0.959100
vn 0.112938 -0.682532 -0.722077
vn 0.000380 -0.988203 -0.153147
vn -0.021396 -0.984002 -0.176869
vn 0.140860 -0.644767 -0.751289
vn -0.046689 -0.998764 -0.017050
vn -0.003901 -0.984380 -0.176013
vn 0.082373 -0.677581 -0.730820
vn 0.080113 -0.749219 -0.657460
vn 0.115925 -0.734356 -0.668792
vn 0.018622 -0.998448 -0.052491
vn 0.218804 -0.691822 -0.688118
vn 0.129696 -0.989522 -0.063438
vn 0.713712 -0.700424 0.004550
vn 0.315007 -0.949044 0.009328
vn 0.353969 -0.706589 -0.612730
vn 0.461912 -0.417167 -0.782693
vn 0.152462 0.872116 -0.464940
vn 0.204877 0.890310 -0.406661
vn 0.282561 0.432384 -0.856273
vn 0.221713 0.432901 -0.873750
vn 0.245725 0.465588 -0.850204
vn 0.217146 0.799237 -0.560418
vn -0.124393 -0.500352 0.856840
vn -0.092791 -0.139206 0.985906
vn -0.135840 -0.089411 0.986688
vn -0.164541 -0.492097 0.854849
vn 0.188460 -0.362544 -0.912713
vn 0.207876 -0.377366 -0.902431
vn 0.270163 -0.376325 -0.886223
vn 0.002529 -0.509909 0.860225
vn 0.034467 -0.138173 0.989808
vn -0.088585 -0.184179 0.978893
vn -0.133536 -0.196328 0.971403
vn -0.155275 -0.658429 0.736452
vn -0.101467 -0.618139 0.779492
vn -0.090648 -0.146981 0.984977
vn -0.110784 -0.549853 0.827882
vn 0.250615 -0.128358 -0.959540
vn 0.152615 -0.263742 -0.952444
vn 0.114035 -0.302611 -0.946268
vn 0.249907 0.422314 -0.871319
vn 0.264860 0.695234 -0.668206
vn 0.123413 0.837958 -0.531598
vn 0.149319 0.412405 -0.898680
vn 0.143996 0.428976 -0.891765
vn 0.109826 0.843708 -0.525448
vn 0.605225 -0.789324 -0.103298
vn 0.584403 -0.748689 0.312950
vn 0.479319 -0.839375 0.256326
vn 0.384514 -0.872672 -0.300985
vn 0.088221 -0.938775 -0.333044
vn -0.120780 -0.775820 -0.619287
vn -0.264441 -0.392247 -0.881030
vn 0.227235 -0.942953 0.243317
vn 0.407162 -0.900147 -0.154774
vn -0.036790 -0.572617 0.818997
vn -0.054327 -0.253695 0.965757
vn -0.340594 -0.042165 -0.939265
vn -0.290707 0.034241 -0.956199
vn -0.410349 -0.092647 -0.907210
vn -0.398562 -0.119335 -0.909345
vn -0.390530 -0.100411 -0.915098
vn -0.420801 -0.136097 -0.896886
vn -0.500448 -0.134270 -0.855292
vn -0.463041 -0.101437 -0.880513
vn -0.403066 -0.086269 -0.911096
vn 0.109362 0.800688 -0.589015
vn 0.618562 0.254101 -0.743514
vn -0.133186 -0.043248 -0.990147
vn -0.150288 0.365286 -0.918684
vn 0.588963 0.384573 0.710793
vn 0.396249 0.859418 0.323090
vn 0.440003 0.797510 0.412767
vn 0.557359 0.311649 0.769562
vn 0.399648 0.584530 0.706121
vn 0.501018 0.261517 0.824979
vn 0.308289 0.745832 0.590502
vn 0.491963 0.230821 0.839461
vn 0.515865 0.198086 0.833454
vn 0.362980 0.694507 0.621213
vn 0.449204 0.506581 0.735929
vn 0.539178 0.223453 0.812007
vn 0.372849 0.725816 0.578079
vn 0.506274 0.257288 0.823098
vn 0.465464 0.805703 0.366314
vn 0.637469 0.309993 0.705364
vn -0.036568 0.196662 -0.979789
vn 0.857863 0.425609 -0.287973
vn -0.177622 0.098813 -0.979125
vn -0.236391 0.071357 -0.969034
vn -0.244740 -0.001986 -0.969587
vn -0.255850 -0.039204 -0.965921
vn -0.326365 -0.045536 -0.944146
vn -0.318536 -0.016468 -0.947768
vn -0.275218 -0.030999 -0.960882
vn 0.411759 0.701141 -0.582113
vn 0.782071 -0.121963 -0.611139
vn 0.022604 -0.139551 -0.989957
vn 0.057975 0.322889 -0.944660
vn 0.411908 0.157704 0.897475
vn 0.452802 0.132130 0.881767
vn 0.370425 0.762355 0.530660
vn 0.370506 0.704193 0.605671
vn 0.328244 0.434922 0.838510
vn 0.407261 0.150922 0.900756
vn 0.231368 0.695914 0.679833
vn 0.314012 0.187265 0.930768
vn 0.322202 0.187253 0.927967
vn 0.259819 0.680943 0.684698
vn 0.342825 0.425097 0.837713
vn 0.384556 0.183290 0.904722
vn 0.277157 0.731821 0.622592
vn 0.371901 0.260811 0.890880
vn 0.326302 0.887547 0.325250
vn 0.494150 0.459932 0.737752
vn 0.151136 0.362100 -0.919805
vn 0.662622 0.637049 -0.393827
vn 0.028514 0.598050 -0.800952
vn 0.023706 0.135411 -0.990506
vn -0.025095 0.467716 -0.883523
vn -0.088946 0.057565 -0.994372
vn -0.078396 -0.021923 -0.996681
vn -0.032614 0.441603 -0.896618
vn -0.055586 0.414240 -0.908469
vn -0.081377 -0.038602 -0.995936
vn -0.142155 -0.068168 -0.987494
vn -0.087137 0.391873 -0.915884
vn -0.082760 0.033686 -0.996000
vn 0.008793 0.523560 -0.851943
vn 0.084998 0.581327 -0.809219
vn 0.027846 0.100163 -0.994581
vn 0.583606 0.165365 0.795021
vn 0.998309 0.003778 0.058002
vn 0.456300 0.889779 0.009154
vn 0.461839 0.745525 0.480517
vn 0.259381 0.134592 0.956351
vn 0.178977 0.110809 0.977593
vn 0.158115 0.421540 0.892919
vn 0.172242 0.101976 0.979762
vn 0.172367 0.165621 0.971009
vn 0.171157 0.167542 0.970894
vn 0.170105 0.108817 0.979399
vn 0.228698 0.453664 0.861328
vn 0.194490 0.035877 0.980248
vn 0.270644 0.112157 0.956124
vn 0.901471 0.425325 -0.080307
vn 0.262680 0.244393 -0.933419
vn 0.352326 0.310958 -0.882707
vn 0.148133 0.066140 -0.986753
vn 0.246097 0.167454 -0.954670
vn 0.127220 0.052001 -0.990511
vn 0.231909 0.005095 -0.972724
vn 0.231012 -0.018662 -0.972772
vn 0.309245 -0.003592 -0.950976
vn 0.546159 0.777263 -0.312366
vn 0.988374 -0.019900 -0.150737
vn 0.551803 -0.024417 -0.833617
vn 0.467837 0.406821 -0.784618
vn 0.073471 0.400908 0.913167
vn 0.099012 0.844768 0.525894
vn 0.060395 0.823523 0.564059
vn -0.018506 0.379525 0.924996
vn -0.035119 0.370151 0.928308
vn 0.085327 0.729886 0.678222
vn -0.009279 0.841449 0.540258
vn -0.070716 0.281734 0.956883
vn -0.017058 0.806778 0.590609
vn -0.046084 0.607332 0.793111
vn -0.085651 0.212906 0.973311
vn -0.071008 0.255739 0.964135
vn -0.003021 0.216481 0.976282
vn -0.081445 0.243568 0.966458
vn 0.088576 0.729428 0.678299
vn 0.128050 0.728846 0.672597
vn 0.018631 0.262092 0.964863
vn 0.143118 0.740760 0.656348
vn 0.187133 -0.953866 -0.234780
vn 0.442569 -0.895409 -0.048741
vn 0.079506 -0.959816 -0.269132
vn -0.031315 -0.941033 -0.336862
vn -0.071078 -0.935601 -0.345831
vn -0.082727 -0.926226 -0.367779
vn -0.133052 -0.885381 -0.445419
vn -0.106290 -0.916176 -0.386425
vn 0.039903 -0.947306 -0.317836
vn 0.883348 -0.337202 -0.325563
vn 0.379737 -0.906801 -0.183065
vn 0.254644 -0.632992 -0.731080
vn 0.318110 -0.216769 -0.922939
vn 0.931258 -0.008996 -0.364250
vn 0.310776 0.117974 -0.943133
vn 0.416812 0.844896 -0.335287
vn 0.282381 0.602445 -0.746540
vn 0.105747 0.874993 -0.472446
vn 0.162160 0.908140 -0.385986
vn -0.024702 0.684857 -0.728259
vn 0.004473 0.838134 -0.545446
vn 0.037124 0.843941 -0.535150
vn 0.043588 0.725846 -0.686475
vn 0.041813 0.872412 -0.486980
vn 0.107775 0.924316 -0.366094
vn 0.145694 0.971309 -0.187967
vn 0.171939 0.982881 -0.066200
vn 0.347121 0.933404 -0.090910
vn 0.377728 0.925737 0.018261
vn 0.053714 0.995897 0.072825
vn 0.053146 0.991218 0.121090
vn 0.120249 0.987433 0.102553
vn 0.160096 0.986112 -0.044192
vn 0.181356 0.983087 -0.025482
vn 0.769357 0.002550 0.638815
vn 0.983668 -0.088940 -0.156486
vn 0.560871 0.801908 -0.205835
vn 0.661968 0.643643 0.384087
vn 0.570742 -0.597931 0.562789
vn 0.676471 -0.736468 0.001205
vn 0.393143 -0.790151 0.470212
vn 0.338667 -0.923158 0.181891
vn 0.117032 -0.916898 0.381579
vn 0.145507 -0.930127 0.337183
vn 0.155570 -0.895367 0.417272
vn 0.104420 -0.915664 0.388144
vn 0.119999 -0.926529 0.356574
vn 0.262534 -0.919477 0.292638
vn 0.272126 -0.915368 0.296730
vn 0.336808 -0.921935 0.191304
vn 0.603168 -0.779193 0.170434
vn 0.484980 -0.874319 0.018986
vn 0.228676 0.972086 0.052491
vn 0.369509 0.927855 -0.050470
vn 0.508391 0.858774 0.063613
vn 0.049663 0.995574 0.079789
vn 0.015319 0.996177 0.086008
vn 0.108852 0.987730 0.111987
vn 0.136483 0.984151 -0.113226
vn 0.184699 0.970510 -0.154910
vn 0.799710 0.484671 0.354341
vn 0.827070 0.431907 -0.359737
vn 0.346762 0.917431 -0.195131
vn 0.489572 0.852626 0.182616
vn 0.873801 -0.013405 0.486099
vn 0.953290 -0.159249 -0.256667
vn 0.670947 -0.723729 0.161387
vn 0.748803 -0.493768 0.442139
vn 0.392431 -0.859160 0.328394
vn 0.225074 -0.901284 0.370175
vn 0.171904 -0.923969 0.341658
vn 0.188309 -0.932290 0.308830
vn 0.220349 -0.927160 0.303020
vn 0.357805 -0.909635 0.211045
vn 0.313843 -0.937534 0.150111
vn 0.318201 -0.943823 0.089142
vn 0.406057 -0.910387 -0.079462
vn 0.608620 -0.791629 -0.053898
vn 0.211478 0.958308 0.192155
vn 0.211234 0.958943 0.189233
vn 0.248217 0.951574 0.181371
vn 0.164384 0.986084 -0.024840
vn 0.102872 0.994694 0.001259
vn 0.368230 0.335584 0.867058
vn 0.974316 0.093806 0.204716
vn 0.491573 0.869517 0.047923
vn 0.276059 0.780193 0.561330
vn 0.343517 -0.168475 0.923911
vn 0.734131 -0.618835 0.279455
vn 0.199789 -0.545420 0.814003
vn 0.229744 -0.872618 0.430994
vn -0.068838 -0.863948 0.498854
vn 0.034419 -0.858227 0.512115
vn -0.124919 -0.871342 0.474508
vn -0.088992 -0.856382 0.508616
vn -0.125380 -0.900563 0.416253
vn -0.083052 -0.895181 0.437896
vn -0.063916 -0.845047 0.530858
vn -0.156435 -0.874698 0.458728
vn 0.046316 -0.788107 0.613793
vn 0.059143 0.997003 -0.049865
vn 0.056353 0.991294 -0.118996
vn 0.083588 0.783744 0.615434
vn -0.138003 0.957607 0.252872
vn 0.309257 0.707121 0.635877
vn 0.455946 0.755726 0.470098
vn 0.418088 0.908382 -0.006750
vn 0.222434 0.876680 -0.426562
vn -0.063962 0.897259 -0.436848
vn -0.286502 0.924743 -0.250534
vn 0.197339 0.965452 0.170174
vn 0.258261 0.910623 -0.322593
vn 0.399172 0.913051 0.083658
vn 0.160752 0.893901 -0.418450
vn 0.065206 0.933823 -0.351744
vn 0.057874 0.993775 0.095194
vn 0.092788 0.891238 0.443942
vn 0.288990 0.831552 0.474348
vn 0.409269 0.828722 0.381732
vn 0.298348 0.953435 0.044162
vn -0.166740 0.978557 0.120931
vn -0.237724 0.924414 -0.298240
vn 0.110219 0.900380 -0.420913
vn 0.311360 0.947502 -0.072767
vn -0.003404 0.913558 -0.406694
vn -0.035566 0.863564 0.502983
vn 0.205565 0.834724 0.510861
vn 0.399291 0.846163 0.352951
vn 0.097835 0.995109 0.013674
vn 0.120262 0.886224 0.447374
vn -0.022448 0.906341 0.421950
vn 0.236569 0.886535 0.397606
vn 0.256861 0.963981 0.069011
vn -0.062434 0.995526 0.070925
vn 0.177695 0.954620 -0.239010
vn 0.064027 0.955774 -0.287048
vn -0.033058 0.960566 -0.276082
vn 0.093038 0.994303 0.052009
vn 0.243689 0.964390 -0.102801
vn 0.318618 0.938088 0.135914
vn 0.075976 0.901458 -0.426148
vn -0.007050 0.915692 0.401819
vn -0.119472 0.984104 0.131398
vn -0.270493 0.909685 -0.315130
vn 0.184573 0.909405 0.372714
vn -0.150907 0.844806 -0.513351
vn 0.093721 0.995591 0.003768
vn -0.111597 0.947362 0.300086
vn -0.222366 0.901742 -0.370695
vn 0.023799 0.818653 0.573796
vn 0.322877 0.942599 0.085192
vn 0.415370 0.830359 0.371446
vn 0.004053 0.944299 -0.329062
vn 0.313347 0.795859 0.518094
vn -0.109787 0.908731 -0.402684
vn 0.161825 0.977037 0.138604
vn 0.114738 0.896577 0.427768
vn 0.197006 0.968165 0.154419
vn 0.289679 0.946329 -0.143346
vn 0.239769 0.930058 -0.278396
vn 0.221345 0.938533 -0.264882
vn 0.139333 0.989802 0.029624
vn 0.017612 0.939606 0.341804
vn 0.033326 0.914144 0.404017
vn 0.121403 0.986483 0.110059
vn 0.164282 0.972432 0.165494
vn 0.188815 0.965667 0.178429
vn 0.156135 0.975457 0.155261
vn 0.181434 0.979997 -0.081779
vn 0.198271 0.953698 -0.226163
vn 0.193645 0.979221 -0.060235
vn 0.200102 0.953017 -0.227417
vn 0.183227 0.954728 -0.234355
vn 0.198630 0.978972 -0.046484
vn 0.244830 0.939077 -0.241232
vn 0.219876 0.913822 -0.341443
vn 0.316164 0.947787 -0.041718
vn 0.311022 0.950178 0.020652
vn 0.235653 0.960731 -0.146505
vn 0.190186 0.973882 -0.124030
vn 0.237636 0.970611 0.037984
vn 0.196098 0.980551 0.008057
vn 0.171965 0.984207 -0.042010
vn 0.161534 0.979195 -0.122821
vn 0.139249 0.974125 -0.178018
vn 0.438336 0.896273 -0.067498
vn 0.372981 0.920884 -0.113395
vn 0.120325 0.878871 -0.461637
vn 0.308755 0.913525 -0.264845
vn -0.232721 0.502256 -0.832814
vn 0.251371 0.966671 -0.048588
vn 0.123809 0.983842 -0.129327
vn -0.010426 0.923028 -0.384593
vn 0.149179 0.972468 -0.179031
vn -0.021536 0.978682 -0.204252
vn -0.239583 0.705768 -0.666702
vn 0.130234 0.987379 -0.090123
vn 0.170707 0.957042 -0.234372
vn 0.219802 0.974719 -0.040122
vn 0.193685 0.974517 -0.113150
vn 0.257190 0.966045 -0.024710
vn 0.193681 0.980938 -0.015734
vn 0.187023 0.978199 0.090275
vn 0.182402 0.982153 -0.045884
vn 0.279719 0.955788 -0.090703
vn 0.282362 0.958574 0.037521
vn 0.325017 0.930636 -0.168168
vn 0.227556 0.950903 0.209765
vn 0.131487 0.786975 0.602811
vn 0.258889 0.955365 -0.142315
vn 0.034018 0.256174 0.966032
vn 0.272074 0.913605 -0.302163
vn 0.144716 0.987597 -0.060906
vn 0.132438 0.989872 0.051118
vn 0.069295 0.953066 0.294726
vn 0.104973 0.918317 0.381674
vn 0.037399 0.817377 0.574888
vn 0.228890 0.419920 0.878223
vn 0.058728 -0.214152 0.975033
vn 0.366207 -0.172435 0.914417
vn 0.124455 -0.515509 0.847798
vn 0.347413 -0.700332 0.623570
vn 0.149602 -0.729818 0.667073
vn 0.282250 -0.869847 0.404599
vn 0.387921 -0.911074 0.139503
vn 0.041653 -0.993873 0.102383
vn 0.106817 -0.992472 0.059916
vn 0.042064 -0.997922 0.048814
vn -0.034938 -0.996745 0.072653
vn 0.144961 -0.988976 0.030207
vn 0.142083 -0.989837 0.005972
vn 0.132652 -0.990789 0.027216
vn 0.092333 -0.990982 0.097101
vn 0.054997 -0.992268 0.111267
vn 0.133681 -0.990115 0.042459
vn 0.111008 -0.982662 0.148503
vn 0.041634 -0.992138 0.118025
vn 0.108677 -0.990738 -0.081416
vn 0.078502 -0.995281 0.057041
vn 0.127235 -0.986247 0.105489
vn 0.116463 -0.991306 -0.061222
vn 0.042055 -0.935428 -0.351007
vn 0.086832 -0.944256 -0.317555
vn -0.075753 -0.996897 0.021396
vn -0.009205 -0.995948 0.089456
vn -0.065749 -0.997702 0.016373
vn -0.120328 -0.989314 -0.082338
vn -0.201461 -0.939731 -0.276260
vn -0.147056 -0.977601 -0.150567
vn -0.290832 -0.535199 -0.793082
vn -0.334014 -0.512356 -0.791155
vn -0.342242 -0.132516 -0.930220
vn -0.297075 -0.160280 -0.941306
vn -0.025309 -0.755005 -0.655231
vn -0.115328 -0.663582 -0.739161
vn -0.237063 -0.217195 -0.946904
vn -0.198059 -0.300876 -0.932870
vn -0.192308 -0.349675 -0.916922
vn -0.300651 -0.383818 -0.873094
vn -0.174376 -0.717889 -0.673965
vn -0.006352 -0.773891 -0.633287
vn 0.068237 -0.905069 -0.419754
vn 0.325011 -0.918327 -0.225929
vn 0.432545 -0.870187 -0.235964
vn 0.449189 -0.851737 -0.269765
vn 0.459264 -0.848166 -0.263991
vn 0.447293 -0.865869 -0.224051
vn 0.465620 -0.883982 -0.042123
vn 0.450255 -0.888345 0.090081
vn 0.456702 -0.888151 0.051106
vn 0.432318 -0.901152 0.032018
vn 0.449053 -0.892982 0.030572
vn 0.445258 -0.878034 0.175501
vn 0.434676 -0.881648 0.183718
vn 0.416620 -0.902085 0.112565
vn -0.335782 0.083479 -0.938233
vn -0.308313 0.175017 -0.935046
vn 0.112872 -0.985734 0.124852
vn 0.331505 -0.939883 0.082007
vn 0.320545 -0.933666 0.159744
vn 0.135619 -0.980548 0.141891
vn 0.343116 -0.939292 0.001603
vn 0.118353 -0.989284 0.085495
vn 0.140594 -0.989970 -0.013894
vn 0.326544 -0.937114 -0.123229
vn 0.202843 -0.853387 0.480194
vn 0.229144 -0.912065 0.340045
vn 0.166483 -0.737796 0.654171
vn 0.123427 -0.985407 0.117214
vn 0.171472 -0.973494 0.151351
vn 0.141075 -0.934380 -0.327159
vn 0.145555 -0.944990 -0.292929
vn 0.021139 -0.891473 -0.452580
vn 0.182116 -0.972446 -0.145540
vn 0.072585 -0.990385 0.117763
vn 0.161878 -0.986126 0.036753
vn 0.193172 -0.981163 0.001759
vn 0.089294 -0.990253 0.106892
vn 0.138860 -0.984510 0.107038
vn 0.259362 -0.965774 -0.003582
vn 0.392471 -0.894834 0.212696
vn 0.357834 -0.879115 0.314820
vn 0.454358 -0.800259 0.391337
vn 0.775698 -0.578255 0.252812
vn 0.291361 -0.915778 0.276513
vn 0.356006 -0.925765 0.127358
vn 0.150937 -0.987592 -0.043351
vn 0.011617 -0.999456 -0.030869
vn 0.174691 -0.980910 -0.085436
vn -0.031630 -0.997817 -0.057967
vn 0.192240 -0.980972 -0.027160
vn -0.050911 -0.997436 0.050294
vn 0.155482 -0.982616 0.101446
vn 0.146631 -0.979353 0.139167
vn 0.105011 -0.990952 0.083591
vn -0.234271 -0.867178 -0.439452
vn -0.283623 -0.813112 -0.508337
vn 0.034691 -0.995437 -0.088889
vn -0.071724 -0.995542 0.061257
vn 0.183388 -0.973056 0.139751
vn -0.096642 -0.966268 0.238718
vn -0.168852 -0.979454 0.110271
vn -0.251773 -0.944322 0.211817
vn -0.326734 -0.870090 0.369037
vn -0.062716 -0.912751 -0.403673
vn -0.190885 -0.578532 -0.793009
vn -0.240995 -0.157544 -0.957654
vn -0.158861 -0.844616 0.511261
vn -0.372081 -0.714934 0.591967
vn 0.122035 -0.905690 0.405996
vn 0.001650 -0.827647 0.561247
vn 0.077061 -0.764236 0.640316
vn -0.059010 -0.662012 0.747167
vn -0.274086 -0.204176 0.939781
vn -0.289831 -0.293450 0.910980
vn -0.279237 -0.130313 0.951339
vn -0.233676 -0.541517 0.807561
vn -0.327518 -0.051826 0.943423
vn -0.376247 -0.410850 0.830446
vn -0.404250 0.000718 0.914648
vn 0.170960 0.884710 0.433660
vn 0.625267 0.663771 0.410426
vn -0.005000 0.989164 0.146729
vn 0.289273 0.951908 -0.100953
vn 0.191372 0.952255 0.237880
vn 0.002826 0.954918 0.296858
vn -0.331068 0.485281 0.809257
vn -0.290965 0.506378 0.811739
vn -0.246802 0.516568 0.819907
vn -0.278251 0.483984 0.829660
vn -0.345642 0.456291 0.819957
vn 0.003684 -0.982657 0.185396
vn -0.072054 -0.910714 0.406705
vn 0.055468 -0.853851 0.517553
vn 0.117916 -0.957933 0.261649
vn 0.127695 -0.983674 0.126803
vn 0.029390 -0.996519 0.078015
vn 0.058240 -0.996647 -0.057464
vn 0.152106 -0.987049 -0.050977
vn 0.110682 -0.987785 -0.109681
vn 0.063287 -0.980068 -0.188311
vn 0.086928 -0.975854 0.200380
vn 0.012458 -0.914104 -0.405287
vn -0.155574 -0.723843 -0.672197
vn -0.275752 -0.452390 -0.848118
vn -0.232537 -0.201872 -0.951407
vn 0.651227 -0.347580 -0.674605
vn 0.299915 -0.953241 -0.037193
vn -0.035837 -0.856685 0.514593
vn 0.612170 0.300733 -0.731306
vn 0.014987 0.998057 0.060485
vn 0.326799 0.850410 -0.412317
vn -0.303063 -0.317601 0.898489
vn -0.353674 0.435453 0.827826
vn 0.048073 0.925388 0.375962
vn -0.038424 0.917559 0.395738
vn -0.203938 0.858216 0.471036
vn -0.091835 -0.747615 0.657752
vn -0.172855 -0.814336 0.554056
vn 0.173777 -0.972196 -0.156960
vn 0.309358 -0.944865 -0.107365
vn 0.162395 -0.617247 0.769828
vn 0.599602 -0.785832 0.151478
vn 0.975197 -0.210836 -0.067379
vn 0.346228 0.026096 0.937787
vn 0.067136 0.984390 0.162693
vn 0.270594 0.937902 0.217069
vn 0.467160 0.822379 -0.324738
vn 0.271876 0.854463 -0.442692
vn 0.266697 0.829221 -0.491188
vn 0.053116 0.994030 0.095305
vn -0.249555 -0.140389 0.958130
vn -0.327749 -0.266777 0.906317
vn 0.434757 -0.423936 -0.794522
vn 0.559408 -0.401033 -0.725420
vn -0.185165 0.479249 0.857924
vn -0.278614 0.433129 0.857189
vn 0.419568 0.227205 -0.878829
vn 0.521046 0.170681 -0.836289
vn 0.360881 0.525728 0.770308
vn 0.916915 0.315047 -0.244974
vn 0.262838 -0.955586 -0.133306
vn -0.089743 -0.844148 0.528546
vn 0.537174 -0.404393 -0.740210
vn 0.512733 0.248229 -0.821880
vn 0.290208 0.820342 -0.492766
vn 0.017613 0.998701 0.047810
vn -0.356700 0.407399 0.840708
vn -0.324709 -0.331804 0.885703
vn -0.145140 -0.830142 0.538330
vn -0.306748 -0.735876 0.603649
vn -0.463377 -0.323156 0.825138
vn -0.485322 0.005594 0.874318
vn -0.439831 0.366794 0.819763
vn -0.462561 -0.573927 0.675755
vn -0.516790 -0.083189 0.852061
vn -0.390446 0.643178 0.658691
vn -0.233799 -0.240874 0.941975
vn 0.005380 -0.498496 0.866876
vn 0.065403 -0.881084 -0.468416
vn -0.079371 -0.492303 -0.866797
vn -0.261426 0.256541 -0.930507
vn -0.326744 0.269311 -0.905930
vn -0.286794 0.250834 -0.924571
vn -0.235255 0.212736 -0.948366
vn -0.244835 0.198695 -0.948987
vn -0.257404 0.192510 -0.946934
vn 0.120387 0.971250 0.205378
vn 0.139200 0.956258 0.257282
vn 0.064663 0.980294 0.186664
vn 0.128815 0.986410 0.101989
vn -0.098591 0.964430 0.245264
vn -0.252012 0.903160 0.347553
vn 0.152900 0.988131 0.014815
vn 0.065686 0.995736 0.064774
vn -0.056965 0.993163 0.101890
vn -0.178396 0.974899 0.133219
vn 0.154263 0.985316 -0.073186
vn -0.167904 0.664912 -0.727805
vn 0.027507 0.948129 -0.316693
vn 0.112241 0.973775 -0.197900
vn 0.131468 0.978530 -0.158729
vn 0.161746 0.983789 -0.077446
vn 0.159816 0.980305 -0.116022
vn 0.089716 0.995543 -0.029074
vn 0.104146 0.990941 -0.084786
vn 0.115168 0.988832 -0.094590
vn 0.110886 0.980351 -0.163147
vn 0.087576 0.972133 -0.217456
vn 0.012209 0.921227 -0.388834
vn -0.131749 0.662109 -0.737736
vn -0.186979 0.631290 -0.752670
vn -0.266284 0.629350 -0.730076
vn -0.273037 0.649140 -0.709977
vn -0.245623 0.401034 0.882520
vn -0.150197 0.855402 0.495710
vn -0.114937 0.975372 0.188253
vn -0.017912 0.094830 0.995332
vn 0.001204 0.780507 0.625147
vn 0.012589 0.971293 0.237553
vn -0.033388 0.999336 0.014555
vn -0.011221 0.998428 -0.054908
vn 0.002165 0.993616 -0.112793
vn -0.001741 0.983489 -0.180959
vn -0.026261 0.964412 -0.263097
vn -0.094117 0.891907 -0.442316
vn -0.201944 0.862007 -0.464932
vn -0.151979 0.938536 -0.309924
vn -0.127096 0.968148 -0.215722
vn -0.117002 0.983577 -0.137430
vn -0.126643 0.991224 -0.037891
vn -0.149881 0.987030 0.057514
vn -0.225157 0.838952 -0.495444
vn -0.190306 0.907839 -0.373648
vn -0.146296 0.955045 -0.257849
vn -0.126963 0.981453 -0.143633
vn -0.125279 0.992122 0.000485
vn -0.117741 0.990088 0.076572
vn -0.197384 0.737749 -0.645575
vn -0.185300 0.832702 -0.521797
vn -0.155599 0.893668 -0.420888
vn -0.122985 0.946505 -0.298333
vn -0.099645 0.985673 -0.136091
vn -0.057224 0.998295 -0.011523
vn -0.002345 0.999007 0.044492
vn -0.020647 0.995388 -0.093682
vn -0.069810 0.978972 -0.191677
vn 0.007654 0.999931 -0.008944
vn 0.007441 0.980908 -0.194332
vn -0.108383 0.932554 -0.344378
vn -0.153381 0.887926 -0.433661
vn -0.102215 0.822318 -0.559773
vn -0.011731 0.927062 -0.374724
vn -0.002787 0.963236 0.268642
vn -0.169104 0.691516 -0.702289
vn -0.070664 -0.436370 -0.896988
vn -0.149818 -0.181007 -0.972004
vn 0.050457 -0.861419 -0.505383
vn -0.024082 0.710432 0.703353
vn 0.008360 0.078228 0.996900
vn 0.070267 -0.458401 0.885964
vn 0.092067 -0.833303 0.545097
vn 0.107102 -0.990875 -0.081832
vn 0.109120 -0.967271 0.229084
vn 0.994717 -0.031833 -0.097594
vn 0.157144 -0.572104 0.804986
vn 0.160416 -0.265253 0.950740
vn 0.147192 -0.040146 0.988293
vn 0.153779 -0.455423 0.876893
vn 0.070700 -0.469531 0.880081
vn 0.027277 -0.056823 0.998012
vn -0.073572 -0.092125 0.993026
vn -0.033469 -0.524974 0.850460
vn -0.019563 -0.540189 0.841316
vn -0.022661 -0.127311 0.991604
vn 0.209870 -0.467041 0.858969
vn 0.208614 -0.044811 0.976971
vn 0.121865 -0.092223 0.988253
vn 0.114850 -0.508711 0.853242
vn 0.110791 -0.439027 0.891617
vn 0.098302 0.063357 0.993138
vn 0.175080 0.015132 0.984438
vn 0.174936 -0.440313 0.880637
vn 0.109732 -0.568659 0.815222
vn 0.156684 -0.507798 0.847108
vn 0.200692 -0.084869 0.975971
vn 0.179180 -0.192636 0.964773
vn 0.049021 0.062099 0.996865
vn 0.107158 -0.436494 0.893303
vn 0.326347 -0.005252 0.945235
vn 0.000000 -0.034628 0.999400
vn 0.643389 0.066784 0.762621
vn 0.773034 0.118271 0.623242
vn 0.920423 0.074975 0.383667
vn 0.996227 -0.045079 0.074161
vn 0.968668 -0.173526 -0.177683
vn 0.852144 -0.266862 -0.450150
vn 0.574205 -0.308495 -0.758366
vn 0.200265 -0.261467 -0.944208
vn -0.089829 -0.176569 -0.980181
vn -0.210287 -0.117817 -0.970515
vn 0.000000 -0.098880 -0.995099
vn -0.183498 0.435508 -0.881284
vn -0.082232 0.455321 -0.886522
vn -0.087979 0.471933 -0.877234
vn -0.217920 0.450401 -0.865823
vn -0.308469 0.403002 -0.861648
vn -0.285417 0.471156 -0.834595
vn -0.000000 0.405144 -0.914253
vn 0.000000 0.472196 -0.881494
vn -0.000000 0.354614 -0.935013
vn -0.000000 0.278053 -0.960566
vn -0.126169 0.286598 -0.949707
vn 0.184085 0.508406 -0.841211
vn 0.192327 0.492384 -0.848863
vn -0.108920 0.184303 -0.976816
vn 0.000000 0.191265 -0.981538
vn -0.000000 0.077214 -0.997015
vn -0.147106 0.056891 -0.987483
vn -0.034336 0.305818 -0.951471
vn 0.008421 0.187788 -0.982174
vn -0.000910 0.020525 -0.999789
vn 0.291904 -0.017404 -0.956289
vn 0.297315 0.207746 -0.931904
vn 0.241456 0.360020 -0.901157
vn 0.541303 0.481525 -0.689293
vn 0.533790 0.532806 -0.656647
vn 0.577662 0.424717 -0.697082
vn 0.638257 0.223627 -0.736627
vn 0.637713 -0.062487 -0.767735
vn 0.858076 -0.065212 -0.509366
vn 0.944719 -0.010059 -0.327726
vn 0.782511 0.506883 -0.361589
vn 0.755494 0.461035 -0.465485
vn 0.892115 0.435666 -0.119694
vn 0.857315 0.442657 -0.262803
vn 0.799891 0.437065 -0.411277
vn 0.840277 0.235428 -0.488373
vn 0.896795 0.244639 -0.368660
vn 0.877927 0.401845 -0.260317
vn 0.889558 0.350272 -0.293251
vn 0.938467 0.343059 -0.039883
vn 0.926239 0.336811 -0.169235
vn 0.935741 0.348175 -0.056243
vn 0.932358 0.280795 -0.227736
vn 0.985483 0.118945 -0.121144
vn 0.937363 0.233275 0.258716
vn 0.918754 0.341958 0.197371
vn 0.920354 0.323302 0.220056
vn 0.916340 0.249286 0.313332
vn 0.956133 0.280449 0.084607
vn 0.889592 0.167609 0.424891
vn 0.971043 0.219338 -0.094693
vn 0.912672 0.220405 -0.344167
vn 0.968558 0.208070 0.136389
vn 0.856156 0.171406 0.487459
vn 0.000000 0.130962 -0.991387
vn -0.284836 0.211248 -0.935010
vn -0.277988 -0.051605 -0.959197
vn -0.000000 -0.194642 -0.980874
vn 0.111556 -0.309308 -0.944396
vn -0.163511 -0.371275 -0.914013
vn -0.082208 -0.103558 -0.991220
vn 0.196402 -0.053024 -0.979089
vn 0.000000 -0.505115 -0.863052
vn -0.334669 -0.325918 -0.884180
vn -0.204910 0.034510 -0.978172
vn -0.234625 -0.173574 -0.956464
vn -0.207665 0.265306 -0.941535
vn -0.060004 0.094667 -0.993699
vn -0.064514 0.305823 -0.949900
vn 0.240481 0.151736 -0.958721
vn 0.235418 0.343412 -0.909201
vn 0.575169 0.349298 -0.739711
vn 0.568453 0.203245 -0.797215
vn 0.528867 0.002128 -0.848702
vn 0.495678 -0.198532 -0.845511
vn 0.452006 -0.151576 -0.879042
vn -0.030204 -0.307120 -0.951191
vn 0.768224 0.339429 -0.542789
vn 0.783429 0.230952 -0.576975
vn 0.775609 0.055802 -0.628743
vn 0.912525 0.099095 -0.396834
vn 0.960740 0.154270 -0.230606
vn 0.732607 -0.088824 -0.674831
vn 0.879173 0.039049 -0.474901
vn 0.892740 0.111071 -0.436667
vn 0.769298 -0.032537 -0.638061
vn -0.010327 0.638511 0.769544
vn 0.003760 0.939948 0.341296
vn 0.024601 0.999553 0.017002
vn 0.030853 0.982016 -0.186260
vn 0.012608 0.924372 -0.381285
vn -0.023995 0.796048 -0.604758
vn -0.057651 0.595247 -0.801472
vn -0.194113 0.277774 -0.940830
vn -0.062767 0.269300 -0.961009
vn -0.078204 -0.049458 -0.995710
vn -0.008608 -0.371783 -0.928280
vn 0.068720 -0.820904 -0.566916
vn 0.130937 -0.987520 -0.087517
vn 0.153656 -0.954097 0.257078
vn 0.141676 -0.809282 0.570080
vn 0.168089 -0.780480 0.602160
vn 0.125511 -0.791188 0.598556
vn 0.150590 -0.950199 0.272846
vn 0.126236 -0.953759 0.272780
vn 0.132688 -0.988643 -0.070565
vn 0.109941 -0.989991 -0.088492
vn 0.108382 -0.855839 -0.505759
vn 0.071727 -0.831047 -0.551558
vn 0.074391 -0.476321 -0.876119
vn 0.022496 -0.408000 -0.912705
vn 0.047271 -0.070206 -0.996412
vn -0.003910 -0.034363 -0.999402
vn 0.035111 0.222375 -0.974329
vn -0.013101 0.254459 -0.966995
vn 0.037226 0.523612 -0.851143
vn -0.008025 0.556223 -0.830994
vn 0.095652 0.563203 0.820764
vn 0.168529 0.483033 0.859231
vn 0.089723 0.897354 0.432094
vn 0.147705 0.844355 0.515022
vn 0.085749 0.993527 0.074513
vn 0.119446 0.985913 0.117085
vn 0.068538 0.978722 -0.193405
vn 0.093628 0.976256 -0.195342
vn 0.008535 0.768745 -0.639499
vn 0.049247 0.748350 -0.661473
vn 0.070939 0.897877 -0.434493
vn 0.039328 0.910232 -0.412227
vn 0.205531 -0.782203 0.588145
vn 0.101103 -0.799932 0.591513
vn 0.196315 -0.945092 0.261270
vn 0.098894 -0.958004 0.269161
vn 0.185110 -0.980250 -0.069603
vn 0.099036 -0.992491 -0.071781
vn 0.166885 -0.853142 -0.494265
vn 0.082786 -0.848274 -0.523047
vn 0.134786 -0.504528 -0.852809
vn 0.067550 -0.488685 -0.869841
vn 0.101809 -0.095491 -0.990210
vn 0.077042 -0.098186 -0.992182
vn 0.096440 0.178180 -0.979261
vn 0.084700 0.139815 -0.986548
vn 0.111443 0.464373 -0.878600
vn 0.091137 0.401179 -0.911455
vn 0.198775 0.414519 0.888067
vn 0.118385 0.379516 0.917580
vn 0.172014 0.808280 0.563111
vn 0.092899 0.808172 0.581574
vn 0.138660 0.979940 0.143145
vn 0.058335 0.986565 0.152599
vn 0.125734 0.976162 -0.176916
vn 0.123594 0.714082 -0.689066
vn 0.127228 0.888307 -0.441275
vn 0.056256 0.990114 -0.128490
vn 0.086202 0.909468 -0.406741
vn 0.100990 0.694399 -0.712468
vn -0.034562 0.359597 0.932467
vn -0.268422 -0.126202 -0.954999
vn -0.424792 0.216229 -0.879089
vn -0.337167 0.632313 -0.697495
vn 0.015290 0.184877 -0.982643
vn -0.149356 0.643203 -0.750988
vn -0.124950 -0.152329 -0.980400
vn -0.269833 -0.074895 -0.959990
vn -0.186194 -0.086786 -0.978673
vn -0.208031 0.372766 -0.904305
vn -0.317648 0.373613 -0.871500
vn -0.368054 0.139836 -0.919229
vn -0.128969 0.135730 -0.982316
vn -0.061281 0.803377 0.592309
vn -0.073881 0.982384 0.171647
vn -0.064809 0.995254 -0.072592
vn -0.044251 0.933612 -0.355542
vn -0.035751 -0.814738 0.578726
vn -0.046910 -0.958969 0.279604
vn -0.043646 -0.997375 -0.057785
vn -0.044981 -0.851037 -0.523176
vn -0.026355 -0.516002 -0.856182
vn 0.017225 -0.114393 -0.993286
vn 0.034185 0.116880 -0.992558
vn -0.008238 0.405728 -0.913957
vn -0.023581 0.704997 -0.708818
vn 0.178749 0.130008 0.975268
vn 0.239003 0.187857 0.952674
vn 0.225621 0.256128 0.939943
vn 0.001631 0.337038 0.941490
vn 0.136391 0.301674 0.943605
vn -0.107388 0.350235 0.930485
vn 0.004324 0.716332 0.697746
vn 0.143380 0.638342 0.756282
vn -0.119392 0.764819 0.633086
vn 0.235232 0.568164 0.788579
vn 0.261855 0.522131 0.811672
vn 0.197878 0.494006 0.846642
vn -0.095457 0.966740 0.237282
vn 0.194466 0.806685 0.558070
vn 0.250184 0.808573 0.532557
vn 0.234246 0.834712 0.498381
vn 0.157768 0.885714 0.436601
vn 0.026903 0.939175 0.342384
vn -0.077459 0.996346 -0.035985
vn 0.143090 0.989191 0.032053
vn 0.032052 0.999397 -0.013326
vn 0.211558 0.973341 0.088601
vn 0.209194 0.969735 0.125904
vn 0.159236 0.976144 0.147604
vn 0.170711 -0.764797 0.621243
vn 0.103128 -0.808672 0.579149
vn 0.123774 -0.832872 0.539448
vn 0.131130 -0.821485 0.554948
vn 0.090325 -0.817839 0.568314
vn -0.013073 -0.824524 0.565677
vn -0.034387 -0.964831 0.260613
vn 0.111288 -0.974179 0.196445
vn 0.066588 -0.975339 0.210426
vn 0.139798 -0.946019 0.292412
vn 0.130334 -0.964237 0.230781
vn 0.147271 -0.942342 0.300504
vn -0.078855 -0.994860 -0.063520
vn 0.128696 -0.983070 -0.130429
vn 0.016818 -0.989880 -0.140905
vn 0.136870 -0.986036 -0.094869
vn 0.147092 -0.985628 -0.083075
vn 0.057578 -0.984632 -0.164876
vn -0.113387 -0.873029 -0.474303
vn 0.137794 -0.843509 -0.519139
vn -0.030500 -0.876883 -0.479735
vn 0.094133 -0.797324 -0.596166
vn 0.142228 -0.817046 -0.558755
vn -0.034990 -0.768255 -0.639187
vn -0.103566 -0.647955 -0.754605
vn 0.082655 -0.637344 -0.766133
vn -0.063566 -0.720806 -0.690216
vn -0.113850 0.747488 -0.654447
vn -0.102183 0.935144 -0.339212
vn -0.077112 0.573604 -0.815495
vn -0.010875 0.925537 -0.378500
vn 0.096174 0.922212 -0.374534
vn -0.054606 0.774224 -0.630551
vn 0.029682 0.751336 -0.659252
vn -0.065896 0.665271 -0.743689
vn -0.039941 0.610916 -0.790687
vn 0.109175 0.957311 -0.267650
vn 0.157036 0.940720 -0.300641
vn 0.163041 0.926444 -0.339293
vn 0.060773 0.804270 -0.591148
vn 0.023138 0.605591 -0.795440
vn -0.011481 0.361012 -0.932491
vn -0.057489 0.033542 -0.997783
vn -0.063807 -0.361163 -0.930317
vn 0.115671 0.768474 -0.629340
vn 0.108269 0.738959 -0.664994
vn 0.060940 -0.379075 -0.923357
vn 0.102682 -0.434038 -0.895024
vn 0.056434 0.009542 -0.998361
vn 0.076911 -0.004006 -0.997030
vn 0.077115 0.317069 -0.945262
vn 0.075322 0.280687 -0.956839
vn 0.093964 0.554416 -0.826918
vn 0.053723 0.520692 -0.852053
vn -0.054340 -0.541426 -0.838990
vn -0.028585 -0.351798 -0.935639
vn -0.042974 -0.564516 -0.824303
vn -0.059557 -0.627777 -0.776111
vn -0.070214 0.584746 -0.808172
vn -0.122643 0.541845 -0.831482
vn -0.015792 0.529571 -0.848119
vn 0.002887 0.348220 -0.937409
vn 0.018173 0.088896 -0.995875
vn 0.008848 -0.114156 -0.993423
vn -0.058784 0.244169 -0.967950
vn -0.090495 0.408069 -0.908455
vn -0.031915 -0.006929 -0.999467
vn -0.012149 -0.303765 -0.952670
vn 0.027488 -0.418729 -0.907695
vn 0.058410 -0.317535 -0.946446
vn 0.076155 0.274497 -0.958568
vn 0.009680 0.365372 -0.930811
vn 0.102877 0.066401 -0.992475
vn 0.097668 -0.113156 -0.988765
vn -0.144227 -0.446448 -0.883110
vn -0.043294 -0.465426 -0.884028
vn -0.223000 -0.325265 -0.918953
vn -0.272321 -0.040669 -0.961347
vn -0.273515 0.201706 -0.940481
vn -0.245251 0.395233 -0.885236
vn -0.163497 0.443796 -0.881087
vn -0.065981 0.430662 -0.900098
vn 0.047401 0.120407 -0.991592
vn 0.059211 -0.137470 -0.988735
vn -0.191138 -0.106575 -0.975760
vn -0.037367 -0.145582 -0.988640
vn -0.196100 0.199147 -0.960149
vn -0.047503 0.183123 -0.981942
vn 0.728442 0.235292 0.643436
vn 0.559582 0.143037 0.816339
vn 0.301732 0.077555 0.950233
vn 0.000000 0.062100 0.998070
vn 0.652824 0.302175 0.694630
vn 0.462552 0.186849 0.866679
vn 0.274145 0.110142 0.955360
vn -0.000000 0.085027 0.996379
vn 0.617648 0.260137 0.742186
vn 0.581617 0.136146 0.801989
vn 0.376731 0.141020 0.915526
vn 0.298344 0.005094 0.954445
vn 0.504001 0.018973 0.863495
vn 0.197620 -0.111771 0.973886
vn 0.425593 0.082156 0.901178
vn 0.036040 -0.045478 0.998315
vn 0.250470 0.055281 0.966545
vn -0.000000 0.022103 0.999756
vn 0.218072 -0.059854 0.974096
vn 0.000000 -0.075152 0.997172
vn 0.177868 -0.191998 0.965142
vn 0.108363 -0.264561 0.958261
vn -0.415679 -0.592156 -0.690335
vn -0.000000 -0.772601 -0.634892
vn -0.938038 -0.099721 0.331873
vn -0.774900 -0.159476 0.611635
vn -0.250006 -0.755686 0.605340
vn -0.614335 -0.720118 0.322525
vn -0.991346 -0.098823 0.086413
vn -0.735272 -0.677689 0.010647
vn -0.995065 -0.073035 -0.067163
vn -0.717579 -0.670232 -0.189390
vn -0.731601 -0.627133 -0.267327
vn -0.981275 -0.081239 -0.174642
vn -0.959115 -0.069413 -0.274373
vn -0.823854 -0.538837 -0.175839
vn -0.783147 -0.611015 -0.115504
vn -0.911649 -0.185547 -0.366700
vn -0.115860 -0.665158 0.737659
vn -0.000000 -0.716113 0.697984
vn -0.000000 -0.871965 0.489569
vn 0.000000 -0.975042 0.222022
vn -0.000000 -0.999427 -0.033851
vn 0.000000 -0.961512 -0.274763
vn 0.000000 -0.944430 -0.328713
vn 0.000000 -0.989816 -0.142351
vn 0.000000 -0.999613 0.027814
vn -0.628946 -0.682087 -0.373074
vn -0.000000 -0.973649 -0.228053
vn 0.350231 -0.215168 -0.911615
vn -0.088199 -0.186442 -0.978499
vn -0.081548 -0.203551 -0.975662
vn 0.384572 -0.154542 -0.910066
vn 0.690477 -0.218712 -0.689497
vn 0.722230 -0.106947 -0.683334
vn -0.655028 -0.166300 0.737078
vn -0.093524 -0.462853 0.881488
vn -0.553228 -0.107557 0.826057
vn -0.317941 -0.067369 0.945714
vn 0.023803 -0.304610 0.952180
vn -0.747983 -0.337664 -0.571405
vn -0.374571 -0.433353 -0.819696
vn -0.470533 -0.038218 0.881554
vn -0.630292 -0.012036 0.776265
vn -0.574487 -0.155586 0.803590
vn -0.378601 -0.163704 0.910968
vn -0.733091 -0.000170 0.680130
vn -0.835529 -0.001735 0.549444
vn -0.801891 -0.095812 0.589738
vn -0.685045 -0.136666 0.715567
vn -0.945904 -0.001087 0.324444
vn -0.934818 -0.046955 0.352010
vn -0.994700 -0.018155 0.101200
vn -0.994382 -0.000015 0.105847
vn -0.998046 -0.010008 -0.061674
vn -0.994407 -0.021628 -0.103382
vn -0.981676 -0.019467 -0.189559
vn -0.968266 -0.036927 -0.247178
vn -0.924222 -0.062646 -0.376683
vn -0.944824 -0.029619 -0.326235
vn -0.868293 -0.069083 -0.491217
vn -0.837251 -0.082195 -0.540606
vn -0.746986 -0.139944 -0.649944
vn -0.699818 -0.109097 -0.705941
vn -0.440037 -0.210520 -0.872954
vn -0.427122 -0.153741 -0.891028
vn -0.295036 -0.394711 -0.870147
vn -0.101433 -0.174087 0.979492
vn -0.160452 -0.107207 0.981204
vn 0.806199 -0.226023 0.546769
vn 0.928114 -0.214444 0.304332
vn 0.953556 -0.123010 0.274954
vn 0.818387 -0.130951 0.559548
vn 0.834971 0.089863 0.542908
vn 0.969533 0.089892 0.227870
vn 0.482252 0.084716 0.871927
vn 0.537215 -0.117282 0.835251
vn 0.589794 -0.215048 0.778394
vn 0.053935 0.081655 0.995200
vn -0.277073 0.024924 0.960526
vn 0.215548 -0.110022 0.970275
vn 0.247726 -0.190623 0.949892
vn 0.998314 0.032854 -0.047848
vn 0.979999 0.173590 -0.097310
vn 0.941944 0.123193 -0.312353
vn 0.935013 -0.005444 -0.354572
vn 0.919124 -0.103630 -0.380096
vn 0.898010 -0.205910 -0.388818
vn 0.979182 -0.201639 -0.023351
vn 0.993296 -0.110617 -0.033557
vn 0.360953 -0.176774 -0.915677
vn -0.070419 -0.127015 -0.989398
vn 0.682801 -0.224997 -0.695097
vn 0.626358 -0.206308 0.751740
vn 0.814939 -0.211551 0.539556
vn 0.926968 -0.229114 0.297048
vn -0.570649 -0.202849 0.795747
vn -0.385261 -0.190181 0.902998
vn -0.733316 -0.184873 0.654270
vn -0.642462 -0.204785 0.738448
vn -0.895631 -0.135283 0.423727
vn -0.987732 -0.084072 0.131597
vn -0.992047 -0.057912 -0.111750
vn -0.954251 -0.061430 -0.292629
vn -0.904383 -0.075549 -0.419980
vn -0.818337 -0.092854 -0.567189
vn -0.681784 -0.102197 -0.724380
vn -0.414368 -0.107695 -0.903715
vn -0.104350 -0.180505 0.978023
vn 0.275806 -0.191030 0.942039
vn 0.879121 -0.256167 -0.401901
vn 0.965808 -0.255124 -0.046107
vn 0.377148 -0.207449 0.902621
vn -0.045360 -0.147805 0.987976
vn 0.018260 -0.013276 0.999745
vn 0.316495 -0.056845 0.946889
vn 0.656437 -0.164594 0.736206
vn 0.462649 -0.105569 0.880233
vn -0.358444 -0.066113 0.931207
vn -0.251832 0.015386 0.967649
vn -0.574805 -0.005740 0.818271
vn -0.514209 0.033095 0.857026
vn -0.775032 -0.101174 0.623771
vn -0.714097 0.019400 0.699778
vn -0.742146 -0.006524 0.670206
vn -0.835418 -0.061987 0.546109
vn -0.825276 -0.212070 0.523398
vn -0.779753 -0.184348 0.598333
vn -0.755307 -0.247477 0.606850
vn -0.782803 -0.250217 0.569747
vn -0.795568 -0.210056 0.568285
vn -0.851953 -0.183685 0.490343
vn -0.573488 -0.094223 0.813777
vn -0.272320 -0.068389 0.959773
vn -0.605632 -0.302329 0.736076
vn -0.601481 -0.235027 0.763533
vn -0.333183 -0.261832 0.905777
vn -0.342751 -0.353626 0.870327
vn -0.632418 -0.303486 0.712702
vn -0.348300 -0.333912 0.875894
vn -0.634478 -0.239203 0.734996
vn -0.324616 -0.233870 0.916477
vn 0.072677 -0.068602 0.994993
vn 0.531714 -0.165040 0.830687
vn 0.761686 -0.152108 0.629839
vn 0.108206 -0.204139 0.972943
vn 0.071925 -0.307893 0.948699
vn 0.527310 -0.215608 0.821862
vn 0.765037 -0.147695 0.626821
vn 0.045817 -0.363130 0.930611
vn 0.109838 -0.254406 0.960840
vn 0.445863 -0.287908 0.847535
vn 0.593749 -0.180210 0.784211
vn -0.035161 -0.151060 -0.987899
vn 0.383567 -0.195045 -0.902681
vn 0.378958 -0.181357 -0.907469
vn -0.009019 -0.140990 -0.989970
vn -0.408605 -0.120478 -0.904725
vn -0.381916 -0.094518 -0.919351
vn -0.669385 -0.105244 -0.735423
vn -0.654316 -0.056400 -0.754115
vn -0.789897 -0.093726 -0.606034
vn -0.774452 -0.042240 -0.631221
vn -0.885697 -0.045916 -0.461988
vn -0.889354 -0.074245 -0.451151
vn -0.992078 -0.103714 -0.070887
vn -0.954350 -0.084081 -0.286611
vn -0.966015 -0.061419 -0.251083
vn -0.996251 -0.084261 -0.019579
vn -0.968920 -0.143847 0.201253
vn -0.960182 -0.117314 0.253552
vn -0.851240 -0.183456 0.491665
vn -0.851216 -0.130463 0.508341
vn -0.706950 -0.194791 0.679910
vn -0.741778 -0.119494 0.659914
vn -0.645325 -0.190206 0.739850
vn -0.679952 -0.098358 0.726630
vn -0.429935 -0.187654 0.883143
vn -0.597580 -0.186666 0.779778
vn -0.604523 -0.112899 0.788547
vn -0.430044 -0.153317 0.889695
vn -0.131713 -0.196412 0.971635
vn -0.114497 -0.204480 0.972151
vn 0.277876 -0.213488 0.936594
vn 0.291002 -0.244854 0.924859
vn 0.628595 -0.215260 0.747349
vn 0.629593 -0.257922 0.732864
vn 0.822397 -0.224070 0.522930
vn 0.832792 -0.269461 0.483579
vn 0.936348 -0.256459 0.239753
vn 0.941035 -0.284458 0.183130
vn 0.955160 -0.282785 -0.087767
vn 0.952433 -0.283733 -0.111209
vn 0.878361 -0.274612 -0.391243
vn 0.887947 -0.260107 -0.379334
vn 0.693901 -0.236094 -0.680265
vn 0.703127 -0.219353 -0.676385
vn 0.366468 -0.092888 -0.925782
vn 0.007158 -0.058499 -0.998262
vn -0.331325 -0.018655 -0.943332
vn -0.624370 0.021844 -0.780823
vn -0.775060 0.028221 -0.631257
vn -0.888095 0.013282 -0.459468
vn -0.973750 -0.005857 -0.227544
vn -0.999638 -0.026853 -0.001347
vn -0.959483 -0.053877 0.276567
vn -0.869995 -0.068829 0.488233
vn -0.797809 -0.047143 0.601065
vn 0.665879 -0.261513 0.698725
vn 0.852033 -0.281543 0.441332
vn 0.948538 -0.280133 0.147652
vn 0.961001 -0.252442 -0.112921
vn 0.910725 -0.207716 -0.356979
vn 0.719733 -0.147764 -0.678344
vn 0.763888 -0.219319 0.606939
vn 0.892496 -0.226500 0.390063
vn 0.972931 -0.197059 0.120716
vn 0.826356 -0.171364 0.536442
vn 0.909920 -0.167895 0.379285
vn 0.982641 -0.122094 0.139676
vn 0.846009 -0.126372 0.517975
vn 0.916514 -0.107475 0.385293
vn 0.977716 -0.061411 0.200747
vn -0.849814 -0.069032 0.522542
vn -0.880086 -0.079951 0.468034
vn -0.855180 -0.173069 0.488584
vn -0.879730 -0.164272 0.446194
vn -0.843683 -0.195323 0.500048
vn -0.893154 -0.190052 0.407622
vn -0.840911 -0.156501 0.518050
vn -0.919391 -0.141251 0.367108
vn 0.809473 -0.080333 0.581636
vn 0.916831 -0.026803 0.398376
vn 0.966469 0.003975 0.256751
vn -0.958853 -0.057255 0.278068
vn -0.955478 -0.149254 0.254528
vn -0.960698 -0.178484 0.212609
vn -0.975469 -0.121789 0.183378
vn 0.982504 -0.162818 -0.090426
vn 0.994982 -0.071624 -0.069858
vn 0.938789 -0.125130 -0.320965
vn 0.947680 -0.038401 -0.316904
vn 0.999392 0.008977 -0.033688
vn 0.958171 0.059138 -0.280020
vn 0.996890 0.061158 0.049706
vn 0.982753 0.113020 -0.146366
vn -0.999855 -0.016101 -0.005591
vn -0.969991 0.016293 -0.242594
vn -0.993846 -0.107156 -0.028063
vn -0.959956 -0.066242 -0.272207
vn -0.989516 -0.138105 -0.042248
vn -0.961117 -0.080530 -0.264137
vn -0.996906 -0.077765 -0.011418
vn -0.983594 -0.019928 -0.179295
vn -0.754594 0.035480 -0.655232
vn -0.882776 0.040277 -0.468065
vn -0.861346 -0.029861 -0.507140
vn -0.698492 -0.017852 -0.715396
vn -0.690354 0.079744 -0.719064
vn -0.872356 -0.004674 -0.488849
vn -0.767208 0.190600 -0.612424
vn -0.927351 0.065131 -0.368482
vn -0.571805 0.010258 -0.820325
vn -0.290512 -0.019640 -0.956670
vn -0.505223 -0.022799 -0.862687
vn -0.530004 0.149245 -0.834758
vn -0.665803 0.251067 -0.702618
vn -0.007587 -0.025648 -0.999642
vn 0.353155 -0.032525 -0.935000
vn 0.739170 -0.075194 -0.669309
vn -0.055880 0.253066 -0.965834
vn 0.251216 0.256597 -0.933300
vn 0.247605 0.352442 -0.902484
vn -0.031355 0.371296 -0.927985
vn -0.229800 0.382398 -0.894966
vn -0.281172 0.280478 -0.917755
vn 0.659242 0.230438 -0.715750
vn 0.571093 0.311318 -0.759562
vn -0.412988 0.353793 -0.839209
vn -0.259284 0.380953 -0.887495
vn 0.696756 0.249722 -0.672436
vn 0.859850 0.188082 -0.474640
vn 0.910972 0.170276 -0.375680
vn 0.747340 0.216531 -0.628170
vn -0.246064 0.329116 -0.911666
vn -0.486498 0.324622 -0.811135
vn -0.218522 0.262068 -0.939983
vn -0.537609 0.236406 -0.809375
vn 0.922858 0.171647 -0.344776
vn 0.765765 0.197340 -0.612096
vn -0.262671 -0.044932 -0.963839
vn -0.254355 0.026592 -0.966745
vn 0.740769 -0.027729 -0.671188
vn 0.724756 0.039163 -0.687891
vn 0.333141 -0.030650 -0.942379
vn -0.038049 -0.047365 -0.998153
vn 0.297643 0.014304 -0.954570
vn -0.060426 -0.001347 -0.998172
vn -0.020867 0.361389 -0.932182
vn 0.357945 0.314141 -0.879313
vn 0.001755 0.318984 -0.947759
vn 0.439694 0.274407 -0.855202
vn 0.060166 0.252286 -0.965781
vn 0.493915 0.221421 -0.840845
vn 0.768445 0.168453 -0.617345
vn 0.928003 0.150536 -0.340806
vn -0.203842 0.160270 -0.965796
vn -0.562744 0.123575 -0.817342
vn 0.109147 0.175961 -0.978328
vn 0.499667 0.174303 -0.848499
vn 0.987685 0.111398 0.109861
vn 0.986373 0.140804 -0.085101
vn 0.984741 0.131839 0.113596
vn 0.985998 0.137642 -0.094145
vn 0.952712 0.076576 0.294067
vn 0.937816 0.110441 0.329095
vn 0.898985 0.035943 0.436502
vn 0.849634 0.052466 0.524756
vn 0.750513 -0.039216 0.659691
vn 0.449810 -0.127234 0.884015
vn 0.653594 -0.036592 0.755960
vn 0.341099 -0.113248 0.933181
vn 0.039967 -0.179779 0.982895
vn -0.028576 -0.157865 0.987047
vn -0.344321 -0.190666 0.919288
vn -0.344276 -0.161843 0.924814
vn -0.550269 -0.177291 0.815948
vn -0.485007 -0.142175 0.862876
vn -0.723636 -0.125913 0.678600
vn -0.842611 -0.093440 0.530354
vn -0.649330 -0.097143 0.754277
vn -0.811478 -0.053242 0.581952
vn -0.936179 -0.069239 0.344637
vn -0.933283 -0.007994 0.359052
vn -0.982986 -0.051207 0.176397
vn -0.984676 0.011994 0.173980
vn -0.999417 -0.028855 0.018230
vn -0.994644 -0.001216 -0.103354
vn -0.962375 0.048543 -0.267355
vn -0.848687 0.123985 -0.514158
vn -0.765582 0.162153 -0.622567
vn -0.999827 0.016686 0.008173
vn -0.995450 0.016187 -0.093898
vn -0.972734 0.027819 -0.230249
vn -0.877415 0.068429 -0.474826
vn -0.796151 0.086511 -0.598882
vn 0.939810 0.022455 -0.340958
vn 0.774622 0.036376 -0.631378
vn -0.533700 -0.019032 -0.845460
vn -0.205453 0.008794 -0.978628
vn 0.500758 0.039518 -0.864685
vn 0.120136 0.032910 -0.992212
vn 0.996010 0.006501 0.089009
vn 0.992160 0.013504 -0.124240
vn 0.934105 -0.009336 0.356877
vn 0.790173 -0.048650 0.610950
vn 0.550838 -0.106223 0.827825
vn 0.251602 -0.153591 0.955566
vn -0.065201 -0.177145 0.982023
vn -0.305817 -0.173876 0.936079
vn -0.441929 -0.161839 0.882330
vn -0.743375 -0.117993 0.658385
vn -0.573874 -0.148263 0.805411
vn -0.904029 -0.063600 0.422713
vn -0.980574 -0.024111 0.194663
vn -0.999973 -0.003878 -0.006191
vn -0.992339 0.000527 -0.123543
vn -0.969075 -0.003155 -0.246747
vn -0.876022 -0.000342 -0.482271
vn -0.768619 -0.006151 -0.639677
vn 0.805265 -0.159089 -0.571173
vn 0.923277 -0.161648 -0.348468
vn 0.938648 -0.149292 -0.310890
vn 0.815307 -0.149684 -0.559348
vn 0.542299 -0.155071 -0.825751
vn 0.561362 -0.149416 -0.813970
vn 0.142154 -0.147588 -0.978780
vn 0.167986 -0.137230 -0.976191
vn -0.193853 -0.142163 -0.970675
vn -0.145157 -0.117954 -0.982352
vn -0.361503 -0.098655 -0.927137
vn -0.431477 -0.128399 -0.892940
vn -0.825290 -0.104001 -0.555049
vn -0.686658 -0.110463 -0.718539
vn -0.654223 -0.082692 -0.751767
vn -0.814826 -0.073968 -0.574967
vn -0.939584 -0.069832 -0.335121
vn -0.920619 -0.106012 -0.375795
vn -0.993298 -0.111980 -0.028645
vn -0.973792 -0.113350 -0.197181
vn -0.982055 -0.076995 -0.172165
vn -0.995897 -0.074837 -0.050885
vn -0.978621 -0.099871 0.179794
vn -0.988401 -0.069626 0.134968
vn -0.900315 -0.087618 0.426330
vn -0.910934 -0.073615 0.405930
vn -0.722794 -0.083721 0.685973
vn -0.718547 -0.080547 0.690798
vn -0.528414 -0.087397 0.844476
vn -0.496760 -0.088797 0.863334
vn -0.158098 -0.111431 0.981116
vn -0.332886 -0.097378 0.937926
vn -0.274490 -0.100617 0.956312
vn -0.089762 -0.111552 0.989696
vn 0.033970 -0.128948 0.991069
vn 0.112316 -0.126177 0.985629
vn 0.266905 -0.149786 0.952012
vn 0.329182 -0.140794 0.933711
vn 0.513929 -0.163501 0.842107
vn 0.533153 -0.152687 0.832127
vn 0.756900 -0.166567 0.631948
vn 0.748394 -0.158354 0.644073
vn 0.921737 -0.163600 0.351618
vn 0.911421 -0.153748 0.381673
vn 0.979628 -0.163414 0.116725
vn 0.981103 -0.150151 0.122028
vn 0.980934 -0.168307 -0.097163
vn 0.985624 -0.150229 -0.077304
vn 0.782427 -0.179856 -0.596204
vn 0.912600 -0.182713 -0.365756
vn 0.515715 -0.168363 -0.840055
vn 0.128929 -0.160197 -0.978629
vn -0.206468 -0.160561 -0.965190
vn -0.475420 -0.160774 -0.864944
vn -0.817620 -0.162496 -0.552352
vn -0.695844 -0.161212 -0.699866
vn -0.914108 -0.161644 -0.371856
vn -0.989393 -0.145253 -0.001542
vn -0.971126 -0.150192 -0.185356
vn -0.962483 -0.137791 0.233751
vn -0.872310 -0.126206 0.472385
vn -0.715096 -0.115728 0.689380
vn -0.553658 -0.115219 0.824735
vn -0.226586 -0.142146 0.963563
vn -0.389022 -0.124834 0.912731
vn -0.033369 -0.158993 0.986716
vn 0.215510 -0.179542 0.959854
vn 0.498871 -0.190732 0.845428
vn 0.760275 -0.194593 0.619770
vn 0.920725 -0.199514 0.335350
vn 0.976546 -0.188642 0.103788
vn 0.974808 -0.187513 -0.120781
vn 0.925582 -0.141028 -0.351297
vn 0.770756 -0.131570 -0.623397
vn 0.499578 -0.129139 -0.856589
vn 0.115197 -0.123829 -0.985594
vn -0.216036 -0.126471 -0.968160
vn -0.496098 -0.134066 -0.857854
vn -0.716925 -0.125856 -0.685696
vn -0.839588 -0.119458 -0.529926
vn -0.944852 -0.106200 -0.309799
vn -0.982878 -0.099403 -0.155142
vn -0.994686 -0.102950 0.000943
vn -0.964431 -0.121806 0.234596
vn -0.866141 -0.143152 0.478860
vn -0.706027 -0.158179 0.690294
vn -0.560535 -0.161768 0.812177
vn -0.422735 -0.166604 0.890808
vn -0.269910 -0.177745 0.946338
vn -0.067383 -0.187891 0.979876
vn 0.205112 -0.190313 0.960057
vn 0.499897 -0.185544 0.845977
vn 0.757460 -0.177452 0.628304
vn 0.920858 -0.165937 0.352824
vn 0.984876 -0.152098 0.082981
vn 0.980701 -0.142336 -0.134038
vn 0.954647 -0.123382 -0.270974
vn 0.828465 -0.120573 -0.546908
vn 0.582230 -0.117297 -0.804519
vn 0.213177 -0.104372 -0.971423
vn -0.090260 -0.091077 -0.991745
vn -0.320052 -0.080103 -0.944008
vn -0.618541 -0.066863 -0.782902
vn -0.790006 -0.055587 -0.610574
vn -0.943477 -0.038216 -0.329228
vn -0.987458 -0.033265 -0.154341
vn -0.998275 -0.034639 -0.047395
vn -0.990464 -0.037098 0.132683
vn -0.906395 -0.040689 0.420467
vn -0.693145 -0.053204 0.718832
vn -0.439788 -0.064311 0.895796
vn -0.216847 -0.084594 0.972534
vn -0.030300 -0.097045 0.994819
vn 0.173480 -0.107877 0.978911
vn 0.389126 -0.113175 0.914206
vn 0.549535 -0.119238 0.826918
vn 0.744015 -0.124684 0.656426
vn 0.914861 -0.126631 0.383398
vn 0.983655 -0.130337 0.124242
vn 0.989729 -0.127667 -0.064321
vn 0.971651 -0.070887 -0.225543
vn 0.850551 -0.070625 -0.521129
vn 0.609295 -0.074918 -0.789396
vn 0.252718 -0.070444 -0.964972
vn -0.065054 -0.063851 -0.995837
vn -0.313370 -0.059398 -0.947772
vn -0.590800 -0.048980 -0.805330
vn -0.754139 -0.035347 -0.655763
vn -0.925049 -0.006072 -0.379800
vn -0.988199 0.011325 -0.152760
vn -0.999535 0.014587 -0.026769
vn -0.990003 0.019232 0.139728
vn -0.894533 0.022006 0.446459
vn -0.643436 0.016619 0.765320
vn -0.359973 0.000365 0.932963
vn -0.149258 -0.021460 0.988565
vn 0.021225 -0.032453 0.999248
vn 0.225449 -0.034979 0.973627
vn 0.440000 -0.041674 0.897030
vn 0.587950 -0.046855 0.807539
vn 0.770005 -0.075005 0.633614
vn 0.928208 -0.086966 0.361755
vn 0.986838 -0.081866 0.139459
vn 0.996207 -0.080766 -0.032378
vn -0.573821 0.139637 -0.806989
vn -0.649321 0.208870 -0.731270
vn -0.826952 0.140597 -0.544410
vn -0.736334 0.108350 -0.667887
vn -0.902958 0.032975 -0.428461
vn -0.702914 0.145833 -0.696165
vn -0.747455 -0.497252 -0.440513
vn -0.891743 -0.203417 -0.404248
vn -0.748999 -0.046046 -0.660969
vn -0.685415 -0.344769 -0.641359
vn 0.846232 0.165311 -0.506522
vn 0.668601 0.071939 -0.740133
vn 0.854230 0.022719 -0.519399
vn 0.938380 0.076372 -0.337060
vn 0.979141 0.096914 -0.178579
vn 0.899414 0.176813 -0.399740
vn 0.913277 -0.035499 -0.405789
vn 0.976058 -0.143380 -0.163562
vn 0.765883 -0.579980 -0.277575
vn 0.727056 -0.412617 -0.548759
vn -0.058635 0.080510 -0.995028
vn -0.041974 0.217448 -0.975169
vn -0.302033 0.228095 -0.925607
vn -0.340544 0.089090 -0.935998
vn 0.275938 0.076751 -0.958106
vn 0.230694 0.216034 -0.948741
vn 0.513922 0.200563 -0.834062
vn 0.583209 0.302989 -0.753701
vn -0.484581 0.229314 -0.844154
vn -0.481580 0.241423 -0.842494
vn -0.070346 0.295100 -0.952873
vn -0.283496 0.258969 -0.923344
vn 0.190397 0.329636 -0.924710
vn -0.496749 0.219559 -0.839663
vn 0.619982 0.278533 -0.733514
vn -0.117546 0.302413 -0.945901
vn 0.179382 0.319255 -0.930537
vn -0.319214 0.264100 -0.910140
vn 0.546300 -0.158999 -0.822360
vn 0.634301 0.102145 -0.766309
vn 0.187312 0.153899 -0.970170
vn 0.190782 -0.180383 -0.964917
vn -0.082331 -0.191479 -0.978038
vn -0.106096 0.161081 -0.981222
vn -0.317043 -0.180525 -0.931071
vn -0.318816 0.160666 -0.934100
vn -0.529781 0.110635 -0.840888
vn -0.524909 -0.125579 -0.841844
vn 0.269309 -0.607833 -0.747002
vn 0.306382 -0.853565 -0.421375
vn -0.104717 -0.634078 -0.766146
vn -0.416425 -0.573219 -0.705698
vn -0.101926 -0.875215 -0.472875
vn 0.165987 0.778977 0.604684
vn 0.280734 0.744806 0.605353
vn 0.043974 0.734697 0.676969
vn -0.023000 0.758687 0.651050
vn -0.138045 0.709843 0.690700
vn -0.123365 0.745919 0.654512
vn -0.398041 0.675888 0.620273
vn -0.617634 0.605079 0.502402
vn -0.500076 0.713960 0.490087
vn -0.305623 0.742425 0.596154
vn 0.206168 0.479486 0.852988
vn 0.393211 0.465555 0.792870
vn 0.341754 0.272650 0.899370
vn 0.168454 0.289774 0.942154
vn -0.052340 0.294996 0.954064
vn -0.063564 0.467861 0.881513
vn -0.590144 0.233715 0.772727
vn -0.624979 0.341738 0.701867
vn -0.399075 0.417647 0.816278
vn -0.330347 0.277339 0.902194
vn -0.848834 0.217834 0.481694
vn -0.842323 0.174358 0.509991
vn 0.622139 0.405575 0.669665
vn 0.554097 0.222974 0.802034
vn 0.831560 0.289535 0.474002
vn 0.765451 0.149786 0.625819
vn 0.938018 0.170449 0.301776
vn 0.878967 0.068702 0.471907
vn 0.971055 0.039776 0.235522
vn 0.927964 0.008488 0.372574
vn 0.982845 -0.035084 0.181067
vn 0.951087 -0.025260 0.307891
vn 0.980188 -0.010489 -0.197793
vn 0.847248 -0.013820 -0.531018
vn 0.626403 -0.018014 -0.779292
vn 0.275041 -0.018807 -0.961249
vn -0.057349 -0.024116 -0.998063
vn -0.331411 -0.018925 -0.943296
vn -0.563788 0.010090 -0.825858
vn -0.719200 0.018367 -0.694560
vn -0.898128 0.047384 -0.437174
vn -0.979364 0.074099 -0.188031
vn -0.994935 0.095513 -0.031346
vn -0.981325 0.107299 0.159652
vn -0.867650 0.117327 0.483133
vn -0.593328 0.118484 0.796193
vn -0.304669 0.111544 0.945904
vn -0.091442 0.084234 0.992241
vn 0.080747 0.082895 0.993282
vn 0.264739 0.077608 0.961192
vn 0.487086 0.072035 0.870378
vn 0.674826 0.044554 0.736631
vn 0.817139 -0.005542 0.576414
vn 0.926933 -0.013742 0.374975
vn 0.981233 0.009723 0.192583
vn 0.999983 -0.005726 -0.000574
vn -0.973433 0.120120 0.194936
vn -0.976797 0.069928 0.202428
vn -0.996156 0.078107 -0.039650
vn -0.999913 -0.009097 0.009570
vn -0.984403 0.067487 -0.162468
vn -0.997853 -0.054692 -0.036035
vn -0.977512 0.033777 -0.208157
vn -0.925220 0.088944 -0.368860
vn 0.978155 -0.206204 0.026305
vn 0.778703 -0.627392 0.000643
vn -0.987310 -0.102454 -0.121338
vn -0.774445 -0.601006 -0.197554
vn -0.942785 -0.306146 -0.132028
vn 0.334020 -0.938036 -0.092296
vn 0.633258 0.687490 0.355445
vn 0.851020 -0.432639 0.297637
vn -0.385796 -0.745367 0.543681
vn -0.525384 0.624455 0.577951
vn 0.027742 -0.930180 0.366055
vn 0.087815 -0.942677 0.321946
vn -0.014087 -0.980057 0.198216
vn -0.003426 -0.961724 0.273997
vn -0.174368 0.916661 0.359623
vn 0.100548 0.902489 0.418813
vn -0.192858 0.864711 0.463767
vn -0.137147 0.902301 0.408709
vn -0.906931 -0.420365 0.027730
vn -0.881996 -0.450594 0.138012
vn -0.847661 0.077764 0.524808
vn -0.947165 0.232748 0.220697
vn 0.002513 -0.985185 0.171475
vn 0.000712 -0.999997 -0.002437
vn -0.064970 -0.997859 -0.007498
vn -0.050691 -0.998693 -0.006496
vn 0.242899 -0.966586 0.081922
vn 0.147235 -0.923784 0.353474
vn 0.418354 -0.485461 0.767664
vn 0.820305 -0.403698 0.405127
vn 0.663769 0.454313 0.594147
vn 0.537735 0.168811 0.826041
vn 0.460402 0.749450 0.475767
vn 0.523807 0.496529 0.692160
vn 0.254272 -0.488365 0.834773
vn 0.710199 0.210593 0.671765
vn 0.613281 -0.542150 0.574422
vn 0.395539 -0.683605 0.613378
vn 0.136792 -0.985174 0.103533
vn -0.500197 -0.608591 0.615970
vn -0.381184 0.084448 0.920634
vn 0.548075 -0.306603 0.778209
vn 0.446795 -0.172262 0.877895
vn 0.383304 -0.565817 0.730020
vn 0.490088 -0.581622 0.649252
vn 0.419470 0.760947 0.494979
vn 0.506469 0.575483 0.642113
vn 0.354763 0.844614 0.400962
vn 0.547237 0.761119 0.348180
vn 0.221016 0.888145 0.402927
vn 0.254480 0.849667 0.461851
vn 0.462067 0.779444 0.423037
vn 0.802708 0.502210 0.321630
vn 0.871454 0.434923 0.226736
vn 0.874668 -0.459936 0.153019
vn 0.922114 -0.367285 0.121688
vn 0.358182 -0.886845 0.291912
vn 0.409038 -0.899551 0.153283
vn 0.196233 -0.980137 0.028708
vn 0.241355 -0.947106 0.211515
vn 0.194079 -0.920787 0.338355
vn 0.190484 -0.923229 0.333713
vn -0.547330 -0.833780 -0.072396
vn -0.128306 -0.984161 -0.122332
vn -0.079927 -0.996171 -0.035431
vn -0.540638 -0.841215 0.008274
vn -0.841313 -0.539756 -0.029252
vn -0.406162 -0.913059 0.036822
vn -0.278287 -0.946237 0.164898
vn -0.723105 -0.681294 0.113835
vn 0.745338 0.617178 0.252116
vn 0.957310 -0.278202 0.078487
vn 0.935153 -0.353405 -0.024385
vn 0.866443 0.498094 0.034329
vn -0.957430 0.224443 0.181529
vn -0.950089 -0.298102 0.092011
vn -0.951133 -0.272421 0.145373
vn -0.965873 0.184042 0.182256
vn -0.941844 0.329890 0.064047
vn -0.995991 -0.081175 -0.037570
vn -0.973486 -0.217530 0.070748
vn -0.933942 0.326334 0.145806
vn -0.600201 0.774232 0.200810
vn -0.594977 0.777783 0.202621
vn -0.616426 0.761090 0.201894
vn -0.673904 0.714568 0.187741
vn -0.723579 -0.397002 0.564644
vn -0.347531 -0.485510 0.802186
vn -0.481697 -0.091110 0.871589
vn -0.803893 -0.128274 0.580777
vn -0.479806 -0.832317 0.277550
vn -0.032471 -0.979352 0.199540
vn -0.069819 -0.890422 0.449750
vn -0.383323 -0.800696 0.460379
vn -0.925738 0.222289 0.305935
vn -0.890251 -0.288126 0.352755
vn -0.589953 0.614618 0.523642
vn 0.271646 -0.271125 0.923417
vn 0.389372 -0.609951 0.690180
vn 0.781179 -0.544827 0.304834
vn 0.622068 0.027995 0.782462
vn -0.955130 0.267933 0.126245
vn -0.962543 -0.264433 0.059887
vn -0.004424 -0.994892 0.100847
vn -0.022104 -0.999619 -0.016529
vn 0.217384 -0.975938 0.017036
vn 0.895687 -0.345154 0.280382
vn 0.714482 0.500819 0.488565
vn 0.403978 0.796432 0.449997
vn 0.325785 0.854925 0.403692
vn -0.154584 0.905156 0.395976
vn -0.258545 0.865400 0.429229
vn -0.052748 0.896163 0.440579
vn -0.072337 0.918966 0.387646
vn -0.430487 0.878193 0.208465
vn -0.412173 0.864675 0.287143
vn 0.008587 0.970924 0.239235
vn -0.004684 0.951951 0.306214
vn -0.006686 0.823444 0.567359
vn 0.096728 0.907977 0.407704
vn 0.043352 0.467663 0.882843
vn 0.234321 0.644345 0.727951
vn 0.239694 -0.241194 0.940411
vn 0.236333 -0.574694 0.783501
vn 0.066484 -0.489649 0.869381
vn 0.226268 0.007435 0.974037
vn -0.059076 -0.982740 -0.175308
vn -0.052294 -0.996034 0.071987
vn -0.016835 -0.990876 0.133724
vn -0.048743 -0.989973 -0.132583
vn -0.005891 -0.996308 -0.085646
vn -0.103293 -0.993318 -0.051471
vn -0.233012 -0.959074 0.160881
vn 0.061003 -0.980603 0.186272
vn -0.023342 -0.935390 0.352846
vn -0.051577 -0.959968 0.275319
vn 0.014796 -0.962170 0.272047
vn 0.039835 -0.936925 0.347254
vn 0.983372 0.046906 -0.175441
vn 0.942659 0.014130 -0.333458
vn 0.941366 -0.018820 -0.336861
vn 0.991548 0.086489 0.096710
vn 0.997215 0.073567 -0.012219
vn 0.987537 -0.035686 0.153291
vn 0.998617 -0.019983 -0.048626
vn 0.986239 -0.027930 -0.162948
vn 0.981429 -0.181710 0.061467
vn 0.966591 -0.171350 0.190631
vn 0.998701 0.006884 0.050490
vn 0.956692 -0.062600 -0.284293
vn 0.986342 -0.130588 -0.100378
vn 0.998890 0.033858 -0.032759
vn 0.999658 0.025748 0.004651
vn 0.599610 0.679731 0.422414
vn 0.451182 0.762373 0.463921
vn 0.793413 0.565071 0.226252
vn 0.900483 0.411394 0.141019
vn -0.345877 0.828564 0.440286
vn -0.195752 0.840246 0.505636
vn -0.062459 0.854821 0.515150
vn -0.115168 0.844857 0.522449
vn 0.064407 0.861953 0.502881
vn 0.282055 0.845419 0.453555
vn 0.648837 0.693213 0.313793
vn 0.055626 0.894759 0.443071
vn 0.029243 0.918598 0.394109
vn 0.021216 0.933783 0.357211
vn 0.028674 0.953032 0.301508
vn 0.088081 0.914039 0.395947
vn 0.273884 0.626393 0.729808
vn 0.311139 -0.532542 0.787142
vn 0.331316 0.003994 0.943511
vn -0.093444 -0.979101 -0.180636
vn 0.038137 -0.997920 0.051973
vn -0.064464 -0.997318 -0.034664
vn 0.005285 -0.976084 0.217328
vn 0.081378 -0.931466 0.354610
vn 0.015947 -0.956635 0.290853
vn -0.001818 -0.970239 0.242142
vn -0.098580 -0.988226 0.117011
vn 0.194514 -0.980303 -0.034195
vn 0.176339 -0.976123 -0.126840
vn 0.664280 -0.744353 -0.068339
vn 0.639713 -0.768559 -0.009171
vn 0.127536 -0.890781 0.436170
vn 0.165057 -0.970576 0.175324
vn 0.597598 -0.791175 0.130071
vn 0.404862 -0.834070 0.374719
vn -0.162597 -0.140218 0.976679
vn -0.015939 -0.589350 0.807720
vn -0.175931 0.563182 0.807387
vn 0.136546 0.980764 0.139488
vn 0.123340 0.957487 0.260780
vn -0.362355 0.886984 0.286284
vn -0.220150 0.926427 0.305397
vn 0.381668 -0.879285 0.284934
vn 0.000046 -0.891394 0.453229
vn -0.487000 -0.872911 -0.029266
vn -0.351642 -0.933719 -0.067213
vn -0.138386 -0.953466 0.267864
vn -0.004535 -0.751081 0.660194
vn -0.072569 -0.776439 0.626001
vn 0.208152 -0.797099 0.566839
vn 0.265889 -0.839878 0.473190
vn 0.232149 -0.873355 0.428204
vn -0.034672 -0.997111 0.067576
vn -0.025130 -0.980719 0.193802
vn -0.063140 -0.988025 0.140786
vn -0.016949 -0.997793 -0.064210
vn -0.113964 -0.989786 -0.085650
vn -0.050031 -0.995125 0.084988
vn 0.382954 -0.919013 0.093605
vn 0.623086 -0.780372 0.052760
vn 0.352587 -0.927084 -0.127270
vn 0.750987 -0.636611 -0.175345
vn 0.379916 -0.903455 -0.198580
vn 0.789070 -0.537501 -0.297424
vn 0.136181 -0.988851 0.060233
vn 0.105428 -0.985769 -0.130940
vn -0.061320 -0.996764 0.051981
vn -0.080214 -0.990377 -0.112778
vn -0.092786 -0.986277 -0.136557
vn -0.150252 -0.985014 -0.084683
vn -0.148662 -0.981975 -0.116725
vn -0.053403 -0.996488 -0.064502
vn 0.132081 -0.986386 -0.097968
vn -0.311404 -0.939536 -0.142473
vn -0.222993 -0.972919 -0.060854
vn -0.041253 -0.998483 -0.036473
vn 0.203350 -0.975438 -0.084673
vn 0.477389 -0.859565 -0.182338
vn 0.825539 -0.521213 -0.216384
vn 0.361481 -0.925290 0.114762
vn 0.349858 -0.928341 0.125626
vn 0.015638 -0.990830 0.134203
vn 0.007266 -0.998132 0.060659
vn 0.735761 -0.670185 0.097511
vn 0.761213 -0.635999 0.126730
vn 0.513103 -0.845845 -0.145850
vn 0.748560 -0.662765 -0.020014
vn 0.277445 -0.952208 -0.127766
vn 0.330708 -0.943229 0.030829
vn 0.004344 -0.996270 -0.086181
vn -0.073761 -0.996488 0.039638
vn -0.370657 -0.916035 0.153274
vn -0.372663 -0.927828 0.016065
vn -0.406820 -0.912048 0.051629
vn -0.514584 -0.839991 -0.172098
vn -0.892158 -0.413336 -0.182228
vn -0.616632 -0.715713 -0.327903
vn -0.358926 -0.898184 -0.253847
vn -0.871683 -0.386873 -0.300830
vn -0.791352 -0.600768 -0.113315
vn -0.628962 -0.777031 -0.025090
vn -0.904851 -0.392323 -0.165310
vn -0.892975 -0.439469 0.097279
vn -0.695497 -0.700448 0.160174
vn -0.759043 -0.650606 0.023783
vn -0.943168 -0.330527 0.034443
vn -0.959646 -0.280535 0.019463
vn -0.984503 -0.174695 0.015378
vn 0.981595 -0.190742 0.009403
vn 0.976995 -0.120657 -0.175847
vn 0.952566 -0.166102 -0.255006
vn 0.943312 -0.284483 -0.170975
vn 0.917943 -0.396671 -0.005737
vn 0.929352 -0.365141 0.054556
vn 0.955936 -0.280815 0.085614
vn -0.524340 0.784872 0.330218
vn -0.867106 0.411094 0.281298
vn -0.717455 0.625825 0.305944
vn -0.771821 0.611952 0.172645
vn -0.892838 0.437485 0.106994
vn -0.992262 -0.033679 -0.119510
vn -0.968095 0.250461 -0.007836
vn -0.988609 0.137955 -0.060173
vn -0.975314 -0.107759 -0.192745
vn -0.986418 -0.163919 -0.010466
vn -0.965976 -0.200111 -0.163851
vn 0.650518 0.574042 0.497296
vn 0.862036 0.421529 0.281437
vn 0.364262 0.642014 0.674634
vn 0.128652 0.634222 0.762372
vn -0.117882 0.602908 0.789054
vn -0.655037 0.470704 0.591071
vn -0.436364 0.548187 0.713497
vn -0.878942 0.282311 0.384397
vn -0.982571 0.091645 0.161725
vn -0.998374 -0.048915 0.029261
vn -0.960914 0.255594 0.106375
vn -0.997309 0.038024 -0.062686
vn 0.999055 0.001554 0.043447
vn 0.995842 0.078480 0.046257
vn 0.985271 0.149564 0.082899
vn 0.953324 0.265487 0.143841
vn 0.998137 -0.060229 0.009771
vn 0.999195 0.037933 0.013028
vn 0.996872 0.073905 0.028024
vn 0.984441 0.172884 0.031416
vn 0.991227 0.089101 -0.097624
vn 0.994893 -0.061998 -0.079656
vn 0.971296 0.237060 -0.019683
vn 0.988638 -0.148633 0.022432
vn 0.984744 -0.167345 0.047706
vn 0.920370 0.373975 0.114288
vn -0.160420 -0.672805 -0.722218
vn -0.311022 -0.775630 -0.549239
vn -0.374787 -0.809622 -0.451716
vn -0.183457 -0.706918 -0.683089
vn -0.722376 -0.556943 -0.409863
vn -0.548729 -0.634697 -0.544111
vn -0.914175 0.376458 -0.150213
vn -0.924281 0.380397 -0.031671
vn -0.898521 0.383113 -0.214208
vn -0.677984 0.668714 -0.305220
vn -0.584386 0.600484 -0.545813
vn -0.713770 0.658935 -0.237353
vn -0.499486 0.829084 -0.251264
vn -0.324389 0.661480 -0.676178
vn -0.365429 0.906796 -0.210196
vn -0.166836 0.651786 -0.739825
vn -0.183922 -0.642213 -0.744134
vn -0.310901 -0.767536 -0.560561
vn -0.183731 0.939127 -0.290317
vn -0.072554 0.637737 -0.766829
vn -0.058556 -0.606183 -0.793167
vn -0.078925 -0.774354 -0.627811
vn -0.256842 -0.797436 -0.546012
vn -0.167305 -0.614428 -0.771030
vn -0.976788 0.055936 -0.206778
vn -0.994276 0.106691 -0.005727
vn -0.809330 -0.474709 -0.345885
vn -0.923934 -0.342277 -0.170862
vn -0.032652 0.953152 -0.300723
vn -0.026836 0.639176 -0.768592
vn -0.699008 -0.572502 0.428520
vn -0.821802 -0.006327 0.569737
vn -0.502557 -0.055299 0.862774
vn -0.576484 0.531862 0.620314
vn -0.832576 0.425391 0.354766
vn -0.400329 -0.659181 0.636567
vn -0.403555 -0.711681 0.575024
vn -0.482505 0.021467 0.875630
vn -0.679765 0.667169 0.304640
vn -0.449249 0.575212 0.683598
vn -0.511762 0.769240 0.382582
vn -0.261527 -0.678045 0.686920
vn -0.282299 -0.099221 0.954182
vn -0.284513 0.518864 0.806122
vn -0.385387 0.787945 0.480229
vn -0.448995 -0.883148 0.135844
vn -0.554581 -0.826174 0.099384
vn -0.378132 -0.906343 0.188572
vn -0.094623 -0.721539 0.685878
vn -0.084180 -0.109247 0.990444
vn -0.081632 0.476668 0.875285
vn -0.169780 0.822733 0.542481
vn -0.277022 -0.928458 0.247434
vn -0.072447 -0.045677 0.996326
vn -0.058072 -0.721039 0.690457
vn -0.000000 -0.738878 0.673839
vn 0.000000 -0.035295 0.999377
vn 0.019715 0.838630 0.544345
vn 0.022742 0.502478 0.864291
vn 0.000000 0.526819 0.849977
vn 0.000000 0.821661 0.569977
vn -0.150578 -0.925692 0.347016
vn -0.027660 -0.927984 0.371593
vn 0.000000 0.951273 0.308349
vn 0.028544 0.942562 -0.332808
vn 0.769762 -0.554023 0.317058
vn 0.776977 0.143028 0.613066
vn 0.347389 -0.937309 0.027810
vn 0.104072 -0.988735 0.107575
vn 0.105756 -0.983367 0.147664
vn -0.058652 -0.974494 0.216612
vn 0.067782 -0.968861 0.238147
vn 0.189005 -0.778479 0.598538
vn 0.136657 -0.619420 0.773075
vn -0.256525 -0.605642 0.753255
vn -0.038333 -0.896006 0.442385
vn -0.001297 -0.300736 0.953707
vn 0.324546 -0.318733 0.890550
vn 0.336558 0.105985 0.935679
vn 0.288149 0.200318 0.936399
vn 0.324227 0.225796 0.918637
vn 0.517580 0.233901 0.823044
vn 0.047896 -0.932866 0.357026
vn -0.078064 -0.928570 0.362855
vn 0.069792 -0.939455 0.335491
vn 0.123956 -0.960725 0.248279
vn 0.074969 -0.993603 0.084460
vn 0.145355 -0.988829 0.032993
vn 0.915362 -0.268776 0.299785
vn 0.742006 0.513135 0.431414
vn 0.406711 0.787813 0.462533
vn 0.296072 0.823805 0.483411
vn 0.061542 0.881905 0.467394
vn -0.034658 0.898758 0.437072
vn -0.412857 0.842975 0.344880
vn -0.585703 -0.805248 0.092345
vn -0.128122 -0.987735 0.089242
vn 0.144616 -0.985791 0.085449
vn -0.000690 0.943837 0.330412
vn -0.594112 0.763090 0.254409
vn -0.940736 0.244424 0.235102
vn -0.937355 -0.313803 0.151308
vn -0.000000 -0.601021 -0.799233
vn 0.000000 -0.777128 -0.629343
vn -0.000000 -0.920532 0.390666
vn 0.000000 0.637076 -0.770801
vn 0.000000 0.940685 -0.339280
vn -0.012239 0.929320 -0.369072
vn -0.042965 0.938622 -0.342262
vn -0.075006 0.898671 -0.432163
vn -0.147211 0.929088 -0.339300
vn -0.348579 0.915434 -0.201181
vn -0.385686 0.922609 -0.006246
vn -0.481393 0.754146 0.446682
vn -0.456272 -0.845112 0.278570
vn -0.325155 -0.936528 -0.131110
vn -0.151098 -0.958339 -0.242397
vn 0.060993 -0.954664 -0.291371
vn -0.002549 -0.938380 -0.345597
vn -0.051526 -0.960423 -0.273739
vn -0.099732 -0.969624 -0.223345
vn -0.026419 -0.945107 -0.325692
vn -0.000000 -0.945301 -0.326200
vn -0.421679 -0.877798 -0.227283
vn -0.058568 -0.982181 -0.178579
vn -0.443442 -0.761612 -0.472553
vn 0.000000 -0.225388 0.974269
vn 0.000000 -0.355016 0.934860
vn 0.000000 -0.420299 0.907386
vn -0.190234 -0.624993 0.757096
vn -0.147444 -0.592252 0.792148
vn -0.164748 -0.545310 0.821885
vn -0.235436 -0.500560 0.833073
vn -0.332165 -0.425792 0.841646
vn -0.206239 -0.630715 0.748107
vn -0.542281 -0.258049 0.799589
vn -0.536054 -0.407537 0.739297
vn -0.676066 -0.343508 0.651871
vn -0.722447 -0.235113 0.650225
vn -0.255931 0.340161 0.904870
vn -0.374541 0.224859 0.899532
vn -0.584292 -0.048880 0.810070
vn -0.504037 0.034160 0.863006
vn -0.428667 -0.032120 0.902891
vn -0.636691 -0.149292 0.756529
vn -0.390653 0.067380 0.918069
vn -0.172255 0.424240 0.889015
vn -0.318742 -0.321645 0.891599
vn -0.314682 -0.487235 0.814602
vn -0.461380 -0.623524 0.631147
vn -0.595311 -0.481607 0.643164
vn -0.240238 -0.393018 0.887593
vn -0.359839 -0.339808 0.868934
vn -0.459371 -0.074598 0.885106
vn -0.581522 -0.466566 0.666444
vn -0.752135 -0.252728 0.608622
vn -0.724620 0.436698 0.533124
vn -0.719078 0.387222 0.577050
vn -0.783932 0.148680 0.602781
vn -0.844470 0.035004 0.534458
vn -0.491318 0.265063 0.829667
vn -0.470968 0.447133 0.760435
vn -0.085106 0.953039 -0.290646
vn -0.324617 0.346733 0.880000
vn -0.136865 0.484527 0.864003
vn -0.132357 0.986705 -0.094312
vn 0.008980 0.665820 0.746058
vn -0.372805 0.871941 -0.317390
vn -0.764653 0.070939 0.640526
vn -0.417290 -0.676937 0.606321
vn -0.758118 -0.544733 -0.358502
vn -0.941157 -0.003429 -0.337952
vn -0.538700 -0.819044 -0.197405
vn -0.157159 -0.712696 0.683642
vn -0.045009 -0.391652 0.919012
vn -0.317491 -0.896177 -0.309945
vn 0.032423 -0.951457 -0.306068
vn -0.178929 -0.448822 0.875525
vn -0.359028 -0.528237 0.769457
vn 0.222855 -0.914441 -0.337836
vn -0.468132 -0.563093 0.681014
vn 0.418758 -0.822719 -0.384414
vn -0.523272 -0.640291 0.562328
vn 0.620344 -0.728498 -0.290628
vn -0.463693 -0.191775 0.864992
vn 0.922997 0.242955 -0.298411
vn 0.867309 -0.379718 -0.321855
vn -0.502849 -0.710905 0.491688
vn -0.661103 0.224145 0.716032
vn 0.811333 0.541645 -0.219909
vn -0.587532 0.195251 0.785292
vn 0.568319 0.746437 -0.346186
vn 0.752360 0.632311 -0.184760
vn -0.689282 0.190859 0.698901
vn -0.455481 0.242229 0.856658
vn 0.114230 0.950959 -0.287451
vn -0.650960 0.461550 0.602679
vn -0.672879 0.418788 0.609795
vn -0.461546 0.479309 0.746484
vn -0.357107 0.245932 0.901106
vn -0.467458 0.240727 0.850608
vn -0.546863 0.365140 0.753401
vn -0.437768 0.418836 0.795573
vn -0.150762 0.057928 0.986871
vn -0.102368 0.275154 0.955935
vn -0.326031 -0.024646 0.945038
vn -0.230789 -0.087302 0.969080
vn -0.410235 0.364131 0.836131
vn -0.433900 -0.417520 0.798378
vn -0.256104 -0.086835 0.962741
vn -0.274595 -0.460681 0.844021
vn -0.399533 -0.621154 0.674197
vn 0.132536 -0.078464 0.988068
vn 0.145464 0.141971 0.979124
vn -0.193704 0.175968 0.965150
vn -0.465500 0.059050 0.883076
vn -0.569557 -0.151430 0.807883
vn -0.479237 0.094531 0.872580
vn 0.006356 -0.664449 0.747307
vn -0.023548 -0.581646 0.813101
vn -0.048294 0.525366 0.849505
vn -0.113195 0.121592 0.986105
vn -0.600238 0.145562 0.786464
vn -0.496284 0.008035 0.868123
vn -0.555116 0.281699 0.782619
vn -0.620195 0.247418 0.744408
vn -0.532089 0.200440 0.822621
vn -0.621206 0.067686 0.780719
vn -0.397917 0.089729 0.913023
vn -0.435113 0.128755 0.891122
vn -0.036629 0.368685 0.928832
vn -0.207240 -0.261718 0.942632
vn -0.020988 0.341305 0.939718
vn -0.059115 -0.136634 0.988856
vn -0.003115 -0.612133 0.790749
vn -0.078815 -0.564679 0.821539
vn -0.250803 -0.097472 0.963118
vn -0.293804 0.302330 0.906794
vn -0.269478 0.383038 0.883552
vn -0.494434 -0.235403 0.836732
vn -0.286153 -0.044496 0.957150
vn -0.455779 -0.693681 0.557738
vn -0.555880 -0.786915 0.267886
vn -0.406681 -0.881550 0.239752
vn -0.419059 -0.567476 0.708774
vn -0.478673 0.269079 0.835744
vn -0.485473 0.436037 0.757751
vn -0.480518 0.542267 0.689238
vn -0.484907 0.546757 0.682586
vn -0.383870 -0.770176 0.509386
vn -0.356919 -0.857223 0.371184
vn -0.755640 -0.504006 0.418314
vn -0.724039 -0.568837 0.390118
vn -0.685432 -0.377556 0.622603
vn -0.315147 -0.842901 0.436120
vn -0.275203 -0.942937 0.187439
vn -0.569461 -0.459470 0.681616
vn -0.701964 0.442401 0.558148
vn -0.666064 0.477774 0.572792
vn -0.667028 0.457590 0.587950
vn -0.664735 0.423215 0.615643
vn -0.654379 0.204469 0.727998
vn -0.649974 0.187161 0.736549
vn -0.631374 0.101188 0.768849
vn -0.649003 -0.020693 0.760505
vn -0.575125 0.014239 0.817942
vn -0.510281 -0.032007 0.859412
vn -0.564417 -0.018827 0.825275
vn -0.492595 0.075840 0.866948
vn -0.505958 0.018853 0.862352
vn -0.542182 0.056770 0.838341
vn -0.594817 0.003192 0.803855
vn -0.538083 -0.095977 0.837409
vn -0.770183 -0.120487 0.626339
vn -0.774466 -0.231932 0.588566
vn -0.779118 -0.233362 0.581823
vn -0.799937 -0.160769 0.578147
vn -0.719561 -0.132328 0.681705
vn -0.715528 -0.033576 0.697777
vn -0.765316 -0.029667 0.642971
vn -0.855307 -0.091589 0.509962
vn -0.829236 -0.156126 0.536649
vn -0.883772 -0.059870 0.464072
vn -0.824055 -0.033501 0.565518
vn -0.828411 -0.118188 0.547510
vn -0.757900 -0.306987 0.575627
vn -0.811937 -0.134756 0.567978
vn -0.884651 -0.193114 0.424382
vn -0.925738 -0.164755 0.340390
vn -0.915695 -0.097127 0.389961
vn -0.858975 -0.120157 0.497718
vn -0.836910 -0.275398 0.473009
vn -0.892993 -0.165066 0.418708
vn -0.922373 -0.136313 0.361452
vn -0.665251 -0.007635 0.746581
vn -0.815548 -0.096951 0.570510
vn -0.780514 -0.038479 0.623953
vn -0.709612 0.044404 0.703192
vn -0.891416 -0.050679 0.450344
vn -0.852844 -0.078742 0.516194
vn -0.824906 -0.338553 0.452672
vn -0.795854 -0.296610 0.527863
vn -0.837265 -0.296390 0.459500
vn -0.855758 -0.352812 0.378421
vn -0.691394 0.154308 0.705807
vn -0.695994 0.173937 0.696662
vn -0.288101 -0.621391 0.728609
vn -0.444224 -0.361583 0.819709
vn -0.754228 -0.152795 0.638588
vn -0.789720 -0.245419 0.562238
vn -0.808743 -0.312151 0.498494
vn -0.766786 -0.266191 0.584107
vn -0.783722 -0.220434 0.580679
vn -0.793215 -0.172428 0.584019
vn -0.803096 -0.269733 0.531301
vn -0.836626 -0.371822 0.402251
vn -0.826485 -0.341867 0.447269
vn -0.855358 -0.400073 0.329095
vn -0.097454 0.485001 0.869066
vn -0.241165 0.079559 0.967217
vn -0.879682 -0.254263 0.401883
vn -0.900817 -0.339955 0.270111
vn -0.645714 -0.075949 0.759792
vn -0.780810 -0.210753 0.588149
vn -0.581070 -0.108447 0.806596
vn -0.718999 -0.222277 0.658508
vn -0.567469 -0.063707 0.820927
vn -0.671625 -0.167311 0.721752
vn -0.398485 -0.538824 0.742212
vn -0.547460 -0.338462 0.765331
vn -0.728871 0.076076 0.680411
vn -0.749209 0.109240 0.653263
vn -0.650700 0.061781 0.756817
vn -0.687614 -0.013617 0.725949
vn -0.179890 -0.459575 0.869730
vn -0.118670 -0.746373 0.654863
vn -0.590006 -0.488737 0.642674
vn -0.404560 -0.534099 0.742341
vn -0.348964 -0.689922 0.634218
vn -0.577731 -0.576140 0.578177
vn -0.686745 -0.422640 0.591403
vn -0.680449 -0.448456 0.579549
vn -0.752184 -0.323212 0.574242
vn -0.766804 -0.305565 0.564483
vn -0.793554 -0.299232 0.529842
vn -0.841342 -0.390350 0.373858
vn -0.833277 -0.359722 0.419821
vn -0.851058 -0.429664 0.301809
vn 0.163797 -0.798225 0.579661
vn -0.253945 -0.540506 0.802100
vn -0.091774 -0.649496 0.754806
vn -0.505997 -0.475147 0.719862
vn -0.026186 -0.990096 -0.137931
vn -0.487275 -0.868762 -0.088404
vn -0.640436 -0.699584 0.316897
vn 0.248639 -0.909083 0.334284
vn 0.202716 -0.977016 0.065927
vn 0.058852 -0.895005 0.442158
vn -0.211644 0.803279 0.556732
vn -0.750021 0.545703 -0.373734
vn -0.137164 0.562317 0.815467
vn -0.598945 0.454645 0.659214
vn -0.546931 0.539250 0.640372
vn -0.788263 0.305848 0.533947
vn -0.717957 0.312328 0.622084
vn -0.390522 0.555484 0.734119
vn -0.666853 0.413653 0.619837
vn -0.282388 0.349218 0.893478
vn -0.240082 0.167751 0.956149
vn -0.364600 0.013952 0.931060
vn -0.578509 -0.083219 0.811419
vn -0.747983 -0.091712 0.657352
vn -0.820567 -0.072384 0.566949
vn -0.845572 -0.245631 0.473998
vn -0.826200 -0.145602 0.544237
vn -0.876978 -0.186549 0.442842
vn -0.678269 0.011992 0.734716
vn -0.831663 -0.062768 0.551722
vn -0.444884 0.050328 0.894173
vn -0.151094 0.082388 0.985080
vn 0.008184 -0.039209 0.999198
vn -0.276162 -0.236834 0.931475
vn -0.668771 -0.049348 0.741829
vn -0.303069 -0.365346 0.880154
vn -0.446519 -0.221771 0.866856
vn -0.150431 -0.443016 0.883803
vn -0.046932 -0.475509 0.878458
vn -0.117749 -0.485202 0.866438
vn -0.322151 -0.422880 0.846989
vn -0.546562 -0.348621 0.761402
vn -0.645859 -0.306507 0.699228
vn -0.703754 -0.243936 0.667252
vn -0.764179 -0.168179 0.622693
vn -0.797535 -0.241376 0.552879
vn -0.775467 -0.232629 0.586971
vn -0.700724 -0.045621 0.711973
vn -0.628982 -0.020423 0.777152
vn -0.548241 -0.073349 0.833098
vn -0.726268 -0.361418 0.584732
vn -0.647032 -0.334931 0.684961
vn -0.515555 -0.190972 0.835304
vn -0.265295 -0.025138 0.963840
vn -0.837879 -0.391201 0.380684
vn -0.820248 -0.369464 0.436681
vn -0.803929 -0.420545 0.420524
vn -0.781608 -0.374562 0.498792
vn -0.741150 -0.333745 0.582504
vn -0.760044 -0.465964 0.453002
vn -0.502212 -0.657632 0.561518
vn -0.475972 -0.411047 0.777490
vn -0.874607 -0.447169 0.187357
vn -0.918484 -0.371508 0.135531
vn -0.865340 -0.498843 0.048408
vn -0.830952 -0.548620 0.092380
vn -0.776494 -0.628073 -0.050810
vn -0.827971 -0.490283 0.272190
vn -0.724088 -0.689608 0.011732
vn -0.601579 -0.789384 -0.122375
vn -0.763773 -0.597717 0.243691
vn -0.653230 -0.732531 0.191543
vn -0.388214 -0.910711 0.141052
vn -0.595516 -0.801607 -0.052788
vn -0.460491 -0.881772 -0.102110
vn -0.260546 -0.956635 -0.130252
vn -0.395459 -0.888335 -0.233394
vn -0.284138 -0.907455 -0.309502
vn -0.154892 -0.936847 -0.313569
vn -0.214073 -0.532557 0.818875
vn -0.232314 -0.943686 0.235556
vn -0.512429 -0.785122 0.347851
vn -0.458102 -0.315349 0.831082
vn -0.328649 -0.437184 0.837174
vn -0.404664 -0.864142 0.299175
vn -0.709471 -0.637137 0.301177
vn -0.707337 -0.194371 0.679628
vn -0.840001 -0.522667 0.145664
vn -0.878762 -0.100153 0.466634
vn -0.681879 -0.057550 0.729198
vn -0.853172 -0.005345 0.521602
vn -0.916171 -0.384798 0.112077
vn -0.946848 -0.052273 0.317406
vn -0.837434 -0.542890 -0.063049
vn -0.794138 -0.600957 -0.090529
vn -0.916899 -0.399114 0.002163
vn -0.936458 -0.091411 0.338661
vn -0.935172 -0.144659 0.323306
vn -0.948264 -0.116649 0.295276
vn -0.946112 -0.127088 0.297862
vn -0.954591 -0.141208 0.262328
vn -0.937422 -0.229855 0.261545
vn -0.911438 -0.180164 0.369895
vn -0.933115 -0.096340 0.346431
vn -0.955968 -0.251590 0.151089
vn -0.963799 -0.266133 0.016269
vn -0.968180 -0.193608 0.158564
vn -0.972321 -0.232648 0.021604
vn -0.941592 -0.112336 0.317466
vn -0.957188 -0.092143 0.274411
vn -0.966571 -0.165042 0.196217
vn -0.969011 -0.126597 0.212112
vn -0.975932 -0.210491 0.057018
vn -0.984612 -0.152745 0.084905
vn -0.975282 -0.083002 0.204780
vn -0.989766 -0.104165 0.097540
vn -0.456094 -0.346669 0.819634
vn -0.271703 0.072361 0.959657
vn -0.469681 0.078482 0.879341
vn -0.562653 -0.275078 0.779585
vn -0.694862 -0.114913 0.709903
vn -0.850436 0.008300 0.526013
vn -0.927485 -0.004703 0.373831
vn -0.956351 0.042056 0.289179
vn -0.961975 -0.021004 0.272329
vn -0.922050 0.097775 0.374517
vn -0.865496 0.141640 0.480474
vn -0.761227 0.149298 0.631066
vn -0.622182 0.113577 0.774590
vn -0.979783 -0.040394 0.195944
vn -0.991319 -0.069561 0.111569
vn -0.979286 -0.017796 0.201698
vn -0.991521 -0.064487 0.112814
vn -0.371213 -0.084824 0.924665
vn -0.117869 -0.107623 0.987180
vn -0.088293 -0.156727 0.983688
vn -0.169674 0.496131 0.851508
vn 0.071123 0.344129 0.936225
vn -0.016264 0.102734 0.994576
vn -0.377503 0.170817 0.910117
vn 0.027212 0.175556 0.984093
vn -0.031721 -0.017772 0.999339
vn -0.553455 0.198598 0.808855
vn -0.291781 0.525453 0.799227
vn -0.604647 0.320700 0.729077
vn -0.203965 0.602049 0.771969
vn -0.156276 0.502920 0.850088
vn -0.204161 0.526632 0.825213
vn -0.162603 0.562172 0.810878
vn -0.933380 0.052324 0.355055
vn -0.659413 0.481281 0.577532
vn -0.243943 0.713323 0.657010
vn -0.218278 0.647696 0.729962
vn -0.965147 -0.257156 -0.048602
vn -0.908440 -0.413831 -0.058999
vn -0.856048 -0.257310 0.448300
vn -0.720872 -0.594347 -0.356506
vn -0.646086 -0.721741 -0.248319
vn -0.822459 -0.412374 0.391801
vn -0.855982 -0.114454 0.504177
vn -0.893302 -0.372714 -0.251189
vn -0.823736 -0.099105 0.558245
vn -0.954806 -0.027268 -0.295975
vn -0.848955 -0.149622 0.506843
vn -0.946716 0.188349 -0.261254
vn -0.960155 -0.143710 0.239687
vn -0.869924 -0.054806 0.490131
vn -0.858927 0.034986 0.510902
vn -0.944595 -0.140529 0.296635
vn -0.953579 -0.100593 0.283845
vn -0.873146 0.188234 0.449648
vn -0.893245 -0.049861 0.446797
vn -0.925603 0.360944 -0.113928
vn -0.964537 -0.060655 0.256885
vn -0.853354 -0.100700 0.511514
vn -0.962255 0.060319 0.265381
vn -0.822135 -0.049108 0.567170
vn -0.958998 -0.136491 0.248382
vn -0.926597 -0.329026 0.182101
vn -0.564036 -0.285713 0.774746
vn -0.664764 -0.052644 0.745196
vn -0.773923 -0.403178 0.488355
vn -0.934632 -0.351741 -0.052349
vn -0.921779 -0.385446 0.041880
vn -0.964937 -0.250352 -0.078870
vn -0.990570 -0.100421 -0.093198
vn -0.996081 0.061000 0.064049
vn -0.782182 0.080405 0.617840
vn -0.936354 0.123757 0.328522
vn -0.900633 -0.092680 0.424583
vn -0.974674 -0.205864 0.087359
vn -0.750015 -0.239291 0.616618
vn -0.809839 -0.195904 0.552976
vn -0.833691 -0.504562 -0.224449
vn -0.896817 -0.422365 -0.131631
vn -0.933599 -0.356707 0.033946
vn -0.844077 -0.502583 0.186933
vn -0.944540 -0.033224 0.326712
vn -0.929834 0.273284 0.246421
vn -0.871706 -0.420106 0.252268
vn -0.968687 -0.154829 0.194098
vn -0.979955 0.124820 0.155270
vn -0.991399 -0.044524 0.123064
vn -0.959485 -0.263221 0.100511
vn -0.878876 -0.429519 0.207582
vn -0.891925 -0.439101 0.107986
vn -0.883949 -0.297977 0.360339
vn -0.855651 -0.387541 0.343036
vn -0.965562 -0.247746 -0.079452
vn -0.968538 -0.239145 -0.068880
vn -0.980897 -0.188761 -0.047008
vn -0.988484 -0.149584 -0.022902
vn -0.992689 -0.120553 0.005999
vn -0.992926 -0.115214 0.028704
vn -0.812823 -0.568255 -0.128083
vn -0.820948 -0.561706 -0.102622
vn -0.953326 -0.285672 0.097779
vn -0.975823 -0.033860 0.215926
vn -0.973090 0.074347 0.218103
vn -0.814483 -0.566709 -0.124335
vn -0.807328 -0.573058 -0.140805
vn -0.863268 -0.482685 -0.147593
vn -0.856030 -0.514276 -0.052288
vn -0.989194 -0.053532 -0.136491
vn -0.998588 -0.047096 0.024579
vn -0.978961 -0.202770 0.022801
vn -0.976058 -0.182547 -0.118269
vn -0.986208 0.081520 -0.144045
vn -0.997162 0.075176 0.004029
vn -0.709839 0.592690 0.380589
vn -0.307870 0.829356 0.466245
vn -0.291836 0.780510 0.552843
vn -0.224806 0.958562 -0.174987
vn -0.292918 0.951917 0.089738
vn -0.349063 0.931408 0.103124
vn -0.354975 0.926189 -0.127149
vn -0.820413 0.556222 -0.132434
vn -0.792782 0.603576 0.084818
vn -0.865024 -0.489893 -0.108344
vn -0.890896 -0.445427 -0.088876
vn -0.765348 -0.582279 -0.274214
vn -0.732841 -0.570682 -0.370494
vn -0.794365 -0.380580 -0.473438
vn -0.852932 -0.039803 -0.520503
vn -0.885541 0.157661 -0.436990
vn -0.994550 0.104177 -0.004114
vn -0.991664 -0.002204 0.128831
vn -0.331572 0.897787 0.289895
vn -0.316338 0.890089 0.328134
vn -0.732538 0.636054 0.242534
vn -0.990837 0.078075 0.110211
vn -0.991362 -0.036530 0.125965
vn -0.972700 -0.221151 0.070333
vn -0.797879 -0.586587 -0.138940
vn -0.846896 -0.523865 -0.091284
vn -0.901375 -0.427922 -0.066383
vn -0.964518 -0.261384 0.037204
vn -0.962089 -0.254488 0.098084
vn -0.959663 -0.240154 0.146194
vn -0.962865 -0.183642 0.197907
vn -0.969728 -0.113952 0.215969
vn -0.972595 -0.052934 0.226402
vn -0.968635 0.029613 0.246718
vn -0.942931 0.123984 0.309047
vn -0.990543 -0.106225 0.086844
vn -0.864266 -0.502862 -0.013182
vn -0.816894 -0.559187 -0.141405
vn -0.755930 -0.600547 -0.260604
vn -0.855704 -0.408766 -0.317302
vn -0.930726 -0.153912 -0.331752
vn -0.929780 -0.040322 -0.365901
vn -0.925279 0.116088 -0.361084
vn -0.784214 0.503471 -0.362664
vn -0.359891 0.874315 -0.325657
vn -0.155983 0.920042 -0.359434
vn -0.881153 -0.472702 0.011079
vn -0.897602 -0.435821 -0.066113
vn -0.989345 -0.103914 0.101976
vn -0.994437 -0.014766 0.104296
vn -0.990711 -0.075275 0.113253
vn -0.705099 -0.644448 -0.295842
vn -0.646443 -0.684879 -0.336232
vn -0.850085 -0.428963 -0.305526
vn -0.776390 -0.558866 -0.291353
vn -0.935572 -0.308286 -0.172236
vn -0.907137 -0.295356 -0.299777
vn -0.970045 -0.135879 -0.201369
vn -0.948398 -0.203883 -0.242842
vn -0.990967 -0.055841 -0.121931
vn -0.978537 -0.138336 -0.152734
vn -0.992743 -0.088217 -0.081720
vn -0.999500 -0.031517 -0.002713
vn -0.996256 -0.067253 0.054327
vn -0.998239 -0.055413 -0.021183
vn -0.684169 -0.600656 -0.413672
vn -0.800116 -0.329320 -0.501361
vn -0.794906 -0.028279 -0.606074
vn -0.818585 -0.146113 -0.555491
vn -0.776446 0.144188 -0.613466
vn -0.668181 0.425795 -0.610109
vn -0.333543 0.764172 -0.552079
vn -0.067589 0.837097 -0.542864
vn -0.462266 -0.139004 -0.875779
vn -0.483330 -0.031843 -0.874859
vn -0.646007 -0.032515 -0.762639
vn -0.667642 -0.157932 -0.727538
vn -0.239743 -0.086357 -0.966988
vn -0.274190 -0.013518 -0.961581
vn -0.375767 -0.645939 -0.664501
vn -0.436755 -0.312808 -0.843444
vn -0.676033 -0.313693 -0.666765
vn -0.602106 -0.595883 -0.531405
vn -0.119622 -0.691351 -0.712548
vn -0.191181 -0.297431 -0.935406
vn -0.353285 -0.762181 -0.542467
vn -0.542186 -0.724112 -0.426259
vn -0.121599 -0.791622 -0.598789
vn -0.410613 -0.685142 -0.601645
vn -0.578223 -0.680759 -0.449695
vn -0.191867 -0.688685 -0.699214
vn -0.628885 -0.583302 -0.514064
vn -0.684242 -0.454351 -0.570420
vn -0.489049 -0.433448 -0.756938
vn -0.464508 -0.557177 -0.688321
vn -0.251979 -0.417644 -0.872972
vn -0.241873 -0.531942 -0.811502
vn -0.518413 -0.326167 -0.790483
vn -0.737881 -0.324886 -0.591592
vn -0.273998 -0.329929 -0.903367
vn -0.798690 -0.214388 -0.562256
vn -0.574594 -0.226427 -0.786494
vn -0.324856 -0.243259 -0.913944
vn -0.655954 -0.105356 -0.747412
vn -0.876194 -0.103256 -0.470768
vn -0.357020 -0.101030 -0.928617
vn -0.760323 -0.044933 -0.647989
vn -0.936731 -0.063661 -0.344212
vn -0.447023 -0.037391 -0.893741
vn -0.565244 0.158184 0.809616
vn -0.799752 0.144431 0.582698
vn -0.726215 0.173642 0.665177
vn -0.909109 -0.069328 0.410748
vn -0.903916 0.157409 0.397690
vn -0.909972 0.032932 0.413361
vn -0.907640 -0.173715 0.382116
vn -0.761980 0.036152 0.646591
vn -0.751030 0.257807 0.607856
vn -0.654185 0.282023 0.701787
vn -0.643686 0.071438 0.761948
vn -0.441030 -0.018601 0.897300
vn -0.660491 -0.034290 0.750051
vn -0.608369 0.023049 0.793320
vn -0.603788 0.000605 0.797145
vn -0.667166 -0.090374 0.739407
vn -0.754870 -0.208569 0.621829
vn -0.798299 -0.278228 0.534142
vn -0.817823 -0.309156 0.485373
vn -0.821684 -0.328836 0.465512
vn -0.786440 -0.357784 0.503491
vn -0.729182 -0.335828 0.596249
vn -0.649283 -0.210899 0.730721
vn -0.385625 -0.118178 0.915056
vn -0.666699 -0.281985 0.689925
vn -0.734736 0.381776 0.560723
vn -0.855424 0.270992 0.441376
vn -0.663227 0.402443 0.631007
vn -0.884895 0.150198 0.440910
vn -0.663701 0.078360 0.743882
vn -0.772905 -0.144482 0.617853
vn -0.758117 0.001754 0.652116
vn -0.248286 0.496902 0.831530
vn -0.478933 0.450979 0.753154
vn -0.477592 0.311127 0.821648
vn -0.258255 0.315773 0.913013
vn -0.652508 0.390799 0.649238
vn -0.642570 0.312046 0.699808
vn -0.761685 0.335504 0.554322
vn -0.764762 0.298387 0.571056
vn -0.825663 0.289277 0.484355
vn -0.845052 0.254527 0.470216
vn -0.899496 0.186570 0.395094
vn -0.871629 0.242775 0.425821
vn -0.941224 0.115434 0.317448
vn -0.917975 0.212778 0.334735
vn -0.980867 0.055174 0.186695
vn -0.967097 0.191693 0.167263
vn -0.733369 0.428372 0.527890
vn -0.807942 0.319998 0.494804
vn -0.702057 0.558582 0.441704
vn -0.826370 0.360451 0.432652
vn -0.603357 0.553952 0.573671
vn -0.424689 0.650243 0.629939
vn -0.209780 0.706721 0.675676
vn -0.547885 0.703551 0.452590
vn -0.382985 0.791186 0.476810
vn -0.189114 0.835599 0.515762
vn -0.857374 0.410026 0.311107
vn -0.888131 0.433509 0.152620
vn -0.984814 0.151709 0.084416
vn -0.905315 0.418874 0.070350
vn -0.702357 0.644576 0.302019
vn -0.528829 0.784703 0.323390
vn -0.370053 0.861986 0.346469
vn -0.179118 0.911326 0.370676
vn -0.710431 0.685740 0.158266
vn -0.719359 0.687706 0.097896
vn -0.531721 0.824013 0.195641
vn -0.366604 0.901765 0.228956
vn -0.175050 0.952653 0.248616
vn -0.532211 0.835218 0.138433
vn -0.374630 0.911988 0.167123
vn -0.185384 0.965757 0.181511
vn -0.276099 0.077303 -0.958016
vn -0.467939 0.105147 -0.877483
vn -0.614339 0.138279 -0.776831
vn -0.241144 0.240932 -0.940107
vn -0.401196 0.297775 -0.866240
vn -0.523871 0.364730 -0.769760
vn -0.251546 0.534299 -0.807000
vn -0.270362 0.645763 -0.714069
vn -0.174351 0.455918 -0.872778
vn -0.067465 0.569322 -0.819342
vn -0.036289 0.672192 -0.739487
vn -0.014293 0.756337 -0.654026
vn -0.650376 0.352126 0.673066
vn -0.641067 0.251676 0.725046
vn -0.640723 0.398958 0.655978
vn -0.665103 0.397345 0.632262
vn -0.472831 0.485418 0.735392
vn -0.117050 0.530165 0.839776
vn -0.102254 0.539703 0.835623
vn -0.202192 0.521708 0.828818
vn -0.238157 0.514999 0.823443
vn 0.079275 -0.532321 0.842823
vn -0.197004 -0.182787 0.963213
vn -0.369518 -0.700297 0.610770
vn -0.598567 -0.435855 0.672121
vn -0.688989 -0.650184 0.320242
vn -0.773221 -0.474410 0.420791
vn -0.865981 -0.486821 0.114379
vn -0.894502 -0.347122 0.281730
vn -0.431294 0.431340 0.792421
vn -0.407177 0.506241 0.760215
vn -0.442241 0.377057 0.813788
vn -0.533323 0.309252 0.787356
vn -0.342384 0.482233 0.806365
vn -0.466747 0.406373 0.785498
vn -0.145606 0.449825 0.881168
vn -0.145242 0.129058 0.980943
vn -0.378848 0.177834 0.908212
vn -0.296577 0.376197 0.877791
vn -0.655868 0.107948 0.747117
vn -0.684121 0.169636 0.709368
vn -0.878748 -0.248493 0.407496
vn -0.803960 -0.204971 0.558243
vn -0.711490 -0.272963 0.647513
vn -0.719851 -0.512746 0.467875
vn -0.139009 0.499838 0.854891
vn -0.189046 0.510428 0.838883
vn -0.236488 0.507732 0.828421
vn -0.305654 0.532041 0.789626
vn -0.211295 -0.193319 0.958114
vn -0.453851 -0.027720 0.890647
vn -0.520360 -0.358107 0.775232
vn -0.293776 -0.489097 0.821267
vn -0.291299 -0.739888 0.606391
vn -0.509811 -0.668722 0.541206
vn -0.992234 -0.070054 0.102787
vn -0.989449 0.055322 0.133905
vn -0.988324 -0.040344 0.146928
vn -0.988574 -0.102911 0.110141
vn -0.985667 -0.147005 -0.082761
vn -0.986231 -0.131959 -0.099676
vn -0.868038 -0.394051 0.302049
vn -0.922386 -0.222125 0.316013
vn -0.996312 0.027176 0.081391
vn -0.983553 0.110786 0.142653
vn -0.695309 -0.717724 0.037649
vn -0.886801 -0.461509 -0.024366
vn -0.179067 -0.960098 0.214817
vn -0.425625 -0.900540 0.088716
vn -0.789401 -0.475577 -0.388166
vn -0.586239 -0.632934 -0.505686
vn -0.514244 -0.407061 -0.754887
vn -0.702416 -0.418428 -0.575786
vn -0.866549 -0.159081 -0.473061
vn -0.872440 -0.219988 -0.436411
vn -0.739210 -0.280269 -0.612387
vn -0.712105 -0.203615 -0.671898
vn -0.559386 -0.260294 -0.786978
vn -0.536424 -0.269561 -0.799742
vn -0.279683 -0.217782 -0.935066
vn -0.222435 -0.138795 -0.965018
vn -0.361997 -0.381453 -0.850560
vn -0.422995 -0.509433 -0.749369
vn 0.094523 -0.730506 -0.676333
vn 0.120574 -0.373681 -0.919687
vn -0.152048 -0.336061 -0.929486
vn -0.247570 -0.652015 -0.716649
vn 0.098589 0.040675 -0.994297
vn -0.085826 0.093837 -0.991881
vn -0.199306 0.174920 -0.964199
vn -0.130328 0.223760 -0.965891
vn 0.302907 -0.337259 -0.891350
vn 0.345024 -0.361025 -0.866383
vn 0.105768 -0.342036 -0.933715
vn 0.048900 -0.285327 -0.957182
vn -0.234016 -0.313290 -0.920373
vn -0.300902 -0.245608 -0.921485
vn 0.093684 -0.007042 -0.995577
vn 0.297019 0.108061 -0.948737
vn 0.246762 -0.157400 -0.956208
vn 0.016392 -0.187116 -0.982201
vn 0.143800 0.193348 -0.970535
vn 0.276217 0.267142 -0.923222
vn 0.154556 -0.348057 -0.924645
vn -0.034859 -0.315422 -0.948311
vn -0.167221 -0.325710 -0.930564
vn 0.143802 -0.376508 -0.915185
vn 0.217628 -0.246704 -0.944339
vn -0.177902 -0.236440 -0.955221
vn 0.325445 -0.345377 -0.880228
vn -0.440244 -0.237605 -0.865869
vn -0.218184 -0.251054 -0.943063
vn -0.123127 -0.066050 -0.990191
vn -0.006911 0.228573 -0.973502
vn 0.109347 0.433431 -0.894528
vn -0.060979 0.478860 -0.875771
vn -0.194492 0.410539 -0.890860
vn 0.075470 0.399811 -0.913486
vn -0.066217 0.412171 -0.908697
vn 0.307208 -0.306501 -0.900933
vn 0.266961 -0.231034 -0.935604
vn 0.334772 -0.391177 -0.857268
vn 0.358157 -0.360707 -0.861170
vn 0.265433 0.141371 -0.953709
vn 0.275063 -0.138624 -0.951380
vn 0.239520 0.268685 -0.932973
vn 0.188848 0.412265 -0.891276
vn 0.082341 0.535924 -0.840241
vn 0.088904 0.607536 -0.789301
vn -0.593080 -0.230336 -0.771493
vn -0.655610 -0.187787 -0.731376
vn -0.969142 -0.242106 0.046359
vn -0.946355 -0.293492 0.135182
vn -0.949018 -0.213917 0.231525
vn -0.953705 -0.243332 0.176738
vn -0.971326 -0.231397 -0.054608
vn -0.972416 -0.231328 -0.029902
vn -0.890947 -0.240734 -0.385047
vn -0.874176 -0.200963 -0.442075
vn -0.970172 -0.132577 0.202955
vn -0.894215 -0.097723 0.436842
vn -0.797752 -0.074414 0.598377
vn -0.976942 -0.201894 -0.069452
vn -0.567374 -0.304223 -0.765203
vn -0.880928 -0.272847 -0.386679
vn -0.133798 -0.272552 -0.952793
vn 0.170366 -0.219785 -0.960557
vn 0.248324 -0.191341 -0.949592
vn -0.678250 -0.059763 0.732397
vn -0.330118 -0.034576 0.943306
vn 0.180811 -0.484655 0.855814
vn 0.184395 0.460789 0.868143
vn 0.165572 0.145604 0.975390
vn 0.163943 0.659346 0.733747
vn 0.070440 0.697667 0.712951
vn -0.310334 -0.535304 0.785584
vn -0.736425 -0.433823 0.519112
vn -0.926495 -0.266898 0.265276
vn -0.991387 -0.068056 0.111894
vn -0.982652 0.154916 0.101959
vn -0.964113 0.195714 0.179395
vn -0.859063 0.304303 0.411596
vn -0.782742 0.492794 0.380091
vn -0.908035 0.348521 0.232391
vn -0.937829 0.284730 0.198509
vn -0.677025 0.268212 0.685347
vn -0.574039 0.568944 0.588883
vn -0.268005 0.226279 0.936467
vn -0.207393 0.569308 0.795535
vn -0.917377 0.011626 0.397849
vn -0.971104 0.113556 0.209909
vn -0.735678 -0.096363 0.670441
vn -0.306039 -0.186647 0.933544
vn 0.179097 -0.208288 0.961530
vn -0.954521 0.023161 0.297242
vn -0.896985 0.291738 0.332126
vn -0.725430 0.538251 0.428996
vn -0.480526 0.700590 0.527512
vn -0.162606 0.748161 0.643284
vn 0.281634 -0.337117 -0.898351
vn 0.247097 -0.306249 -0.919323
vn 0.006012 -0.262639 -0.964875
vn -0.306963 -0.260331 -0.915424
vn -0.232467 0.587510 0.775108
vn -0.441314 0.464790 0.767602
vn -0.681471 0.246842 0.688960
vn -0.046343 0.600252 0.798468
vn -0.876253 -0.026058 0.481146
vn -0.857346 0.195044 0.476357
vn -0.691144 0.418482 0.589230
vn -0.453067 0.617375 0.643100
vn -0.192775 0.723677 0.662669
vn -0.333487 0.669070 0.664177
vn 0.045545 0.660304 -0.749616
vn -0.033150 0.758369 -0.650982
vn -0.119117 0.884708 -0.450669
vn -0.179899 0.960906 -0.210467
vn -0.244482 0.960062 0.136052
vn -0.308154 0.846798 0.433560
vn -0.101899 0.956577 -0.273088
vn -0.259266 0.898830 -0.353392
vn -0.153640 0.760469 -0.630938
vn -0.019476 0.813062 -0.581852
vn -0.175753 0.971743 0.157564
vn -0.351786 0.923482 0.153065
vn -0.181451 0.778277 0.601132
vn -0.321821 0.678208 0.660655
vn -0.146644 0.636509 -0.757200
vn -0.182141 0.807309 -0.561318
vn -0.206248 0.935825 -0.285821
vn -0.263221 0.949404 0.171310
vn -0.344862 0.748315 0.566653
vn -0.395243 0.648638 0.650424
vn -0.379384 0.908845 0.173405
vn -0.311082 0.878556 -0.362446
vn -0.089073 0.585231 -0.805959
vn 0.042060 0.622542 -0.781456
vn -0.257241 0.730313 -0.632827
vn -0.217056 0.555272 -0.802845
vn -0.348706 -0.853768 -0.386632
vn -0.018037 -0.961114 -0.275564
vn -0.032670 -0.796391 0.603900
vn -0.122066 -0.749696 0.650427
vn -0.142972 -0.355432 0.923703
vn -0.084597 -0.355105 0.930991
vn -0.032110 -0.268365 -0.962782
vn -0.050066 -0.674881 -0.736226
vn 0.077949 -0.651570 -0.754573
vn 0.105900 -0.289627 -0.951263
vn -0.108120 -0.945062 0.308492
vn -0.012939 -0.962710 0.270224
vn -0.140335 -0.342141 0.929110
vn -0.063377 -0.786466 0.614374
vn -0.066023 -0.807066 0.586758
vn -0.155951 -0.348131 0.924383
vn 0.158685 -0.590939 -0.790955
vn 0.142044 -0.584476 -0.798881
vn 0.128138 -0.296762 -0.946315
vn 0.153468 -0.358388 -0.920872
vn 0.025544 -0.982870 0.182521
vn 0.015667 -0.976967 0.212816
vn 0.076673 -0.675140 -0.733695
vn 0.082016 -0.369897 -0.925446
vn 0.005792 -0.816826 0.576855
vn 0.045506 -0.974545 0.219528
vn -0.097434 -0.337890 0.936129
vn -0.029742 -0.812544 0.582141
vn -0.129633 -0.308136 0.942469
vn 0.030643 -0.979972 0.196763
vn 0.095073 -0.659140 -0.745986
vn 0.088061 -0.374376 -0.923086
vn 0.239974 0.256110 -0.936387
vn 0.282162 0.283485 -0.916527
vn 0.138477 0.676750 -0.723072
vn 0.100742 0.875209 -0.473138
vn 0.420929 0.187566 -0.887489
vn 0.482253 0.168836 -0.859608
vn 0.323001 0.625113 -0.710566
vn 0.288305 0.763923 -0.577322
vn 0.192347 0.648558 -0.736461
vn 0.236035 0.309699 -0.921072
vn 0.229616 0.269716 -0.935163
vn 0.082663 0.860462 -0.502765
vn 0.314690 0.303969 -0.899207
vn 0.423888 0.198941 -0.883596
vn 0.282560 0.764494 -0.579404
vn 0.136447 0.815566 -0.562347
vn 0.209990 -0.866884 -0.452125
vn 0.306922 -0.826892 -0.471220
vn 0.436043 -0.505449 -0.744573
vn 0.356507 -0.529374 -0.769848
vn 0.159204 -0.767695 -0.620724
vn 0.183634 -0.774746 -0.605019
vn 0.357649 -0.400190 -0.843763
vn 0.299052 -0.401656 -0.865587
vn 0.185483 -0.306510 -0.933621
vn 0.073628 -0.728619 -0.680950
vn 0.160595 -0.767710 -0.620347
vn 0.230468 -0.393159 -0.890118
vn 0.236957 -0.448072 -0.862022
vn 0.162797 -0.817036 -0.553127
vn 0.240330 -0.780308 -0.577374
vn 0.301761 -0.443423 -0.843989
vn -0.321152 -0.163691 0.932774
vn -0.232047 -0.703818 0.671412
vn -0.362764 -0.685230 0.631555
vn -0.416406 -0.142716 0.897908
vn -0.431675 -0.093216 0.897200
vn -0.322730 -0.618291 0.716632
vn -0.214853 -0.684503 0.696630
vn -0.313482 -0.145395 0.938397
vn -0.519702 -0.254204 0.815654
vn -0.371256 -0.700632 0.609331
vn -0.346785 -0.755130 0.556344
vn -0.510671 -0.269694 0.816383
vn -0.538019 -0.153402 0.828857
vn -0.461071 -0.743593 0.484235
vn -0.550315 -0.767659 0.328408
vn -0.693412 -0.183292 0.696838
vn 0.065087 -0.997837 -0.009275
vn 0.003368 -0.999304 -0.037160
vn -0.057882 -0.958228 -0.280088
vn -0.053320 -0.966119 -0.252531
vn 0.383717 0.150992 -0.911023
vn 0.377640 0.201094 -0.903853
vn 0.236051 0.791443 -0.563824
vn 0.269830 0.605440 -0.748755
vn 0.183481 -0.794259 -0.579212
vn 0.209598 -0.836032 -0.507069
vn 0.345683 -0.476598 -0.808305
vn 0.349733 -0.422600 -0.836120
vn -0.062854 -0.980020 -0.188708
vn -0.005947 -0.997189 -0.074694
vn -0.526783 -0.252992 0.811477
vn -0.392706 -0.731980 0.556766
vn -0.526797 -0.701715 0.479668
vn -0.610575 -0.149917 0.777640
vn 0.386244 0.311399 -0.868243
vn 0.109386 0.806960 -0.580388
vn 0.305481 -0.799103 -0.517799
vn 0.447755 -0.443557 -0.776385
vn 0.047862 -0.996389 -0.070137
vn -0.537409 -0.187543 0.822204
vn -0.403143 -0.661553 0.632316
vn 0.020076 -0.999734 -0.011351
vn 0.048637 -0.998809 -0.003806
vn -0.113975 -0.982192 -0.149361
vn 0.008392 -0.997876 -0.064599
vn 0.248904 0.388926 -0.887008
vn 0.039234 0.861027 -0.507043
vn 0.257508 -0.735844 -0.626277
vn 0.316888 -0.430095 -0.845340
vn 0.070744 -0.994911 -0.071751
vn -0.382209 -0.198948 0.902406
vn -0.286678 -0.624842 0.726215
vn 0.088156 0.865933 -0.492330
vn 0.175729 0.381215 -0.907631
vn -0.332727 -0.647573 0.685523
vn -0.351818 -0.124700 0.927725
vn 0.037320 -0.697379 -0.715730
vn -0.145884 -0.972668 -0.180654
vn 0.137470 -0.287868 -0.947752
vn -0.067892 0.993327 0.093236
vn -0.154346 0.735260 0.659977
vn -0.187765 0.717841 0.670409
vn -0.138074 0.984942 0.104043
vn -0.038638 0.517349 -0.854902
vn -0.026700 0.874921 -0.483529
vn -0.112450 0.852639 -0.510257
vn 0.186512 0.426609 -0.884996
vn -0.102318 0.990699 0.089701
vn -0.220348 0.681809 0.697556
vn -0.258353 0.806066 0.532457
vn -0.167687 0.978099 0.123303
vn -0.134786 0.772346 -0.620737
vn -0.176008 0.898976 -0.401078
vn -0.301793 0.924224 -0.233946
vn -0.439475 0.846413 -0.300742
vn -0.707424 -0.703240 -0.070746
vn -0.281858 -0.792518 -0.540807
vn -0.173917 -0.311104 -0.934327
vn -0.840114 -0.485867 -0.241124
vn -0.638291 -0.769573 -0.018512
vn -0.534736 -0.831602 -0.149983
vn -0.435357 -0.753166 0.493159
vn -0.474907 -0.205810 0.855632
vn -0.114606 -0.673870 -0.729908
vn -0.185466 -0.945844 -0.266424
vn 0.030498 -0.233838 -0.971797
vn -0.303697 -0.747564 0.590691
vn -0.218365 -0.913359 0.343644
vn -0.220630 -0.377723 0.899248
vn -0.692810 -0.573743 -0.436845
vn -0.604832 -0.694003 -0.390561
vn -0.455160 -0.748155 -0.482798
vn -0.281959 0.778625 -0.560574
vn -0.260921 0.889041 -0.376200
vn -0.266189 0.933508 0.240220
vn -0.178362 0.976567 0.120432
vn -0.641619 0.716418 -0.273991
vn -0.475450 0.812543 -0.337225
vn -0.860176 -0.206478 -0.466331
vn 0.212295 0.413041 -0.885623
vn 0.006430 0.888410 -0.459006
vn 0.349419 0.367474 -0.861899
vn 0.107518 0.860402 -0.498145
vn -0.216263 0.659989 0.719475
vn -0.192680 0.978208 0.077349
vn -0.214510 0.975522 0.048408
vn -0.257858 0.737651 0.624003
vn -0.068752 -0.759799 -0.646513
vn -0.426693 -0.865627 -0.261958
vn -0.655789 -0.353118 -0.667270
vn 0.078444 -0.419456 -0.904380
vn -0.549673 -0.734343 -0.398246
vn -0.046811 -0.610289 -0.790795
vn -0.060653 -0.845995 -0.529730
vn -0.262152 -0.960333 -0.095064
vn -0.003937 -0.998495 -0.054701
vn 0.192055 -0.767705 -0.611346
vn 0.195116 -0.784836 -0.588186
vn -0.119035 -0.983408 -0.136894
vn -0.523283 -0.600030 0.605094
vn -0.609006 -0.103756 0.786350
vn 0.358661 -0.422380 -0.832441
vn 0.259259 -0.475924 -0.840405
vn -0.392768 -0.331947 0.857639
vn -0.286608 -0.674939 0.679937
vn -0.426615 -0.687639 0.587497
vn -0.600696 -0.240704 0.762382
vn -0.947459 -0.308550 0.084374
vn -0.422688 -0.869854 0.254339
vn -0.113713 -0.959556 0.257530
vn -0.157192 -0.762988 0.627009
vn -0.232521 -0.303939 0.923881
vn 0.035244 -0.604424 -0.795883
vn 0.001183 -0.241364 -0.970434
vn -0.322224 0.801154 -0.504306
vn -0.315384 0.584414 -0.747659
vn -0.264165 0.893517 -0.363104
vn -0.245978 0.930424 -0.271672
vn -0.614725 0.788269 0.027307
vn -0.429539 0.900527 -0.067441
vn -0.701422 -0.637475 -0.318800
vn -0.875593 -0.171820 -0.451458
vn -0.279265 0.502216 -0.818407
vn -0.308692 0.851350 -0.424162
vn -0.311390 -0.769994 -0.556907
vn -0.158172 -0.649372 -0.743840
vn -0.255423 -0.017550 -0.966670
vn -0.355467 -0.003708 -0.934681
vn -0.097385 -0.995211 0.008466
vn 0.008984 -0.991618 -0.128894
vn 0.124133 -0.615468 0.778325
vn 0.107134 -0.262012 0.959100
vn 0.174530 -0.201083 0.963901
vn 0.205872 -0.645344 0.735628
vn -0.112938 -0.682533 -0.722076
vn -0.140860 -0.644769 -0.751287
vn 0.021396 -0.984002 -0.176869
vn -0.000380 -0.988203 -0.153147
vn 0.046689 -0.998764 -0.017049
vn -0.080113 -0.749221 -0.657457
vn -0.082373 -0.677581 -0.730820
vn 0.003901 -0.984380 -0.176015
vn -0.115926 -0.734358 -0.668790
vn -0.018622 -0.998448 -0.052491
vn -0.129696 -0.989522 -0.063440
vn -0.218804 -0.691822 -0.688119
vn -0.713711 -0.700426 0.004550
vn -0.461912 -0.417168 -0.782693
vn -0.353969 -0.706588 -0.612731
vn -0.315008 -0.949043 0.009327
vn -0.152462 0.872117 -0.464938
vn -0.221713 0.432901 -0.873751
vn -0.282561 0.432386 -0.856272
vn -0.204876 0.890311 -0.406660
vn -0.245725 0.465589 -0.850203
vn -0.217146 0.799237 -0.560418
vn 0.124393 -0.500351 0.856840
vn 0.164541 -0.492095 0.854850
vn 0.135840 -0.089411 0.986688
vn 0.092791 -0.139206 0.985906
vn -0.207876 -0.377368 -0.902431
vn -0.188460 -0.362547 -0.912712
vn -0.270162 -0.376325 -0.886223
vn -0.002529 -0.509909 0.860225
vn -0.034467 -0.138172 0.989808
vn 0.088585 -0.184180 0.978893
vn 0.101467 -0.618140 0.779492
vn 0.155275 -0.658429 0.736452
vn 0.133536 -0.196328 0.971403
vn 0.090648 -0.146982 0.984977
vn 0.110784 -0.549854 0.827881
vn -0.250614 -0.128357 -0.959540
vn -0.152615 -0.263743 -0.952443
vn -0.114035 -0.302613 -0.946267
vn -0.249907 0.422313 -0.871320
vn -0.149320 0.412406 -0.898680
vn -0.123413 0.837957 -0.531599
vn -0.264861 0.695233 -0.668207
vn -0.143996 0.428977 -0.891765
vn -0.109826 0.843708 -0.525448
vn -0.584404 -0.748688 0.312950
vn -0.605225 -0.789324 -0.103298
vn -0.479320 -0.839374 0.256327
vn -0.384513 -0.872674 -0.300982
vn 0.120780 -0.775820 -0.619287
vn -0.088221 -0.938777 -0.333040
vn 0.264441 -0.392248 -0.881029
vn -0.407164 -0.900146 -0.154774
vn -0.227237 -0.942953 0.243318
vn 0.036791 -0.572617 0.818997
vn 0.054327 -0.253695 0.965758
vn 0.340593 -0.042166 -0.939265
vn 0.290706 0.034240 -0.956200
vn 0.410349 -0.092648 -0.907210
vn 0.398561 -0.119336 -0.909345
vn 0.390529 -0.100409 -0.915099
vn 0.420800 -0.136095 -0.896887
vn 0.500448 -0.134269 -0.855292
vn 0.463042 -0.101437 -0.880513
vn 0.403067 -0.086270 -0.911095
vn -0.109362 0.800688 -0.589015
vn 0.150289 0.365283 -0.918685
vn 0.133188 -0.043251 -0.990147
vn -0.618562 0.254101 -0.743514
vn -0.588962 0.384575 0.710792
vn -0.557359 0.311650 0.769562
vn -0.440003 0.797510 0.412765
vn -0.396248 0.859419 0.323089
vn -0.399648 0.584531 0.706120
vn -0.501018 0.261517 0.824979
vn -0.308291 0.745830 0.590503
vn -0.491964 0.230818 0.839461
vn -0.515866 0.198082 0.833454
vn -0.362982 0.694505 0.621215
vn -0.449206 0.506579 0.735929
vn -0.539179 0.223452 0.812007
vn -0.372849 0.725817 0.578078
vn -0.506273 0.257287 0.823098
vn -0.465463 0.805703 0.366314
vn -0.637468 0.309993 0.705364
vn 0.036568 0.196662 -0.979789
vn -0.857863 0.425610 -0.287971
vn 0.177622 0.098812 -0.979125
vn 0.236391 0.071356 -0.969034
vn 0.244739 -0.001987 -0.969587
vn 0.255849 -0.039204 -0.965921
vn 0.326365 -0.045537 -0.944146
vn 0.318537 -0.016467 -0.947767
vn 0.275218 -0.030999 -0.960882
vn -0.411760 0.701140 -0.582114
vn -0.057975 0.322888 -0.944660
vn -0.022604 -0.139552 -0.989957
vn -0.782071 -0.121965 -0.611139
vn -0.411908 0.157706 0.897475
vn -0.370506 0.704193 0.605671
vn -0.370426 0.762354 0.530661
vn -0.452802 0.132131 0.881766
vn -0.328244 0.434924 0.838509
vn -0.407261 0.150923 0.900756
vn -0.231368 0.695913 0.679833
vn -0.314011 0.187264 0.930768
vn -0.322202 0.187251 0.927967
vn -0.259819 0.680943 0.684698
vn -0.342826 0.425096 0.837714
vn -0.384556 0.183288 0.904722
vn -0.277157 0.731821 0.622592
vn -0.371901 0.260811 0.890880
vn -0.326301 0.887547 0.325250
vn -0.494149 0.459934 0.737752
vn -0.662622 0.637050 -0.393827
vn -0.151136 0.362100 -0.919805
vn -0.028514 0.598050 -0.800951
vn -0.023706 0.135411 -0.990506
vn 0.025095 0.467716 -0.883522
vn 0.088945 0.057565 -0.994372
vn 0.078395 -0.021924 -0.996681
vn 0.032613 0.441603 -0.896618
vn 0.081377 -0.038603 -0.995936
vn 0.055585 0.414239 -0.908469
vn 0.142155 -0.068167 -0.987494
vn 0.087138 0.391873 -0.915884
vn 0.082761 0.033688 -0.996000
vn -0.008793 0.523561 -0.851943
vn -0.027845 0.100164 -0.994581
vn -0.084998 0.581327 -0.809218
vn -0.583605 0.165367 0.795021
vn -0.461840 0.745524 0.480518
vn -0.456300 0.889779 0.009155
vn -0.998309 0.003781 0.058002
vn -0.259381 0.134593 0.956351
vn -0.178977 0.110810 0.977593
vn -0.158116 0.421539 0.892919
vn -0.172242 0.101976 0.979762
vn -0.172367 0.165620 0.971010
vn -0.171156 0.167542 0.970894
vn -0.170105 0.108818 0.979399
vn -0.228698 0.453665 0.861328
vn -0.194490 0.035877 0.980248
vn -0.270644 0.112157 0.956124
vn -0.901468 0.425330 -0.080306
vn -0.352326 0.310961 -0.882706
vn -0.262680 0.244393 -0.933419
vn -0.246096 0.167452 -0.954671
vn -0.148133 0.066139 -0.986753
vn -0.127220 0.052000 -0.990510
vn -0.231909 0.005094 -0.972724
vn -0.231011 -0.018665 -0.972772
vn -0.309245 -0.003592 -0.950976
vn -0.546160 0.777262 -0.312367
vn -0.467836 0.406825 -0.784616
vn -0.551803 -0.024419 -0.833617
vn -0.988373 -0.019910 -0.150737
vn -0.073471 0.400910 0.913167
vn 0.018507 0.379525 0.924996
vn -0.060394 0.823523 0.564058
vn -0.099012 0.844768 0.525893
vn 0.035119 0.370152 0.928307
vn -0.085327 0.729886 0.678223
vn 0.009279 0.841450 0.540256
vn 0.070716 0.281735 0.956883
vn 0.017058 0.806778 0.590609
vn 0.071008 0.255739 0.964135
vn 0.085651 0.212904 0.973312
vn 0.046084 0.607329 0.793113
vn 0.003021 0.216481 0.976282
vn -0.128050 0.728845 0.672598
vn -0.088576 0.729426 0.678301
vn 0.081445 0.243568 0.966458
vn -0.018631 0.262092 0.964863
vn -0.143119 0.740759 0.656348
vn -0.187133 -0.953865 -0.234780
vn -0.442569 -0.895409 -0.048742
vn -0.079506 -0.959816 -0.269132
vn 0.031315 -0.941033 -0.336862
vn 0.071078 -0.935601 -0.345831
vn 0.082727 -0.926226 -0.367780
vn 0.133052 -0.885380 -0.445421
vn 0.106290 -0.916176 -0.386425
vn -0.039903 -0.947306 -0.317836
vn -0.883348 -0.337200 -0.325565
vn -0.318110 -0.216768 -0.922940
vn -0.254645 -0.632991 -0.731080
vn -0.379738 -0.906800 -0.183065
vn -0.931257 -0.008997 -0.364251
vn -0.310775 0.117973 -0.943134
vn -0.416813 0.844896 -0.335287
vn -0.282381 0.602444 -0.746540
vn -0.105747 0.874993 -0.472445
vn -0.162160 0.908141 -0.385985
vn 0.024702 0.684856 -0.728260
vn -0.004473 0.838134 -0.545446
vn -0.037124 0.843941 -0.535150
vn -0.043588 0.725847 -0.686474
vn -0.041813 0.872412 -0.486979
vn -0.107775 0.924316 -0.366093
vn -0.145694 0.971309 -0.187967
vn -0.171939 0.982881 -0.066199
vn -0.377727 0.925737 0.018261
vn -0.347121 0.933404 -0.090911
vn -0.053714 0.995897 0.072827
vn -0.053146 0.991218 0.121090
vn -0.120249 0.987433 0.102554
vn -0.181357 0.983087 -0.025480
vn -0.160097 0.986112 -0.044189
vn -0.769356 0.002549 0.638815
vn -0.661966 0.643644 0.384087
vn -0.560871 0.801907 -0.205835
vn -0.983667 -0.088939 -0.156488
vn -0.570741 -0.597934 0.562788
vn -0.676470 -0.736469 0.001206
vn -0.393145 -0.790150 0.470213
vn -0.338670 -0.923156 0.181893
vn -0.117032 -0.916898 0.381577
vn -0.145508 -0.930127 0.337183
vn -0.155570 -0.895367 0.417273
vn -0.104420 -0.915664 0.388144
vn -0.119999 -0.926529 0.356574
vn -0.262534 -0.919477 0.292640
vn -0.272127 -0.915368 0.296730
vn -0.336808 -0.921934 0.191304
vn -0.603167 -0.779193 0.170434
vn -0.484979 -0.874320 0.018988
vn -0.508390 0.858774 0.063613
vn -0.369509 0.927855 -0.050470
vn -0.228675 0.972087 0.052490
vn -0.049662 0.995574 0.079788
vn -0.015319 0.996177 0.086008
vn -0.108852 0.987730 0.111986
vn -0.184699 0.970510 -0.154911
vn -0.136482 0.984151 -0.113226
vn -0.799709 0.484673 0.354341
vn -0.489569 0.852627 0.182616
vn -0.346761 0.917432 -0.195129
vn -0.827071 0.431905 -0.359737
vn -0.873801 -0.013407 0.486099
vn -0.953289 -0.159255 -0.256667
vn -0.670945 -0.723731 0.161387
vn -0.748801 -0.493772 0.442137
vn -0.392430 -0.859160 0.328394
vn -0.225075 -0.901283 0.370176
vn -0.171905 -0.923969 0.341659
vn -0.188310 -0.932289 0.308830
vn -0.220350 -0.927159 0.303022
vn -0.357807 -0.909634 0.211046
vn -0.313843 -0.937533 0.150113
vn -0.318201 -0.943823 0.089145
vn -0.406057 -0.910387 -0.079460
vn -0.608620 -0.791629 -0.053899
vn -0.211478 0.958308 0.192155
vn -0.211234 0.958943 0.189234
vn -0.248217 0.951574 0.181372
vn -0.102872 0.994694 0.001257
vn -0.164384 0.986084 -0.024841
vn -0.368230 0.335588 0.867057
vn -0.276059 0.780193 0.561330
vn -0.491575 0.869515 0.047922
vn -0.974317 0.093801 0.204715
vn -0.343518 -0.168473 0.923912
vn -0.734130 -0.618836 0.279454
vn -0.199790 -0.545420 0.814003
vn -0.229745 -0.872617 0.430994
vn 0.068838 -0.863948 0.498854
vn -0.034419 -0.858227 0.512115
vn 0.124919 -0.871342 0.474510
vn 0.088992 -0.856382 0.508616
vn 0.125380 -0.900563 0.416254
vn 0.083052 -0.895182 0.437895
vn 0.063916 -0.845047 0.530858
vn 0.156435 -0.874698 0.458728
vn -0.046316 -0.788107 0.613793
vn -0.059143 0.997003 -0.049867
vn -0.056353 0.991294 -0.118998
vn -0.083589 0.783744 0.615433
vn 0.138004 0.957607 0.252872
vn -0.309258 0.707122 0.635876
vn -0.455943 0.755729 0.470095
vn -0.418087 0.908382 -0.006752
vn -0.222435 0.876680 -0.426562
vn 0.063964 0.897258 -0.436849
vn 0.286504 0.924742 -0.250536
vn -0.197338 0.965453 0.170172
vn -0.258261 0.910623 -0.322595
vn -0.399172 0.913052 0.083657
vn -0.160751 0.893901 -0.418450
vn -0.065204 0.933824 -0.351742
vn -0.057872 0.993775 0.095192
vn -0.092786 0.891240 0.443940
vn -0.288988 0.831554 0.474346
vn -0.409269 0.828722 0.381731
vn -0.298345 0.953436 0.044159
vn 0.237724 0.924413 -0.298241
vn 0.166739 0.978557 0.120930
vn -0.110221 0.900379 -0.420914
vn -0.311360 0.947502 -0.072770
vn 0.003404 0.913558 -0.406695
vn 0.035565 0.863565 0.502982
vn -0.205564 0.834725 0.510859
vn -0.399288 0.846165 0.352950
vn -0.097835 0.995109 0.013671
vn 0.022449 0.906341 0.421950
vn -0.120262 0.886224 0.447375
vn -0.236568 0.886536 0.397604
vn -0.256860 0.963982 0.069009
vn 0.062435 0.995526 0.070924
vn -0.177694 0.954619 -0.239012
vn -0.064027 0.955774 -0.287049
vn 0.033058 0.960565 -0.276083
vn -0.093038 0.994303 0.052009
vn -0.243689 0.964390 -0.102799
vn -0.318618 0.938089 0.135911
vn -0.075977 0.901459 -0.426145
vn 0.007049 0.915692 0.401819
vn 0.119471 0.984105 0.131397
vn 0.270493 0.909684 -0.315132
vn -0.184573 0.909405 0.372714
vn 0.150907 0.844807 -0.513350
vn -0.093722 0.995591 0.003771
vn 0.111598 0.947361 0.300088
vn 0.222368 0.901743 -0.370692
vn -0.023797 0.818654 0.573795
vn -0.322872 0.942601 0.085189
vn -0.415365 0.830363 0.371442
vn -0.004054 0.944300 -0.329061
vn -0.313346 0.795859 0.518095
vn 0.109787 0.908732 -0.402681
vn -0.161824 0.977038 0.138603
vn -0.114739 0.896577 0.427767
vn -0.197006 0.968165 0.154418
vn -0.289679 0.946329 -0.143346
vn -0.239769 0.930058 -0.278395
vn -0.221346 0.938533 -0.264881
vn -0.139334 0.989802 0.029625
vn -0.017612 0.939606 0.341804
vn -0.033326 0.914145 0.404016
vn -0.121404 0.986483 0.110058
vn -0.164280 0.972432 0.165496
vn -0.188814 0.965666 0.178431
vn -0.156134 0.975457 0.155257
vn -0.181435 0.979997 -0.081781
vn -0.198271 0.953697 -0.226164
vn -0.193643 0.979221 -0.060233
vn -0.200101 0.953017 -0.227416
vn -0.183226 0.954728 -0.234356
vn -0.198630 0.978972 -0.046481
vn -0.244830 0.939077 -0.241232
vn -0.219876 0.913823 -0.341443
vn -0.316164 0.947787 -0.041719
vn -0.311022 0.950178 0.020651
vn -0.235653 0.960731 -0.146505
vn -0.190186 0.973882 -0.124030
vn -0.237635 0.970612 0.037984
vn -0.171965 0.984207 -0.042010
vn -0.196098 0.980551 0.008057
vn -0.161533 0.979195 -0.122821
vn -0.139249 0.974125 -0.178017
vn -0.438336 0.896273 -0.067499
vn -0.372981 0.920884 -0.113395
vn -0.120325 0.878871 -0.461636
vn -0.308755 0.913525 -0.264845
vn 0.232720 0.502257 -0.832814
vn -0.251372 0.966670 -0.048589
vn -0.123809 0.983842 -0.129328
vn 0.010426 0.923028 -0.384593
vn -0.149180 0.972468 -0.179030
vn 0.021536 0.978682 -0.204251
vn 0.239583 0.705768 -0.666702
vn -0.130234 0.987379 -0.090123
vn -0.170707 0.957042 -0.234372
vn -0.219803 0.974719 -0.040121
vn -0.193685 0.974517 -0.113150
vn -0.257191 0.966045 -0.024709
vn -0.193682 0.980938 -0.015733
vn -0.187022 0.978199 0.090274
vn -0.279720 0.955787 -0.090703
vn -0.182403 0.982153 -0.045884
vn -0.282361 0.958574 0.037519
vn -0.325017 0.930636 -0.168168
vn -0.131488 0.786975 0.602812
vn -0.227556 0.950903 0.209766
vn -0.258889 0.955365 -0.142315
vn -0.034018 0.256174 0.966032
vn -0.272075 0.913604 -0.302164
vn -0.144716 0.987597 -0.060905
vn -0.132438 0.989872 0.051118
vn -0.069295 0.953066 0.294725
vn -0.104973 0.918316 0.381675
vn -0.037399 0.817378 0.574887
vn -0.228890 0.419919 0.878224
vn -0.058728 -0.214152 0.975033
vn -0.366207 -0.172435 0.914417
vn -0.124455 -0.515510 0.847798
vn -0.347413 -0.700331 0.623571
vn -0.149602 -0.729817 0.667073
vn -0.282251 -0.869846 0.404601
vn -0.387922 -0.911074 0.139505
vn -0.041653 -0.993873 0.102383
vn 0.034938 -0.996745 0.072652
vn -0.042064 -0.997922 0.048814
vn -0.106817 -0.992472 0.059917
vn -0.142083 -0.989837 0.005973
vn -0.144961 -0.988976 0.030208
vn -0.132653 -0.990789 0.027217
vn -0.133681 -0.990114 0.042459
vn -0.054997 -0.992268 0.111266
vn -0.092333 -0.990983 0.097100
vn -0.041634 -0.992137 0.118025
vn -0.111008 -0.982662 0.148503
vn -0.108677 -0.990737 -0.081416
vn -0.116463 -0.991306 -0.061222
vn -0.127235 -0.986247 0.105489
vn -0.078502 -0.995281 0.057041
vn -0.086832 -0.944256 -0.317555
vn -0.042055 -0.935429 -0.351006
vn 0.075754 -0.996897 0.021395
vn 0.120329 -0.989314 -0.082338
vn 0.065749 -0.997702 0.016374
vn 0.009205 -0.995948 0.089455
vn 0.147057 -0.977601 -0.150568
vn 0.201461 -0.939730 -0.276261
vn 0.290832 -0.535199 -0.793082
vn 0.297075 -0.160280 -0.941306
vn 0.342242 -0.132516 -0.930220
vn 0.334014 -0.512355 -0.791156
vn 0.025309 -0.755005 -0.655231
vn 0.198059 -0.300877 -0.932870
vn 0.237063 -0.217195 -0.946904
vn 0.115328 -0.663582 -0.739161
vn 0.192308 -0.349676 -0.916921
vn 0.006352 -0.773891 -0.633287
vn 0.174377 -0.717889 -0.673965
vn 0.300651 -0.383819 -0.873093
vn -0.068236 -0.905070 -0.419753
vn -0.325011 -0.918327 -0.225928
vn -0.432545 -0.870187 -0.235966
vn -0.449190 -0.851737 -0.269766
vn -0.459263 -0.848166 -0.263991
vn -0.447292 -0.865870 -0.224050
vn -0.465619 -0.883982 -0.042123
vn -0.450255 -0.888345 0.090082
vn -0.456701 -0.888151 0.051106
vn -0.432317 -0.901153 0.032018
vn -0.449051 -0.892983 0.030572
vn -0.445258 -0.878034 0.175501
vn -0.434678 -0.881648 0.183718
vn -0.416620 -0.902085 0.112564
vn 0.335782 0.083478 -0.938233
vn 0.308313 0.175017 -0.935047
vn -0.112873 -0.985734 0.124851
vn -0.331505 -0.939883 0.082009
vn -0.135620 -0.980548 0.141892
vn -0.320545 -0.933666 0.159745
vn -0.343117 -0.939291 0.001602
vn -0.118353 -0.989284 0.085495
vn -0.140595 -0.989970 -0.013895
vn -0.326544 -0.937115 -0.123228
vn -0.229144 -0.912064 0.340046
vn -0.202843 -0.853386 0.480195
vn -0.166483 -0.737796 0.654172
vn -0.123427 -0.985407 0.117213
vn -0.171472 -0.973494 0.151351
vn -0.141074 -0.934379 -0.327159
vn -0.145555 -0.944990 -0.292929
vn -0.021139 -0.891473 -0.452580
vn -0.182116 -0.972446 -0.145541
vn -0.161878 -0.986126 0.036752
vn -0.072585 -0.990385 0.117762
vn -0.193172 -0.981163 0.001759
vn -0.259362 -0.965773 -0.003581
vn -0.138860 -0.984510 0.107038
vn -0.089294 -0.990253 0.106892
vn -0.392471 -0.894834 0.212696
vn -0.775698 -0.578255 0.252811
vn -0.454358 -0.800259 0.391337
vn -0.357834 -0.879115 0.314820
vn -0.291361 -0.915778 0.276513
vn -0.356006 -0.925765 0.127358
vn -0.011617 -0.999456 -0.030870
vn -0.150937 -0.987592 -0.043352
vn 0.031629 -0.997817 -0.057967
vn -0.174691 -0.980910 -0.085437
vn 0.050912 -0.997436 0.050294
vn -0.192240 -0.980972 -0.027160
vn -0.155482 -0.982616 0.101444
vn -0.146631 -0.979353 0.139166
vn -0.105010 -0.990952 0.083590
vn 0.234271 -0.867178 -0.439453
vn 0.283623 -0.813112 -0.508338
vn -0.034691 -0.995437 -0.088889
vn 0.071724 -0.995542 0.061256
vn 0.096642 -0.966268 0.238717
vn -0.183387 -0.973056 0.139751
vn 0.168852 -0.979454 0.110272
vn 0.251772 -0.944322 0.211817
vn 0.326734 -0.870090 0.369037
vn 0.062716 -0.912751 -0.403673
vn 0.190884 -0.578532 -0.793009
vn 0.240994 -0.157544 -0.957654
vn 0.372081 -0.714933 0.591968
vn 0.158861 -0.844616 0.511260
vn -0.122035 -0.905690 0.405996
vn -0.077061 -0.764236 0.640316
vn -0.001650 -0.827647 0.561247
vn 0.059010 -0.662012 0.747166
vn 0.274086 -0.204175 0.939781
vn 0.289831 -0.293450 0.910980
vn 0.279237 -0.130313 0.951339
vn 0.233677 -0.541518 0.807560
vn 0.327518 -0.051826 0.943423
vn 0.376247 -0.410850 0.830446
vn 0.404250 0.000717 0.914648
vn -0.170960 0.884710 0.433661
vn -0.625266 0.663771 0.410427
vn 0.004999 0.989164 0.146730
vn -0.002825 0.954918 0.296858
vn -0.191371 0.952256 0.237879
vn -0.289273 0.951909 -0.100952
vn 0.290965 0.506379 0.811739
vn 0.331067 0.485281 0.809257
vn 0.246802 0.516567 0.819907
vn 0.278251 0.483984 0.829660
vn 0.345642 0.456292 0.819957
vn -0.003684 -0.982657 0.185396
vn -0.117916 -0.957933 0.261649
vn -0.055468 -0.853852 0.517553
vn 0.072054 -0.910714 0.406705
vn -0.029390 -0.996519 0.078015
vn -0.127695 -0.983674 0.126803
vn -0.058240 -0.996648 -0.057463
vn -0.152106 -0.987049 -0.050977
vn -0.063287 -0.980068 -0.188311
vn -0.110682 -0.987785 -0.109681
vn -0.086928 -0.975854 0.200379
vn -0.012458 -0.914104 -0.405288
vn 0.155573 -0.723842 -0.672198
vn 0.275752 -0.452389 -0.848119
vn 0.232537 -0.201872 -0.951406
vn -0.299916 -0.953240 -0.037194
vn -0.651227 -0.347580 -0.674605
vn 0.035837 -0.856685 0.514593
vn -0.612170 0.300733 -0.731306
vn -0.014988 0.998057 0.060484
vn -0.326800 0.850410 -0.412317
vn 0.303063 -0.317601 0.898489
vn 0.353674 0.435453 0.827826
vn -0.048073 0.925387 0.375962
vn 0.038424 0.917559 0.395739
vn 0.203938 0.858216 0.471036
vn 0.091835 -0.747614 0.657754
vn -0.309358 -0.944866 -0.107364
vn -0.173777 -0.972196 -0.156958
vn 0.172855 -0.814335 0.554057
vn -0.162395 -0.617245 0.769828
vn -0.599603 -0.785831 0.151478
vn -0.346228 0.026098 0.937787
vn -0.975197 -0.210832 -0.067379
vn -0.067137 0.984390 0.162692
vn -0.271876 0.854463 -0.442693
vn -0.467160 0.822379 -0.324736
vn -0.270594 0.937902 0.217068
vn -0.053117 0.994030 0.095303
vn -0.266697 0.829221 -0.491189
vn 0.249555 -0.140387 0.958130
vn 0.327750 -0.266777 0.906317
vn -0.559408 -0.401033 -0.725420
vn -0.434757 -0.423937 -0.794521
vn 0.185165 0.479250 0.857924
vn 0.278614 0.433131 0.857189
vn -0.419568 0.227203 -0.878830
vn -0.521046 0.170682 -0.836289
vn -0.360880 0.525731 0.770307
vn -0.916913 0.315053 -0.244974
vn -0.262839 -0.955586 -0.133306
vn 0.089743 -0.844148 0.528545
vn -0.537174 -0.404394 -0.740209
vn -0.512734 0.248227 -0.821880
vn -0.290208 0.820342 -0.492766
vn -0.017613 0.998701 0.047809
vn 0.356701 0.407399 0.840708
vn 0.324709 -0.331804 0.885703
vn 0.145140 -0.830142 0.538329
vn 0.306748 -0.735876 0.603649
vn 0.463376 -0.323156 0.825138
vn 0.485322 0.005594 0.874318
vn 0.439830 0.366795 0.819763
vn 0.462561 -0.573927 0.675755
vn 0.516790 -0.083189 0.852061
vn 0.390446 0.643178 0.658691
vn 0.233799 -0.240874 0.941975
vn -0.005380 -0.498496 0.866875
vn -0.065403 -0.881084 -0.468416
vn 0.079371 -0.492305 -0.866797
vn 0.326744 0.269311 -0.905930
vn 0.261426 0.256542 -0.930507
vn 0.286794 0.250834 -0.924571
vn 0.235255 0.212736 -0.948366
vn 0.244835 0.198694 -0.948987
vn 0.257404 0.192510 -0.946933
vn -0.120387 0.971250 0.205378
vn -0.139199 0.956258 0.257281
vn -0.064663 0.980293 0.186664
vn -0.128816 0.986410 0.101989
vn 0.098591 0.964430 0.245265
vn 0.252012 0.903160 0.347553
vn -0.152901 0.988131 0.014815
vn -0.065687 0.995736 0.064775
vn 0.056965 0.993163 0.101890
vn 0.178396 0.974899 0.133219
vn -0.154263 0.985316 -0.073186
vn 0.167904 0.664912 -0.727805
vn -0.027508 0.948129 -0.316692
vn -0.112242 0.973775 -0.197900
vn -0.131469 0.978530 -0.158729
vn -0.161747 0.983789 -0.077446
vn -0.159816 0.980305 -0.116022
vn -0.089716 0.995543 -0.029073
vn -0.104146 0.990942 -0.084785
vn -0.115168 0.988832 -0.094589
vn -0.110886 0.980350 -0.163148
vn -0.087576 0.972133 -0.217456
vn -0.012209 0.921227 -0.388834
vn 0.131749 0.662109 -0.737736
vn 0.186979 0.631290 -0.752669
vn 0.266284 0.629351 -0.730076
vn 0.273037 0.649140 -0.709977
vn 0.245623 0.401034 0.882520
vn 0.150197 0.855402 0.495710
vn 0.114937 0.975372 0.188253
vn 0.017912 0.094830 0.995332
vn -0.001204 0.780506 0.625147
vn -0.012589 0.971293 0.237553
vn 0.033388 0.999336 0.014557
vn 0.011221 0.998428 -0.054907
vn -0.002165 0.993616 -0.112793
vn 0.001741 0.983489 -0.180960
vn 0.026261 0.964412 -0.263097
vn 0.094117 0.891907 -0.442316
vn 0.201944 0.862007 -0.464932
vn 0.151979 0.938536 -0.309925
vn 0.127096 0.968148 -0.215722
vn 0.117002 0.983577 -0.137430
vn 0.126643 0.991225 -0.037891
vn 0.149881 0.987030 0.057515
vn 0.225157 0.838951 -0.495444
vn 0.190306 0.907839 -0.373648
vn 0.146296 0.955045 -0.257850
vn 0.126963 0.981453 -0.143634
vn 0.125279 0.992122 0.000484
vn 0.117741 0.990088 0.076572
vn 0.197383 0.737749 -0.645574
vn 0.185299 0.832702 -0.521797
vn 0.155598 0.893668 -0.420888
vn 0.122985 0.946505 -0.298333
vn 0.099644 0.985672 -0.136092
vn 0.057224 0.998295 -0.011524
vn 0.002345 0.999007 0.044492
vn 0.020647 0.995388 -0.093683
vn 0.069810 0.978972 -0.191678
vn -0.007654 0.999931 -0.008944
vn -0.007441 0.980908 -0.194331
vn 0.108382 0.932554 -0.344378
vn 0.153380 0.887927 -0.433659
vn 0.102214 0.822318 -0.559773
vn 0.011731 0.927062 -0.374724
vn 0.002787 0.963236 0.268642
vn 0.169104 0.691516 -0.702289
vn 0.149818 -0.181007 -0.972004
vn 0.070664 -0.436371 -0.896988
vn -0.050457 -0.861419 -0.505383
vn 0.024082 0.710432 0.703353
vn -0.008360 0.078228 0.996900
vn -0.070267 -0.458401 0.885964
vn -0.092067 -0.833303 0.545097
vn -0.107102 -0.990875 -0.081832
vn -0.109120 -0.967271 0.229084
vn -0.994717 -0.031833 -0.097594
vn -0.157144 -0.572104 0.804986
vn -0.160416 -0.265253 0.950741
vn -0.147192 -0.040146 0.988293
vn -0.027277 -0.056823 0.998012
vn -0.070700 -0.469531 0.880081
vn -0.153779 -0.455423 0.876893
vn 0.073572 -0.092125 0.993026
vn 0.022661 -0.127311 0.991604
vn 0.019563 -0.540189 0.841316
vn 0.033469 -0.524974 0.850460
vn -0.209870 -0.467041 0.858969
vn -0.114850 -0.508711 0.853242
vn -0.121865 -0.092223 0.988253
vn -0.208614 -0.044811 0.976971
vn -0.110791 -0.439027 0.891617
vn -0.174936 -0.440313 0.880637
vn -0.175080 0.015132 0.984438
vn -0.098302 0.063356 0.993138
vn -0.109732 -0.568658 0.815222
vn -0.179180 -0.192636 0.964772
vn -0.200692 -0.084869 0.975971
vn -0.156684 -0.507798 0.847108
vn -0.107158 -0.436494 0.893303
vn -0.049021 0.062099 0.996865
vn -0.326347 -0.005252 0.945235
vn -0.643389 0.066784 0.762621
vn -0.773034 0.118271 0.623242
vn -0.920423 0.074975 0.383667
vn -0.996227 -0.045079 0.074161
vn -0.968668 -0.173526 -0.177683
vn -0.852144 -0.266862 -0.450150
vn -0.574205 -0.308495 -0.758366
vn -0.200266 -0.261467 -0.944208
vn 0.089829 -0.176569 -0.980181
vn 0.210287 -0.117817 -0.970515
vn 0.183498 0.435508 -0.881284
vn 0.217920 0.450401 -0.865823
vn 0.087979 0.471933 -0.877234
vn 0.082232 0.455321 -0.886522
vn 0.285417 0.471156 -0.834595
vn 0.308469 0.403002 -0.861648
vn 0.126169 0.286598 -0.949707
vn -0.192327 0.492384 -0.848863
vn -0.184085 0.508406 -0.841211
vn 0.108920 0.184303 -0.976816
vn 0.147106 0.056891 -0.987483
vn 0.034336 0.305817 -0.951471
vn -0.008421 0.187788 -0.982174
vn 0.000910 0.020525 -0.999789
vn -0.291904 -0.017404 -0.956289
vn -0.297315 0.207746 -0.931904
vn -0.241456 0.360020 -0.901157
vn -0.541303 0.481525 -0.689293
vn -0.533790 0.532806 -0.656647
vn -0.577662 0.424717 -0.697082
vn -0.638257 0.223627 -0.736627
vn -0.637713 -0.062488 -0.767735
vn -0.858076 -0.065212 -0.509366
vn -0.944719 -0.010059 -0.327726
vn -0.755494 0.461035 -0.465485
vn -0.782511 0.506883 -0.361589
vn -0.857315 0.442657 -0.262803
vn -0.892115 0.435666 -0.119694
vn -0.799891 0.437065 -0.411277
vn -0.840277 0.235428 -0.488373
vn -0.896795 0.244639 -0.368660
vn -0.877927 0.401845 -0.260317
vn -0.889558 0.350272 -0.293251
vn -0.938467 0.343059 -0.039883
vn -0.935741 0.348174 -0.056243
vn -0.926239 0.336811 -0.169235
vn -0.932358 0.280795 -0.227736
vn -0.985483 0.118945 -0.121144
vn -0.937363 0.233275 0.258716
vn -0.918754 0.341958 0.197371
vn -0.920354 0.323302 0.220056
vn -0.916340 0.249286 0.313332
vn -0.956133 0.280449 0.084607
vn -0.889592 0.167609 0.424891
vn -0.912672 0.220405 -0.344167
vn -0.971043 0.219338 -0.094693
vn -0.968558 0.208070 0.136389
vn -0.856157 0.171406 0.487459
vn 0.284836 0.211248 -0.935010
vn 0.277988 -0.051605 -0.959197
vn -0.111556 -0.309308 -0.944396
vn -0.196401 -0.053024 -0.979089
vn 0.082208 -0.103558 -0.991220
vn 0.163511 -0.371275 -0.914013
vn 0.334669 -0.325918 -0.884180
vn 0.204910 0.034510 -0.978172
vn 0.234625 -0.173574 -0.956464
vn 0.207665 0.265306 -0.941535
vn 0.060004 0.094667 -0.993699
vn 0.064514 0.305823 -0.949900
vn -0.240481 0.151736 -0.958721
vn -0.235418 0.343412 -0.909201
vn -0.575169 0.349298 -0.739711
vn -0.568453 0.203245 -0.797215
vn -0.528867 0.002128 -0.848702
vn -0.495678 -0.198532 -0.845511
vn -0.452006 -0.151576 -0.879042
vn 0.030204 -0.307120 -0.951192
vn -0.768225 0.339429 -0.542789
vn -0.783429 0.230952 -0.576975
vn -0.775609 0.055802 -0.628743
vn -0.912525 0.099095 -0.396835
vn -0.960740 0.154271 -0.230606
vn -0.732607 -0.088824 -0.674831
vn -0.879173 0.039049 -0.474901
vn -0.892741 0.111071 -0.436667
vn -0.769298 -0.032537 -0.638061
vn 0.010327 0.638511 0.769543
vn -0.003760 0.939948 0.341296
vn -0.024601 0.999553 0.017003
vn -0.030853 0.982016 -0.186259
vn -0.012608 0.924372 -0.381285
vn 0.023995 0.796048 -0.604758
vn 0.057651 0.595247 -0.801472
vn 0.194113 0.277774 -0.940830
vn 0.062768 0.269300 -0.961009
vn 0.078204 -0.049458 -0.995710
vn 0.008608 -0.371783 -0.928280
vn -0.068720 -0.820904 -0.566917
vn -0.130938 -0.987520 -0.087518
vn -0.153656 -0.954097 0.257078
vn -0.141676 -0.809282 0.570080
vn -0.125511 -0.791188 0.598556
vn -0.168089 -0.780480 0.602161
vn -0.150590 -0.950199 0.272847
vn -0.126236 -0.953759 0.272780
vn -0.132688 -0.988643 -0.070565
vn -0.109941 -0.989991 -0.088493
vn -0.108382 -0.855839 -0.505759
vn -0.071727 -0.831047 -0.551558
vn -0.074391 -0.476321 -0.876119
vn -0.022496 -0.408000 -0.912705
vn -0.047271 -0.070206 -0.996412
vn 0.003910 -0.034363 -0.999402
vn -0.035111 0.222375 -0.974329
vn 0.013101 0.254458 -0.966995
vn -0.037226 0.523612 -0.851143
vn 0.008025 0.556223 -0.830994
vn -0.095652 0.563204 0.820763
vn -0.168529 0.483033 0.859231
vn -0.089723 0.897354 0.432094
vn -0.147705 0.844355 0.515022
vn -0.085749 0.993527 0.074513
vn -0.119446 0.985913 0.117085
vn -0.068538 0.978722 -0.193405
vn -0.093628 0.976256 -0.195342
vn -0.008535 0.768744 -0.639499
vn -0.039328 0.910232 -0.412227
vn -0.070939 0.897877 -0.434493
vn -0.049247 0.748350 -0.661474
vn -0.205531 -0.782203 0.588146
vn -0.101103 -0.799932 0.591513
vn -0.196315 -0.945092 0.261270
vn -0.098894 -0.958004 0.269161
vn -0.185110 -0.980250 -0.069603
vn -0.099036 -0.992491 -0.071781
vn -0.166885 -0.853142 -0.494265
vn -0.082786 -0.848273 -0.523047
vn -0.134786 -0.504528 -0.852809
vn -0.067550 -0.488685 -0.869841
vn -0.101809 -0.095491 -0.990210
vn -0.077042 -0.098186 -0.992182
vn -0.096440 0.178180 -0.979261
vn -0.084700 0.139815 -0.986548
vn -0.111443 0.464374 -0.878600
vn -0.091137 0.401179 -0.911455
vn -0.198775 0.414519 0.888067
vn -0.118385 0.379516 0.917580
vn -0.172014 0.808280 0.563112
vn -0.092899 0.808172 0.581574
vn -0.138660 0.979940 0.143145
vn -0.058335 0.986565 0.152599
vn -0.125733 0.976162 -0.176916
vn -0.123594 0.714082 -0.689066
vn -0.127228 0.888307 -0.441275
vn -0.056256 0.990114 -0.128490
vn -0.086202 0.909467 -0.406741
vn -0.100990 0.694399 -0.712468
vn 0.034562 0.359597 0.932468
vn 0.268422 -0.126203 -0.954999
vn 0.424792 0.216227 -0.879089
vn 0.337167 0.632315 -0.697493
vn -0.015291 0.184877 -0.982643
vn 0.149356 0.643206 -0.750986
vn 0.124949 -0.152329 -0.980400
vn 0.269834 -0.074896 -0.959990
vn 0.186196 -0.086786 -0.978672
vn 0.208031 0.372766 -0.904306
vn 0.317647 0.373613 -0.871501
vn 0.368055 0.139832 -0.919230
vn 0.128970 0.135729 -0.982316
vn 0.061281 0.803377 0.592310
vn 0.073881 0.982384 0.171647
vn 0.064809 0.995254 -0.072592
vn 0.044251 0.933612 -0.355542
vn 0.035751 -0.814738 0.578726
vn 0.046910 -0.958969 0.279604
vn 0.043646 -0.997375 -0.057785
vn 0.044981 -0.851037 -0.523176
vn 0.026355 -0.516002 -0.856182
vn -0.017225 -0.114393 -0.993286
vn -0.034185 0.116880 -0.992558
vn 0.008238 0.405728 -0.913957
vn 0.023581 0.704997 -0.708819
vn -0.178749 0.130008 0.975268
vn -0.239003 0.187857 0.952674
vn -0.225621 0.256128 0.939944
vn -0.001631 0.337038 0.941490
vn -0.136391 0.301674 0.943605
vn 0.107388 0.350235 0.930486
vn -0.004324 0.716332 0.697746
vn -0.143380 0.638341 0.756282
vn 0.119392 0.764819 0.633086
vn -0.235232 0.568164 0.788579
vn -0.261855 0.522131 0.811672
vn -0.197878 0.494006 0.846642
vn 0.095457 0.966740 0.237282
vn -0.194466 0.806685 0.558070
vn -0.250184 0.808573 0.532557
vn -0.234246 0.834712 0.498381
vn -0.157768 0.885714 0.436601
vn -0.026903 0.939175 0.342384
vn 0.077459 0.996346 -0.035986
vn -0.143090 0.989191 0.032053
vn -0.032052 0.999397 -0.013326
vn -0.211557 0.973341 0.088601
vn -0.209194 0.969735 0.125904
vn -0.159236 0.976144 0.147604
vn -0.170711 -0.764797 0.621243
vn -0.103128 -0.808672 0.579149
vn -0.123774 -0.832872 0.539448
vn -0.090326 -0.817839 0.568314
vn -0.131130 -0.821485 0.554948
vn 0.013073 -0.824524 0.565677
vn 0.034387 -0.964831 0.260613
vn -0.066588 -0.975339 0.210426
vn -0.111288 -0.974179 0.196446
vn -0.139798 -0.946019 0.292412
vn -0.130334 -0.964237 0.230782
vn -0.147271 -0.942342 0.300504
vn 0.078855 -0.994860 -0.063521
vn -0.016818 -0.989880 -0.140905
vn -0.128696 -0.983070 -0.130429
vn -0.136870 -0.986036 -0.094869
vn -0.147092 -0.985628 -0.083075
vn -0.057578 -0.984632 -0.164875
vn 0.113388 -0.873029 -0.474303
vn 0.030500 -0.876883 -0.479736
vn -0.137794 -0.843509 -0.519139
vn -0.094133 -0.797324 -0.596165
vn -0.142228 -0.817046 -0.558755
vn 0.034990 -0.768255 -0.639187
vn 0.103566 -0.647955 -0.754605
vn 0.063566 -0.720806 -0.690216
vn -0.082655 -0.637344 -0.766134
vn 0.102183 0.935144 -0.339212
vn 0.113850 0.747488 -0.654447
vn 0.077113 0.573604 -0.815495
vn 0.010875 0.925537 -0.378500
vn -0.096174 0.922212 -0.374534
vn 0.054606 0.774224 -0.630551
vn -0.029682 0.751337 -0.659251
vn 0.065895 0.665271 -0.743688
vn 0.039941 0.610916 -0.790687
vn -0.109175 0.957311 -0.267650
vn -0.157036 0.940720 -0.300641
vn -0.163041 0.926444 -0.339293
vn -0.060773 0.804270 -0.591148
vn -0.023139 0.605590 -0.795440
vn 0.011481 0.361012 -0.932491
vn 0.057489 0.033542 -0.997783
vn 0.063807 -0.361163 -0.930317
vn -0.115671 0.768474 -0.629340
vn -0.108269 0.738959 -0.664994
vn -0.060940 -0.379075 -0.923357
vn -0.102682 -0.434038 -0.895024
vn -0.056434 0.009542 -0.998361
vn -0.076911 -0.004006 -0.997030
vn -0.077115 0.317070 -0.945262
vn -0.075322 0.280687 -0.956840
vn -0.093964 0.554416 -0.826918
vn -0.053723 0.520692 -0.852053
vn 0.028586 -0.351798 -0.935639
vn 0.054340 -0.541426 -0.838990
vn 0.059558 -0.627777 -0.776111
vn 0.042974 -0.564516 -0.824303
vn 0.070214 0.584746 -0.808172
vn 0.122643 0.541845 -0.831482
vn 0.015792 0.529571 -0.848118
vn -0.002887 0.348220 -0.937408
vn -0.018173 0.088896 -0.995875
vn -0.008848 -0.114156 -0.993423
vn 0.058785 0.244168 -0.967950
vn 0.090495 0.408068 -0.908455
vn 0.031915 -0.006929 -0.999467
vn 0.012149 -0.303765 -0.952670
vn -0.058410 -0.317536 -0.946446
vn -0.027488 -0.418730 -0.907695
vn -0.076155 0.274498 -0.958568
vn -0.009680 0.365372 -0.930811
vn -0.102877 0.066401 -0.992475
vn -0.097667 -0.113156 -0.988765
vn 0.043294 -0.465426 -0.884027
vn 0.144227 -0.446448 -0.883110
vn 0.223000 -0.325264 -0.918953
vn 0.272322 -0.040669 -0.961347
vn 0.273515 0.201706 -0.940481
vn 0.245251 0.395232 -0.885237
vn 0.163497 0.443796 -0.881087
vn 0.065981 0.430662 -0.900098
vn -0.047402 0.120407 -0.991592
vn -0.059211 -0.137470 -0.988735
vn 0.037367 -0.145582 -0.988640
vn 0.191138 -0.106575 -0.975760
vn 0.196100 0.199148 -0.960148
vn 0.047504 0.183123 -0.981942
vn -0.728442 0.235292 0.643436
vn -0.559582 0.143037 0.816339
vn -0.301732 0.077555 0.950233
vn -0.652824 0.302175 0.694630
vn -0.462552 0.186849 0.866679
vn -0.274145 0.110142 0.955360
vn -0.617648 0.260137 0.742186
vn -0.581617 0.136146 0.801989
vn -0.376731 0.141020 0.915526
vn -0.298344 0.005094 0.954445
vn -0.504001 0.018973 0.863495
vn -0.197620 -0.111771 0.973886
vn -0.425593 0.082156 0.901178
vn -0.036039 -0.045478 0.998315
vn -0.250470 0.055281 0.966545
vn -0.218072 -0.059854 0.974095
vn -0.177868 -0.191998 0.965142
vn -0.108363 -0.264561 0.958262
vn 0.415679 -0.592156 -0.690335
vn 0.938038 -0.099721 0.331873
vn 0.614335 -0.720118 0.322525
vn 0.250006 -0.755686 0.605340
vn 0.774900 -0.159476 0.611635
vn 0.991346 -0.098823 0.086413
vn 0.735272 -0.677689 0.010647
vn 0.995065 -0.073035 -0.067163
vn 0.717579 -0.670232 -0.189390
vn 0.981275 -0.081239 -0.174642
vn 0.731601 -0.627133 -0.267327
vn 0.959115 -0.069413 -0.274373
vn 0.911649 -0.185547 -0.366700
vn 0.783147 -0.611015 -0.115503
vn 0.823854 -0.538837 -0.175839
vn 0.115860 -0.665158 0.737659
vn 0.628946 -0.682087 -0.373074
vn -0.350231 -0.215168 -0.911615
vn -0.384572 -0.154542 -0.910066
vn 0.081548 -0.203551 -0.975662
vn 0.088199 -0.186442 -0.978499
vn -0.690477 -0.218712 -0.689497
vn -0.722231 -0.106947 -0.683334
vn 0.655027 -0.166300 0.737078
vn 0.093524 -0.462853 0.881488
vn -0.023803 -0.304610 0.952180
vn 0.317941 -0.067369 0.945714
vn 0.553228 -0.107557 0.826057
vn 0.747983 -0.337664 -0.571406
vn 0.374571 -0.433353 -0.819696
vn 0.470533 -0.038218 0.881554
vn 0.378601 -0.163704 0.910968
vn 0.574487 -0.155586 0.803590
vn 0.630292 -0.012036 0.776265
vn 0.733091 -0.000170 0.680130
vn 0.685045 -0.136666 0.715567
vn 0.801891 -0.095812 0.589738
vn 0.835529 -0.001735 0.549444
vn 0.934818 -0.046955 0.352010
vn 0.945904 -0.001087 0.324444
vn 0.994700 -0.018155 0.101200
vn 0.994382 -0.000015 0.105847
vn 0.994407 -0.021628 -0.103382
vn 0.998046 -0.010008 -0.061674
vn 0.968266 -0.036927 -0.247178
vn 0.981676 -0.019467 -0.189559
vn 0.924222 -0.062646 -0.376682
vn 0.837251 -0.082195 -0.540606
vn 0.868293 -0.069083 -0.491217
vn 0.944824 -0.029619 -0.326235
vn 0.699818 -0.109097 -0.705941
vn 0.746986 -0.139944 -0.649944
vn 0.427122 -0.153741 -0.891028
vn 0.440037 -0.210520 -0.872954
vn 0.295036 -0.394711 -0.870147
vn 0.101433 -0.174087 0.979492
vn 0.160452 -0.107207 0.981204
vn -0.806199 -0.226023 0.546769
vn -0.818387 -0.130951 0.559548
vn -0.953556 -0.123010 0.274954
vn -0.928114 -0.214444 0.304332
vn -0.969533 0.089892 0.227870
vn -0.834971 0.089863 0.542908
vn -0.482252 0.084716 0.871927
vn -0.589794 -0.215048 0.778394
vn -0.537215 -0.117282 0.835251
vn -0.053935 0.081655 0.995200
vn 0.277073 0.024924 0.960525
vn -0.215548 -0.110022 0.970275
vn -0.247726 -0.190622 0.949892
vn -0.979999 0.173590 -0.097310
vn -0.998314 0.032854 -0.047848
vn -0.941944 0.123193 -0.312353
vn -0.935013 -0.005444 -0.354572
vn -0.898010 -0.205910 -0.388818
vn -0.919124 -0.103630 -0.380096
vn -0.979182 -0.201639 -0.023351
vn -0.993296 -0.110617 -0.033557
vn 0.070419 -0.127015 -0.989398
vn -0.360954 -0.176774 -0.915676
vn -0.682801 -0.224997 -0.695097
vn -0.814939 -0.211551 0.539556
vn -0.626358 -0.206308 0.751740
vn -0.926968 -0.229114 0.297048
vn 0.385261 -0.190181 0.902998
vn 0.570649 -0.202849 0.795747
vn 0.642462 -0.204785 0.738448
vn 0.733316 -0.184873 0.654270
vn 0.895631 -0.135283 0.423727
vn 0.987732 -0.084072 0.131597
vn 0.992047 -0.057912 -0.111750
vn 0.954251 -0.061430 -0.292629
vn 0.904384 -0.075549 -0.419979
vn 0.818337 -0.092854 -0.567189
vn 0.681784 -0.102197 -0.724380
vn 0.414368 -0.107695 -0.903715
vn 0.104350 -0.180505 0.978023
vn -0.275806 -0.191030 0.942039
vn -0.879121 -0.256167 -0.401901
vn -0.965808 -0.255124 -0.046107
vn -0.377148 -0.207450 0.902621
vn -0.316496 -0.056845 0.946889
vn -0.018260 -0.013276 0.999745
vn 0.045361 -0.147805 0.987976
vn -0.656437 -0.164593 0.736206
vn -0.462649 -0.105569 0.880233
vn 0.358444 -0.066113 0.931207
vn 0.251832 0.015386 0.967649
vn 0.574805 -0.005740 0.818271
vn 0.514209 0.033095 0.857026
vn 0.775032 -0.101174 0.623770
vn 0.835418 -0.061987 0.546109
vn 0.742146 -0.006524 0.670206
vn 0.714097 0.019400 0.699778
vn 0.825276 -0.212070 0.523398
vn 0.782803 -0.250217 0.569747
vn 0.755307 -0.247477 0.606850
vn 0.779753 -0.184348 0.598333
vn 0.795568 -0.210056 0.568285
vn 0.851953 -0.183685 0.490343
vn 0.272320 -0.068389 0.959773
vn 0.573489 -0.094223 0.813777
vn 0.605632 -0.302329 0.736076
vn 0.342752 -0.353626 0.870327
vn 0.333184 -0.261832 0.905777
vn 0.601482 -0.235027 0.763533
vn 0.632417 -0.303486 0.712703
vn 0.348300 -0.333912 0.875894
vn 0.324616 -0.233870 0.916477
vn 0.634478 -0.239203 0.734996
vn -0.072677 -0.068602 0.994993
vn -0.761686 -0.152108 0.629839
vn -0.531714 -0.165041 0.830687
vn -0.108206 -0.204139 0.972943
vn -0.071925 -0.307893 0.948699
vn -0.527310 -0.215608 0.821862
vn -0.765037 -0.147695 0.626821
vn -0.045816 -0.363130 0.930611
vn -0.109839 -0.254406 0.960840
vn -0.445863 -0.287908 0.847535
vn -0.593748 -0.180210 0.784211
vn 0.035161 -0.151060 -0.987899
vn 0.009019 -0.140989 -0.989970
vn -0.378958 -0.181357 -0.907469
vn -0.383567 -0.195045 -0.902681
vn 0.408605 -0.120478 -0.904725
vn 0.381916 -0.094518 -0.919351
vn 0.669385 -0.105244 -0.735423
vn 0.654316 -0.056400 -0.754115
vn 0.789897 -0.093726 -0.606034
vn 0.774452 -0.042240 -0.631221
vn 0.885697 -0.045916 -0.461988
vn 0.889354 -0.074245 -0.451151
vn 0.992078 -0.103714 -0.070887
vn 0.996251 -0.084261 -0.019579
vn 0.966015 -0.061419 -0.251082
vn 0.954350 -0.084081 -0.286611
vn 0.968920 -0.143847 0.201252
vn 0.960182 -0.117314 0.253552
vn 0.851240 -0.183456 0.491665
vn 0.851216 -0.130463 0.508341
vn 0.706950 -0.194791 0.679910
vn 0.741778 -0.119494 0.659914
vn 0.645325 -0.190206 0.739850
vn 0.679952 -0.098358 0.726630
vn 0.429935 -0.187654 0.883143
vn 0.430044 -0.153317 0.889694
vn 0.604523 -0.112899 0.788547
vn 0.597580 -0.186666 0.779778
vn 0.131713 -0.196412 0.971635
vn 0.114497 -0.204480 0.972151
vn -0.277876 -0.213488 0.936594
vn -0.291002 -0.244854 0.924859
vn -0.628595 -0.215260 0.747349
vn -0.629593 -0.257922 0.732864
vn -0.822397 -0.224070 0.522930
vn -0.832792 -0.269461 0.483579
vn -0.936348 -0.256459 0.239753
vn -0.941035 -0.284458 0.183130
vn -0.955160 -0.282785 -0.087767
vn -0.952433 -0.283733 -0.111209
vn -0.878361 -0.274612 -0.391243
vn -0.887947 -0.260107 -0.379334
vn -0.693901 -0.236094 -0.680265
vn -0.703127 -0.219353 -0.676386
vn -0.007158 -0.058499 -0.998262
vn -0.366468 -0.092888 -0.925782
vn 0.331325 -0.018655 -0.943332
vn 0.624370 0.021844 -0.780823
vn 0.775060 0.028221 -0.631257
vn 0.888095 0.013282 -0.459468
vn 0.999639 -0.026853 -0.001347
vn 0.973750 -0.005857 -0.227544
vn 0.959483 -0.053877 0.276567
vn 0.869995 -0.068829 0.488233
vn 0.797809 -0.047143 0.601065
vn -0.665879 -0.261512 0.698725
vn -0.852033 -0.281543 0.441332
vn -0.948538 -0.280133 0.147652
vn -0.961001 -0.252442 -0.112921
vn -0.910725 -0.207716 -0.356979
vn -0.719733 -0.147764 -0.678344
vn -0.763888 -0.219318 0.606939
vn -0.892496 -0.226500 0.390063
vn -0.972931 -0.197059 0.120716
vn -0.826356 -0.171364 0.536442
vn -0.909920 -0.167895 0.379285
vn -0.982641 -0.122094 0.139676
vn -0.846009 -0.126372 0.517975
vn -0.916514 -0.107475 0.385293
vn -0.977716 -0.061411 0.200747
vn 0.849814 -0.069032 0.522542
vn 0.880087 -0.079951 0.468034
vn 0.855180 -0.173069 0.488584
vn 0.879730 -0.164272 0.446194
vn 0.843683 -0.195323 0.500047
vn 0.893154 -0.190052 0.407622
vn 0.840911 -0.156501 0.518050
vn 0.919391 -0.141251 0.367108
vn -0.809473 -0.080333 0.581636
vn -0.916831 -0.026803 0.398376
vn -0.966469 0.003975 0.256751
vn 0.958854 -0.057255 0.278068
vn 0.955478 -0.149254 0.254528
vn 0.960698 -0.178484 0.212609
vn 0.975469 -0.121789 0.183378
vn -0.982504 -0.162818 -0.090426
vn -0.994982 -0.071624 -0.069858
vn -0.938789 -0.125130 -0.320965
vn -0.947680 -0.038401 -0.316904
vn -0.999392 0.008977 -0.033688
vn -0.958171 0.059138 -0.280020
vn -0.996890 0.061159 0.049706
vn -0.982753 0.113020 -0.146366
vn 0.999855 -0.016101 -0.005591
vn 0.969991 0.016293 -0.242594
vn 0.993846 -0.107156 -0.028063
vn 0.959956 -0.066242 -0.272207
vn 0.989516 -0.138105 -0.042248
vn 0.961118 -0.080530 -0.264137
vn 0.996906 -0.077765 -0.011418
vn 0.983594 -0.019928 -0.179295
vn 0.882776 0.040277 -0.468065
vn 0.754594 0.035480 -0.655232
vn 0.861346 -0.029861 -0.507140
vn 0.698492 -0.017852 -0.715395
vn 0.872356 -0.004674 -0.488849
vn 0.690353 0.079744 -0.719064
vn 0.927351 0.065131 -0.368482
vn 0.767208 0.190600 -0.612424
vn 0.571805 0.010258 -0.820325
vn 0.290512 -0.019640 -0.956670
vn 0.505223 -0.022799 -0.862688
vn 0.530004 0.149245 -0.834758
vn 0.665803 0.251067 -0.702618
vn 0.007587 -0.025648 -0.999642
vn -0.353155 -0.032525 -0.934999
vn -0.739170 -0.075194 -0.669309
vn 0.055880 0.253066 -0.965834
vn 0.031355 0.371296 -0.927985
vn -0.247605 0.352442 -0.902484
vn -0.251216 0.256597 -0.933300
vn 0.281172 0.280478 -0.917755
vn 0.229799 0.382397 -0.894966
vn -0.571092 0.311317 -0.759562
vn -0.659242 0.230438 -0.715750
vn 0.412988 0.353793 -0.839209
vn 0.259283 0.380953 -0.887495
vn -0.696756 0.249722 -0.672436
vn -0.859850 0.188082 -0.474640
vn -0.747340 0.216531 -0.628170
vn -0.910972 0.170276 -0.375680
vn 0.246064 0.329116 -0.911666
vn 0.486498 0.324622 -0.811136
vn 0.537609 0.236406 -0.809376
vn 0.218521 0.262068 -0.939983
vn -0.765765 0.197340 -0.612096
vn -0.922858 0.171647 -0.344775
vn 0.262671 -0.044932 -0.963839
vn 0.254355 0.026592 -0.966745
vn -0.740769 -0.027729 -0.671187
vn -0.724756 0.039163 -0.687892
vn -0.333141 -0.030650 -0.942379
vn 0.038049 -0.047365 -0.998153
vn -0.297642 0.014304 -0.954570
vn 0.060426 -0.001347 -0.998172
vn 0.020867 0.361389 -0.932182
vn -0.357946 0.314142 -0.879312
vn -0.001755 0.318984 -0.947759
vn -0.439694 0.274407 -0.855201
vn -0.060166 0.252285 -0.965781
vn -0.493915 0.221421 -0.840845
vn -0.768446 0.168453 -0.617345
vn -0.928004 0.150536 -0.340805
vn 0.562744 0.123575 -0.817342
vn 0.203842 0.160270 -0.965796
vn -0.109147 0.175961 -0.978328
vn -0.499667 0.174303 -0.848499
vn -0.986373 0.140804 -0.085101
vn -0.987685 0.111398 0.109861
vn -0.985998 0.137642 -0.094145
vn -0.984741 0.131839 0.113596
vn -0.952712 0.076576 0.294067
vn -0.937816 0.110441 0.329095
vn -0.898985 0.035943 0.436502
vn -0.849634 0.052466 0.524757
vn -0.750513 -0.039216 0.659691
vn -0.449810 -0.127234 0.884015
vn -0.653594 -0.036592 0.755960
vn -0.341100 -0.113248 0.933181
vn -0.039967 -0.179779 0.982895
vn 0.028576 -0.157865 0.987047
vn 0.344321 -0.190666 0.919288
vn 0.344276 -0.161843 0.924814
vn 0.550270 -0.177291 0.815948
vn 0.485007 -0.142175 0.862876
vn 0.723635 -0.125913 0.678600
vn 0.842611 -0.093440 0.530354
vn 0.649329 -0.097143 0.754278
vn 0.811478 -0.053242 0.581952
vn 0.936179 -0.069239 0.344636
vn 0.933283 -0.007994 0.359052
vn 0.982986 -0.051207 0.176397
vn 0.984676 0.011994 0.173980
vn 0.999417 -0.028855 0.018230
vn 0.994644 -0.001216 -0.103354
vn 0.962375 0.048543 -0.267355
vn 0.848687 0.123985 -0.514158
vn 0.765582 0.162153 -0.622568
vn 0.999827 0.016686 0.008173
vn 0.995450 0.016187 -0.093898
vn 0.972734 0.027819 -0.230249
vn 0.877415 0.068429 -0.474826
vn 0.796151 0.086511 -0.598882
vn -0.774622 0.036376 -0.631378
vn -0.939810 0.022455 -0.340958
vn 0.533700 -0.019032 -0.845460
vn 0.205453 0.008794 -0.978628
vn -0.120136 0.032910 -0.992212
vn -0.500758 0.039518 -0.864685
vn -0.992160 0.013504 -0.124240
vn -0.996010 0.006501 0.089009
vn -0.934105 -0.009336 0.356877
vn -0.790173 -0.048651 0.610950
vn -0.550838 -0.106223 0.827825
vn -0.251602 -0.153591 0.955566
vn 0.065201 -0.177145 0.982023
vn 0.305817 -0.173876 0.936079
vn 0.441929 -0.161839 0.882330
vn 0.573873 -0.148263 0.805411
vn 0.743375 -0.117993 0.658385
vn 0.904029 -0.063600 0.422713
vn 0.980574 -0.024111 0.194663
vn 0.999973 -0.003878 -0.006191
vn 0.992339 0.000527 -0.123543
vn 0.969075 -0.003155 -0.246747
vn 0.876022 -0.000342 -0.482270
vn 0.768620 -0.006150 -0.639677
vn -0.805266 -0.159089 -0.571172
vn -0.815307 -0.149684 -0.559347
vn -0.938648 -0.149292 -0.310890
vn -0.923277 -0.161648 -0.348468
vn -0.542299 -0.155071 -0.825751
vn -0.561362 -0.149416 -0.813970
vn -0.142154 -0.147588 -0.978780
vn -0.167986 -0.137230 -0.976191
vn 0.193853 -0.142163 -0.970675
vn 0.145157 -0.117954 -0.982352
vn 0.361502 -0.098655 -0.927137
vn 0.431477 -0.128400 -0.892940
vn 0.825290 -0.104001 -0.555050
vn 0.814826 -0.073968 -0.574967
vn 0.654223 -0.082692 -0.751768
vn 0.686658 -0.110463 -0.718539
vn 0.939584 -0.069832 -0.335121
vn 0.920619 -0.106012 -0.375794
vn 0.993298 -0.111980 -0.028645
vn 0.995897 -0.074837 -0.050885
vn 0.982055 -0.076995 -0.172164
vn 0.973792 -0.113350 -0.197180
vn 0.978621 -0.099871 0.179794
vn 0.988401 -0.069626 0.134968
vn 0.900315 -0.087618 0.426330
vn 0.910934 -0.073615 0.405930
vn 0.722795 -0.083721 0.685973
vn 0.718547 -0.080547 0.690798
vn 0.528415 -0.087397 0.844476
vn 0.496760 -0.088797 0.863333
vn 0.158098 -0.111431 0.981116
vn 0.089762 -0.111552 0.989696
vn 0.274490 -0.100617 0.956312
vn 0.332886 -0.097378 0.937926
vn -0.033970 -0.128948 0.991069
vn -0.112316 -0.126177 0.985629
vn -0.266904 -0.149786 0.952012
vn -0.329182 -0.140794 0.933711
vn -0.513928 -0.163501 0.842107
vn -0.533153 -0.152687 0.832127
vn -0.756900 -0.166567 0.631948
vn -0.748394 -0.158354 0.644073
vn -0.921737 -0.163600 0.351618
vn -0.911421 -0.153748 0.381673
vn -0.979628 -0.163414 0.116725
vn -0.981103 -0.150151 0.122028
vn -0.980934 -0.168308 -0.097163
vn -0.985624 -0.150229 -0.077305
vn -0.782428 -0.179856 -0.596204
vn -0.912600 -0.182713 -0.365756
vn -0.515715 -0.168363 -0.840055
vn -0.128929 -0.160197 -0.978629
vn 0.206468 -0.160561 -0.965190
vn 0.475421 -0.160774 -0.864944
vn 0.817619 -0.162496 -0.552353
vn 0.695844 -0.161212 -0.699866
vn 0.914109 -0.161644 -0.371856
vn 0.989393 -0.145253 -0.001541
vn 0.971126 -0.150192 -0.185356
vn 0.962483 -0.137791 0.233751
vn 0.872310 -0.126206 0.472385
vn 0.715096 -0.115728 0.689380
vn 0.553658 -0.115219 0.824735
vn 0.226586 -0.142146 0.963563
vn 0.389022 -0.124834 0.912731
vn 0.033369 -0.158994 0.986716
vn -0.215510 -0.179542 0.959854
vn -0.498871 -0.190732 0.845429
vn -0.760275 -0.194593 0.619770
vn -0.920725 -0.199514 0.335350
vn -0.976546 -0.188642 0.103788
vn -0.974808 -0.187513 -0.120781
vn -0.770757 -0.131570 -0.623397
vn -0.925582 -0.141028 -0.351297
vn -0.499578 -0.129139 -0.856589
vn -0.115197 -0.123829 -0.985594
vn 0.216035 -0.126471 -0.968160
vn 0.496098 -0.134065 -0.857854
vn 0.839588 -0.119458 -0.529926
vn 0.716925 -0.125856 -0.685696
vn 0.944852 -0.106200 -0.309799
vn 0.994686 -0.102950 0.000943
vn 0.982878 -0.099403 -0.155142
vn 0.964432 -0.121806 0.234596
vn 0.866141 -0.143152 0.478859
vn 0.706027 -0.158179 0.690294
vn 0.560535 -0.161768 0.812177
vn 0.269910 -0.177745 0.946338
vn 0.422735 -0.166604 0.890808
vn 0.067383 -0.187891 0.979876
vn -0.205112 -0.190313 0.960057
vn -0.499897 -0.185544 0.845977
vn -0.757460 -0.177452 0.628304
vn -0.920858 -0.165937 0.352824
vn -0.984876 -0.152098 0.082982
vn -0.980701 -0.142336 -0.134038
vn -0.828465 -0.120573 -0.546908
vn -0.954647 -0.123382 -0.270974
vn -0.582230 -0.117297 -0.804518
vn -0.213177 -0.104372 -0.971423
vn 0.090260 -0.091077 -0.991745
vn 0.320052 -0.080103 -0.944008
vn 0.790006 -0.055587 -0.610574
vn 0.618542 -0.066863 -0.782902
vn 0.943477 -0.038216 -0.329228
vn 0.998275 -0.034640 -0.047395
vn 0.987458 -0.033265 -0.154341
vn 0.990464 -0.037098 0.132683
vn 0.906395 -0.040689 0.420467
vn 0.693145 -0.053204 0.718831
vn 0.439788 -0.064311 0.895796
vn 0.030300 -0.097045 0.994819
vn 0.216847 -0.084594 0.972534
vn -0.173481 -0.107877 0.978911
vn -0.389127 -0.113175 0.914205
vn -0.549536 -0.119238 0.826918
vn -0.744015 -0.124684 0.656427
vn -0.914861 -0.126631 0.383398
vn -0.983655 -0.130337 0.124242
vn -0.989729 -0.127667 -0.064321
vn -0.850551 -0.070625 -0.521129
vn -0.971651 -0.070887 -0.225543
vn -0.609295 -0.074918 -0.789396
vn -0.252718 -0.070444 -0.964972
vn 0.065054 -0.063851 -0.995837
vn 0.313370 -0.059398 -0.947772
vn 0.754140 -0.035347 -0.655762
vn 0.590800 -0.048980 -0.805330
vn 0.925048 -0.006072 -0.379801
vn 0.999535 0.014587 -0.026769
vn 0.988199 0.011325 -0.152760
vn 0.990003 0.019232 0.139729
vn 0.894533 0.022006 0.446460
vn 0.643436 0.016619 0.765320
vn 0.359974 0.000365 0.932962
vn -0.021225 -0.032453 0.999248
vn 0.149259 -0.021460 0.988565
vn -0.225449 -0.034979 0.973627
vn -0.440001 -0.041674 0.897030
vn -0.587950 -0.046855 0.807539
vn -0.770005 -0.075005 0.633614
vn -0.928209 -0.086966 0.361754
vn -0.986838 -0.081866 0.139458
vn -0.996207 -0.080766 -0.032379
vn 0.573821 0.139637 -0.806989
vn 0.736334 0.108350 -0.667887
vn 0.826953 0.140598 -0.544409
vn 0.649322 0.208870 -0.731269
vn 0.902958 0.032975 -0.428461
vn 0.702914 0.145833 -0.696164
vn 0.747454 -0.497252 -0.440514
vn 0.685414 -0.344769 -0.641359
vn 0.748998 -0.046046 -0.660971
vn 0.891743 -0.203417 -0.404247
vn -0.846232 0.165311 -0.506521
vn -0.938381 0.076372 -0.337060
vn -0.854230 0.022719 -0.519398
vn -0.668602 0.071939 -0.740133
vn -0.899414 0.176813 -0.399739
vn -0.979141 0.096913 -0.178579
vn -0.913277 -0.035500 -0.405789
vn -0.727057 -0.412617 -0.548758
vn -0.765883 -0.579980 -0.277574
vn -0.976058 -0.143380 -0.163563
vn 0.058635 0.080510 -0.995028
vn 0.340544 0.089090 -0.935998
vn 0.302033 0.228095 -0.925607
vn 0.041974 0.217448 -0.975169
vn -0.275938 0.076751 -0.958106
vn -0.230693 0.216033 -0.948741
vn -0.513922 0.200562 -0.834062
vn -0.583210 0.302989 -0.753700
vn 0.484580 0.229314 -0.844155
vn 0.481580 0.241423 -0.842494
vn 0.070346 0.295100 -0.952873
vn 0.283496 0.258969 -0.923345
vn -0.190397 0.329636 -0.924711
vn 0.496749 0.219559 -0.839663
vn -0.619982 0.278533 -0.733513
vn 0.117546 0.302413 -0.945901
vn -0.179382 0.319255 -0.930537
vn 0.319213 0.264099 -0.910140
vn -0.546302 -0.159000 -0.822358
vn -0.634302 0.102145 -0.766308
vn -0.187313 0.153899 -0.970170
vn -0.190782 -0.180384 -0.964917
vn 0.082331 -0.191478 -0.978038
vn 0.106097 0.161081 -0.981222
vn 0.317044 -0.180525 -0.931071
vn 0.318816 0.160665 -0.934100
vn 0.524908 -0.125580 -0.841844
vn 0.529779 0.110635 -0.840889
vn -0.269309 -0.607833 -0.747001
vn -0.306383 -0.853565 -0.421374
vn 0.416425 -0.573219 -0.705698
vn 0.104717 -0.634078 -0.766146
vn 0.101926 -0.875214 -0.472875
vn -0.165987 0.778978 0.604684
vn 0.023000 0.758687 0.651049
vn -0.043974 0.734697 0.676969
vn -0.280735 0.744807 0.605352
vn 0.123365 0.745919 0.654512
vn 0.138045 0.709843 0.690700
vn 0.398040 0.675888 0.620274
vn 0.305623 0.742425 0.596155
vn 0.500076 0.713960 0.490087
vn 0.617634 0.605079 0.502402
vn -0.206168 0.479486 0.852988
vn -0.168454 0.289774 0.942154
vn -0.341753 0.272650 0.899370
vn -0.393212 0.465556 0.792870
vn 0.052341 0.294997 0.954064
vn 0.063564 0.467862 0.881513
vn 0.590143 0.233716 0.772728
vn 0.330348 0.277340 0.902193
vn 0.399076 0.417648 0.816277
vn 0.624979 0.341738 0.701866
vn 0.848835 0.217834 0.481693
vn 0.842323 0.174358 0.509992
vn -0.622140 0.405576 0.669664
vn -0.554097 0.222974 0.802034
vn -0.765451 0.149786 0.625819
vn -0.831560 0.289535 0.474002
vn -0.878967 0.068702 0.471908
vn -0.938018 0.170449 0.301776
vn -0.971055 0.039776 0.235522
vn -0.927964 0.008488 0.372574
vn -0.951086 -0.025260 0.307891
vn -0.982845 -0.035084 0.181067
vn -0.847248 -0.013820 -0.531017
vn -0.980188 -0.010489 -0.197793
vn -0.626403 -0.018014 -0.779291
vn -0.275041 -0.018807 -0.961249
vn 0.057349 -0.024116 -0.998063
vn 0.331411 -0.018925 -0.943297
vn 0.719200 0.018367 -0.694560
vn 0.563789 0.010090 -0.825857
vn 0.898128 0.047384 -0.437174
vn 0.994935 0.095513 -0.031346
vn 0.979364 0.074099 -0.188031
vn 0.981325 0.107299 0.159652
vn 0.867649 0.117327 0.483135
vn 0.593327 0.118484 0.796194
vn 0.304669 0.111544 0.945904
vn -0.080747 0.082895 0.993282
vn 0.091442 0.084234 0.992241
vn -0.264739 0.077608 0.961192
vn -0.487086 0.072036 0.870378
vn -0.674826 0.044554 0.736631
vn -0.817140 -0.005542 0.576413
vn -0.926934 -0.013742 0.374974
vn -0.981233 0.009723 0.192583
vn -0.999983 -0.005726 -0.000574
vn 0.973433 0.120120 0.194935
vn 0.976797 0.069928 0.202428
vn 0.996156 0.078107 -0.039651
vn 0.999913 -0.009097 0.009570
vn 0.997853 -0.054691 -0.036035
vn 0.984403 0.067487 -0.162468
vn 0.977512 0.033777 -0.208157
vn 0.925220 0.088944 -0.368859
vn -0.778703 -0.627392 0.000644
vn -0.978155 -0.206204 0.026305
vn 0.987310 -0.102454 -0.121338
vn 0.774445 -0.601006 -0.197553
vn 0.942785 -0.306146 -0.132027
vn -0.334021 -0.938036 -0.092296
vn -0.633258 0.687490 0.355447
vn 0.525386 0.624456 0.577948
vn 0.385796 -0.745369 0.543678
vn -0.851021 -0.432640 0.297636
vn -0.027742 -0.930180 0.366055
vn 0.003426 -0.961724 0.274000
vn 0.014087 -0.980057 0.198217
vn -0.087815 -0.942677 0.321946
vn 0.174368 0.916661 0.359623
vn 0.137147 0.902301 0.408710
vn 0.192859 0.864711 0.463767
vn -0.100548 0.902488 0.418815
vn 0.906931 -0.420365 0.027731
vn 0.947164 0.232748 0.220699
vn 0.847661 0.077762 0.524808
vn 0.881996 -0.450594 0.138016
vn -0.002513 -0.985184 0.171480
vn 0.050691 -0.998693 -0.006495
vn 0.064970 -0.997859 -0.007498
vn -0.000713 -0.999997 -0.002439
vn -0.147236 -0.923786 0.353469
vn -0.242899 -0.966586 0.081926
vn -0.418358 -0.485461 0.767662
vn -0.537739 0.168812 0.826038
vn -0.663771 0.454314 0.594144
vn -0.820306 -0.403698 0.405124
vn -0.523807 0.496528 0.692160
vn -0.460401 0.749450 0.475768
vn -0.254274 -0.488363 0.834773
vn -0.710196 0.210588 0.671770
vn -0.613287 -0.542150 0.574415
vn -0.395542 -0.683599 0.613383
vn -0.136793 -0.985175 0.103524
vn 0.381178 0.084444 0.920637
vn 0.500200 -0.608599 0.615960
vn -0.548075 -0.306605 0.778208
vn -0.490090 -0.581624 0.649250
vn -0.383304 -0.565816 0.730021
vn -0.446796 -0.172263 0.877895
vn -0.419468 0.760945 0.494984
vn -0.506465 0.575477 0.642121
vn -0.354762 0.844613 0.400964
vn -0.547237 0.761119 0.348180
vn -0.462067 0.779444 0.423037
vn -0.254480 0.849666 0.461852
vn -0.221016 0.888146 0.402926
vn -0.871454 0.434923 0.226738
vn -0.802708 0.502210 0.321630
vn -0.922114 -0.367285 0.121687
vn -0.874668 -0.459937 0.153018
vn -0.358182 -0.886845 0.291912
vn -0.241355 -0.947105 0.211517
vn -0.196233 -0.980137 0.028708
vn -0.409038 -0.899552 0.153282
vn -0.190484 -0.923230 0.333712
vn -0.194079 -0.920788 0.338353
vn 0.547331 -0.833779 -0.072405
vn 0.540638 -0.841215 0.008266
vn 0.079927 -0.996171 -0.035439
vn 0.128305 -0.984160 -0.122337
vn 0.841313 -0.539756 -0.029251
vn 0.723104 -0.681294 0.113835
vn 0.278287 -0.946237 0.164898
vn 0.406161 -0.913059 0.036823
vn -0.745339 0.617178 0.252114
vn -0.866443 0.498094 0.034328
vn -0.935153 -0.353405 -0.024383
vn -0.957310 -0.278202 0.078488
vn 0.957430 0.224443 0.181529
vn 0.965873 0.184042 0.182256
vn 0.951132 -0.272421 0.145379
vn 0.950089 -0.298102 0.092011
vn 0.941844 0.329890 0.064046
vn 0.933942 0.326334 0.145804
vn 0.973486 -0.217530 0.070747
vn 0.995992 -0.081176 -0.037569
vn 0.594977 0.777783 0.202623
vn 0.600201 0.774232 0.200807
vn 0.673904 0.714568 0.187739
vn 0.616426 0.761090 0.201892
vn 0.723580 -0.397002 0.564642
vn 0.803896 -0.128274 0.580773
vn 0.481697 -0.091112 0.871589
vn 0.347532 -0.485507 0.802187
vn 0.479805 -0.832318 0.277551
vn 0.383324 -0.800701 0.460371
vn 0.069819 -0.890419 0.449756
vn 0.032471 -0.979353 0.199534
vn 0.925738 0.222290 0.305935
vn 0.890250 -0.288125 0.352760
vn 0.589954 0.614620 0.523638
vn -0.271646 -0.271125 0.923418
vn -0.622071 0.027996 0.782461
vn -0.781179 -0.544826 0.304834
vn -0.389369 -0.609947 0.690186
vn 0.955131 0.267933 0.126243
vn 0.962543 -0.264433 0.059887
vn 0.022104 -0.999619 -0.016531
vn 0.004424 -0.994892 0.100847
vn -0.217384 -0.975938 0.017043
vn -0.895687 -0.345154 0.280381
vn -0.714484 0.500823 0.488558
vn -0.403979 0.796435 0.449992
vn -0.325785 0.854927 0.403689
vn 0.154583 0.905155 0.395977
vn 0.072338 0.918965 0.387647
vn 0.052748 0.896164 0.440577
vn 0.258546 0.865401 0.429226
vn 0.430488 0.878194 0.208461
vn 0.004684 0.951952 0.306211
vn -0.008587 0.970924 0.239235
vn 0.412172 0.864675 0.287143
vn -0.096728 0.907976 0.407706
vn 0.006685 0.823441 0.567362
vn -0.234322 0.644346 0.727951
vn -0.043357 0.467659 0.882845
vn -0.239690 -0.241191 0.940413
vn -0.226264 0.007432 0.974038
vn -0.066484 -0.489644 0.869384
vn -0.236334 -0.574697 0.783498
vn 0.059076 -0.982739 -0.175310
vn 0.048743 -0.989973 -0.132578
vn 0.016834 -0.990874 0.133734
vn 0.052294 -0.996034 0.071988
vn 0.005891 -0.996308 -0.085648
vn 0.103293 -0.993318 -0.051474
vn -0.061003 -0.980603 0.186272
vn 0.233012 -0.959075 0.160876
vn 0.023342 -0.935390 0.352847
vn -0.039835 -0.936924 0.347257
vn -0.014796 -0.962170 0.272046
vn 0.051577 -0.959968 0.275320
vn -0.942659 0.014130 -0.333458
vn -0.983372 0.046906 -0.175441
vn -0.941366 -0.018820 -0.336861
vn -0.991548 0.086489 0.096710
vn -0.997215 0.073566 -0.012218
vn -0.987536 -0.035686 0.153291
vn -0.998617 -0.019983 -0.048626
vn -0.986239 -0.027931 -0.162948
vn -0.981429 -0.181710 0.061466
vn -0.998701 0.006885 0.050490
vn -0.966591 -0.171350 0.190631
vn -0.956692 -0.062600 -0.284293
vn -0.986342 -0.130587 -0.100378
vn -0.998890 0.033858 -0.032759
vn -0.999658 0.025748 0.004651
vn -0.599610 0.679731 0.422414
vn -0.451182 0.762372 0.463921
vn -0.793413 0.565071 0.226253
vn -0.900483 0.411394 0.141019
vn 0.195752 0.840246 0.505637
vn 0.345877 0.828563 0.440287
vn 0.062459 0.854820 0.515152
vn 0.115168 0.844857 0.522449
vn -0.064407 0.861952 0.502882
vn -0.282056 0.845419 0.453554
vn -0.648837 0.693213 0.313794
vn -0.029243 0.918598 0.394110
vn -0.055626 0.894760 0.443070
vn -0.021216 0.933783 0.357211
vn -0.028674 0.953033 0.301507
vn -0.088081 0.914038 0.395951
vn -0.273883 0.626391 0.729810
vn -0.331314 0.003992 0.943512
vn -0.311137 -0.532538 0.787145
vn 0.093444 -0.979100 -0.180644
vn -0.038137 -0.997921 0.051960
vn 0.064464 -0.997318 -0.034670
vn -0.005285 -0.976084 0.217330
vn -0.081378 -0.931467 0.354608
vn -0.015947 -0.956635 0.290851
vn 0.098580 -0.988226 0.117011
vn 0.001818 -0.970239 0.242141
vn -0.194514 -0.980303 -0.034194
vn -0.639713 -0.768559 -0.009167
vn -0.664280 -0.744353 -0.068340
vn -0.176339 -0.976123 -0.126840
vn -0.127536 -0.890773 0.436185
vn -0.404861 -0.834067 0.374728
vn -0.597599 -0.791174 0.130074
vn -0.165057 -0.970576 0.175326
vn 0.162596 -0.140220 0.976678
vn 0.015940 -0.589343 0.807726
vn 0.175930 0.563185 0.807385
vn -0.123340 0.957488 0.260776
vn -0.136546 0.980764 0.139488
vn 0.220150 0.926427 0.305397
vn 0.362355 0.886984 0.286284
vn -0.000047 -0.891394 0.453229
vn -0.381668 -0.879285 0.284934
vn 0.487000 -0.872911 -0.029271
vn 0.351642 -0.933719 -0.067206
vn 0.138389 -0.953464 0.267870
vn 0.004535 -0.751078 0.660197
vn 0.072566 -0.776440 0.625999
vn -0.208153 -0.797105 0.566830
vn -0.232149 -0.873353 0.428207
vn -0.265892 -0.839894 0.473160
vn 0.025130 -0.980719 0.193801
vn 0.034672 -0.997112 0.067575
vn 0.063141 -0.988025 0.140782
vn 0.050032 -0.995125 0.084989
vn 0.113964 -0.989786 -0.085650
vn 0.016949 -0.997792 -0.064212
vn -0.623086 -0.780372 0.052760
vn -0.382954 -0.919013 0.093606
vn -0.750987 -0.636611 -0.175344
vn -0.352587 -0.927084 -0.127268
vn -0.789070 -0.537501 -0.297423
vn -0.379915 -0.903455 -0.198578
vn -0.136180 -0.988851 0.060233
vn -0.105428 -0.985769 -0.130940
vn 0.080214 -0.990377 -0.112780
vn 0.061320 -0.996764 0.051980
vn 0.150252 -0.985014 -0.084685
vn 0.092786 -0.986278 -0.136556
vn 0.148662 -0.981975 -0.116724
vn 0.053403 -0.996488 -0.064502
vn -0.132081 -0.986386 -0.097967
vn 0.222993 -0.972919 -0.060853
vn 0.311404 -0.939537 -0.142472
vn 0.041253 -0.998483 -0.036470
vn -0.203350 -0.975438 -0.084672
vn -0.477389 -0.859565 -0.182337
vn -0.825539 -0.521213 -0.216383
vn -0.361481 -0.925290 0.114759
vn -0.007266 -0.998132 0.060658
vn -0.015638 -0.990831 0.134202
vn -0.349858 -0.928342 0.125624
vn -0.735761 -0.670185 0.097510
vn -0.761213 -0.635999 0.126728
vn -0.748560 -0.662766 -0.020013
vn -0.513103 -0.845845 -0.145852
vn -0.330708 -0.943229 0.030828
vn -0.277445 -0.952208 -0.127767
vn -0.004344 -0.996270 -0.086176
vn 0.073761 -0.996488 0.039638
vn 0.370658 -0.916035 0.153273
vn 0.372663 -0.927828 0.016066
vn 0.406820 -0.912048 0.051629
vn 0.514584 -0.839992 -0.172097
vn 0.892159 -0.413336 -0.182228
vn 0.358926 -0.898184 -0.253845
vn 0.616631 -0.715713 -0.327903
vn 0.871682 -0.386873 -0.300831
vn 0.628962 -0.777031 -0.025090
vn 0.791351 -0.600768 -0.113316
vn 0.904851 -0.392323 -0.165311
vn 0.695497 -0.700448 0.160174
vn 0.892975 -0.439469 0.097279
vn 0.759043 -0.650606 0.023783
vn 0.943168 -0.330527 0.034443
vn 0.959646 -0.280535 0.019463
vn 0.984503 -0.174695 0.015378
vn -0.981595 -0.190742 0.009403
vn -0.976995 -0.120657 -0.175847
vn -0.952566 -0.166102 -0.255006
vn -0.943312 -0.284483 -0.170975
vn -0.917943 -0.396671 -0.005736
vn -0.929352 -0.365141 0.054556
vn -0.955936 -0.280815 0.085614
vn 0.524340 0.784872 0.330218
vn 0.717455 0.625824 0.305944
vn 0.867106 0.411093 0.281299
vn 0.771821 0.611952 0.172645
vn 0.892838 0.437485 0.106995
vn 0.992262 -0.033679 -0.119510
vn 0.968095 0.250461 -0.007836
vn 0.988609 0.137955 -0.060173
vn 0.975314 -0.107759 -0.192746
vn 0.986418 -0.163919 -0.010465
vn 0.965975 -0.200111 -0.163852
vn -0.650518 0.574042 0.497295
vn -0.862036 0.421529 0.281437
vn -0.364262 0.642014 0.674634
vn -0.128652 0.634222 0.762372
vn 0.117882 0.602909 0.789053
vn 0.436363 0.548186 0.713498
vn 0.655037 0.470704 0.591071
vn 0.878943 0.282311 0.384396
vn 0.982571 0.091645 0.161725
vn 0.998374 -0.048915 0.029261
vn 0.960914 0.255594 0.106376
vn 0.997309 0.038024 -0.062687
vn -0.999055 0.001554 0.043447
vn -0.995842 0.078480 0.046257
vn -0.985271 0.149564 0.082900
vn -0.953324 0.265487 0.143841
vn -0.998137 -0.060229 0.009771
vn -0.999195 0.037933 0.013028
vn -0.996871 0.073905 0.028024
vn -0.984441 0.172884 0.031416
vn -0.994893 -0.061998 -0.079656
vn -0.991227 0.089101 -0.097623
vn -0.971296 0.237060 -0.019683
vn -0.988638 -0.148632 0.022432
vn -0.984744 -0.167345 0.047706
vn -0.920370 0.373975 0.114290
vn 0.160421 -0.672804 -0.722219
vn 0.183459 -0.706918 -0.683089
vn 0.374789 -0.809620 -0.451717
vn 0.311023 -0.775629 -0.549240
vn 0.548730 -0.634696 -0.544110
vn 0.722376 -0.556942 -0.409863
vn 0.914175 0.376458 -0.150213
vn 0.677984 0.668714 -0.305221
vn 0.898521 0.383113 -0.214208
vn 0.924281 0.380397 -0.031672
vn 0.584385 0.600485 -0.545813
vn 0.324389 0.661481 -0.676177
vn 0.499486 0.829084 -0.251264
vn 0.713770 0.658935 -0.237353
vn 0.166836 0.651787 -0.739824
vn 0.365429 0.906796 -0.210197
vn 0.183922 -0.642213 -0.744134
vn 0.310901 -0.767537 -0.560561
vn 0.072554 0.637736 -0.766830
vn 0.183731 0.939126 -0.290318
vn 0.058556 -0.606183 -0.793167
vn 0.167305 -0.614429 -0.771030
vn 0.256842 -0.797436 -0.546011
vn 0.078925 -0.774354 -0.627811
vn 0.976788 0.055936 -0.206779
vn 0.994276 0.106691 -0.005728
vn 0.809330 -0.474709 -0.345884
vn 0.923933 -0.342276 -0.170864
vn 0.026837 0.639175 -0.768593
vn 0.032652 0.953153 -0.300723
vn 0.821802 -0.006327 0.569738
vn 0.699009 -0.572502 0.428520
vn 0.832576 0.425391 0.354767
vn 0.576483 0.531862 0.620315
vn 0.502556 -0.055299 0.862774
vn 0.482505 0.021467 0.875630
vn 0.403556 -0.711682 0.575024
vn 0.400329 -0.659181 0.636567
vn 0.679765 0.667169 0.304638
vn 0.511762 0.769241 0.382581
vn 0.449249 0.575212 0.683598
vn 0.282300 -0.099221 0.954181
vn 0.261527 -0.678046 0.686919
vn 0.385387 0.787945 0.480228
vn 0.284513 0.518864 0.806122
vn 0.448995 -0.883148 0.135842
vn 0.554581 -0.826174 0.099384
vn 0.378132 -0.906343 0.188571
vn 0.084180 -0.109247 0.990444
vn 0.094623 -0.721539 0.685878
vn 0.169779 0.822733 0.542481
vn 0.081632 0.476669 0.875285
vn 0.277022 -0.928458 0.247435
vn 0.072447 -0.045677 0.996326
vn 0.058072 -0.721039 0.690456
vn -0.019715 0.838629 0.544346
vn -0.022741 0.502478 0.864291
vn 0.150578 -0.925691 0.347018
vn 0.027660 -0.927983 0.371594
vn -0.776978 0.143027 0.613065
vn -0.769764 -0.554024 0.317050
vn -0.347390 -0.937309 0.027808
vn -0.104073 -0.988738 0.107548
vn -0.105758 -0.983373 0.147622
vn 0.058651 -0.974490 0.216631
vn -0.067784 -0.968865 0.238131
vn -0.189011 -0.778494 0.598517
vn 0.038337 -0.896018 0.442360
vn 0.256524 -0.605651 0.753248
vn -0.136659 -0.619424 0.773071
vn 0.001292 -0.300734 0.953707
vn -0.324546 -0.318732 0.890550
vn -0.336571 0.106000 0.935673
vn -0.288148 0.200319 0.936399
vn -0.324226 0.225795 0.918637
vn -0.517581 0.233900 0.823044
vn -0.047896 -0.932864 0.357031
vn 0.078064 -0.928570 0.362856
vn -0.069792 -0.939453 0.335495
vn -0.123957 -0.960725 0.248278
vn -0.074969 -0.993602 0.084463
vn -0.145355 -0.988829 0.032998
vn -0.915362 -0.268776 0.299785
vn -0.742007 0.513138 0.431411
vn -0.406712 0.787815 0.462529
vn -0.296072 0.823805 0.483411
vn -0.061542 0.881905 0.467393
vn 0.034658 0.898759 0.437071
vn 0.412858 0.842976 0.344875
vn 0.585703 -0.805248 0.092344
vn 0.128122 -0.987735 0.089239
vn -0.144616 -0.985792 0.085448
vn 0.000690 0.943835 0.330416
vn 0.594111 0.763090 0.254413
vn 0.940736 0.244424 0.235102
vn 0.937355 -0.313803 0.151307
vn 0.012240 0.929320 -0.369073
vn 0.042964 0.938621 -0.342264
vn 0.075006 0.898671 -0.432162
vn 0.147211 0.929089 -0.339297
vn 0.348577 0.915434 -0.201181
vn 0.385686 0.922609 -0.006251
vn 0.481391 0.754149 0.446679
vn 0.456271 -0.845112 0.278573
vn 0.325156 -0.936528 -0.131108
vn 0.151098 -0.958339 -0.242396
vn -0.060992 -0.954664 -0.291371
vn 0.002549 -0.938378 -0.345601
vn 0.051526 -0.960422 -0.273742
vn 0.099732 -0.969624 -0.223345
vn 0.026419 -0.945107 -0.325692
vn 0.421679 -0.877798 -0.227282
vn 0.058568 -0.982181 -0.178579
vn 0.443442 -0.761612 -0.472553
vn -0.000000 -0.519527 0.854454
vn -0.021682 0.700540 -0.713283
vn 0.147772 0.690369 -0.708204
vn 0.510177 0.505983 -0.695486
vn 0.812512 0.025557 -0.582385
vn 0.752513 -0.304028 -0.584202
vn 0.606382 -0.504840 -0.614359
vn 0.334515 -0.613140 -0.715653
vn -0.152280 -0.647839 -0.746402
vn -0.402231 -0.574025 -0.713236
vn -0.594393 -0.433902 -0.677072
vn -0.801029 -0.130935 -0.584130
vn -0.846000 0.053347 -0.530507
vn -0.850395 0.170118 -0.497884
vn -0.832599 0.199240 -0.516800
vn -0.819582 0.235413 -0.522366
vn -0.686324 0.397347 -0.609159
vn -0.338529 0.600599 -0.724347
vn 0.719947 0.273090 -0.638042
vn 0.021682 0.700541 -0.713283
vn -0.147773 0.690370 -0.708204
vn -0.176904 0.819879 -0.544520
vn -0.099539 0.852559 -0.513065
vn -0.510177 0.505982 -0.695487
vn -0.464132 0.711195 -0.528000
vn -0.812511 0.025556 -0.582385
vn -0.752513 -0.304028 -0.584202
vn -0.796984 -0.364748 -0.481430
vn -0.865624 0.013368 -0.500517
vn -0.606382 -0.504840 -0.614359
vn -0.666933 -0.552039 -0.500454
vn -0.334515 -0.613140 -0.715653
vn -0.452043 -0.710309 -0.539554
vn 0.152280 -0.647838 -0.746402
vn 0.402232 -0.574025 -0.713235
vn 0.348735 -0.763378 -0.543726
vn 0.091621 -0.818120 -0.567701
vn 0.594393 -0.433903 -0.677071
vn 0.523075 -0.683961 -0.508517
vn 0.801027 -0.130934 -0.584134
vn 0.781730 -0.353925 -0.513454
vn 0.846000 0.053347 -0.530508
vn 0.850396 0.170118 -0.497883
vn 0.898264 0.171685 -0.404532
vn 0.883651 -0.095224 -0.458359
vn 0.832598 0.199239 -0.516801
vn 0.872824 0.262326 -0.411539
vn 0.819581 0.235413 -0.522368
vn 0.686324 0.397347 -0.609159
vn 0.708756 0.533777 -0.461245
vn 0.852392 0.310175 -0.420975
vn 0.338529 0.600600 -0.724347
vn 0.279852 0.796257 -0.536338
vn -0.719946 0.273089 -0.638044
vn -0.773307 0.353232 -0.526520
vn 0.176904 0.819880 -0.544520
vn 0.099539 0.852559 -0.513065
vn 0.152149 0.918040 -0.366132
vn 0.183151 0.909901 -0.372204
vn 0.464132 0.711195 -0.527999
vn 0.611723 0.635004 -0.471768
vn 0.796984 -0.364748 -0.481431
vn 0.865624 0.013368 -0.500516
vn 0.880522 0.018199 -0.473656
vn 0.848273 -0.260782 -0.460897
vn 0.666933 -0.552039 -0.500453
vn 0.692662 -0.592939 -0.410661
vn 0.452044 -0.710310 -0.539552
vn 0.499310 -0.753765 -0.427233
vn -0.348734 -0.763378 -0.543726
vn -0.091621 -0.818121 -0.567701
vn -0.074001 -0.906490 -0.415692
vn -0.348214 -0.845057 -0.405740
vn -0.523075 -0.683961 -0.508517
vn -0.568223 -0.701033 -0.430901
vn -0.781730 -0.353924 -0.513455
vn -0.807085 -0.391059 -0.442365
vn -0.898264 0.171684 -0.404532
vn -0.883651 -0.095223 -0.458360
vn -0.911885 0.001090 -0.410445
vn -0.908891 0.164814 -0.383084
vn -0.872824 0.262326 -0.411538
vn -0.892859 0.252474 -0.372908
vn -0.708757 0.533777 -0.461244
vn -0.852392 0.310176 -0.420973
vn -0.863529 0.347519 -0.365443
vn -0.764987 0.518719 -0.381740
vn -0.279852 0.796257 -0.536337
vn -0.379057 0.829691 -0.409791
vn 0.773307 0.353231 -0.526520
vn 0.809008 0.332523 -0.484701
vn -0.183151 0.909901 -0.372205
vn -0.152149 0.918040 -0.366132
vn -0.611724 0.635004 -0.471767
vn -0.848273 -0.260782 -0.460896
vn -0.880521 0.018199 -0.473657
vn -0.692662 -0.592939 -0.410661
vn -0.499310 -0.753764 -0.427235
vn 0.348215 -0.845057 -0.405740
vn 0.074001 -0.906489 -0.415693
vn 0.568223 -0.701033 -0.430902
vn 0.807087 -0.391059 -0.442362
vn 0.908891 0.164814 -0.383084
vn 0.911885 0.001090 -0.410444
vn 0.892858 0.252475 -0.372909
vn 0.764987 0.518719 -0.381741
vn 0.863529 0.347519 -0.365444
vn 0.379056 0.829691 -0.409792
vn -0.809007 0.332523 -0.484702
s 1
g Body_low
usemtl openPBRSurface1SG
f 6338/1/1 6339/2/2 310/3/3 311/4/4
f 323/5/5 310/3/3 6339/2/2 6340/6/6
f 6343/7/7 6344/8/8 319/9/9 320/10/10
f 6346/11/11 6347/12/12 316/13/13 317/14/14
f 6344/8/8 6345/15/15 318/16/16 319/9/9
f 315/17/17 316/13/13 6347/12/12 6348/18/18
f 5/19/19 19/20/20 266/21/21 129/22/22
f 131/23/23 129/22/22 266/21/21 267/24/24
f 6/25/25 130/26/26 128/27/27 4/28/28
f 132/29/29 130/26/26 6/25/25 7/30/30
f 267/24/24 268/31/31 133/32/32 131/23/23
f 135/33/33 167/34/34 269/35/35 270/36/36
f 168/37/37 10/38/38 8/39/39 134/40/40
f 139/41/41 136/42/42 137/43/43 138/44/44
f 136/42/42 286/45/45 287/46/46 137/43/43
f 141/47/47 140/48/48 142/49/49 143/50/50
f 145/51/51 144/52/52 143/50/50 142/49/49
f 145/51/51 173/53/53 174/54/54 144/52/52
f 146/55/55 148/56/56 149/57/57 147/58/58
f 148/56/56 150/59/59 151/60/60 149/57/57
f 150/59/59 376/61/61 377/62/62 151/60/60
f 155/63/63 153/64/64 152/65/65 154/66/66
f 157/67/67 155/63/63 154/66/66 156/68/68
f 159/69/69 458/70/70 459/71/71 158/72/72
f 161/73/73 159/69/69 158/72/72 160/74/74
f 160/74/74 139/41/41 138/44/44 161/73/73
f 163/75/75 135/33/33 270/36/36 271/76/76
f 162/77/77 134/40/40 8/39/39 9/78/78
f 165/79/79 288/80/80 289/81/81 164/82/82
f 287/46/46 296/83/83 297/84/84 137/43/43
f 297/84/84 298/85/85 138/44/44 137/43/43
f 268/31/31 269/35/35 167/34/34 133/32/32
f 7/30/30 10/38/38 168/37/37 132/29/29
f 309/86/86 294/87/87 141/47/47 143/50/50
f 170/88/88 171/89/89 172/90/90 169/91/91
f 308/92/92 309/86/86 143/50/50 144/52/52
f 172/90/90 171/89/89 131/23/23 133/32/32
f 174/54/54 173/53/53 146/55/55 147/58/58
f 307/93/93 308/92/92 144/52/52 174/54/54
f 306/94/94 307/93/93 174/54/54 147/58/58
f 147/58/58 149/57/57 305/95/95 306/94/94
f 169/91/91 175/96/96 176/97/97 170/88/88
f 6335/98/98 6336/99/99 313/100/100 20/101/101
f 21/102/102 314/103/103 6350/104/104 6319/105/105
f 119/106/106 183/107/107 184/108/108 177/109/109
f 184/108/108 183/107/107 181/110/110 182/111/111
f 164/82/82 188/112/112 166/113/113 165/79/79
f 193/114/114 637/115/115 52/116/116 12/117/117
f 13/118/118 192/119/119 193/114/114 12/117/117
f 191/120/120 192/119/119 13/118/118 1/121/121
f 6337/122/122 6338/1/1 311/4/4 312/123/123
f 184/108/108 263/124/124 264/125/125 177/109/109
f 262/126/126 263/124/124 184/108/108 182/111/111
f 635/127/127 636/128/128 262/126/126 182/111/111
f 194/129/129 258/130/130 18/131/131 11/132/132
f 195/133/133 569/134/134 44/135/135 14/136/136
f 196/137/137 585/138/138 46/139/139 15/140/140
f 197/141/141 711/142/142 65/143/143 16/144/144
f 185/145/145 565/146/146 566/147/147 260/148/148
f 567/149/149 568/150/150 274/151/151 199/152/152
f 200/153/153 709/154/154 710/155/155 272/156/156
f 201/157/157 183/107/107 119/106/106 121/158/158
f 202/159/159 181/110/110 183/107/107 201/157/157
f 570/160/160 571/161/161 203/162/162 187/163/163
f 187/163/163 203/162/162 204/164/164 189/165/165
f 205/166/166 188/112/112 189/165/165 204/164/164
f 188/112/112 205/166/166 206/167/167 166/113/113
f 161/73/73 138/44/44 298/85/85 299/168/168
f 224/169/169 225/170/170 122/171/171 207/172/172
f 159/69/69 161/73/73 299/168/168 300/173/173
f 211/174/174 209/175/175 210/176/176 208/177/177
f 208/177/177 206/167/167 205/166/166 211/174/174
f 455/178/178 456/179/179 208/177/177 210/176/176
f 300/173/173 457/180/180 458/70/70 159/69/69
f 155/63/63 157/67/67 301/181/181 302/182/182
f 214/183/183 212/184/184 213/185/185 215/186/186
f 153/64/64 155/63/63 302/182/182 303/187/187
f 215/186/186 217/188/188 216/189/189 214/183/183
f 149/57/57 151/60/60 304/190/190 305/95/95
f 377/62/62 378/191/191 304/190/190 151/60/60
f 219/192/192 176/97/97 175/96/96 218/193/193
f 218/193/193 379/194/194 380/195/195 219/192/192
f 223/196/196 220/197/197 221/198/198 222/199/199
f 121/158/158 247/200/200 248/201/201 201/157/157
f 6340/6/6 6341/202/202 322/203/203 323/5/5
f 228/204/204 224/169/169 207/172/172 227/205/205
f 222/199/199 574/206/206 575/207/207 223/196/196
f 122/171/171 253/208/208 254/209/209 207/172/172
f 254/209/209 255/210/210 227/205/205 207/172/172
f 575/207/207 576/211/211 256/212/212 223/196/196
f 256/212/212 257/213/213 220/197/197 223/196/196
f 6348/18/18 6349/214/214 592/215/215 315/17/17
f 236/216/216 221/198/198 220/197/197 235/217/217
f 204/164/164 237/218/218 211/174/174 205/166/166
f 238/219/219 209/175/175 211/174/174 237/218/218
f 209/175/175 238/219/219 221/198/198 236/216/216
f 204/164/164 203/162/162 239/220/220 237/218/218
f 240/221/221 238/219/219 237/218/218 239/220/220
f 222/199/199 221/198/198 238/219/219 240/221/221
f 203/162/162 571/161/161 572/222/222 239/220/220
f 572/222/222 573/223/223 240/221/221 239/220/220
f 573/223/223 574/206/206 222/199/199 240/221/221
f 6342/224/224 6343/7/7 320/10/10 321/225/225
f 245/226/226 244/227/227 225/170/170 224/169/169
f 6341/202/202 6342/224/224 321/225/225 322/203/203
f 248/201/201 247/200/200 244/227/227 245/226/226
f 241/228/228 248/201/201 245/226/226 242/229/229
f 202/159/159 201/157/157 248/201/201 241/228/228
f 242/229/229 245/226/226 224/169/169 228/204/204
f 249/230/230 233/231/231 2/232/232 17/233/233
f 250/234/234 180/235/235 593/236/236 594/237/237
f 251/238/238 124/239/239 180/235/235 250/234/234
f 126/240/240 124/239/239 251/238/238 229/241/241
f 6345/15/15 6346/11/11 317/14/14 318/16/16
f 254/209/209 253/208/208 126/240/240 229/241/241
f 230/242/242 255/210/210 254/209/209 229/241/241
f 231/243/243 256/212/212 576/211/211 577/244/244
f 232/245/245 257/213/213 256/212/212 231/243/243
f 18/131/131 258/130/130 195/133/133 14/136/136
f 260/148/148 566/147/147 567/149/149 199/152/152
f 262/126/126 636/128/128 637/115/115 193/114/114
f 193/114/114 192/119/119 263/124/124 262/126/126
f 264/125/125 263/124/124 192/119/119 191/120/120
f 6336/99/99 6337/122/122 312/123/123 313/100/100
f 266/21/21 19/20/20 4/28/28 128/27/27
f 267/24/24 266/21/21 128/27/27 130/26/26
f 130/26/26 132/29/29 268/31/31 267/24/24
f 168/37/37 269/35/35 268/31/31 132/29/29
f 270/36/36 269/35/35 168/37/37 134/40/40
f 271/76/76 270/36/36 134/40/40 162/77/77
f 272/156/156 710/155/155 711/142/142 197/141/141
f 195/133/133 274/151/151 568/150/150 569/134/134
f 276/246/246 275/247/247 261/248/248 185/145/145
f 275/247/247 277/249/249 194/129/129 261/248/248
f 274/151/151 195/133/133 278/250/250 279/251/251
f 280/252/252 278/250/250 195/133/133 258/130/130
f 277/249/249 280/252/252 258/130/130 194/129/129
f 185/145/145 260/148/148 281/253/253 276/246/246
f 282/254/254 281/253/253 260/148/148 199/152/152
f 279/251/251 282/254/254 199/152/152 274/151/151
f 283/255/255 281/253/253 282/254/254 279/251/251
f 280/252/252 283/255/255 279/251/251 278/250/250
f 283/255/255 280/252/252 277/249/249 275/247/247
f 275/247/247 276/246/246 281/253/253 283/255/255
f 292/256/256 293/257/257 140/48/48 141/47/47
f 141/47/47 294/87/87 295/258/258 292/256/256
f 290/259/259 291/260/260 135/33/33 163/75/75
f 289/81/81 288/80/80 291/260/260 290/259/259
f 292/256/256 295/258/258 296/83/83 287/46/46
f 287/46/46 286/45/45 293/257/257 292/256/256
f 285/261/261 708/262/262 709/154/154 200/153/153
f 6459/7288/263 6460/7289/264 135/33/33 291/260/260
f 6476/7305/265 6459/7288/263 291/260/260 288/80/80
f 6475/7304/266 6476/7305/265 288/80/80 165/79/79
f 165/79/79 166/113/113 6474/7303/267 6475/7304/266
f 6473/7302/268 6474/7303/267 166/113/113 206/167/167
f 6472/7301/269 6473/7302/268 206/167/167 208/177/177
f 208/177/177 456/179/179 6471/7300/270 6472/7301/269
f 6469/7298/271 6470/7299/272 212/184/184 214/183/183
f 6468/7297/273 6469/7298/271 214/183/183 216/189/189
f 6466/7295/274 6467/7296/275 379/194/194 218/193/193
f 6465/7294/276 6466/7295/274 218/193/193 175/96/96
f 6464/7293/277 6465/7294/276 175/96/96 169/91/91
f 172/90/90 6463/7292/278 6464/7293/277 169/91/91
f 133/32/32 6462/7291/279 6463/7292/278 172/90/90
f 167/34/34 6461/7290/280 6462/7291/279 133/32/32
f 135/33/33 6460/7289/264 6461/7290/280 167/34/34
f 2958/263/281 2959/264/282 119/106/106 177/109/109
f 2957/265/283 2958/263/281 177/109/109 264/125/125
f 2956/266/284 2957/265/283 264/125/125 191/120/120
f 2955/267/285 2956/266/284 191/120/120 1/121/121
f 233/231/231 2970/268/286 2971/269/287 2/232/232
f 180/235/235 2968/270/288 2969/271/289 593/236/236
f 124/239/239 2967/272/290 2968/270/288 180/235/235
f 2966/273/291 2967/272/290 124/239/239 126/240/240
f 2965/274/292 2966/273/291 126/240/240 253/208/208
f 2964/275/293 2965/274/292 253/208/208 122/171/171
f 2963/276/294 2964/275/293 122/171/171 225/170/170
f 2962/277/295 2963/276/294 225/170/170 244/227/227
f 2961/278/296 2962/277/295 244/227/227 247/200/200
f 2960/279/297 2961/278/296 247/200/200 121/158/158
f 121/158/158 119/106/106 2959/264/282 2960/279/297
f 229/241/241 251/238/238 324/280/298 230/242/242
f 325/281/299 324/280/298 251/238/238 250/234/234
f 594/237/237 595/282/300 325/281/299 250/234/234
f 22/283/301 326/284/302 249/230/230 17/233/233
f 327/285/303 231/243/243 577/244/244 578/286/304
f 328/287/305 327/285/303 578/286/304 579/288/306
f 596/289/307 597/290/308 328/287/305 579/288/306
f 329/291/309 580/292/310 45/293/311 23/294/312
f 330/295/313 235/217/217 220/197/197 257/213/213
f 235/217/217 330/295/313 331/296/314 332/297/315
f 333/298/316 330/295/313 257/213/213 232/245/245
f 330/295/313 333/298/316 334/299/317 331/296/314
f 335/300/318 232/245/245 231/243/243 327/285/303
f 232/245/245 335/300/318 336/301/319 333/298/316
f 337/302/320 334/299/317 333/298/316 336/301/319
f 327/285/303 328/287/305 338/303/321 335/300/318
f 597/290/308 598/304/322 338/303/321 328/287/305
f 24/305/323 339/306/324 329/291/309 23/294/312
f 340/307/325 336/301/319 335/300/318 338/303/321
f 598/304/322 599/308/326 340/307/325 338/303/321
f 25/309/327 341/310/328 339/306/324 24/305/323
f 336/301/319 340/307/325 342/311/329 337/302/320
f 342/311/329 340/307/325 599/308/326 600/312/330
f 25/309/327 26/313/331 343/314/332 341/310/328
f 344/315/333 605/7210/334 49/7197/335 27/318/336
f 617/7233/337 618/7209/338 601/321/339 345/322/340
f 345/322/340 346/323/341 616/7232/342 617/7233/337
f 346/323/341 347/325/343 615/7231/344 616/7232/342
f 349/327/345 348/328/346 347/325/343 346/323/341
f 347/325/343 350/329/347 614/7230/348 615/7231/344
f 334/299/317 351/331/349 352/332/350 331/296/314
f 352/332/350 353/333/351 332/297/315 331/296/314
f 355/334/352 354/335/353 215/186/186 213/185/185
f 357/336/354 356/337/355 354/335/353 355/334/352
f 453/338/356 454/339/357 358/340/358 359/341/359
f 454/339/357 455/178/178 210/176/176 358/340/358
f 358/340/358 210/176/176 209/175/175 236/216/216
f 236/216/216 235/217/217 359/341/359 358/340/358
f 332/297/315 360/342/360 359/341/359 235/217/217
f 353/333/351 361/343/361 360/342/360 332/297/315
f 360/342/360 452/344/362 453/338/356 359/341/359
f 361/343/361 451/345/363 452/344/362 360/342/360
f 217/188/188 215/186/186 354/335/353 364/346/364
f 356/337/355 365/347/365 364/346/364 354/335/353
f 362/348/366 366/349/367 356/337/355 357/336/354
f 363/350/368 367/351/369 366/349/367 362/348/366
f 366/349/367 368/352/370 365/347/365 356/337/355
f 368/352/370 366/349/367 367/351/369 369/353/371
f 129/22/22 131/23/23 171/89/89 370/354/372
f 370/354/372 653/355/373 654/356/374 129/22/22
f 5/19/19 129/22/22 654/356/374 55/357/375
f 171/89/89 170/88/88 373/358/376 370/354/372
f 374/359/377 373/358/376 170/88/88 176/97/97
f 375/360/378 374/359/377 176/97/97 219/192/192
f 219/192/192 380/195/195 381/361/379 375/360/378
f 377/62/62 376/61/61 152/65/65 153/64/64
f 303/187/187 378/191/191 377/62/62 153/64/64
f 216/189/189 379/194/194 6467/7296/275 6468/7297/273
f 380/195/195 379/194/194 216/189/189 217/188/188
f 381/361/379 380/195/195 217/188/188 364/346/364
f 675/362/380 676/363/381 381/361/379 383/364/382
f 381/361/379 364/346/364 365/347/365 383/364/382
f 676/363/381 677/365/383 375/360/378 381/361/379
f 677/365/383 678/366/384 374/359/377 375/360/378
f 678/366/384 679/367/385 373/358/376 374/359/377
f 679/367/385 653/355/373 370/354/372 373/358/376
f 388/368/386 383/364/382 365/347/365 368/352/370
f 389/369/387 388/368/386 368/352/370 369/353/371
f 674/370/388 675/362/380 383/364/382 388/368/386
f 673/371/389 674/370/388 388/368/386 389/369/387
f 392/372/390 349/327/345 346/323/341 345/322/340
f 601/321/339 602/373/391 392/372/390 345/322/340
f 29/374/392 393/375/393 344/315/333 27/318/336
f 397/376/394 394/377/395 603/378/396 604/379/397
f 31/380/398 397/376/394 604/379/397 48/381/399
f 396/382/400 395/383/401 32/384/402 30/385/403
f 395/383/401 393/375/393 29/374/392 32/384/402
f 602/373/391 603/378/396 394/377/395 392/372/390
f 392/372/390 394/377/395 398/386/404 349/327/345
f 397/376/394 399/387/405 398/386/404 394/377/395
f 398/386/404 400/388/406 348/328/346 349/327/345
f 399/387/405 401/389/407 400/388/406 398/386/404
f 31/380/398 33/390/408 402/391/409 397/376/394
f 403/392/410 399/387/405 397/376/394 402/391/409
f 404/393/411 401/389/407 399/387/405 403/392/410
f 347/325/343 348/328/346 405/394/412 350/329/347
f 400/388/406 406/395/413 405/394/412 348/328/346
f 401/389/407 407/396/414 406/395/413 400/388/406
f 404/393/411 408/397/415 407/396/414 401/389/407
f 353/333/351 489/398/416 490/399/417 361/343/361
f 412/400/418 440/401/419 441/402/420 411/403/421
f 414/404/422 412/400/418 411/403/421 413/405/423
f 416/406/424 414/404/422 413/405/423 415/407/425
f 415/407/425 421/408/426 422/409/427 416/406/424
f 420/410/428 418/411/429 417/412/430 419/413/431
f 669/414/432 670/415/433 417/412/430 418/411/429
f 422/409/427 421/408/426 442/416/434 443/417/435
f 426/418/436 420/410/428 419/413/431 425/419/437
f 425/419/437 664/420/438 665/421/439 426/418/436
f 447/422/440 448/423/441 412/400/418 414/404/422
f 430/424/442 429/425/443 416/406/424 422/409/427
f 443/417/435 444/426/444 430/424/442 422/409/427
f 432/427/445 668/428/446 669/414/432 418/411/429
f 418/411/429 420/410/428 433/429/447 432/427/445
f 420/410/428 426/418/436 434/430/448 433/429/447
f 665/421/439 666/431/449 434/430/448 426/418/436
f 414/404/422 416/406/424 429/425/443 436/432/450
f 414/404/422 436/432/450 446/433/451 447/422/440
f 444/426/444 445/434/452 429/425/443 430/424/442
f 667/435/453 668/428/446 432/427/445 433/429/447
f 666/431/449 667/435/453 433/429/447 434/430/448
f 445/434/452 446/433/451 436/432/450 429/425/443
f 425/419/437 438/436/454 663/437/455 664/420/438
f 660/438/456 661/439/457 410/440/458 409/7237/459
f 443/417/435 442/416/434 424/442/460 423/443/461
f 431/444/462 444/426/444 443/417/435 423/443/461
f 431/444/462 437/445/463 445/434/452 444/426/444
f 437/445/463 435/446/464 446/433/451 445/434/452
f 447/422/440 446/433/451 435/446/464 428/447/465
f 428/447/465 427/448/466 448/423/441 447/422/440
f 449/449/467 448/423/441 427/448/466 439/450/468
f 448/423/441 449/449/467 440/401/419 412/400/418
f 661/439/457 662/451/469 450/452/470 410/440/458
f 450/452/470 662/451/469 663/437/455 438/436/454
f 452/344/362 451/345/363 363/350/368 362/348/366
f 453/338/356 452/344/362 362/348/366 357/336/354
f 357/336/354 355/334/352 454/339/357 453/338/356
f 355/334/352 213/185/185 455/178/178 454/339/357
f 213/185/185 212/184/184 456/179/179 455/178/178
f 6470/7299/272 6471/7300/270 456/179/179 212/184/184
f 458/70/70 457/180/180 301/181/181 157/67/67
f 459/71/71 458/70/70 157/67/67 156/68/68
f 490/399/417 491/453/471 451/345/363 361/343/361
f 491/453/471 492/454/472 363/350/368 451/345/363
f 367/351/369 363/350/368 492/454/472 493/455/473
f 367/351/369 493/455/473 494/456/474 369/353/371
f 494/456/474 495/457/475 389/369/387 369/353/371
f 495/457/475 672/458/476 673/371/389 389/369/387
f 352/332/350 488/459/477 489/398/416 353/333/351
f 351/331/349 487/460/478 488/459/477 352/332/350
f 350/329/347 486/461/479 613/7219/480 614/7230/348
f 485/463/481 486/461/479 350/329/347 405/394/412
f 460/464/482 461/465/483 465/466/484 464/7216/485
f 466/468/486 610/7206/487 611/7220/488 462/7229/489
f 467/472/490 466/468/486 462/7229/489 463/7227/491
f 406/395/413 484/474/492 485/463/481 405/394/412
f 407/396/414 483/475/493 484/474/492 406/395/413
f 408/397/415 482/476/494 483/475/493 407/396/414
f 472/477/495 471/478/496 469/7228/497 470/7203/498
f 473/481/499 468/7226/500 469/7228/497 471/478/496
f 467/472/490 463/7227/491 468/7226/500 473/481/499
f 409/7237/459 474/7239/501 659/7204/502 660/438/456
f 475/485/503 476/7225/504 411/403/421 441/402/420
f 476/7225/504 477/7224/505 413/405/423 411/403/421
f 477/7224/505 478/7223/506 415/407/425 413/405/423
f 478/7223/506 479/7222/507 421/408/426 415/407/425
f 479/7222/507 480/7214/508 442/416/434 421/408/426
f 480/7214/508 481/491/509 424/442/460 442/416/434
f 510/492/510 511/493/511 470/480/498 469/479/497
f 509/494/512 510/492/510 469/479/497 468/482/500
f 508/495/513 509/494/512 468/482/500 463/7238/491
f 463/473/491 462/471/489 507/496/514 508/495/513
f 611/7221/488 612/7218/515 507/496/514 462/471/489
f 505/498/516 506/499/517 461/465/483 460/464/482
f 504/500/518 505/498/516 460/464/482 409/441/459
f 503/501/519 504/500/518 409/7237/459 410/440/458
f 450/452/470 502/502/520 503/501/519 410/440/458
f 438/436/454 501/503/521 502/502/520 450/452/470
f 500/504/522 501/503/521 438/436/454 425/419/437
f 499/505/523 500/504/522 425/419/437 419/413/431
f 417/412/430 498/506/524 499/505/523 419/413/431
f 670/415/433 671/507/525 498/506/524 417/412/430
f 498/506/524 671/507/525 672/458/476 495/457/475
f 499/505/523 498/506/524 495/457/475 494/456/474
f 494/456/474 493/455/473 500/504/522 499/505/523
f 493/455/473 492/454/472 501/503/521 500/504/522
f 502/502/520 501/503/521 492/454/472 491/453/471
f 503/501/519 502/502/520 491/453/471 490/399/417
f 490/399/417 489/398/416 504/500/518 503/501/519
f 489/398/416 488/459/477 505/498/516 504/500/518
f 488/459/477 487/460/478 506/499/517 505/498/516
f 612/7218/515 613/7219/480 486/461/479 507/496/514
f 508/495/513 507/496/514 486/461/479 485/463/481
f 485/463/481 484/474/492 509/494/512 508/495/513
f 484/474/492 483/475/493 510/492/510 509/494/512
f 483/475/493 482/476/494 511/493/511 510/492/510
f 497/508/526 424/442/460 481/491/509 496/509/527
f 460/464/482 464/7216/485 474/7217/501 409/441/459
f 474/483/501 512/510/528 658/511/529 659/484/502
f 464/467/485 514/512/530 512/510/528 474/483/501
f 515/513/531 514/512/530 464/467/485 465/7208/484
f 609/7213/532 610/7206/487 466/468/486 516/515/533
f 517/516/534 516/515/533 466/468/486 467/472/490
f 467/472/490 473/481/499 518/517/535 517/516/534
f 519/518/536 518/517/535 473/481/499 471/478/496
f 520/519/537 519/518/536 471/478/496 472/477/495
f 513/520/538 521/521/539 476/486/504 475/7205/503
f 522/522/540 391/523/541 496/509/527 481/491/509
f 480/7214/508 523/7215/542 522/522/540 481/491/509
f 512/510/528 1786/525/543 1787/526/544 658/511/529
f 513/520/538 1788/527/545 1789/528/546 521/521/539
f 1789/528/546 1790/529/547 528/530/548 521/521/539
f 477/487/505 476/486/504 521/521/539 528/530/548
f 528/530/548 529/531/549 478/488/506 477/487/505
f 1790/529/547 1791/532/550 529/531/549 528/530/548
f 529/531/549 531/533/551 479/489/507 478/488/506
f 1791/532/550 1792/534/552 531/533/551 529/531/549
f 1793/535/553 1794/536/554 535/537/555 536/538/556
f 536/538/556 535/537/555 523/524/542 480/490/508
f 479/489/507 531/533/551 536/538/556 480/490/508
f 531/533/551 1792/534/552 1793/535/553 536/538/556
f 514/512/530 1785/539/557 1786/525/543 512/510/528
f 1784/540/558 1785/539/557 514/512/530 515/513/531
f 1782/541/559 1783/542/560 609/7213/532 516/515/533
f 1781/543/561 1782/541/559 516/515/533 517/516/534
f 1780/544/562 1781/543/561 517/516/534 518/517/535
f 1779/545/563 1780/544/562 518/517/535 519/518/536
f 1778/546/564 1779/545/563 519/518/536 520/519/537
f 607/7212/565 608/7198/566 539/549/567 544/550/568
f 544/550/568 546/551/569 606/7211/570 607/7212/565
f 50/553/571 606/7211/570 546/551/569 34/554/572
f 548/555/573 537/556/574 538/557/575 545/558/576
f 549/559/577 548/555/573 545/558/576 547/560/578
f 36/561/579 549/559/577 547/560/578 35/562/580
f 550/563/581 524/564/582 537/556/574 548/555/573
f 548/555/573 549/559/577 551/565/583 550/563/581
f 37/566/584 551/565/583 549/559/577 36/561/579
f 656/567/585 657/568/586 524/564/582 550/563/581
f 655/569/587 656/567/585 550/563/581 551/565/583
f 56/570/588 655/569/587 551/565/583 37/566/584
f 525/571/589 552/572/590 554/573/591 526/574/592
f 555/575/593 554/573/591 552/572/590 553/576/594
f 553/576/594 38/577/595 39/578/596 555/575/593
f 556/579/597 527/580/598 526/574/592 554/573/591
f 557/581/599 556/579/597 554/573/591 555/575/593
f 40/582/600 557/581/599 555/575/593 39/578/596
f 527/580/598 556/579/597 558/583/601 530/584/602
f 556/579/597 557/581/599 559/585/603 558/583/601
f 557/581/599 40/582/600 41/586/604 559/585/603
f 560/587/605 532/588/606 530/584/602 558/583/601
f 561/589/607 560/587/605 558/583/601 559/585/603
f 42/590/608 561/589/607 559/585/603 41/586/604
f 562/591/609 533/592/610 532/588/606 560/587/605
f 563/593/611 562/591/609 560/587/605 561/589/607
f 561/589/607 42/590/608 43/594/612 563/593/611
f 189/165/165 188/112/112 164/82/82 564/595/613
f 284/596/614 707/597/615 708/262/262 285/261/261
f 589/598/616 590/599/617 186/600/618 259/601/619
f 588/602/620 589/598/616 259/601/619 198/603/621
f 273/604/622 587/605/623 588/602/620 198/603/621
f 586/606/624 587/605/623 273/604/622 196/137/137
f 47/607/625 586/606/624 196/137/137 15/140/140
f 181/110/110 202/159/159 630/608/626 631/609/627
f 629/610/628 630/608/626 202/159/159 241/228/228
f 242/229/229 628/611/629 629/610/628 241/228/228
f 228/204/204 627/612/630 628/611/629 242/229/229
f 626/613/631 627/612/630 228/204/204 227/205/205
f 255/210/210 625/614/632 626/613/631 227/205/205
f 624/615/633 625/614/632 255/210/210 230/242/242
f 623/616/634 624/615/633 230/242/242 324/280/298
f 622/617/635 623/616/634 324/280/298 325/281/299
f 595/282/300 621/618/636 622/617/635 325/281/299
f 51/619/637 620/620/638 326/284/302 22/283/301
f 181/110/110 634/621/639 635/127/127 182/111/111
f 259/601/619 582/622/640 583/623/641 198/603/621
f 273/604/622 198/603/621 583/623/641 584/624/642
f 46/139/139 585/138/138 197/141/141 16/144/144
f 196/137/137 273/604/622 584/624/642 585/138/138
f 585/138/138 584/624/642 272/156/156 197/141/141
f 583/623/641 200/153/153 272/156/156 584/624/642
f 200/153/153 583/623/641 582/622/640 285/261/261
f 44/135/135 569/134/134 586/606/624 47/607/625
f 569/134/134 568/150/150 587/605/623 586/606/624
f 588/602/620 587/605/623 568/150/150 567/149/149
f 567/149/149 566/147/147 589/598/616 588/602/620
f 566/147/147 565/146/146 590/599/617 589/598/616
f 285/261/261 582/622/640 581/625/643 284/596/614
f 314/103/103 592/215/215 6349/214/214 6350/104/104
f 593/236/236 2969/271/289 2970/268/286 233/231/231
f 594/237/237 593/236/236 233/231/231 249/230/230
f 326/284/302 595/282/300 594/237/237 249/230/230
f 620/620/638 621/618/636 595/282/300 326/284/302
f 329/291/309 597/290/308 596/289/307 580/292/310
f 339/306/324 598/304/322 597/290/308 329/291/309
f 341/310/328 599/308/326 598/304/322 339/306/324
f 600/312/330 599/308/326 341/310/328 343/314/332
f 601/321/339 618/7209/338 605/7210/334 344/315/333
f 393/375/393 602/373/391 601/321/339 344/315/333
f 393/375/393 395/383/401 603/378/396 602/373/391
f 604/379/397 603/378/396 395/383/401 396/382/400
f 48/381/399 604/379/397 396/382/400 30/385/403
f 49/317/335 605/316/334 343/314/332 26/313/331
f 547/560/578 606/552/570 50/7173/571 35/562/580
f 607/547/565 606/552/570 547/560/578 545/558/576
f 538/557/575 608/548/566 607/547/565 545/558/576
f 609/514/532 1783/7199/560 1784/540/558 515/513/531
f 465/7208/484 610/469/487 609/514/532 515/513/531
f 611/470/488 610/7207/487 465/466/484 461/465/483
f 506/499/517 612/497/515 611/470/488 461/465/483
f 487/460/478 613/462/480 612/497/515 506/499/517
f 614/330/348 613/462/480 487/460/478 351/331/349
f 615/326/344 614/330/348 351/331/349 334/299/317
f 616/324/342 615/326/344 334/299/317 337/302/320
f 617/319/337 616/324/342 337/302/320 342/311/329
f 342/311/329 600/312/330 618/320/338 617/319/337
f 605/316/334 618/320/338 600/312/330 343/314/332
f 564/595/613 619/626/644 187/163/163 189/165/165
f 45/293/311 580/292/310 620/620/638 51/619/637
f 580/292/310 596/289/307 621/618/636 620/620/638
f 622/617/635 621/618/636 596/289/307 579/288/306
f 579/288/306 578/286/304 623/616/634 622/617/635
f 578/286/304 577/244/244 624/615/633 623/616/634
f 577/244/244 576/211/211 625/614/632 624/615/633
f 626/613/631 625/614/632 576/211/211 575/207/207
f 575/207/207 574/206/206 627/612/630 626/613/631
f 628/611/629 627/612/630 574/206/206 573/223/223
f 629/610/628 628/611/629 573/223/223 572/222/222
f 572/222/222 571/161/161 630/608/626 629/610/628
f 631/609/627 630/608/626 571/161/161 570/160/160
f 633/627/645 634/621/639 181/110/110 631/609/627
f 632/628/646 633/627/645 631/609/627 570/160/160
f 590/599/617 633/627/645 632/628/646 186/600/618
f 565/146/146 634/621/639 633/627/645 590/599/617
f 635/127/127 634/621/639 565/146/146 185/145/145
f 185/145/145 261/248/248 636/128/128 635/127/127
f 637/115/115 636/128/128 261/248/248 194/129/129
f 52/116/116 637/115/115 194/129/129 11/132/132
f 632/628/646 570/160/160 187/163/163 619/626/644
f 582/622/640 259/601/619 186/600/618 581/625/643
f 639/629/647 372/630/648 371/631/649 638/632/650
f 53/633/651 28/634/652 372/630/648 639/629/647
f 638/632/650 371/631/649 387/635/653 640/636/654
f 387/635/653 386/637/655 641/638/656 640/636/654
f 386/637/655 385/639/657 642/640/658 641/638/656
f 382/641/659 643/642/660 642/640/658 385/639/657
f 384/643/661 644/644/662 643/642/660 382/641/659
f 390/645/663 645/646/664 644/644/662 384/643/661
f 641/638/656 642/640/658 646/647/665 647/648/666
f 646/647/665 648/649/667 649/650/668 647/648/666
f 641/638/656 647/648/666 650/651/669 640/636/654
f 651/652/670 638/632/650 640/636/654 650/651/669
f 638/632/650 651/652/670 652/653/671 639/629/647
f 639/629/647 652/653/671 54/654/672 53/633/651
f 654/356/374 653/355/373 371/631/649 372/630/648
f 55/357/375 654/356/374 372/630/648 28/634/652
f 38/577/595 553/576/594 655/569/587 56/570/588
f 553/576/594 552/572/590 656/567/585 655/569/587
f 552/572/590 525/571/589 657/568/586 656/567/585
f 658/511/529 1787/526/544 1788/527/545 513/520/538
f 659/484/502 658/511/529 513/520/538 475/7205/503
f 660/438/456 659/7204/502 475/485/503 441/402/420
f 441/402/420 440/401/419 661/439/457 660/438/456
f 449/449/467 662/451/469 661/439/457 440/401/419
f 663/437/455 662/451/469 449/449/467 439/450/468
f 664/420/438 663/437/455 439/450/468 427/448/466
f 665/421/439 664/420/438 427/448/466 428/447/465
f 435/446/464 666/431/449 665/421/439 428/447/465
f 435/446/464 437/445/463 667/435/453 666/431/449
f 437/445/463 431/444/462 668/428/446 667/435/453
f 669/414/432 668/428/446 431/444/462 423/443/461
f 423/443/461 424/442/460 670/415/433 669/414/432
f 424/442/460 497/508/526 671/507/525 670/415/433
f 672/458/476 671/507/525 497/508/526 496/509/527
f 673/371/389 672/458/476 496/509/527 391/523/541
f 390/645/663 674/370/388 673/371/389 391/523/541
f 384/643/661 675/362/380 674/370/388 390/645/663
f 384/643/661 382/641/659 676/363/381 675/362/380
f 385/639/657 677/365/383 676/363/381 382/641/659
f 385/639/657 386/637/655 678/366/384 677/365/383
f 386/637/655 387/635/653 679/367/385 678/366/384
f 371/631/649 653/355/373 679/367/385 387/635/653
f 647/648/666 649/650/668 680/655/673 650/651/669
f 650/651/669 680/655/673 681/656/674 651/652/670
f 651/652/670 681/656/674 682/657/675 652/653/671
f 652/653/671 682/657/675 57/658/676 54/654/672
f 646/647/665 642/640/658 643/642/660 648/649/667
f 644/644/662 683/659/677 648/649/667 643/642/660
f 683/659/677 644/644/662 645/646/664 684/660/678
f 391/523/541 685/661/679 645/646/664 390/645/663
f 684/660/678 645/646/664 685/661/679 686/662/680
f 649/650/668 648/649/667 683/659/677 687/663/681
f 680/655/673 649/650/668 687/663/681 688/664/682
f 680/655/673 688/664/682 689/665/683 681/656/674
f 681/656/674 689/665/683 690/666/684 682/657/675
f 58/667/685 57/658/676 682/657/675 690/666/684
f 687/663/681 683/659/677 684/660/678 691/668/686
f 691/668/686 684/660/678 686/662/680 692/669/687
f 688/664/682 687/663/681 691/668/686 693/670/688
f 689/665/683 688/664/682 693/670/688 694/671/689
f 689/665/683 694/671/689 695/672/690 690/666/684
f 690/666/684 695/672/690 59/673/691 58/667/685
f 693/670/688 691/668/686 692/669/687 696/674/692
f 697/675/693 694/671/689 693/670/688 696/674/692
f 694/671/689 697/675/693 698/676/694 695/672/690
f 695/672/690 698/676/694 60/677/695 59/673/691
f 700/678/696 546/551/569 544/550/568 699/679/697
f 61/680/698 34/554/572 546/551/569 700/678/696
f 699/679/697 544/550/568 539/549/567 540/681/699
f 700/678/696 701/682/700 62/683/701 61/680/698
f 699/679/697 702/684/702 701/682/700 700/678/696
f 702/684/702 699/679/697 540/681/699 541/685/703
f 703/686/704 702/684/702 541/685/703 542/687/705
f 703/686/704 704/688/706 701/682/700 702/684/702
f 63/689/707 62/683/701 701/682/700 704/688/706
f 64/690/708 63/689/707 704/688/706 705/691/709
f 706/692/710 705/691/709 704/688/706 703/686/704
f 543/693/711 706/692/710 703/686/704 542/687/705
f 581/625/643 186/600/618 632/628/646 284/596/614
f 715/694/712 716/695/713 289/81/81 290/259/259
f 714/696/714 715/694/712 290/259/259 163/75/75
f 713/697/715 714/696/714 163/75/75 271/76/76
f 712/698/716 713/697/715 271/76/76 162/77/77
f 66/699/717 712/698/716 162/77/77 9/78/78
f 619/626/644 707/597/615 284/596/614 632/628/646
f 65/143/143 711/142/142 712/698/716 66/699/717
f 711/142/142 710/155/155 713/697/715 712/698/716
f 710/155/155 709/154/154 714/696/714 713/697/715
f 709/154/154 708/262/262 715/694/712 714/696/714
f 708/262/262 707/597/615 716/695/713 715/694/712
f 164/82/82 289/81/81 716/695/713 564/595/613
f 564/595/613 716/695/713 707/597/615 619/626/644
f 68/700/718 717/701/719 718/702/720 67/703/721
f 717/701/719 719/704/722 720/705/723 718/702/720
f 722/706/724 69/707/725 70/708/726 721/709/727
f 721/709/727 723/710/728 724/711/729 722/706/724
f 726/712/730 724/711/729 723/710/728 725/713/731
f 725/713/731 727/714/732 728/715/733 726/712/730
f 732/716/734 729/6779/735 730/6769/736 731/719/737
f 719/704/722 735/720/738 736/721/739 720/705/723
f 734/722/740 1820/723/741 1821/724/742 733/725/743
f 736/721/739 735/720/738 729/6779/735 732/716/734
f 729/6779/735 735/720/738 847/726/744 848/6771/745
f 740/728/746 739/6778/747 738/6770/748 737/731/749
f 67/703/721 718/702/720 744/732/750 71/733/751
f 720/705/723 743/734/752 744/732/750 718/702/720
f 736/721/739 732/716/734 741/735/753 742/736/754
f 744/732/750 743/734/752 403/392/410 402/391/409
f 71/733/751 744/732/750 402/391/409 33/390/408
f 742/736/754 743/734/752 720/705/723 736/721/739
f 743/734/752 742/736/754 404/393/411 403/392/410
f 404/393/411 742/736/754 741/735/753 408/397/415
f 1821/724/742 1822/737/755 849/738/756 733/725/743
f 1823/739/757 1824/740/758 746/741/759 745/742/760
f 3187/743/761 3188/6750/762 821/745/763 822/746/764
f 3188/744/762 3189/747/765 1798/748/766 821/6751/763
f 739/6778/747 740/728/746 748/749/767 747/750/768
f 822/746/764 823/751/769 3186/752/770 3187/743/761
f 747/6772/768 1799/753/771 1800/6761/772 739/6777/747
f 1824/740/758 1825/755/773 1801/756/774 746/741/759
f 752/757/775 756/758/776 757/759/777 754/6760/778
f 3190/761/779 3191/762/780 835/763/781 836/764/782
f 834/765/783 835/763/781 3191/762/780 3192/766/784
f 761/6776/785 871/6764/786 872/769/787 760/770/788
f 870/771/789 1827/772/790 1828/773/791 762/774/792
f 1828/773/791 1829/775/793 764/776/794 762/774/792
f 760/770/788 765/777/795 763/6775/796 761/6776/785
f 831/779/797 832/780/798 3194/781/799 3195/782/800
f 832/780/798 833/783/801 3193/784/802 3194/781/799
f 3192/766/784 3193/784/802 833/783/801 834/765/783
f 773/785/803 874/786/804 875/787/805 772/788/806
f 775/789/807 773/785/803 772/788/806 774/790/808
f 777/791/809 766/792/810 771/793/811 776/794/812
f 779/795/813 777/791/809 776/794/812 778/796/814
f 766/792/810 777/791/809 779/795/813 767/797/815
f 776/794/812 771/793/811 759/798/816 778/796/814
f 873/799/817 874/786/804 773/785/803 780/800/818
f 872/769/787 873/799/817 780/800/818 760/770/788
f 782/801/819 775/789/807 774/790/808 781/802/820
f 773/785/803 775/789/807 782/801/819 780/800/818
f 765/777/795 760/770/788 780/800/818 782/801/819
f 781/802/820 783/803/821 765/777/795 782/801/819
f 765/777/795 783/803/821 784/7056/822 763/6775/796
f 764/776/794 1829/775/793 1830/805/823 785/7045/824
f 767/797/815 779/795/813 786/807/825 787/808/826
f 830/809/827 831/779/797 3195/782/800 3196/810/828
f 875/787/805 876/811/829 789/812/830 772/788/806
f 774/790/808 772/788/806 789/812/830 790/813/831
f 774/790/808 790/813/831 791/814/832 781/802/820
f 787/808/826 786/807/825 73/815/833 72/816/834
f 84/817/835 830/809/827 3196/810/828 3197/818/836
f 876/811/829 88/819/837 75/820/838 789/812/830
f 790/813/831 789/812/830 75/820/838 76/821/839
f 791/814/832 790/813/831 76/821/839 77/822/840
f 87/823/841 851/824/842 791/814/832 77/822/840
f 791/814/832 851/824/842 852/825/843 781/802/820
f 792/826/844 778/796/814 759/798/816 758/827/845
f 727/714/732 749/828/846 753/829/847 728/715/733
f 793/830/848 750/831/849 749/828/846 727/714/732
f 793/6773/848 1796/832/850 1797/833/851 750/6774/849
f 794/834/852 792/826/844 758/827/845 751/835/853
f 727/714/732 795/836/854 796/837/855 793/830/848
f 727/714/732 725/713/731 797/838/856 795/836/854
f 1795/839/857 1796/832/850 793/6773/848 796/6759/855
f 794/834/852 798/840/858 799/841/859 792/826/844
f 800/842/860 778/796/814 792/826/844 799/841/859
f 778/796/814 800/842/860 801/843/861 779/795/813
f 786/807/825 802/844/862 78/845/863 73/815/833
f 802/844/862 786/807/825 779/795/813 801/843/861
f 803/846/864 797/838/856 725/713/731 723/710/728
f 804/847/865 803/846/864 723/710/728 721/709/727
f 79/848/866 804/847/865 721/709/727 70/708/726
f 722/706/724 820/849/867 82/850/868 69/707/725
f 829/851/869 83/852/870 3179/853/871 3180/854/872
f 806/855/873 844/856/874 86/857/875 81/858/876
f 724/711/729 819/859/877 820/849/867 722/706/724
f 726/712/730 818/860/878 819/859/877 724/711/729
f 726/712/730 728/715/733 817/861/879 818/860/878
f 728/715/733 753/829/847 816/862/880 817/861/879
f 823/751/769 824/863/881 3185/864/882 3186/752/770
f 3183/865/883 3184/866/884 825/867/885 826/868/886
f 826/868/886 827/869/887 3182/870/888 3183/865/883
f 3181/871/889 3182/870/888 827/869/887 828/872/890
f 828/872/890 829/851/869 3180/854/872 3181/871/889
f 824/863/881 825/867/885 3184/866/884 3185/864/882
f 817/861/879 816/862/880 810/873/891 809/874/892
f 818/860/878 817/861/879 809/874/892 808/875/893
f 819/859/877 818/860/878 808/875/893 807/876/894
f 820/849/867 819/859/877 807/876/894 805/877/895
f 82/850/868 820/849/867 805/877/895 80/878/896
f 822/746/764 821/745/763 747/750/768 748/749/767
f 740/728/746 823/751/769 822/746/764 748/749/767
f 815/879/897 824/863/881 823/751/769 740/728/746
f 811/880/898 825/867/885 824/863/881 815/879/897
f 826/868/886 825/867/885 811/880/898 812/881/899
f 813/882/900 827/869/887 826/868/886 812/881/899
f 828/872/890 827/869/887 813/882/900 814/883/901
f 806/855/873 829/851/869 828/872/890 814/883/901
f 81/858/876 83/852/870 829/851/869 806/855/873
f 788/884/902 830/809/827 84/817/835 74/885/903
f 768/886/904 831/779/797 830/809/827 788/884/902
f 769/887/905 832/780/798 831/779/797 768/886/904
f 769/887/905 770/888/906 833/783/801 832/780/798
f 834/765/783 833/783/801 770/888/906 757/759/777
f 756/758/776 835/763/781 834/765/783 757/759/777
f 836/764/782 835/763/781 756/758/776 752/757/775
f 747/6772/768 821/6751/763 1798/748/766 1799/753/771
f 838/889/907 837/890/908 735/720/738 719/704/722
f 837/890/908 846/891/909 847/726/744 735/720/738
f 85/892/910 840/893/911 717/701/719 68/700/718
f 719/704/722 717/701/719 840/893/911 838/889/907
f 740/728/746 737/731/749 839/894/912 815/879/897
f 815/879/897 839/894/912 841/895/913 811/880/898
f 845/896/914 846/891/909 837/890/908 842/897/915
f 843/898/916 842/897/915 837/890/908 838/889/907
f 86/857/875 844/856/874 840/893/911 85/892/910
f 844/856/874 843/898/916 838/889/907 840/893/911
f 841/895/913 839/894/912 846/891/909 845/896/914
f 847/726/744 846/891/909 839/894/912 737/731/749
f 848/6771/745 847/726/744 737/731/749 738/6770/748
f 1822/737/755 1823/739/757 745/742/760 849/738/756
f 814/883/901 843/898/916 844/856/874 806/855/873
f 843/898/916 814/883/901 813/882/900 842/897/915
f 812/881/899 845/896/914 842/897/915 813/882/900
f 812/881/899 811/880/898 841/895/913 845/896/914
f 850/899/917 482/476/494 408/397/415 741/735/753
f 731/719/737 850/899/917 741/735/753 732/716/734
f 781/802/820 852/825/843 853/900/918 783/803/821
f 705/691/709 851/824/842 87/823/841 64/690/708
f 852/825/843 851/824/842 705/691/709 706/692/710
f 853/900/918 852/825/843 706/692/710 543/693/711
f 520/519/537 854/901/919 1777/902/920 1778/546/564
f 472/477/495 855/903/921 854/901/919 520/519/537
f 855/903/921 472/477/495 470/7203/498 856/7202/922
f 511/493/511 857/905/923 856/904/922 470/480/498
f 857/905/923 511/493/511 482/476/494 850/899/917
f 859/906/924 868/907/925 1832/908/926 1833/909/927
f 1833/909/927 1834/910/928 867/911/929 859/906/924
f 861/912/930 1835/913/931 1820/723/741 734/722/740
f 854/901/919 862/914/932 1776/915/933 1777/902/920
f 855/903/921 863/916/934 862/914/932 854/901/919
f 856/7202/922 864/7201/935 863/916/934 855/903/921
f 864/917/935 856/904/922 857/905/923 865/918/936
f 865/918/936 857/905/923 850/899/917 731/719/737
f 731/719/737 730/6769/736 860/6768/937 865/918/936
f 867/911/929 1834/910/928 1835/913/931 861/912/930
f 865/918/936 860/6768/937 866/6767/938 864/917/935
f 858/6766/939 863/916/934 864/7201/935 866/7200/938
f 1831/922/940 1832/908/926 868/907/925 1774/923/941
f 869/6765/942 862/914/932 863/916/934 858/6766/939
f 862/914/932 869/6765/942 1775/6763/943 1776/915/933
f 1826/926/944 1827/772/790 870/771/789 755/927/945
f 872/769/787 871/6764/786 754/6760/778 757/759/777
f 770/888/906 873/799/817 872/769/787 757/759/777
f 770/888/906 769/887/905 874/786/804 873/799/817
f 875/787/805 874/786/804 769/887/905 768/886/904
f 788/884/902 876/811/829 875/787/805 768/886/904
f 74/885/903 88/819/837 876/811/829 788/884/902
f 896/928/946 1121/929/947 1122/930/948 881/931/949
f 1109/932/950 1110/933/951 895/934/952 883/935/953
f 1159/936/954 1160/937/955 896/928/946 881/931/949
f 1117/938/956 1118/939/957 899/940/958 889/941/959
f 900/942/960 1113/943/961 1114/944/962 891/945/963
f 1163/946/964 1164/947/965 889/941/959 899/940/958
f 884/948/966 895/934/952 1110/933/951 1111/949/967
f 1160/937/955 1161/950/968 882/951/969 896/928/946
f 882/951/969 1120/952/970 1121/929/947 896/928/946
f 890/953/971 899/940/958 1118/939/957 1119/954/972
f 1162/955/973 1163/946/964 899/940/958 890/953/971
f 892/956/974 1112/957/975 1113/943/961 900/942/960
f 904/958/976 1180/959/977 1181/960/978 942/961/979
f 908/962/980 1218/963/981 1219/964/982 938/965/983
f 1178/966/984 1179/967/985 909/968/986 945/969/987
f 916/970/988 1214/971/989 1215/972/990 966/973/991
f 918/974/992 1080/975/993 1081/976/994 939/977/995
f 920/978/996 1076/979/997 1077/980/998 967/981/999
f 1094/982/1000 1095/983/1001 921/984/1002 948/985/1003
f 1096/986/1004 1097/987/1005 943/988/1006 923/989/1007
f 1104/990/1008 1105/991/1009 947/992/1010 926/993/1011
f 1102/994/1012 1103/995/1013 927/996/1014 944/997/1015
f 1086/998/1016 1087/999/1017 929/1000/1018 940/1001/1019
f 1090/1002/1020 1091/1003/1021 931/1004/1022 968/1005/1023
f 1226/1006/1024 1227/1007/1025 918/974/992 939/977/995
f 967/981/999 1230/1008/1026 1231/1009/1027 920/978/996
f 934/1010/1028 1216/1011/1029 1217/1012/1030 915/1013/1031
f 935/1014/1032 1078/1015/1033 1079/1016/1034 919/1017/1035
f 919/1017/1035 1228/1018/1036 1229/1019/1037 935/1014/1032
f 1088/1020/1038 1089/1021/1039 936/1022/1040 932/1023/1041
f 938/965/983 1219/964/982 1220/1024/1042 907/1025/1043
f 939/977/995 1081/976/994 1082/1026/1044 917/1027/1045
f 1225/1028/1046 1226/1006/1024 939/977/995 917/1027/1045
f 1085/1029/1047 1086/998/1016 940/1001/1019 930/1030/1048
f 943/988/1006 1188/1031/1049 1189/1032/1050 923/989/1007
f 921/984/1002 1190/1033/1051 1191/1034/1052 948/985/1003
f 942/961/979 1181/960/978 1182/1035/1053 903/1036/1054
f 924/1037/1055 943/988/1006 1097/987/1005 1098/1038/1056
f 924/1037/1055 1187/1039/1057 1188/1031/1049 943/988/1006
f 1101/1040/1058 1102/994/1012 944/997/1015 928/1041/1059
f 1177/1042/1060 1178/966/984 945/969/987 910/1043/1061
f 1105/991/1009 1106/1044/1062 925/1045/1063 947/992/1010
f 948/985/1003 1191/1034/1052 1192/1046/1064 922/1047/1065
f 1093/1048/1066 1094/982/1000 948/985/1003 922/1047/1065
f 1170/1049/1067 1171/1050/1068 877/1051/1069 887/1052/1070
f 904/958/976 909/968/986 1179/967/985 1180/959/977
f 908/962/980 915/1013/1031 1217/1012/1030 1218/963/981
f 918/974/992 919/1017/1035 1079/1016/1034 1080/975/993
f 919/1017/1035 918/974/992 1227/1007/1025 1228/1018/1036
f 1189/1032/1050 1190/1033/1051 921/984/1002 923/989/1007
f 926/993/1011 927/996/1014 1103/995/1013 1104/990/1008
f 929/1000/1018 1087/999/1017 1088/1020/1038 932/1023/1041
f 882/951/969 890/953/971 1119/954/972 1120/952/970
f 1161/950/968 1162/955/973 890/953/971 882/951/969
f 1111/949/967 1112/957/975 892/956/974 884/948/966
f 950/1053/1071 1176/6828/1072 1177/1042/1060 910/1043/1061
f 1213/1055/1073 1214/971/989 916/970/988 951/1056/1074
f 1172/1057/1075 1173/1058/1076 953/6862/1077 880/1060/1078
f 954/1061/1079 1357/1062/1080 1358/1063/1081 956/1064/1082
f 1354/1065/1083 1355/1066/1084 1108/1067/1085 957/6857/1086
f 957/6857/1086 959/1069/1087 1353/1070/1088 1354/1065/1083
f 1106/1044/1062 1107/6834/1089 958/6832/1090 925/1045/1063
f 1108/6861/1085 1109/932/950 883/935/953 957/1068/1086
f 922/1047/1065 1192/1046/1064 1193/1073/1091 961/6839/1092
f 922/1047/1065 961/6839/1092 1092/6836/1093 1093/1048/1066
f 1095/983/1001 1096/986/1004 923/989/1007 921/984/1002
f 962/6863/1094 1158/6854/1095 1159/936/954 881/931/949
f 881/931/949 1122/930/948 1123/1078/1096 962/6863/1094
f 961/1074/1092 963/1079/1097 1359/1080/1098 1360/1081/1099
f 966/973/991 1215/972/990 1216/1011/1029 934/1010/1028
f 967/981/999 1077/980/998 1078/1015/1033 935/1014/1032
f 935/1014/1032 1229/1019/1037 1230/1008/1026 967/981/999
f 1089/1021/1039 1090/1002/1020 968/1005/1023 936/1022/1040
f 969/1082/1100 1175/1083/1101 1176/1054/1072 950/6838/1071
f 1173/6853/1076 1174/1084/1102 970/1085/1103 953/1059/1077
f 1363/1086/1104 1364/1087/1105 969/1082/1100 950/6838/1071
f 1360/1081/1099 1361/1088/1106 1092/1075/1093 961/1074/1092
f 1182/1035/1053 1319/1089/1107 1320/1090/1108 903/1036/1054
f 1220/1024/1042 1331/1091/1109 1332/1092/1110 907/1025/1043
f 888/1093/1111 1305/1094/1112 1306/1095/1113 1169/1096/1114
f 978/1097/1115 1083/1098/1116 1223/1099/1117 1224/1100/1118
f 1185/1101/1119 1186/1102/1120 979/1103/1121 1099/1104/1122
f 924/1037/1055 1323/1105/1123 1324/1106/1124 1187/1039/1057
f 1335/1107/1125 1336/1108/1126 1225/1028/1046 917/1027/1045
f 1338/1109/1127 1339/1110/1128 1085/1029/1047 930/1030/1048
f 1334/1111/1129 1335/1107/1125 917/1027/1045 1082/1026/1044
f 1322/1112/1130 1323/1105/1123 924/1037/1055 1098/1038/1056
f 928/1041/1059 1326/1113/1131 1327/1114/1132 1101/1040/1058
f 982/1115/1133 1165/1116/1134 1166/1117/1135 1116/1118/1136
f 1313/1119/1137 1314/1120/1138 889/941/959 1164/947/965
f 1314/1120/1138 1315/1121/1139 1117/938/956 889/941/959
f 1114/944/962 1310/1122/1140 1311/1123/1141 891/945/963
f 986/1124/1142 1251/1125/1143 1252/1126/1144 985/1127/1145
f 970/1085/1103 1365/1128/1146 1366/1129/1147 953/1059/1077
f 1123/6859/1096 1368/1130/1148 1369/1131/1149 962/1076/1094
f 985/6886/1145 1252/6877/1144 1283/1132/1150 1284/1133/1151
f 987/6887/1152 1124/6885/1153 1286/1136/1154 1287/1137/1155
f 987/6887/1152 1287/1137/1155 1288/1138/1156 1265/1139/1157
f 992/6880/1158 1290/1141/1159 1291/1142/1160 1135/1143/1161
f 994/1144/1162 1263/1145/1163 1264/1146/1164 990/1147/1165
f 1262/1148/1166 1295/1149/1167 1296/1150/1168 995/1151/1169
f 998/1152/1170 1261/1153/1171 1262/1148/1166 995/1151/1169
f 998/1152/1170 1341/1154/1172 1342/1155/1173 1261/1153/1171
f 1259/1156/1174 1260/1157/1175 999/1158/1176 1129/1159/1177
f 1256/1160/1178 1349/1161/1179 1350/1162/1180 1003/1163/1181
f 1006/1164/1182 1255/1165/1183 1256/1160/1178 1003/1163/1181
f 997/1166/1184 1131/1167/1185 1132/1168/1186 996/1169/1187
f 995/1151/1169 1127/1170/1188 1128/1171/1189 998/1152/1170
f 1352/1172/1190 1341/1154/1172 998/1152/1170 1128/1171/1189
f 1344/1173/1191 1345/1174/1192 1131/1167/1185 997/1166/1184
f 1133/1175/1193 1134/1176/1194 991/1177/1195 993/1178/1196
f 1304/1179/1197 1293/1180/1198 996/1169/1187 1132/1168/1186
f 1125/1181/1199 1126/1182/1200 994/1144/1162 990/1147/1165
f 1296/1150/1168 1297/1183/1201 1127/1170/1188 995/1151/1169
f 989/1184/1202 1253/1185/1203 1254/1186/1204 1008/1187/1205
f 1299/1188/1206 1300/1189/1207 1255/1165/1183 1006/1164/1182
f 1369/1131/1149 1370/1190/1208 1010/1191/1209 962/1076/1094
f 1010/1191/1209 1157/1192/1210 1158/1077/1095 962/1076/1094
f 1193/6831/1091 1194/1193/1211 963/1079/1097 961/1074/1092
f 920/978/996 1231/1009/1027 1232/1194/1212 1011/1195/1213
f 1011/1195/1213 1075/1196/1214 1076/979/997 920/978/996
f 1265/6879/1157 1266/1197/1215 1009/1198/1216 987/1134/1152
f 1012/1199/1217 992/1140/1158 1135/6883/1161 1136/1200/1218
f 1014/7159/1219 1013/7068/1220 951/1056/1074 916/970/988
f 1015/7158/1221 1014/7159/1219 916/970/988 966/973/991
f 1016/7157/1222 1015/7158/1221 966/973/991 934/1010/1028
f 1017/7156/1223 1016/7157/1222 934/1010/1028 915/1013/1031
f 1018/7155/1224 1017/7156/1223 915/1013/1031 908/962/980
f 1019/7154/1225 1018/7155/1224 908/962/980 938/965/983
f 1020/7153/1226 1019/7154/1225 938/965/983 907/1025/1043
f 1332/1092/1110 1333/1209/1227 1020/7153/1226 907/1025/1043
f 1221/1210/1228 1222/1211/1229 1021/7086/1230 974/1213/1231
f 1340/7084/1232 1329/1215/1233 906/1216/1234 1023/7152/1235
f 937/1218/1236 1024/7151/1237 1023/7152/1235 906/1216/1234
f 905/1220/1238 1025/7150/1239 1024/7151/1237 937/1218/1236
f 1026/7149/1240 1025/7150/1239 905/1220/1238 914/1223/1241
f 933/1224/1242 1027/7148/1243 1026/7149/1240 914/1223/1241
f 965/1226/1244 1028/7147/1245 1027/7148/1243 933/1224/1242
f 913/1228/1246 1029/1229/1247 1028/7147/1245 965/1226/1244
f 1030/6837/1248 1362/7075/1249 1363/1086/1104 950/6838/1071
f 1031/7144/1250 1030/7145/1248 950/1053/1071 910/1043/1061
f 945/969/987 1032/7143/1251 1031/7144/1250 910/1043/1061
f 909/968/986 1033/7142/1252 1032/7143/1251 945/969/987
f 909/968/986 904/958/976 1034/7141/1253 1033/7142/1252
f 942/961/979 1035/7140/1254 1034/7141/1253 904/958/976
f 1036/7139/1255 1035/7140/1254 942/961/979 903/1036/1054
f 1320/1090/1108 1321/1238/1256 1036/7139/1255 903/1036/1054
f 1183/1239/1257 1184/1240/1258 1037/7090/1259 972/1242/1260
f 1039/7138/1261 1328/7088/1262 1317/1245/1263 902/1246/1264
f 941/1247/1265 1040/7137/1266 1039/7138/1261 902/1246/1264
f 901/1249/1267 1041/7136/1268 1040/7137/1266 941/1247/1265
f 1042/7135/1269 1041/7136/1268 901/1249/1267 912/1252/1270
f 946/1253/1271 1043/7134/1272 1042/7135/1269 912/1252/1270
f 911/1255/1273 1044/7133/1274 1043/7134/1272 946/1253/1271
f 949/6833/1275 1045/6835/1276 1044/7133/1274 911/1255/1273
f 954/1061/1079 1046/6860/1277 1356/7078/1278 1357/1062/1080
f 879/1261/1279 1047/7130/1280 1046/7131/1277 954/6856/1079
f 894/1263/1281 1048/7129/1282 1047/7130/1280 879/1261/1279
f 1049/7128/1283 1048/7129/1282 894/1263/1281 878/1266/1284
f 878/1266/1284 886/1267/1285 1050/7127/1286 1049/7128/1283
f 1051/7126/1287 1050/7127/1286 886/1267/1285 897/1270/1288
f 1052/7125/1289 1051/7126/1287 897/1270/1288 885/1272/1290
f 885/1272/1290 1308/1273/1291 1309/1274/1292 1052/7125/1289
f 1054/1275/1293 1167/7110/1294 1168/1277/1295 975/1278/1296
f 1316/7092/1297 1305/1094/1112 888/1093/1111 1055/7124/1298
f 898/1281/1299 1056/7123/1300 1055/7124/1298 888/1093/1111
f 1057/7122/1301 1056/7123/1300 898/1281/1299 887/1052/1070
f 1058/7121/1302 1057/7122/1301 887/1052/1070 877/1051/1069
f 1059/7120/1303 1058/7121/1302 877/1051/1069 893/1286/1304
f 1060/7119/1305 1059/7120/1303 893/1286/1304 880/1060/1078
f 1061/6858/1306 1060/7119/1305 880/1060/1078 953/6862/1077
f 1366/1129/1147 1367/1289/1307 1061/7117/1306 953/1059/1077
f 1284/1133/1151 1285/1290/1308 1062/7072/1309 985/6886/1145
f 989/1184/1202 1008/1187/1205 1064/1292/1310 1063/7102/1311
f 1298/7098/1312 1299/1188/1206 1006/1164/1182 1065/7116/1313
f 1066/7115/1314 1065/7116/1313 1006/1164/1182 1003/1163/1181
f 1350/1162/1180 1351/1297/1315 1066/7115/1314 1003/1163/1181
f 1257/1298/1316 1258/1299/1317 1067/7080/1318 1001/1301/1319
f 1346/7082/1320 1347/1303/1321 1004/1304/1322 1069/7114/1323
f 1070/7113/1324 1069/7114/1323 1004/1304/1322 1005/1307/1325
f 1302/1308/1326 1303/1309/1327 1070/7113/1324 1005/1307/1325
f 1007/1310/1328 988/1311/1329 1072/1312/1330 1071/7096/1331
f 1073/6882/1332 1292/7100/1333 1281/1316/1334 984/1317/1335
f 1074/1318/1336 1073/7111/1332 984/6881/1335 983/1319/1337
f 1076/979/997 1075/1196/1214 1013/1202/1220 1014/1201/1219
f 1077/980/998 1076/979/997 1014/1201/1219 1015/1203/1221
f 1078/1015/1033 1077/980/998 1015/1203/1221 1016/1204/1222
f 1079/1016/1034 1078/1015/1033 1016/1204/1222 1017/1205/1223
f 1080/975/993 1079/1016/1034 1017/1205/1223 1018/1206/1224
f 1081/976/994 1080/975/993 1018/1206/1224 1019/1207/1225
f 1082/1026/1044 1081/976/994 1019/1207/1225 1020/1208/1226
f 1333/7085/1227 1334/1111/1129 1082/1026/1044 1020/1208/1226
f 1222/7105/1229 1223/1099/1117 1083/1098/1116 1021/1212/1230
f 1339/1110/1128 1340/1214/1232 1023/1217/1235 1085/1029/1047
f 1023/1217/1235 1024/1219/1237 1086/998/1016 1085/1029/1047
f 1024/1219/1237 1025/1221/1239 1087/999/1017 1086/998/1016
f 1088/1020/1038 1087/999/1017 1025/1221/1239 1026/1222/1240
f 1026/1222/1240 1027/1225/1243 1089/1021/1039 1088/1020/1038
f 1027/1225/1243 1028/1227/1245 1090/1002/1020 1089/1021/1039
f 1028/1227/1245 1029/7074/1247 1091/1003/1021 1090/1002/1020
f 1092/1075/1093 1361/1088/1106 1362/1231/1249 1030/7146/1248
f 1093/1048/1066 1092/6836/1093 1030/1230/1248 1031/1232/1250
f 1031/1232/1250 1032/1233/1251 1094/982/1000 1093/1048/1066
f 1032/1233/1251 1033/1234/1252 1095/983/1001 1094/982/1000
f 1033/1234/1252 1034/1235/1253 1096/986/1004 1095/983/1001
f 1034/1235/1253 1035/1236/1254 1097/987/1005 1096/986/1004
f 1098/1038/1056 1097/987/1005 1035/1236/1254 1036/1237/1255
f 1321/7089/1256 1322/1112/1130 1098/1038/1056 1036/1237/1255
f 1184/7107/1258 1185/1101/1119 1099/1104/1122 1037/1241/1259
f 1101/1040/1058 1327/1114/1132 1328/1244/1262 1039/1243/1261
f 1039/1243/1261 1040/1248/1266 1102/994/1012 1101/1040/1058
f 1040/1248/1266 1041/1250/1268 1103/995/1013 1102/994/1012
f 1104/990/1008 1103/995/1013 1041/1250/1268 1042/1251/1269
f 1042/1251/1269 1043/1254/1272 1105/991/1009 1104/990/1008
f 1043/1254/1272 1044/1256/1274 1106/1044/1062 1105/991/1009
f 1044/1256/1274 1045/7076/1276 1107/6834/1089 1106/1044/1062
f 1355/1066/1084 1356/1260/1278 1046/7132/1277 1108/1067/1085
f 1046/1259/1277 1047/1262/1280 1109/932/950 1108/6861/1085
f 1047/1262/1280 1048/1264/1282 1110/933/951 1109/932/950
f 1111/949/967 1110/933/951 1048/1264/1282 1049/1265/1283
f 1049/1265/1283 1050/1268/1286 1112/957/975 1111/949/967
f 1113/943/961 1112/957/975 1050/1268/1286 1051/1269/1287
f 1114/944/962 1113/943/961 1051/1269/1287 1052/1271/1289
f 1052/1271/1289 1309/7093/1292 1310/1122/1140 1114/944/962
f 1116/1118/1136 1166/1117/1135 1167/1276/1294 1054/7091/1293
f 1315/1121/1139 1316/1279/1297 1055/1280/1298 1117/938/956
f 1055/1280/1298 1056/1282/1300 1118/939/957 1117/938/956
f 1119/954/972 1118/939/957 1056/1282/1300 1057/1283/1301
f 1120/952/970 1119/954/972 1057/1283/1301 1058/1284/1302
f 1121/929/947 1120/952/970 1058/1284/1302 1059/1285/1303
f 1122/930/948 1121/929/947 1059/1285/1303 1060/1287/1305
f 1123/1078/1096 1122/930/948 1060/1287/1305 1061/7118/1306
f 1061/1288/1306 1367/7071/1307 1368/1130/1148 1123/6859/1096
f 1285/7101/1308 1286/1136/1154 1124/6885/1153 1062/6884/1309
f 1063/1293/1311 1064/7097/1310 1126/1182/1200 1125/1181/1199
f 1297/1183/1201 1298/1294/1312 1065/1295/1313 1127/1170/1188
f 1128/1171/1189 1127/1170/1188 1065/1295/1313 1066/1296/1314
f 1351/7079/1315 1352/1172/1190 1128/1171/1189 1066/1296/1314
f 1258/7103/1317 1259/1156/1174 1129/1159/1177 1067/1300/1318
f 1345/1174/1192 1346/1302/1320 1069/1305/1323 1131/1167/1185
f 1132/1168/1186 1131/1167/1185 1069/1305/1323 1070/1306/1324
f 1303/7095/1327 1304/1179/1197 1132/1168/1186 1070/1306/1324
f 1071/1313/1331 1072/7099/1330 1134/1176/1194 1133/1175/1193
f 1135/1143/1161 1291/1142/1160 1292/1315/1333 1073/7112/1332
f 1136/1200/1218 1135/6883/1161 1073/1314/1332 1074/7070/1336
f 1138/6855/1338 1137/1321/1339 959/1069/1087 957/6857/1086
f 1139/1322/1340 1138/1320/1338 957/1068/1086 883/935/953
f 895/934/952 1140/1323/1341 1139/1322/1340 883/935/953
f 884/948/966 1141/1324/1342 1140/1323/1341 895/934/952
f 892/956/974 1142/1325/1343 1141/1324/1342 884/948/966
f 900/942/960 1143/1326/1344 1142/1325/1343 892/956/974
f 891/945/963 1144/1327/1345 1143/1326/1344 900/942/960
f 1311/1123/1141 1312/1328/1346 1144/1327/1345 891/945/963
f 1146/1329/1347 1145/1330/1348 981/1331/1349 1115/1332/1350
f 1147/7109/1351 1146/1329/1347 1115/1332/1350 1053/1334/1352
f 1148/1335/1353 1147/1333/1351 1053/7094/1352 976/1336/1354
f 1149/1337/1355 1307/1338/1356 1308/1273/1291 885/1272/1290
f 1150/1339/1357 1149/1337/1355 885/1272/1290 897/1270/1288
f 1151/1340/1358 1150/1339/1357 897/1270/1288 886/1267/1285
f 878/1266/1284 1152/1341/1359 1151/1340/1358 886/1267/1285
f 894/1263/1281 1153/1342/1360 1152/1341/1359 878/1266/1284
f 1154/1343/1361 1153/1342/1360 894/1263/1281 879/1261/1279
f 954/6856/1079 1155/6852/1362 1154/1343/1361 879/1261/1279
f 956/1064/1082 1156/1345/1363 1155/1344/1362 954/1061/1079
f 1158/1077/1095 1157/1192/1210 1137/1321/1339 1138/6855/1338
f 1159/936/954 1158/6854/1095 1138/1320/1338 1139/1322/1340
f 1139/1322/1340 1140/1323/1341 1160/937/955 1159/936/954
f 1140/1323/1341 1141/1324/1342 1161/950/968 1160/937/955
f 1142/1325/1343 1143/1326/1344 1163/946/964 1162/955/973
f 1143/1326/1344 1144/1327/1345 1164/947/965 1163/946/964
f 1312/1328/1346 1313/1119/1137 1164/947/965 1144/1327/1345
f 1166/1117/1135 1165/1116/1134 1145/1330/1348 1146/1329/1347
f 1167/1276/1294 1166/1117/1135 1146/1329/1347 1147/7109/1351
f 1168/1277/1295 1167/7110/1294 1147/1333/1351 1148/1335/1353
f 1169/1096/1114 1306/1095/1113 1307/1338/1356 1149/1337/1355
f 1151/1340/1358 1152/1341/1359 1171/1050/1068 1170/1049/1067
f 1154/1343/1361 1155/6852/1362 1173/1058/1076 1172/1057/1075
f 1155/1344/1362 1156/1345/1363 1174/1084/1102 1173/6853/1076
f 1211/6829/1364 1212/1347/1365 955/1348/1366 949/1257/1275
f 1210/1349/1367 1211/1346/1364 949/6833/1275 911/1255/1273
f 1208/1350/1368 1209/1351/1369 912/1252/1270 901/1249/1267
f 902/1246/1264 1317/1245/1263 1318/1352/1370 1207/1353/1371
f 1038/1354/1372 1205/7108/1373 1206/1356/1374 971/1357/1375
f 1100/1358/1376 1204/1359/1377 1205/1355/1373 1038/7087/1372
f 980/1360/1378 1203/1361/1379 1204/1359/1377 1100/1358/1376
f 1202/1362/1380 1325/1363/1381 1326/1113/1131 928/1041/1059
f 1201/1364/1382 1202/1362/1380 928/1041/1059 944/997/1015
f 1200/1365/1383 1201/1364/1382 944/997/1015 927/996/1014
f 927/996/1014 926/993/1011 1199/1366/1384 1200/1365/1383
f 1198/1367/1385 1199/1366/1384 926/993/1011 947/992/1010
f 1197/1368/1386 1198/1367/1385 947/992/1010 925/1045/1063
f 1196/6830/1387 1197/1368/1386 925/1045/1063 958/6832/1090
f 960/1370/1388 1195/1371/1389 1196/1369/1387 958/1072/1090
f 1196/1369/1387 1195/1371/1389 1194/1193/1211 1193/6831/1091
f 1193/1073/1091 1192/1046/1064 1197/1368/1386 1196/6830/1387
f 1192/1046/1064 1191/1034/1052 1198/1367/1385 1197/1368/1386
f 1191/1034/1052 1190/1033/1051 1199/1366/1384 1198/1367/1385
f 1200/1365/1383 1199/1366/1384 1190/1033/1051 1189/1032/1050
f 1189/1032/1050 1188/1031/1049 1201/1364/1382 1200/1365/1383
f 1188/1031/1049 1187/1039/1057 1202/1362/1380 1201/1364/1382
f 1187/1039/1057 1324/1106/1124 1325/1363/1381 1202/1362/1380
f 1204/1359/1377 1203/1361/1379 1186/1102/1120 1185/1101/1119
f 1205/1355/1373 1204/1359/1377 1185/1101/1119 1184/7107/1258
f 1206/1356/1374 1205/7108/1373 1184/1240/1258 1183/1239/1257
f 1207/1353/1371 1318/1352/1370 1319/1089/1107 1182/1035/1053
f 1180/959/977 1179/967/985 1209/1351/1369 1208/1350/1368
f 1177/1042/1060 1176/6828/1072 1211/1346/1364 1210/1349/1367
f 1176/1054/1072 1175/1083/1101 1212/1347/1365 1211/6829/1364
f 913/1228/1246 1249/1372/1390 1250/1373/1391 952/1374/1392
f 1248/1375/1393 1249/1372/1390 913/1228/1246 965/1226/1244
f 1246/1376/1394 1247/1377/1395 914/1223/1241 905/1220/1238
f 906/1216/1234 1329/1215/1233 1330/1378/1396 1245/1379/1397
f 1022/1380/1398 1243/7106/1399 1244/1382/1400 973/1383/1401
f 1084/1384/1402 1242/1385/1403 1243/1381/1399 1022/7083/1398
f 1241/1386/1404 1242/1385/1403 1084/1384/1402 977/1387/1405
f 1337/1388/1406 1338/1109/1127 930/1030/1048 1240/1389/1407
f 940/1001/1019 1239/1390/1408 1240/1389/1407 930/1030/1048
f 929/1000/1018 1238/1391/1409 1239/1390/1408 940/1001/1019
f 1237/1392/1410 1238/1391/1409 929/1000/1018 932/1023/1041
f 1236/1393/1411 1237/1392/1410 932/1023/1041 936/1022/1040
f 1235/1394/1412 1236/1393/1411 936/1022/1040 968/1005/1023
f 1234/1395/1413 1235/1394/1412 968/1005/1023 931/1004/1022
f 1233/1396/1414 1234/1395/1413 931/1004/1022 964/1397/1415
f 1232/1194/1212 1231/1009/1027 1234/1395/1413 1233/1396/1414
f 1231/1009/1027 1230/1008/1026 1235/1394/1412 1234/1395/1413
f 1230/1008/1026 1229/1019/1037 1236/1393/1411 1235/1394/1412
f 1229/1019/1037 1228/1018/1036 1237/1392/1410 1236/1393/1411
f 1228/1018/1036 1227/1007/1025 1238/1391/1409 1237/1392/1410
f 1239/1390/1408 1238/1391/1409 1227/1007/1025 1226/1006/1024
f 1240/1389/1407 1239/1390/1408 1226/1006/1024 1225/1028/1046
f 1336/1108/1126 1337/1388/1406 1240/1389/1407 1225/1028/1046
f 1224/1100/1118 1223/1099/1117 1242/1385/1403 1241/1386/1404
f 1243/1381/1399 1242/1385/1403 1223/1099/1117 1222/7105/1229
f 1244/1382/1400 1243/7106/1399 1222/1211/1229 1221/1210/1228
f 1245/1379/1397 1330/1378/1396 1331/1091/1109 1220/1024/1042
f 1218/963/981 1217/1012/1030 1247/1377/1395 1246/1376/1394
f 1215/972/990 1214/971/989 1249/1372/1390 1248/1375/1393
f 1250/1373/1391 1249/1372/1390 1214/971/989 1213/1055/1073
f 1279/6876/1416 1280/1399/1417 983/1319/1337 984/6881/1335
f 1281/1316/1334 1282/1400/1418 1279/1398/1416 984/1317/1335
f 1004/1304/1322 1347/1303/1321 1348/1401/1419 1277/1402/1420
f 1068/1403/1421 1275/7104/1422 1276/1405/1423 1002/1406/1424
f 1130/1407/1425 1274/1408/1426 1275/1404/1422 1068/7081/1421
f 1000/1409/1427 1273/1410/1428 1274/1408/1426 1130/1407/1425
f 1272/1411/1429 1343/1412/1430 1344/1173/1191 997/1166/1184
f 1271/1413/1431 1272/1411/1429 997/1166/1184 996/1169/1187
f 996/1169/1187 1293/1180/1198 1294/1414/1432 1271/1413/1431
f 1269/1415/1433 1270/1416/1434 993/1178/1196 991/1177/1195
f 1268/6878/1435 1289/1418/1436 1290/1141/1159 992/6880/1158
f 1012/1199/1217 1267/1419/1437 1268/1417/1435 992/1140/1158
f 1268/1417/1435 1267/1419/1437 1266/1197/1215 1265/6879/1157
f 1265/1139/1157 1288/1138/1156 1289/1418/1436 1268/6878/1435
f 1264/1146/1164 1263/1145/1163 1270/1416/1434 1269/1415/1433
f 1271/1413/1431 1294/1414/1432 1295/1149/1167 1262/1148/1166
f 1262/1148/1166 1261/1153/1171 1272/1411/1429 1271/1413/1431
f 1261/1153/1171 1342/1155/1173 1343/1412/1430 1272/1411/1429
f 1274/1408/1426 1273/1410/1428 1260/1157/1175 1259/1156/1174
f 1275/1404/1422 1274/1408/1426 1259/1156/1174 1258/7103/1317
f 1276/1405/1423 1275/7104/1422 1258/1299/1317 1257/1298/1316
f 1277/1402/1420 1348/1401/1419 1349/1161/1179 1256/1160/1178
f 1282/1400/1418 1283/1132/1150 1252/6877/1144 1279/1398/1416
f 1252/1126/1144 1251/1125/1143 1280/1399/1417 1279/6876/1416
f 1284/1133/1151 1283/1132/1150 1253/1185/1203 989/1184/1202
f 1063/7102/1311 1285/1290/1308 1284/1133/1151 989/1184/1202
f 1125/1181/1199 1286/1136/1154 1285/7101/1308 1063/1293/1311
f 1287/1137/1155 1286/1136/1154 1125/1181/1199 990/1147/1165
f 1288/1138/1156 1287/1137/1155 990/1147/1165 1264/1146/1164
f 1289/1418/1436 1288/1138/1156 1264/1146/1164 1269/1415/1433
f 1290/1141/1159 1289/1418/1436 1269/1415/1433 991/1177/1195
f 1291/1142/1160 1290/1141/1159 991/1177/1195 1134/1176/1194
f 1292/1315/1333 1291/1142/1160 1134/1176/1194 1072/7099/1330
f 1281/1316/1334 1292/7100/1333 1072/1312/1330 988/1311/1329
f 1294/1414/1432 1293/1180/1198 993/1178/1196 1270/1416/1434
f 1295/1149/1167 1294/1414/1432 1270/1416/1434 1263/1145/1163
f 1296/1150/1168 1295/1149/1167 1263/1145/1163 994/1144/1162
f 1126/1182/1200 1297/1183/1201 1296/1150/1168 994/1144/1162
f 1064/7097/1310 1298/1294/1312 1297/1183/1201 1126/1182/1200
f 1008/1187/1205 1299/1188/1206 1298/7098/1312 1064/1292/1310
f 1254/1186/1204 1300/1189/1207 1299/1188/1206 1008/1187/1205
f 1278/1420/1438 1301/1421/1439 1300/1189/1207 1254/1186/1204
f 1007/1310/1328 1302/1308/1326 1301/1421/1439 1278/1420/1438
f 1071/7096/1331 1303/1309/1327 1302/1308/1326 1007/1310/1328
f 1133/1175/1193 1304/1179/1197 1303/7095/1327 1071/1313/1331
f 993/1178/1196 1293/1180/1198 1304/1179/1197 1133/1175/1193
f 1306/1095/1113 1305/1094/1112 975/1278/1296 1168/1277/1295
f 1307/1338/1356 1306/1095/1113 1168/1277/1295 1148/1335/1353
f 1308/1273/1291 1307/1338/1356 1148/1335/1353 976/1336/1354
f 1309/1274/1292 1308/1273/1291 976/1336/1354 1053/7094/1352
f 1310/1122/1140 1309/7093/1292 1053/1334/1352 1115/1332/1350
f 1311/1123/1141 1310/1122/1140 1115/1332/1350 981/1331/1349
f 1145/1330/1348 1312/1328/1346 1311/1123/1141 981/1331/1349
f 1165/1116/1134 1313/1119/1137 1312/1328/1346 1145/1330/1348
f 982/1115/1133 1314/1120/1138 1313/1119/1137 1165/1116/1134
f 1116/1118/1136 1315/1121/1139 1314/1120/1138 982/1115/1133
f 1054/7091/1293 1316/1279/1297 1315/1121/1139 1116/1118/1136
f 975/1278/1296 1305/1094/1112 1316/7092/1297 1054/1275/1293
f 1318/1352/1370 1317/1245/1263 971/1357/1375 1206/1356/1374
f 1319/1089/1107 1318/1352/1370 1206/1356/1374 1183/1239/1257
f 1320/1090/1108 1319/1089/1107 1183/1239/1257 972/1242/1260
f 1037/7090/1259 1321/1238/1256 1320/1090/1108 972/1242/1260
f 1099/1104/1122 1322/1112/1130 1321/7089/1256 1037/1241/1259
f 979/1103/1121 1323/1105/1123 1322/1112/1130 1099/1104/1122
f 1324/1106/1124 1323/1105/1123 979/1103/1121 1186/1102/1120
f 1325/1363/1381 1324/1106/1124 1186/1102/1120 1203/1361/1379
f 1326/1113/1131 1325/1363/1381 1203/1361/1379 980/1360/1378
f 1327/1114/1132 1326/1113/1131 980/1360/1378 1100/1358/1376
f 1328/1244/1262 1327/1114/1132 1100/1358/1376 1038/7087/1372
f 1317/1245/1263 1328/7088/1262 1038/1354/1372 971/1357/1375
f 1330/1378/1396 1329/1215/1233 973/1383/1401 1244/1382/1400
f 1331/1091/1109 1330/1378/1396 1244/1382/1400 1221/1210/1228
f 1332/1092/1110 1331/1091/1109 1221/1210/1228 974/1213/1231
f 1021/7086/1230 1333/1209/1227 1332/1092/1110 974/1213/1231
f 1083/1098/1116 1334/1111/1129 1333/7085/1227 1021/1212/1230
f 978/1097/1115 1335/1107/1125 1334/1111/1129 1083/1098/1116
f 1224/1100/1118 1336/1108/1126 1335/1107/1125 978/1097/1115
f 1241/1386/1404 1337/1388/1406 1336/1108/1126 1224/1100/1118
f 977/1387/1405 1338/1109/1127 1337/1388/1406 1241/1386/1404
f 1084/1384/1402 1339/1110/1128 1338/1109/1127 977/1387/1405
f 1022/7083/1398 1340/1214/1232 1339/1110/1128 1084/1384/1402
f 973/1383/1401 1329/1215/1233 1340/7084/1232 1022/1380/1398
f 1342/1155/1173 1341/1154/1172 999/1158/1176 1260/1157/1175
f 1343/1412/1430 1342/1155/1173 1260/1157/1175 1273/1410/1428
f 1344/1173/1191 1343/1412/1430 1273/1410/1428 1000/1409/1427
f 1130/1407/1425 1345/1174/1192 1344/1173/1191 1000/1409/1427
f 1068/7081/1421 1346/1302/1320 1345/1174/1192 1130/1407/1425
f 1002/1406/1424 1347/1303/1321 1346/7082/1320 1068/1403/1421
f 1348/1401/1419 1347/1303/1321 1002/1406/1424 1276/1405/1423
f 1349/1161/1179 1348/1401/1419 1276/1405/1423 1257/1298/1316
f 1350/1162/1180 1349/1161/1179 1257/1298/1316 1001/1301/1319
f 1067/7080/1318 1351/1297/1315 1350/1162/1180 1001/1301/1319
f 1129/1159/1177 1352/1172/1190 1351/7079/1315 1067/1300/1318
f 999/1158/1176 1341/1154/1172 1352/1172/1190 1129/1159/1177
f 1354/1065/1083 1353/1070/1088 960/1370/1388 958/1072/1090
f 1107/1071/1089 1355/1066/1084 1354/1065/1083 958/1072/1090
f 1045/7077/1276 1356/1260/1278 1355/1066/1084 1107/1071/1089
f 1357/1062/1080 1356/7078/1278 1045/1258/1276 949/1257/1275
f 1358/1063/1081 1357/1062/1080 949/1257/1275 955/1348/1366
f 1360/1081/1099 1359/1080/1098 964/1397/1415 931/1004/1022
f 931/1004/1022 1091/1003/1021 1361/1088/1106 1360/1081/1099
f 1362/1231/1249 1361/1088/1106 1091/1003/1021 1029/7074/1247
f 1363/1086/1104 1362/7075/1249 1029/1229/1247 913/1228/1246
f 952/1374/1392 1364/1087/1105 1363/1086/1104 913/1228/1246
f 1366/1129/1147 1365/1128/1146 986/1124/1142 985/1127/1145
f 985/1127/1145 1062/7073/1309 1367/1289/1307 1366/1129/1147
f 1368/1130/1148 1367/7071/1307 1062/1291/1309 1124/1135/1153
f 1369/1131/1149 1368/1130/1148 1124/1135/1153 987/1134/1152
f 987/1134/1152 1009/1198/1216 1370/1190/1208 1369/1131/1149
f 1141/1324/1342 1142/1325/1343 1162/955/973 1161/950/968
f 1372/1422/1440 1371/1423/1441 1210/1349/1367 911/1255/1273
f 946/1253/1271 1373/1424/1442 1372/1422/1440 911/1255/1273
f 1374/1425/1443 1373/1424/1442 946/1253/1271 912/1252/1270
f 1375/1426/1444 1374/1425/1443 912/1252/1270 1209/1351/1369
f 1376/1427/1445 1375/1426/1444 1209/1351/1369 1179/967/985
f 1179/967/985 1178/966/984 1377/1428/1446 1376/1427/1445
f 1177/1042/1060 1378/1429/1447 1377/1428/1446 1178/966/984
f 1371/1423/1441 1378/1429/1447 1177/1042/1060 1210/1349/1367
f 1375/1426/1444 1376/1427/1445 1377/1428/1446 1379/1430/1448
f 1374/1425/1443 1375/1426/1444 1379/1430/1448 1373/1424/1442
f 1379/1430/1448 1377/1428/1446 1378/1429/1447 1371/1423/1441
f 1371/1423/1441 1372/1422/1440 1373/1424/1442 1379/1430/1448
f 1381/1431/1449 1380/1432/1450 1171/1050/1068 1152/1341/1359
f 1382/1433/1451 1381/1431/1449 1152/1341/1359 1153/1342/1360
f 1154/1343/1361 1383/1434/1452 1382/1433/1451 1153/1342/1360
f 1384/1435/1453 1383/1434/1452 1154/1343/1361 1172/1057/1075
f 1385/1436/1454 1384/1435/1453 1172/1057/1075 880/1060/1078
f 1385/1436/1454 880/1060/1078 893/1286/1304 1386/1437/1455
f 893/1286/1304 877/1051/1069 1387/1438/1456 1386/1437/1455
f 1380/1432/1450 1387/1438/1456 877/1051/1069 1171/1050/1068
f 1380/1432/1450 1381/1431/1449 1382/1433/1451 1388/1439/1457
f 1388/1439/1457 1386/1437/1455 1387/1438/1456 1380/1432/1450
f 1383/1434/1452 1384/1435/1453 1388/1439/1457 1382/1433/1451
f 1386/1437/1455 1388/1439/1457 1384/1435/1453 1385/1436/1454
f 1180/959/977 1208/1350/1368 1389/1440/1458 1390/1441/1459
f 1392/1442/1460 1391/1443/1461 1207/1353/1371 1182/1035/1053
f 1392/1442/1460 1182/1035/1053 1181/960/978 1393/1444/1462
f 1393/1444/1462 1181/960/978 1180/959/977 1390/1441/1459
f 1208/1350/1368 901/1249/1267 1394/1445/1463 1389/1440/1458
f 941/1247/1265 1395/1446/1464 1394/1445/1463 901/1249/1267
f 1391/1443/1461 1396/1447/1465 902/1246/1264 1207/1353/1371
f 941/1247/1265 902/1246/1264 1396/1447/1465 1395/1446/1464
f 1391/1443/1461 1392/1442/1460 1393/1444/1462 1397/1448/1466
f 1396/1447/1465 1391/1443/1461 1397/1448/1466 1395/1446/1464
f 1397/1448/1466 1393/1444/1462 1390/1441/1459 1389/1440/1458
f 1389/1440/1458 1394/1445/1463 1395/1446/1464 1397/1448/1466
f 898/1281/1299 1398/1449/1467 1399/1450/1468 887/1052/1070
f 888/1093/1111 1400/1451/1469 1398/1449/1467 898/1281/1299
f 1401/1452/1470 1400/1451/1469 888/1093/1111 1169/1096/1114
f 1399/1450/1468 1402/1453/1471 1170/1049/1067 887/1052/1070
f 1403/1454/1472 1401/1452/1470 1169/1096/1114 1149/1337/1355
f 1404/1455/1473 1403/1454/1472 1149/1337/1355 1150/1339/1357
f 1405/1456/1474 1404/1455/1473 1150/1339/1357 1151/1340/1358
f 1151/1340/1358 1170/1049/1067 1402/1453/1471 1405/1456/1474
f 1401/1452/1470 1403/1454/1472 1404/1455/1473 1406/1457/1475
f 1400/1451/1469 1401/1452/1470 1406/1457/1475 1398/1449/1467
f 1406/1457/1475 1404/1455/1473 1405/1456/1474 1402/1453/1471
f 1402/1453/1471 1399/1450/1468 1398/1449/1467 1406/1457/1475
f 1408/1458/1476 1407/1459/1477 906/1216/1234 1245/1379/1397
f 1245/1379/1397 1220/1024/1042 1409/1460/1478 1408/1458/1476
f 1411/1461/1479 1410/1462/1480 1246/1376/1394 905/1220/1238
f 1412/1463/1481 1218/963/981 1246/1376/1394 1410/1462/1480
f 1413/1464/1482 937/1218/1236 906/1216/1234 1407/1459/1477
f 1411/1461/1479 905/1220/1238 937/1218/1236 1413/1464/1482
f 1220/1024/1042 1219/964/982 1414/1465/1483 1409/1460/1478
f 1218/963/981 1412/1463/1481 1414/1465/1483 1219/964/982
f 1408/1458/1476 1409/1460/1478 1414/1465/1483 1415/1466/1484
f 1415/1466/1484 1414/1465/1483 1412/1463/1481 1410/1462/1480
f 1407/1459/1477 1408/1458/1476 1415/1466/1484 1413/1464/1482
f 1410/1462/1480 1411/1461/1479 1413/1464/1482 1415/1466/1484
f 1417/1467/1485 1416/1468/1486 1215/972/990 1248/1375/1393
f 1418/1469/1487 1417/1467/1485 1248/1375/1393 965/1226/1244
f 1420/1470/1488 1419/1471/1489 914/1223/1241 1247/1377/1395
f 1247/1377/1395 1217/1012/1030 1421/1472/1490 1420/1470/1488
f 1422/1473/1491 933/1224/1242 914/1223/1241 1419/1471/1489
f 933/1224/1242 1422/1473/1491 1418/1469/1487 965/1226/1244
f 1421/1472/1490 1217/1012/1030 1216/1011/1029 1423/1474/1492
f 1215/972/990 1416/1468/1486 1423/1474/1492 1216/1011/1029
f 1420/1470/1488 1421/1472/1490 1423/1474/1492 1424/1475/1493
f 1416/1468/1486 1417/1467/1485 1424/1475/1493 1423/1474/1492
f 1419/1471/1489 1420/1470/1488 1424/1475/1493 1422/1473/1491
f 1422/1473/1491 1424/1475/1493 1417/1467/1485 1418/1469/1487
f 1426/1476/1494 1425/1477/1495 1282/1400/1418 1281/1316/1334
f 1425/1477/1495 1427/1478/1496 1283/1132/1150 1282/1400/1418
f 1283/1132/1150 1427/1478/1496 1428/1479/1497 1253/1185/1203
f 1254/1186/1204 1253/1185/1203 1428/1479/1497 1429/1480/1498
f 1429/1480/1498 1430/1481/1499 1278/1420/1438 1254/1186/1204
f 1430/1481/1499 1431/1482/1500 1007/1310/1328 1278/1420/1438
f 988/1311/1329 1432/1483/1501 1426/1476/1494 1281/1316/1334
f 1432/1483/1501 988/1311/1329 1007/1310/1328 1431/1482/1500
f 1428/1479/1497 1433/1484/1502 1430/1481/1499 1429/1480/1498
f 1433/1484/1502 1428/1479/1497 1427/1478/1496 1425/1477/1495
f 1425/1477/1495 1426/1476/1494 1432/1483/1501 1433/1484/1502
f 1433/1484/1502 1432/1483/1501 1431/1482/1500 1430/1481/1499
f 1435/1485/1503 1434/1486/1504 1005/1307/1325 1004/1304/1322
f 1005/1307/1325 1434/1486/1504 1436/1487/1505 1302/1308/1326
f 1302/1308/1326 1436/1487/1505 1437/1488/1506 1301/1421/1439
f 1437/1488/1506 1438/1489/1507 1300/1189/1207 1301/1421/1439
f 1439/1490/1508 1435/1485/1503 1004/1304/1322 1277/1402/1420
f 1440/1491/1509 1439/1490/1508 1277/1402/1420 1256/1160/1178
f 1441/1492/1510 1440/1491/1509 1256/1160/1178 1255/1165/1183
f 1441/1492/1510 1255/1165/1183 1300/1189/1207 1438/1489/1507
f 1441/1492/1510 1442/1493/1511 1439/1490/1508 1440/1491/1509
f 1434/1486/1504 1435/1485/1503 1439/1490/1508 1442/1493/1511
f 1438/1489/1507 1437/1488/1506 1442/1493/1511 1441/1492/1510
f 1434/1486/1504 1442/1493/1511 1437/1488/1506 1436/1487/1505
f 1444/1494/1512 1175/1083/1101 969/1082/1100 1443/1495/1513
f 1175/1083/1101 1444/1494/1512 1445/1496/1514 1212/1347/1365
f 1212/1347/1365 1445/1496/1514 1446/1497/1515 955/1348/1366
f 1447/1498/1516 1358/1063/1081 955/1348/1366 1446/1497/1515
f 1449/1499/1517 1447/1498/1516 1446/1497/1515 1448/1500/1518
f 1448/1500/1518 1450/1501/1519 1451/1502/1520 1449/1499/1517
f 1448/1500/1518 1446/1497/1515 1445/1496/1514 1450/1501/1519
f 1450/1501/1519 1445/1496/1514 1444/1494/1512 1452/1503/1521
f 1453/1504/1522 1451/1502/1520 1450/1501/1519 1452/1503/1521
f 1452/1503/1521 1444/1494/1512 1443/1495/1513 1453/1504/1522
f 1455/1505/1523 952/1374/1392 1250/1373/1391 1454/1506/1524
f 1213/1055/1073 1456/1507/1525 1454/1506/1524 1250/1373/1391
f 952/1374/1392 1455/1505/1523 1457/1508/1526 1364/1087/1105
f 951/1056/1074 1458/1509/1527 1456/1507/1525 1213/1055/1073
f 1460/1510/1528 1455/1505/1523 1454/1506/1524 1459/1511/1529
f 1456/1507/1525 1461/1512/1530 1459/1511/1529 1454/1506/1524
f 1462/1513/1531 1457/1508/1526 1455/1505/1523 1460/1510/1528
f 1463/1514/1532 1462/1513/1531 1460/1510/1528 1459/1511/1529
f 1464/1515/1533 1463/1514/1532 1459/1511/1529 1461/1512/1530
f 1461/1512/1530 1456/1507/1525 1458/1509/1527 1464/1515/1533
f 1364/1087/1105 1457/1508/1526 1443/1495/1513 969/1082/1100
f 1462/1513/1531 1453/1504/1522 1443/1495/1513 1457/1508/1526
f 1466/1516/1534 1156/1345/1363 956/1064/1082 1465/1517/1535
f 1468/1518/1536 1466/1516/1534 1465/1517/1535 1467/1519/1537
f 1470/1520/1538 1468/1518/1536 1467/1519/1537 1469/1521/1539
f 1471/1522/1540 1174/1084/1102 1156/1345/1363 1466/1516/1534
f 1470/1520/1538 1471/1522/1540 1466/1516/1534 1468/1518/1536
f 1469/1521/1539 1472/1523/1541 1473/1524/1542 1470/1520/1538
f 1473/1524/1542 1474/1525/1543 1471/1522/1540 1470/1520/1538
f 1474/1525/1543 1473/1524/1542 1472/1523/1541 1475/1526/1544
f 1174/1084/1102 1471/1522/1540 1474/1525/1543 970/1085/1103
f 1475/1526/1544 1365/1128/1146 970/1085/1103 1474/1525/1543
f 1465/1517/1535 956/1064/1082 1358/1063/1081 1447/1498/1516
f 1449/1499/1517 1467/1519/1537 1465/1517/1535 1447/1498/1516
f 1280/1399/1417 1476/1527/1545 1477/1528/1546 983/1319/1337
f 1476/1527/1545 1280/1399/1417 1251/1125/1143 1478/1529/1547
f 983/1319/1337 1477/1528/1546 1479/7069/1548 1074/1318/1336
f 986/1124/1142 1480/1531/1549 1478/1529/1547 1251/1125/1143
f 1482/1532/1550 1478/1529/1547 1480/1531/1549 1481/1533/1551
f 1484/1534/1552 1482/1532/1550 1481/1533/1551 1483/1535/1553
f 1478/1529/1547 1482/1532/1550 1484/1534/1552 1476/1527/1545
f 1485/1536/1554 1477/1528/1546 1476/1527/1545 1484/1534/1552
f 1486/1537/1555 1479/7069/1548 1477/1528/1546 1485/1536/1554
f 1483/1535/1553 1486/1537/1555 1485/1536/1554 1484/1534/1552
f 1480/1531/1549 986/1124/1142 1365/1128/1146 1475/1526/1544
f 1481/1533/1551 1480/1531/1549 1475/1526/1544 1472/1523/1541
f 1074/7070/1336 1479/1530/1548 1487/1538/1556 1136/1200/1218
f 1487/1538/1556 1479/1530/1548 1486/7066/1555 1488/1539/1557
f 1136/1200/1218 1487/1538/1556 1489/1540/1558 1012/1199/1217
f 1489/1540/1558 1487/1538/1556 1488/1539/1557 1490/1541/1559
f 1489/1540/1558 1491/1542/1560 1267/1419/1437 1012/1199/1217
f 1266/1197/1215 1267/1419/1437 1491/1542/1560 1492/1543/1561
f 1266/1197/1215 1492/1543/1561 1493/1544/1562 1009/1198/1216
f 1497/1545/1563 1494/1546/1564 1495/1547/1565 1496/1548/1566
f 1494/1546/1564 1587/1549/1567 1588/1550/1568 1495/1547/1565
f 1498/1551/1569 1500/1552/1570 1501/1553/1571 1499/1554/1572
f 1500/1552/1570 1553/1555/1573 1554/1556/1574 1501/1553/1571
f 1505/1557/1575 1503/1558/1576 1502/1559/1577 1504/1560/1578
f 1504/1560/1578 1555/1561/1579 1556/1562/1580 1505/1557/1575
f 1509/1563/1581 1572/1564/1582 1573/1565/1583 1508/1566/1584
f 1508/1566/1584 1574/1567/1585 1575/1568/1586 1509/1563/1581
f 1513/1569/1587 1512/1570/1588 1510/1571/1589 1511/1572/1590
f 1515/1573/1591 1514/1574/1592 1506/1575/1593 1507/1576/1594
f 1517/1577/1595 1518/1578/1596 1519/1579/1597 1516/1580/1598
f 1519/1579/1597 1518/1578/1596 1075/1196/1214 1011/1195/1213
f 1232/1194/1212 1520/1581/1599 1519/1579/1597 1011/1195/1213
f 1233/1396/1414 1521/1582/1600 1520/1581/1599 1232/1194/1212
f 964/1397/1415 1522/1583/1601 1521/1582/1600 1233/1396/1414
f 1359/1080/1098 1523/1584/1602 1522/1583/1601 964/1397/1415
f 963/1079/1097 1524/1585/1603 1523/1584/1602 1359/1080/1098
f 1525/1586/1604 1524/1585/1603 963/1079/1097 1194/1193/1211
f 1195/1371/1389 1526/1587/1605 1525/1586/1604 1194/1193/1211
f 1527/1588/1606 1526/1587/1605 1195/1371/1389 960/1370/1388
f 1353/1070/1088 1528/1589/1607 1527/1588/1606 960/1370/1388
f 1529/1590/1608 1528/1589/1607 1353/1070/1088 959/1069/1087
f 1530/1591/1609 1529/1590/1608 959/1069/1087 1137/1321/1339
f 1531/1592/1610 1530/1591/1609 1137/1321/1339 1157/1192/1210
f 1532/1593/1611 1531/1592/1610 1157/1192/1210 1010/1191/1209
f 1533/1594/1612 1532/1593/1611 1010/1191/1209 1370/1190/1208
f 1533/1594/1612 1370/1190/1208 1009/1198/1216 1493/1544/1562
f 951/1056/1074 1013/7068/1220 1534/7067/1613 1458/1509/1527
f 1075/1196/1214 1518/1578/1596 1534/1595/1613 1013/1202/1220
f 1458/1509/1527 1534/7067/1613 1535/7060/1614 1464/1515/1533
f 1517/1577/1595 1535/1596/1614 1534/1595/1613 1518/1578/1596
f 1537/1597/1615 1529/1590/1608 1530/1591/1609 1536/1598/1616
f 1536/1598/1616 1538/1599/1617 1539/1600/1618 1537/1597/1615
f 1530/1591/1609 1531/1592/1610 1538/1599/1617 1536/1598/1616
f 1538/1599/1617 1531/1592/1610 1532/1593/1611 1539/1600/1618
f 1541/1601/1619 1526/1587/1605 1527/1588/1606 1540/1602/1620
f 1543/1603/1621 1524/1585/1603 1525/1586/1604 1542/1604/1622
f 1492/1543/1561 1544/1605/1623 1545/1606/1624 1493/1544/1562
f 1544/1605/1623 1546/1607/1625 1490/1541/1559 1545/1606/1624
f 1492/1543/1561 1491/1542/1560 1546/1607/1625 1544/1605/1623
f 1546/1607/1625 1491/1542/1560 1489/1540/1558 1490/1541/1559
f 1541/1601/1619 1542/1604/1622 1525/1586/1604 1526/1587/1605
f 1540/1602/1620 1543/1603/1621 1542/1604/1622 1541/1601/1619
f 1540/1602/1620 1527/1588/1606 1528/1589/1607 1547/1608/1626
f 1547/1608/1626 1528/1589/1607 1529/1590/1608 1537/1597/1615
f 1539/1600/1618 1532/1593/1611 1533/1594/1612 1548/1609/1627
f 1545/1606/1624 1548/1609/1627 1533/1594/1612 1493/1544/1562
f 1550/1610/1628 1521/1582/1600 1522/1583/1601 1549/1611/1629
f 1551/1612/1630 1550/1610/1628 1549/1611/1629 1516/1580/1598
f 1520/1581/1599 1551/1612/1630 1516/1580/1598 1519/1579/1597
f 1550/1610/1628 1551/1612/1630 1520/1581/1599 1521/1582/1600
f 1523/1584/1602 1552/1613/1631 1549/1611/1629 1522/1583/1601
f 1543/1603/1621 1552/1613/1631 1523/1584/1602 1524/1585/1603
f 1554/1556/1574 1553/1555/1573 1502/1559/1577 1503/1558/1576
f 1503/1558/1576 1543/1603/1621 1540/1602/1620 1554/1556/1574
f 1554/1556/1574 1540/1602/1620 1547/1608/1626 1501/1553/1571
f 1505/1557/1575 1552/1613/1631 1543/1603/1621 1503/1558/1576
f 1556/1562/1580 1555/1561/1579 1514/1574/1592 1515/1573/1591
f 1552/1613/1631 1505/1557/1575 1556/1562/1580 1549/1611/1629
f 1549/1611/1629 1556/1562/1580 1515/1573/1591 1516/1580/1598
f 1507/1576/1594 1517/1577/1595 1516/1580/1598 1515/1573/1591
f 1499/1554/1572 1501/1553/1571 1561/1614/1632 1562/1615/1633
f 1560/1616/1634 1559/1617/1635 1557/1618/1636 1558/1619/1637
f 1559/1617/1635 1539/1600/1618 1548/1609/1627 1557/1618/1636
f 1562/1615/1633 1561/1614/1632 1559/1617/1635 1560/1616/1634
f 1561/1614/1632 1537/1597/1615 1539/1600/1618 1559/1617/1635
f 1501/1553/1571 1547/1608/1626 1537/1597/1615 1561/1614/1632
f 1564/6903/1638 1567/1621/1639 1568/1622/1640 1563/6900/1641
f 1566/1624/1642 1565/1625/1643 1558/1619/1637 1557/1618/1636
f 1545/1606/1624 1566/1624/1642 1557/1618/1636 1548/1609/1627
f 1568/1622/1640 1567/1621/1639 1565/1625/1643 1566/1624/1642
f 1566/1624/1642 1545/1606/1624 1490/1541/1559 1568/1622/1640
f 1568/1622/1640 1490/1541/1559 1488/1539/1557 1563/6900/1641
f 1495/1547/1565 1588/1550/1568 1589/1626/1644 1569/1627/1645
f 1569/1627/1645 1589/1626/1644 1590/1628/1646 1570/1629/1647
f 1590/1628/1646 1591/1630/1648 1571/1631/1649 1570/1629/1647
f 1586/1632/1650 1587/1549/1567 1494/1546/1564 1497/1545/1563
f 1573/1565/1583 1572/1564/1582 1497/1545/1563 1496/1548/1566
f 1585/1633/1651 1586/1632/1650 1497/1545/1563 1572/1564/1582
f 1584/1634/1652 1585/1633/1651 1572/1564/1582 1509/1563/1581
f 1581/1635/1653 1582/1636/1654 1512/1570/1588 1513/1569/1587
f 1583/1637/1655 1584/1634/1652 1509/1563/1581 1575/1568/1586
f 1496/1548/1566 1495/1547/1565 1569/1627/1645 1576/1638/1656
f 1571/1631/1649 1591/1630/1648 1592/1639/1657 1577/1640/1658
f 1576/1638/1656 1569/1627/1645 1570/1629/1647 1578/1641/1659
f 1571/1631/1649 1579/1642/1660 1578/1641/1659 1570/1629/1647
f 1577/1640/1658 1580/1643/1661 1579/1642/1660 1571/1631/1649
f 1575/1568/1586 1574/1567/1585 1582/1636/1654 1581/1635/1653
f 1502/1559/1577 1584/1634/1652 1583/1637/1655 1504/1560/1578
f 1553/1555/1573 1585/1633/1651 1584/1634/1652 1502/1559/1577
f 1500/1552/1570 1586/1632/1650 1585/1633/1651 1553/1555/1573
f 1498/1551/1569 1587/1549/1567 1586/1632/1650 1500/1552/1570
f 1588/1550/1568 1587/1549/1567 1498/1551/1569 1499/1554/1572
f 1589/1626/1644 1588/1550/1568 1499/1554/1572 1562/1615/1633
f 1590/1628/1646 1589/1626/1644 1562/1615/1633 1560/1616/1634
f 1558/1619/1637 1591/1630/1648 1590/1628/1646 1560/1616/1634
f 1592/1639/1657 1591/1630/1648 1558/1619/1637 1565/1625/1643
f 1593/1644/1662 1555/1561/1579 1504/1560/1578 1583/1637/1655
f 1583/1637/1655 1575/1568/1586 1581/1635/1653 1593/1644/1662
f 1594/1645/1663 1514/1574/1592 1555/1561/1579 1593/1644/1662
f 1593/1644/1662 1581/1635/1653 1513/1569/1587 1594/1645/1663
f 1595/1646/1664 1506/1575/1593 1514/1574/1592 1594/1645/1663
f 1511/1572/1590 1595/1646/1664 1594/1645/1663 1513/1569/1587
f 1580/1643/1661 1577/1640/1658 1596/1647/1665 1597/1648/1666
f 1598/1649/1667 1596/1647/1665 1577/1640/1658 1592/1639/1657
f 1592/1639/1657 1565/1625/1643 1567/1621/1639 1598/1649/1667
f 1564/6903/1638 1599/6902/1668 1600/1651/1669 1567/1621/1639
f 1601/1652/1670 1598/1649/1667 1567/1621/1639 1600/1651/1669
f 1603/1653/1671 1600/1651/1669 1599/6902/1668 1602/6901/1672
f 1600/1651/1669 1603/1653/1671 1604/1655/1673 1601/1652/1670
f 1601/1652/1670 1605/1656/1674 1596/1647/1665 1598/1649/1667
f 1606/1657/1675 1605/1656/1674 1601/1652/1670 1604/1655/1673
f 1605/1656/1674 1607/1658/1676 1597/1648/1666 1596/1647/1665
f 1605/1656/1674 1606/1657/1675 1608/1659/1677 1607/1658/1676
f 1610/1660/1678 1609/1661/1679 1486/1537/1555 1483/1535/1553
f 1612/1662/1680 1638/6898/1681 1639/1664/1682 1611/1665/1683
f 1602/6901/1672 1641/6896/1684 1642/1667/1685 1603/1653/1671
f 1642/1667/1685 1643/1668/1686 1604/1655/1673 1603/1653/1671
f 1643/1668/1686 1644/1669/1687 1606/1657/1675 1604/1655/1673
f 1644/1669/1687 1645/1670/1688 1608/1659/1677 1606/1657/1675
f 1619/1671/1689 1616/1672/1690 1617/6814/1691 1618/1674/1692
f 1618/1674/1692 1620/1675/1693 1621/1676/1694 1619/1671/1689
f 1623/1677/1695 1621/1676/1694 1620/1675/1693 1622/1678/1696
f 1622/1678/1696 1624/6813/1697 1625/1680/1698 1623/1677/1695
f 1622/1678/1696 1620/1675/1693 1626/6815/1699 1624/6813/1697
f 1618/1674/1692 1617/6814/1691 1626/6815/1699 1620/1675/1693
f 1496/1548/1566 1621/1676/1694 1623/1677/1695 1573/1565/1583
f 1621/1676/1694 1496/1548/1566 1576/1638/1656 1619/1671/1689
f 1573/1565/1583 1623/1677/1695 1625/1680/1698 1508/1566/1584
f 1619/1671/1689 1576/1638/1656 1578/1641/1659 1616/1672/1690
f 1627/1682/1700 1574/1567/1585 1508/1566/1584 1625/1680/1698
f 1628/1683/1701 1582/1636/1654 1574/1567/1585 1627/1682/1700
f 1629/1684/1702 1512/1570/1588 1582/1636/1654 1628/1683/1701
f 1630/6810/1703 1510/1571/1589 1512/1570/1588 1629/1684/1702
f 1488/1539/1557 1486/7066/1555 1609/7065/1679 1563/6900/1641
f 1563/1623/1641 1631/1686/1704 1632/1687/1705 1564/1620/1638
f 1564/1620/1638 1632/1687/1705 1633/1688/1706 1599/1650/1668
f 1634/7285/1707 1631/1686/1704 1563/1623/1641 1609/6899/1679
f 1635/1690/1708 1637/1691/1709 1638/1663/1681 1612/6897/1680
f 1599/1650/1668 1633/1688/1706 1636/1692/1710 1602/1654/1672
f 1636/1692/1710 1640/1693/1711 1641/1666/1684 1602/1654/1672
f 1638/1663/1681 1637/1691/1709 1634/1689/1707 1609/7287/1679
f 1639/1664/1682 1638/6898/1681 1609/1661/1679 1610/1660/1678
f 1641/1666/1684 1640/1693/1711 1635/1690/1708 1612/6897/1680
f 1642/1667/1685 1641/6896/1684 1612/1662/1680 1611/1665/1683
f 1613/1694/1712 1643/1668/1686 1642/1667/1685 1611/1665/1683
f 1614/1695/1713 1644/1669/1687 1643/1668/1686 1613/1694/1712
f 1615/1696/1714 1645/1670/1688 1644/1669/1687 1614/1695/1713
f 1647/1697/1715 1670/1698/1716 1671/1699/1717 1646/1700/1718
f 1649/1701/1719 1647/1697/1715 1646/1700/1718 1648/1702/1720
f 1648/1702/1720 1660/1703/1721 1661/1704/1722 1649/1701/1719
f 1653/1705/1723 1651/1706/1724 1650/1707/1725 1652/1708/1726
f 1652/1708/1726 1674/1709/1727 1675/1710/1728 1653/1705/1723
f 1654/1711/1729 1677/1712/1730 1670/1698/1716 1647/1697/1715
f 1646/1700/1718 1671/1699/1717 1672/1713/1731 1655/1714/1732
f 1656/1715/1733 1676/1716/1734 1677/1712/1730 1654/1711/1729
f 1675/1710/1728 1676/1716/1734 1656/1715/1733 1653/1705/1723
f 1673/7283/1735 1674/1709/1727 1652/1708/1726 1657/1718/1736
f 1672/1713/1731 1673/1717/1735 1657/7286/1736 1655/1714/1732
f 1659/1719/1737 1658/1720/1738 1650/1707/1725 1651/1706/1724
f 1661/1704/1722 1660/1703/1721 1658/1720/1738 1659/1719/1737
f 1652/1708/1726 1650/1707/1725 1658/1720/1738 1657/1718/1736
f 1660/1703/1721 1655/1714/1732 1657/7286/1736 1658/1720/1738
f 1646/1700/1718 1655/1714/1732 1660/1703/1721 1648/1702/1720
f 1654/1711/1729 1647/1697/1715 1649/1701/1719 1661/1704/1722
f 1654/1711/1729 1661/1704/1722 1659/1719/1737 1656/1715/1733
f 1651/1706/1724 1653/1705/1723 1656/1715/1733 1659/1719/1737
f 1663/1721/1739 1662/1722/1740 1633/1688/1706 1632/1687/1705
f 1664/1723/1741 1663/1721/1739 1632/1687/1705 1631/1686/1704
f 1634/7285/1707 1665/7284/1742 1664/1723/1741 1631/1686/1704
f 1637/1691/1709 1666/1725/1743 1665/1724/1742 1634/1689/1707
f 1667/1726/1744 1666/1725/1743 1637/1691/1709 1635/1690/1708
f 1640/1693/1711 1668/1727/1745 1667/1726/1744 1635/1690/1708
f 1669/1728/1746 1668/1727/1745 1640/1693/1711 1636/1692/1710
f 1662/1722/1740 1669/1728/1746 1636/1692/1710 1633/1688/1706
f 1671/1699/1717 1670/1698/1716 1662/1722/1740 1663/1721/1739
f 1672/1713/1731 1671/1699/1717 1663/1721/1739 1664/1723/1741
f 1664/1723/1741 1665/7284/1742 1673/1717/1735 1672/1713/1731
f 1665/1724/1742 1666/1725/1743 1674/1709/1727 1673/7283/1735
f 1675/1710/1728 1674/1709/1727 1666/1725/1743 1667/1726/1744
f 1667/1726/1744 1668/1727/1745 1676/1716/1734 1675/1710/1728
f 1677/1712/1730 1676/1716/1734 1668/1727/1745 1669/1728/1746
f 1670/1698/1716 1677/1712/1730 1669/1728/1746 1662/1722/1740
f 1616/1672/1690 1578/1641/1659 1579/1642/1660 1678/1729/1747
f 1678/1729/1747 1579/1642/1660 1580/1643/1661 1679/1730/1748
f 1681/1731/1749 1607/1658/1676 1608/1659/1677 1680/1732/1750
f 1645/1670/1688 1682/1733/1751 1680/1732/1750 1608/1659/1677
f 1684/1734/1752 1681/1731/1749 1680/1732/1750 1683/1735/1753
f 1684/1734/1752 1597/1648/1666 1607/1658/1676 1681/1731/1749
f 1679/1730/1748 1580/1643/1661 1597/1648/1666 1684/1734/1752
f 1680/1732/1750 1682/1733/1751 1685/1736/1754 1683/1735/1753
f 1615/1696/1714 1685/1736/1754 1682/1733/1751 1645/1670/1688
f 1684/1734/1752 1683/1735/1753 1686/1737/1755 1679/1730/1748
f 1678/1729/1747 1679/1730/1748 1686/1737/1755 1687/6809/1756
f 1617/6814/1691 1616/1672/1690 1678/1729/1747 1687/6809/1756
f 1688/6812/1757 1627/1682/1700 1625/1680/1698 1624/6813/1697
f 1627/1682/1700 1688/6812/1757 1689/6811/1758 1628/1683/1701
f 1630/6810/1703 1629/1684/1702 1628/1683/1701 1689/6811/1758
f 1510/1571/1589 1630/6810/1703 1690/6806/1759 1691/7064/1760
f 1511/1572/1590 1510/1571/1589 1691/7064/1760 1692/7063/1761
f 1692/7063/1761 1693/7062/1762 1595/1646/1664 1511/1572/1590
f 1595/1646/1664 1693/7062/1762 1694/7061/1763 1506/1575/1593
f 1695/7059/1764 1507/1576/1594 1506/1575/1593 1694/7061/1763
f 1535/1596/1614 1517/1577/1595 1507/1576/1594 1695/7059/1764
f 1610/1660/1678 1483/1535/1553 1481/1533/1551 1696/1747/1765
f 1697/1748/1766 1639/1664/1682 1610/1660/1678 1696/1747/1765
f 1611/1665/1683 1639/1664/1682 1697/1748/1766 1613/1694/1712
f 1698/1749/1767 1614/1695/1713 1613/1694/1712 1697/1748/1766
f 1697/1748/1766 1696/1747/1765 1699/1750/1768 1698/1749/1767
f 1696/1747/1765 1481/1533/1551 1472/1523/1541 1699/1750/1768
f 1700/1751/1769 1615/1696/1714 1614/1695/1713 1698/1749/1767
f 1685/1736/1754 1615/1696/1714 1700/1751/1769 1701/1752/1770
f 1699/1750/1768 1472/1523/1541 1469/1521/1539 1702/1753/1771
f 1698/1749/1767 1699/1750/1768 1702/1753/1771 1703/1754/1772
f 1700/1751/1769 1698/1749/1767 1703/1754/1772 1704/1755/1773
f 1704/1755/1773 1705/1756/1774 1701/1752/1770 1700/1751/1769
f 1702/1753/1771 1469/1521/1539 1467/1519/1537 1706/1757/1775
f 1464/1515/1533 1535/7060/1614 1695/1746/1764 1707/1758/1776
f 1707/1758/1776 1708/1759/1777 1463/1514/1532 1464/1515/1533
f 1462/1513/1531 1463/1514/1532 1708/1759/1777 1709/1760/1778
f 1453/1504/1522 1462/1513/1531 1709/1760/1778 1710/1761/1779
f 1711/1762/1780 1451/1502/1520 1453/1504/1522 1710/1761/1779
f 1451/1502/1520 1711/1762/1780 1712/1763/1781 1449/1499/1517
f 1449/1499/1517 1712/1763/1781 1706/1757/1775 1467/1519/1537
f 1706/1757/1775 1713/1764/1782 1703/1754/1772 1702/1753/1771
f 1712/1763/1781 1714/1765/1783 1713/1764/1782 1706/1757/1775
f 1711/1762/1780 1715/1766/1784 1714/1765/1783 1712/1763/1781
f 1710/1761/1779 1716/1767/1785 1715/1766/1784 1711/1762/1780
f 1709/1760/1778 1717/1768/1786 1716/1767/1785 1710/1761/1779
f 1717/1768/1786 1709/1760/1778 1708/1759/1777 1718/1769/1787
f 1718/1769/1787 1708/1759/1777 1707/1758/1776 1719/1770/1788
f 1694/1745/1763 1719/1770/1788 1707/1758/1776 1695/1746/1764
f 1720/1771/1789 1719/1770/1788 1694/1745/1763 1693/1744/1762
f 1721/1772/1790 1720/1771/1789 1693/1744/1762 1692/1743/1761
f 1722/1773/1791 1721/1772/1790 1692/1743/1761 1691/1742/1760
f 1686/1737/1755 1683/1735/1753 1685/1736/1754 1723/1774/1792
f 1701/1752/1770 1724/1775/1793 1723/1774/1792 1685/1736/1754
f 1705/1756/1774 1725/1776/1794 1724/1775/1793 1701/1752/1770
f 1686/1737/1755 1723/1774/1792 1726/6808/1795 1687/6809/1756
f 1727/6807/1796 1726/6808/1795 1723/1774/1792 1724/1775/1793
f 1728/6799/1797 1727/6807/1796 1724/1775/1793 1725/1776/1794
f 1704/1755/1773 1703/1754/1772 1713/1764/1782 1729/1780/1798
f 1729/1780/1798 1713/1764/1782 1714/1765/1783 1730/1781/1799
f 1715/1766/1784 1731/1782/1800 1730/1781/1799 1714/1765/1783
f 1731/1782/1800 1715/1766/1784 1716/1767/1785 1732/1783/1801
f 1717/1768/1786 1733/1784/1802 1732/1783/1801 1716/1767/1785
f 1718/1769/1787 1734/1785/1803 1733/1784/1802 1717/1768/1786
f 1734/1785/1803 1718/1769/1787 1719/1770/1788 1720/1771/1789
f 1720/1771/1789 1721/1772/1790 1735/1786/1804 1734/1785/1803
f 1736/1787/1805 1733/1784/1802 1734/1785/1803 1735/1786/1804
f 1737/1788/1806 1732/1783/1801 1733/1784/1802 1736/1787/1805
f 1738/1789/1807 1731/1782/1800 1732/1783/1801 1737/1788/1806
f 1731/1782/1800 1738/1789/1807 1739/1790/1808 1730/1781/1799
f 1740/1791/1809 1729/1780/1798 1730/1781/1799 1739/1790/1808
f 1729/1780/1798 1740/1791/1809 1705/1756/1774 1704/1755/1773
f 1721/1772/1790 1722/1773/1791 1741/1792/1810 1735/1786/1804
f 1735/1786/1804 1741/1792/1810 1742/1793/1811 1736/1787/1805
f 1736/1787/1805 1742/1793/1811 1743/1794/1812 1737/1788/1806
f 1744/1795/1813 1738/1789/1807 1737/1788/1806 1743/1794/1812
f 1738/1789/1807 1744/1795/1813 1745/1796/1814 1739/1790/1808
f 1739/1790/1808 1745/1796/1814 1746/1797/1815 1740/1791/1809
f 1740/1791/1809 1746/1797/1815 1725/1776/1794 1705/1756/1774
f 1691/1742/1760 1690/7051/1759 1747/6805/1816 1722/1773/1791
f 1722/1773/1791 1747/6805/1816 1748/6804/1817 1741/1792/1810
f 1741/1792/1810 1748/6804/1817 1749/6803/1818 1742/1793/1811
f 1750/6802/1819 1743/1794/1812 1742/1793/1811 1749/6803/1818
f 1751/6801/1820 1744/1795/1813 1743/1794/1812 1750/6802/1819
f 1744/1795/1813 1751/6801/1820 1752/6800/1821 1745/1796/1814
f 1745/1796/1814 1752/6800/1821 1753/6798/1822 1746/1797/1815
f 1746/1797/1815 1753/6798/1822 1728/6799/1797 1725/1776/1794
f 1755/1805/1823 1752/1803/1821 1751/1802/1820 1754/1806/1824
f 1757/1807/1825 1755/1805/1823 1754/1806/1824 1756/1808/1826
f 1752/1803/1821 1755/1805/1823 1757/1807/1825 1753/1804/1822
f 1750/1801/1819 1758/1809/1827 1754/1806/1824 1751/1802/1820
f 1749/1800/1818 1759/1810/1828 1758/1809/1827 1750/1801/1819
f 1759/1810/1828 1749/1800/1818 1748/1799/1817 1760/1811/1829
f 1761/1812/1830 1756/1808/1826 1754/1806/1824 1758/1809/1827
f 1758/1809/1827 1759/1810/1828 1760/1811/1829 1761/1812/1830
f 1753/1804/1822 1757/1807/1825 1762/1813/1831 1728/1779/1797
f 1747/1798/1816 1763/1814/1832 1760/1811/1829 1748/1799/1817
f 1630/1685/1703 1689/1740/1758 1766/1815/1833 1765/1816/1834
f 1689/1740/1758 1688/1739/1757 1767/1817/1835 1766/1815/1833
f 1762/1813/1831 1768/1818/1836 1727/1778/1796 1728/1779/1797
f 1768/1818/1836 1769/1819/1837 1726/1777/1795 1727/1778/1796
f 1687/1738/1756 1726/1777/1795 1769/1819/1837 1770/1820/1838
f 1770/1820/1838 1771/1821/1839 1617/1673/1691 1687/1738/1756
f 1772/1822/1840 1767/1817/1835 1688/1739/1757 1624/1679/1697
f 1772/1822/1840 1624/1679/1697 1626/1681/1699 1773/1823/1841
f 1617/1673/1691 1771/1821/1839 1773/1823/1841 1626/1681/1699
f 1830/7058/823 1831/922/940 1774/923/941 785/806/824
f 1776/915/933 1775/6763/943 784/6762/822 783/803/821
f 1777/902/920 1776/915/933 783/803/821 853/900/918
f 1778/546/564 1777/902/920 853/900/918 543/693/711
f 543/693/711 542/687/705 1779/545/563 1778/546/564
f 542/687/705 541/685/703 1780/544/562 1779/545/563
f 541/685/703 540/681/699 1781/543/561 1780/544/562
f 540/681/699 539/549/567 1782/541/559 1781/543/561
f 539/549/567 608/7198/566 1783/542/560 1782/541/559
f 1784/540/558 1783/7199/560 608/548/566 538/557/575
f 538/557/575 537/556/574 1785/539/557 1784/540/558
f 1786/525/543 1785/539/557 537/556/574 524/564/582
f 1787/526/544 1786/525/543 524/564/582 657/568/586
f 1788/527/545 1787/526/544 657/568/586 525/571/589
f 1789/528/546 1788/527/545 525/571/589 526/574/592
f 526/574/592 527/580/598 1790/529/547 1789/528/546
f 527/580/598 530/584/602 1791/532/550 1790/529/547
f 530/584/602 532/588/606 1792/534/552 1791/532/550
f 1793/535/553 1792/534/552 532/588/606 533/592/610
f 534/1824/1842 1794/536/554 1793/535/553 533/592/610
f 798/840/858 794/834/852 1796/832/850 1795/839/857
f 1797/833/851 1796/832/850 794/834/852 751/835/853
f 836/764/782 1798/748/766 3189/747/765 3190/761/779
f 1799/753/771 1798/748/766 836/764/782 752/757/775
f 1800/6761/772 1799/753/771 752/757/775 754/6760/778
f 755/927/945 1801/756/774 1825/755/773 1826/926/944
f 1814/1825/1843 1815/1826/1844 849/738/756 745/742/760
f 2101/1827/1845 2082/1828/1846 1804/1829/1847 1807/1830/1848
f 2121/1831/1849 2102/1832/1850 1810/1833/1851 1811/1834/1852
f 1816/1835/1853 1817/1836/1854 1808/1837/1855 1805/1838/1856
f 1818/1839/1857 1819/1840/1858 1809/1841/1859 1802/1842/1860
f 1811/1834/1852 1810/1833/1851 1805/1838/1856 1808/1837/1855
f 1803/1843/1861 1813/1844/1862 1812/1845/1863 1806/1846/1864
f 1806/1846/1864 1815/1826/1844 1814/1825/1843 1803/1843/1861
f 1809/1841/1859 1817/1836/1854 1816/1835/1853 1802/1842/1860
f 1769/1819/1837 3213/1847/1865 3198/1848/1866 1770/1820/1838
f 1821/724/742 1820/723/741 730/718/736 729/717/735
f 848/727/745 1822/737/755 1821/724/742 729/717/735
f 738/730/748 1823/739/757 1822/737/755 848/727/745
f 738/730/748 739/729/747 1824/740/758 1823/739/757
f 1800/754/772 1825/755/773 1824/740/758 739/729/747
f 1826/926/944 1825/755/773 1800/754/772 754/760/778
f 754/760/778 871/768/786 1827/772/790 1826/926/944
f 1828/773/791 1827/772/790 871/768/786 761/767/785
f 761/767/785 763/778/796 1829/775/793 1828/773/791
f 1830/805/823 1829/775/793 763/778/796 784/7057/822
f 1775/925/943 1831/922/940 1830/7058/823 784/804/822
f 869/924/942 1832/908/926 1831/922/940 1775/925/943
f 1833/909/927 1832/908/926 869/924/942 858/921/939
f 858/921/939 866/920/938 1834/910/928 1833/909/927
f 1835/913/931 1834/910/928 866/920/938 860/919/937
f 1820/723/741 1835/913/931 860/919/937 730/718/736
f 1836/1849/1867 804/847/865 79/848/866 89/1850/1868
f 804/847/865 1836/1849/1867 1837/1851/1869 803/846/864
f 803/846/864 1837/1851/1869 1838/1852/1870 797/838/856
f 1839/1853/1871 795/836/854 797/838/856 1838/1852/1870
f 1840/1854/1872 796/837/855 795/836/854 1839/1853/1871
f 1841/1855/1873 1795/839/857 796/6759/855 1840/6755/1872
f 1842/1856/1874 798/840/858 1795/839/857 1841/1855/1873
f 1843/1857/1875 799/841/859 798/840/858 1842/1856/1874
f 799/841/859 1843/1857/1875 1844/1858/1876 800/842/860
f 1845/1859/1877 801/843/861 800/842/860 1844/1858/1876
f 1846/1860/1878 802/844/862 801/843/861 1845/1859/1877
f 90/1861/1879 78/845/863 802/844/862 1846/1860/1878
f 1850/1862/1880 1854/1863/1881 1855/1864/1882 1849/1865/1883
f 1849/1865/1883 1851/1866/1884 1852/1867/1885 1850/1862/1880
f 1851/1866/1884 91/1868/1886 92/1869/1887 1852/1867/1885
f 92/1869/1887 93/1870/1888 1850/1862/1880 1852/1867/1885
f 93/1870/1888 94/1871/1889 1853/1872/1890 1850/1862/1880
f 1855/1864/1882 1854/1863/1881 1847/1873/1891 1848/1874/1892
f 1856/1875/1893 1853/1872/1890 94/1871/1889 95/1876/1894
f 96/1877/1895 90/1861/1879 1846/1860/1878 1857/1878/1896
f 95/1876/1894 96/1877/1895 1857/1878/1896 1856/1875/1893
f 1850/1862/1880 1853/1872/1890 1858/1879/1897 1854/1863/1881
f 1853/1872/1890 1856/1875/1893 1859/1880/1898 1858/1879/1897
f 1857/1878/1896 1846/1860/1878 1845/1859/1877 1860/1881/1899
f 1860/1881/1899 1859/1880/1898 1856/1875/1893 1857/1878/1896
f 1844/1858/1876 1861/1882/1900 1860/1881/1899 1845/1859/1877
f 1861/1882/1900 1862/1883/1901 1859/1880/1898 1860/1881/1899
f 1858/1879/1897 1859/1880/1898 1862/1883/1901 1863/1884/1902
f 1863/1884/1902 1847/1873/1891 1854/1863/1881 1858/1879/1897
f 1865/1885/1903 1848/1874/1892 1847/1873/1891 1864/1886/1904
f 1863/1884/1902 1866/1887/1905 1864/1886/1904 1847/1873/1891
f 1862/1883/1901 1867/1888/1906 1866/1887/1905 1863/1884/1902
f 1868/1889/1907 1861/1882/1900 1844/1858/1876 1843/1857/1875
f 1867/1888/1906 1862/1883/1901 1861/1882/1900 1868/1889/1907
f 1868/1889/1907 1843/1857/1875 1842/1856/1874 1869/1890/1908
f 1869/1890/1908 1842/1856/1874 1841/1855/1873 1870/1891/1909
f 1864/1886/1904 1873/1892/1910 1874/1893/1911 1865/1885/1903
f 1874/1893/1911 1873/1892/1910 1871/1894/1912 1872/1895/1913
f 1875/1896/1914 1873/1892/1910 1864/1886/1904 1866/1887/1905
f 1876/1897/1915 1875/1896/1914 1866/1887/1905 1867/1888/1906
f 1869/1890/1908 1876/1897/1915 1867/1888/1906 1868/1889/1907
f 1870/1891/1909 1877/1898/1916 1876/1897/1915 1869/1890/1908
f 1875/1896/1914 1876/1897/1915 1877/1898/1916 1878/1899/1917
f 1873/1892/1910 1875/1896/1914 1878/1899/1917 1871/1894/1912
f 1880/1900/1918 1872/1895/1913 1871/1894/1912 1879/1901/1919
f 1871/1894/1912 1878/1899/1917 1881/6758/1920 1882/6754/1921
f 1883/6757/1922 1881/6758/1920 1878/1899/1917 1877/1898/1916
f 1877/1898/1916 1870/1891/1909 1884/6756/1923 1883/6757/1922
f 1870/1891/1909 1841/1855/1873 1840/6755/1872 1884/6756/1923
f 1839/1853/1871 1885/1906/1924 1884/1905/1923 1840/1854/1872
f 1885/1906/1924 1886/1907/1925 1883/1904/1922 1884/1905/1923
f 1881/1902/1920 1883/1904/1922 1886/1907/1925 1887/1908/1926
f 1882/1903/1921 1881/1902/1920 1887/1908/1926 1888/1909/1927
f 1879/1901/1919 1871/1894/1912 1882/6754/1921 1889/6752/1928
f 1888/1909/1927 1890/1911/1929 1889/1910/1928 1882/1903/1921
f 1879/1901/1919 1891/6501/1930 1892/1913/1931 1880/1900/1918
f 1891/6501/1930 1879/1901/1919 1889/6752/1928 1893/6753/1932
f 1890/1911/1929 1894/6496/1933 1893/6502/1932 1889/1910/1928
f 97/1916/1934 91/1868/1886 1851/1866/1884 1895/1917/1935
f 1895/1917/1935 1896/1918/1936 98/1919/1937 97/1916/1934
f 1900/1920/1938 1897/1921/1939 1898/1922/1940 1899/1923/1941
f 99/1924/1942 98/1919/1937 1896/1918/1936 1901/1925/1943
f 1904/1926/1944 1903/1927/1945 1901/1925/1943 1896/1918/1936
f 1905/1928/1946 1904/1926/1944 1896/1918/1936 1895/1917/1935
f 1849/1865/1883 1905/1928/1946 1895/1917/1935 1851/1866/1884
f 1903/1927/1945 1904/1926/1944 1906/1929/1947 1898/1922/1940
f 1904/1926/1944 1905/1928/1946 1907/1930/1948 1906/1929/1947
f 1905/1928/1946 1849/1865/1883 1855/1864/1882 1907/1930/1948
f 1908/1931/1949 1899/1923/1941 1898/1922/1940 1906/1929/1947
f 1909/1932/1950 1908/1931/1949 1906/1929/1947 1907/1930/1948
f 1907/1930/1948 1855/1864/1882 1848/1874/1892 1909/1932/1950
f 1909/1932/1950 1848/1874/1892 1865/1885/1903 1910/1933/1951
f 1910/1933/1951 1911/1934/1952 1908/1931/1949 1909/1932/1950
f 1911/1934/1952 1912/1935/1953 1899/1923/1941 1908/1931/1949
f 1899/1923/1941 1912/1935/1953 1913/1936/1954 1900/1920/1938
f 1914/6498/1955 1902/6485/1956 1900/1920/1938 1913/1936/1954
f 1910/1933/1951 1865/1885/1903 1874/1893/1911 1915/1939/1957
f 1915/1939/1957 1874/1893/1911 1872/1895/1913 1880/1900/1918
f 1915/1939/1957 1916/1940/1958 1911/1934/1952 1910/1933/1951
f 1892/1913/1931 1916/1940/1958 1915/1939/1957 1880/1900/1918
f 1916/1940/1958 1917/1941/1959 1912/1935/1953 1911/1934/1952
f 1892/1913/1931 1918/1942/1960 1917/1941/1959 1916/1940/1958
f 1891/6501/1930 1919/6500/1961 1918/1942/1960 1892/1913/1931
f 1920/1944/1962 1913/1936/1954 1912/1935/1953 1917/1941/1959
f 1918/1942/1960 1921/1945/1963 1920/1944/1962 1917/1941/1959
f 1919/6500/1961 1922/6499/1964 1921/1945/1963 1918/1942/1960
f 1920/1944/1962 1921/1945/1963 1922/6499/1964 1923/6497/1965
f 1914/6498/1955 1913/1936/1954 1920/1944/1962 1923/6497/1965
f 1768/1818/1836 3212/1948/1966 3213/1847/1865 1769/1819/1837
f 3211/1949/1967 3212/1948/1966 1768/1818/1836 1762/1813/1831
f 1757/1807/1825 3210/1950/1968 3211/1949/1967 1762/1813/1831
f 1756/1808/1826 3209/1951/1969 3210/1950/1968 1757/1807/1825
f 1761/1812/1830 3208/1952/1970 3209/1951/1969 1756/1808/1826
f 1760/1811/1829 3207/1953/1971 3208/1952/1970 1761/1812/1830
f 1763/1814/1832 3206/1954/1972 3207/1953/1971 1760/1811/1829
f 1764/1955/1973 3205/1956/1974 3206/1954/1972 1763/1814/1832
f 1765/1816/1834 3204/1957/1975 3205/7032/1974 1764/7053/1973
f 1766/1815/1833 3203/1958/1976 3204/1957/1975 1765/1816/1834
f 1767/1817/1835 3202/1959/1977 3203/1958/1976 1766/1815/1833
f 1772/1822/1840 3201/1960/1978 3202/1959/1977 1767/1817/1835
f 1773/1823/1841 3200/1961/1979 3201/1960/1978 1772/1822/1840
f 1771/1821/1839 3199/1962/1980 3200/1961/1979 1773/1823/1841
f 3198/1848/1866 3199/1962/1980 1771/1821/1839 1770/1820/1838
f 1818/1839/1857 1802/1842/1860 1938/1963/1981 1937/1964/1982
f 1939/1965/1983 1936/1966/1984 1937/1964/1982 1938/1963/1981
f 1940/1967/1985 1935/1968/1986 1936/1966/1984 1939/1965/1983
f 1941/1969/1987 1934/1970/1988 1935/1968/1986 1940/1967/1985
f 1942/1971/1989 1933/1972/1990 1934/1970/1988 1941/1969/1987
f 1943/1973/1991 1932/1974/1992 1933/1972/1990 1942/1971/1989
f 1944/1975/1993 1931/7033/1994 1932/1974/1992 1943/1973/1991
f 1945/1977/1995 1930/1978/1996 1931/1976/1994 1944/7055/1993
f 1924/1979/1997 1946/1980/1998 1809/1841/1859 1819/1840/1858
f 1925/1981/1999 1947/1982/2000 1946/1980/1998 1924/1979/1997
f 1926/1983/2001 1948/1984/2002 1947/1982/2000 1925/1981/1999
f 1927/1985/2003 1949/1986/2004 1948/1984/2002 1926/1983/2001
f 1929/1987/2005 1950/1988/2006 1951/1989/2007 1928/1990/2008
f 1949/1986/2004 1927/1985/2003 1928/1990/2008 1951/1989/2007
f 1950/1988/2006 1929/1987/2005 1930/1978/1996 1945/1977/1995
f 1952/1991/2009 1938/1963/1981 1802/1842/1860 1816/1835/1853
f 1816/1835/1853 1805/1838/1856 1953/1992/2010 1952/1991/2009
f 1954/1993/2011 1939/1965/1983 1938/1963/1981 1952/1991/2009
f 1955/1994/2012 1954/1993/2011 1952/1991/2009 1953/1992/2010
f 1956/1995/2013 1940/1967/1985 1939/1965/1983 1954/1993/2011
f 1954/1993/2011 1955/1994/2012 1957/1996/2014 1956/1995/2013
f 1958/1997/2015 1941/1969/1987 1940/1967/1985 1956/1995/2013
f 1959/1998/2016 1958/1997/2015 1956/1995/2013 1957/1996/2014
f 1960/1999/2017 1942/1971/1989 1941/1969/1987 1958/1997/2015
f 1961/2000/2018 1960/1999/2017 1958/1997/2015 1959/1998/2016
f 1962/2001/2019 1943/1973/1991 1942/1971/1989 1960/1999/2017
f 1963/2002/2020 1962/2001/2019 1960/1999/2017 1961/2000/2018
f 1964/7054/2021 1944/1975/1993 1943/1973/1991 1962/2001/2019
f 1965/2004/2022 1964/7054/2021 1962/2001/2019 1963/2002/2020
f 1966/2005/2023 1945/1977/1995 1944/7055/1993 1964/2003/2021
f 1967/2006/2024 1966/2005/2023 1964/2003/2021 1965/7046/2022
f 1969/2007/2025 1968/2008/2026 1808/1837/1855 1817/1836/1854
f 1817/1836/1854 1809/1841/1859 1946/1980/1998 1969/2007/2025
f 1969/2007/2025 1946/1980/1998 1947/1982/2000 1970/2009/2027
f 1970/2009/2027 1971/2010/2028 1968/2008/2026 1969/2007/2025
f 1948/1984/2002 1972/2011/2029 1970/2009/2027 1947/1982/2000
f 1972/2011/2029 1973/2012/2030 1971/2010/2028 1970/2009/2027
f 1949/1986/2004 1974/2013/2031 1972/2011/2029 1948/1984/2002
f 1975/2014/2032 1950/1988/2006 1945/1977/1995 1966/2005/2023
f 1950/1988/2006 1975/2014/2032 1976/2015/2033 1951/1989/2007
f 1951/1989/2007 1976/2015/2033 1974/2013/2031 1949/1986/2004
f 1974/2013/2031 1977/2016/2034 1973/2012/2030 1972/2011/2029
f 1976/2015/2033 1978/2017/2035 1977/2016/2034 1974/2013/2031
f 1966/2005/2023 1967/2006/2024 1979/2018/2036 1975/2014/2032
f 1978/2017/2035 1976/2015/2033 1975/2014/2032 1979/2018/2036
f 1968/2008/2026 1980/2019/2037 1811/1834/1852 1808/1837/1855
f 1982/2020/2038 1765/1816/1834 1764/7053/1973 1981/7050/2039
f 1763/1814/1832 1983/2022/2040 1981/2021/2039 1764/1955/1973
f 1985/7049/2041 1984/2024/2042 1747/1798/1816 1690/7052/1759
f 1630/1685/1703 1986/2025/2043 1985/2023/2041 1690/1741/1759
f 1984/2024/2042 1983/2022/2040 1763/1814/1832 1747/1798/1816
f 1982/2020/2038 1986/2025/2043 1630/1685/1703 1765/1816/1834
f 1988/2026/2044 1987/2027/2045 1986/2025/2043 1982/2020/2038
f 1990/2028/2046 1989/2029/2047 1983/2022/2040 1984/2024/2042
f 1991/2030/2048 1981/2021/2039 1983/2022/2040 1989/2029/2047
f 1988/2026/2044 1982/2020/2038 1981/7050/2039 1991/7048/2048
f 1992/7047/2049 1990/2028/2046 1984/2024/2042 1985/7049/2041
f 1987/2027/2045 1992/2031/2049 1985/2023/2041 1986/2025/2043
f 1989/2029/2047 1990/2028/2046 1992/7047/2049 1991/2030/2048
f 1987/2027/2045 1988/2026/2044 1991/7048/2048 1992/2031/2049
f 1971/2010/2028 1993/2032/2050 1980/2019/2037 1968/2008/2026
f 1973/2012/2030 1994/2033/2051 1993/2032/2050 1971/2010/2028
f 1977/2016/2034 1995/2034/2052 1994/2033/2051 1973/2012/2030
f 1995/2034/2052 1977/2016/2034 1978/2017/2035 1996/2035/2053
f 1997/2036/2054 1953/1992/2010 1805/1838/1856 1810/1833/1851
f 1953/1992/2010 1997/2036/2054 1998/2037/2055 1955/1994/2012
f 1999/2038/2056 1957/1996/2014 1955/1994/2012 1998/2037/2055
f 2000/2039/2057 1959/1998/2016 1957/1996/2014 1999/2038/2056
f 2001/2040/2058 1961/2000/2018 1959/1998/2016 2000/2039/2057
f 2002/2041/2059 1963/2002/2020 1961/2000/2018 2001/2040/2058
f 2003/2042/2060 1965/2004/2022 1963/2002/2020 2002/2041/2059
f 1965/7046/2022 2003/7042/2060 2004/2043/2061 1967/2006/2024
f 2005/2044/2062 1979/2018/2036 1967/2006/2024 2004/2043/2061
f 1996/2035/2053 1978/2017/2035 1979/2018/2036 2005/2044/2062
f 2006/2045/2063 733/725/743 849/738/756 1815/1826/1844
f 2007/2046/2064 2006/2045/2063 1815/1826/1844 1806/1846/1864
f 2008/2047/2065 2007/2046/2064 1806/1846/1864 1812/1845/1863
f 2009/2048/2066 2100/2049/2067 2101/1827/1845 1807/1830/1848
f 1980/2019/2037 2120/2050/2068 2121/1831/1849 1811/1834/1852
f 2011/2051/2069 2099/2052/2070 2100/2049/2067 2009/2048/2066
f 2119/2053/2071 2120/2050/2068 1980/2019/2037 1993/2032/2050
f 2010/2054/2072 2012/2055/2073 2007/2046/2064 2008/2047/2065
f 2013/2056/2074 734/722/740 733/725/743 2006/2045/2063
f 2012/2055/2073 2013/2056/2074 2006/2045/2063 2007/2046/2064
f 1994/2033/2051 2118/2057/2075 2119/2053/2071 1993/2032/2050
f 734/722/740 2013/2056/2074 2015/2058/2076 861/912/930
f 2013/2056/2074 2012/2055/2073 2016/2059/2077 2015/2058/2076
f 2017/2060/2078 2016/2059/2077 2012/2055/2073 2010/2054/2072
f 2098/2061/2079 2099/2052/2070 2011/2051/2069 2014/2062/2080
f 1995/2034/2052 2117/2063/2081 2118/2057/2075 1994/2033/2051
f 2097/2064/2082 2098/2061/2079 2014/2062/2080 2018/2065/2083
f 2019/2066/2084 2020/2067/2085 2016/2059/2077 2017/2060/2078
f 861/912/930 2015/2058/2076 2021/2068/2086 867/911/929
f 2015/2058/2076 2016/2059/2077 2020/2067/2085 2021/2068/2086
f 746/741/759 2022/2069/2087 1814/1825/1843 745/742/760
f 2022/2069/2087 2023/2070/2088 1803/1843/1861 1814/1825/1843
f 2023/2070/2088 2024/2071/2089 1813/1844/1862 1803/1843/1861
f 2082/1828/1846 2083/2072/2090 2025/2073/2091 1804/1829/1847
f 2102/1832/1850 2103/2074/2092 1997/2036/2054 1810/1833/1851
f 2103/2074/2092 2104/2075/2093 1998/2037/2055 1997/2036/2054
f 2083/2072/2090 2084/2076/2094 2026/2077/2095 2025/2073/2091
f 2028/2078/2096 2027/2079/2097 2024/2071/2089 2023/2070/2088
f 1801/756/774 2029/2080/2098 2022/2069/2087 746/741/759
f 2029/2080/2098 2028/2078/2096 2023/2070/2088 2022/2069/2087
f 2104/2075/2093 2105/2081/2099 1999/2038/2056 1998/2037/2055
f 2084/2076/2094 2085/2082/2100 2030/2083/2101 2026/2077/2095
f 2032/2084/2102 2031/2085/2103 2027/2079/2097 2028/2078/2096
f 755/927/945 2033/2086/2104 2029/2080/2098 1801/756/774
f 2033/2086/2104 2032/2084/2102 2028/2078/2096 2029/2080/2098
f 2105/2081/2099 2106/2087/2105 2000/2039/2057 1999/2038/2056
f 2085/2082/2100 2086/2088/2106 2034/2089/2107 2030/2083/2101
f 2036/2090/2108 2035/2091/2109 2031/2085/2103 2032/2084/2102
f 2037/2092/2110 2036/2090/2108 2032/2084/2102 2033/2086/2104
f 870/771/789 2037/2092/2110 2033/2086/2104 755/927/945
f 2106/2087/2105 2107/2093/2111 2001/2040/2058 2000/2039/2057
f 2034/2089/2107 2086/2088/2106 2087/2094/2112 2038/2095/2113
f 2005/2044/2062 2115/2096/2114 2116/2097/2115 1996/2035/2053
f 2004/2043/2061 2114/2098/2116 2115/2096/2114 2005/2044/2062
f 2116/2097/2115 2117/2063/2081 1995/2034/2052 1996/2035/2053
f 2045/2099/2117 2096/2100/2118 2097/2064/2082 2018/2065/2083
f 2044/2101/2119 2095/2102/2120 2096/2100/2118 2045/2099/2117
f 2042/2103/2121 2094/2104/2122 2095/2102/2120 2044/2101/2119
f 867/911/929 2021/2068/2086 2048/2105/2123 859/906/924
f 2049/2106/2124 2048/2105/2123 2021/2068/2086 2020/2067/2085
f 2020/2067/2085 2019/2066/2084 2046/2107/2125 2049/2106/2124
f 2050/2108/2126 868/907/925 859/906/924 2048/2105/2123
f 2051/2109/2127 1774/923/941 868/907/925 2050/2108/2126
f 2052/2110/2128 785/806/824 1774/923/941 2051/2109/2127
f 2053/2111/2129 764/776/794 785/7045/824 2052/7044/2128
f 2054/2112/2130 762/774/792 764/776/794 2053/2111/2129
f 762/774/792 2054/2112/2130 2037/2092/2110 870/771/789
f 2055/2113/2131 2050/2108/2126 2048/2105/2123 2049/2106/2124
f 2047/2114/2132 2055/2113/2131 2049/2106/2124 2046/2107/2125
f 2054/2112/2130 2056/2115/2133 2036/2090/2108 2037/2092/2110
f 2056/2115/2133 2039/2116/2134 2035/2091/2109 2036/2090/2108
f 2053/2111/2129 2057/2117/2135 2056/2115/2133 2054/2112/2130
f 2057/2117/2135 2040/2118/2136 2039/2116/2134 2056/2115/2133
f 2052/7044/2128 2058/7043/2137 2057/2117/2135 2053/2111/2129
f 2058/7043/2137 2041/7041/2138 2040/2118/2136 2057/2117/2135
f 2058/2119/2137 2052/2110/2128 2051/2109/2127 2059/2121/2139
f 2041/2120/2138 2058/2119/2137 2059/2121/2139 2043/2122/2140
f 2050/2108/2126 2055/2113/2131 2059/2121/2139 2051/2109/2127
f 2043/2122/2140 2059/2121/2139 2055/2113/2131 2047/2114/2132
f 2107/2093/2111 2108/2123/2141 2060/2124/2142 2001/2040/2058
f 2087/2094/2112 2088/2125/2143 2061/2126/2144 2038/2095/2113
f 2064/2127/2145 2093/2128/2146 2094/2104/2122 2042/2103/2121
f 2113/2129/2147 2114/2098/2116 2004/2043/2061 2065/2130/2148
f 2003/7042/2060 2066/7040/2149 2065/2130/2148 2004/2043/2061
f 2067/2132/2150 2002/2041/2059 2001/2040/2058 2060/2124/2142
f 2066/2131/2149 2003/2042/2060 2002/2041/2059 2067/2132/2150
f 2068/2133/2151 2041/2120/2138 2043/2122/2140 2063/2134/2152
f 2069/2135/2153 2040/2118/2136 2041/7041/2138 2068/7039/2151
f 2062/2136/2154 2039/2116/2134 2040/2118/2136 2069/2135/2153
f 2060/2124/2142 2108/2123/2141 2109/2137/2155 2071/2138/2156
f 2073/2139/2157 2112/2140/2158 2113/2129/2147 2065/2130/2148
f 2066/7040/2149 2074/7038/2159 2073/2139/2157 2065/2130/2148
f 2075/2142/2160 2067/2132/2150 2060/2124/2142 2071/2138/2156
f 2074/2141/2159 2066/2131/2149 2067/2132/2150 2075/2142/2160
f 2088/2125/2143 2089/2143/2161 2070/2144/2162 2061/2126/2144
f 2076/2145/2163 2062/2136/2154 2069/2135/2153 2077/2146/2164
f 2078/7037/2165 2077/2146/2164 2069/2135/2153 2068/7039/2151
f 2063/2134/2152 2079/2148/2166 2078/2147/2165 2068/2133/2151
f 2092/2149/2167 2093/2128/2146 2064/2127/2145 2072/2150/2168
f 2111/7034/2169 2112/2140/2158 2073/2139/2157 2074/7038/2159
f 2071/2138/2156 2109/2137/2155 2110/2152/2170 2075/2142/2160
f 2075/2142/2160 2110/2152/2170 2111/2151/2169 2074/2141/2159
f 2070/2144/2162 2089/2143/2161 2090/2153/2171 2081/2154/2172
f 2091/7036/2173 2092/2149/2167 2072/2150/2168 2080/2156/2174
f 2090/2153/2171 2091/2155/2173 2080/7035/2174 2081/2154/2172
f 2024/2071/2089 2083/2072/2090 2082/1828/1846 1813/1844/1862
f 2027/2079/2097 2084/2076/2094 2083/2072/2090 2024/2071/2089
f 2031/2085/2103 2085/2082/2100 2084/2076/2094 2027/2079/2097
f 2035/2091/2109 2086/2088/2106 2085/2082/2100 2031/2085/2103
f 2087/2094/2112 2086/2088/2106 2035/2091/2109 2039/2116/2134
f 2062/2136/2154 2088/2125/2143 2087/2094/2112 2039/2116/2134
f 2076/2145/2163 2089/2143/2161 2088/2125/2143 2062/2136/2154
f 2090/2153/2171 2089/2143/2161 2076/2145/2163 2077/2146/2164
f 2078/7037/2165 2091/2155/2173 2090/2153/2171 2077/2146/2164
f 2079/2148/2166 2092/2149/2167 2091/7036/2173 2078/2147/2165
f 2063/2134/2152 2093/2128/2146 2092/2149/2167 2079/2148/2166
f 2094/2104/2122 2093/2128/2146 2063/2134/2152 2043/2122/2140
f 2095/2102/2120 2094/2104/2122 2043/2122/2140 2047/2114/2132
f 2096/2100/2118 2095/2102/2120 2047/2114/2132 2046/2107/2125
f 2097/2064/2082 2096/2100/2118 2046/2107/2125 2019/2066/2084
f 2017/2060/2078 2098/2061/2079 2097/2064/2082 2019/2066/2084
f 2010/2054/2072 2099/2052/2070 2098/2061/2079 2017/2060/2078
f 2100/2049/2067 2099/2052/2070 2010/2054/2072 2008/2047/2065
f 2101/1827/1845 2100/2049/2067 2008/2047/2065 1812/1845/1863
f 1812/1845/1863 1813/1844/1862 2082/1828/1846 2101/1827/1845
f 2025/2073/2091 2103/2074/2092 2102/1832/1850 1804/1829/1847
f 2026/2077/2095 2104/2075/2093 2103/2074/2092 2025/2073/2091
f 2030/2083/2101 2105/2081/2099 2104/2075/2093 2026/2077/2095
f 2034/2089/2107 2106/2087/2105 2105/2081/2099 2030/2083/2101
f 2038/2095/2113 2107/2093/2111 2106/2087/2105 2034/2089/2107
f 2061/2126/2144 2108/2123/2141 2107/2093/2111 2038/2095/2113
f 2109/2137/2155 2108/2123/2141 2061/2126/2144 2070/2144/2162
f 2110/2152/2170 2109/2137/2155 2070/2144/2162 2081/2154/2172
f 2111/2151/2169 2110/2152/2170 2081/2154/2172 2080/7035/2174
f 2072/2150/2168 2112/2140/2158 2111/7034/2169 2080/2156/2174
f 2113/2129/2147 2112/2140/2158 2072/2150/2168 2064/2127/2145
f 2042/2103/2121 2114/2098/2116 2113/2129/2147 2064/2127/2145
f 2115/2096/2114 2114/2098/2116 2042/2103/2121 2044/2101/2119
f 2116/2097/2115 2115/2096/2114 2044/2101/2119 2045/2099/2117
f 2018/2065/2083 2117/2063/2081 2116/2097/2115 2045/2099/2117
f 2118/2057/2075 2117/2063/2081 2018/2065/2083 2014/2062/2080
f 2119/2053/2071 2118/2057/2075 2014/2062/2080 2011/2051/2069
f 2009/2048/2066 2120/2050/2068 2119/2053/2071 2011/2051/2069
f 2121/1831/1849 2120/2050/2068 2009/2048/2066 1807/1830/1848
f 1804/1829/1847 2102/1832/1850 2121/1831/1849 1807/1830/1848
f 1838/1852/1870 2122/2157/2175 1885/1906/1924 1839/1853/1871
f 1837/1851/1869 2123/2158/2176 2122/2157/2175 1838/1852/1870
f 2124/2159/2177 2123/2158/2176 1837/1851/1869 1836/1849/1867
f 100/2160/2178 2124/2159/2177 1836/1849/1867 89/1850/1868
f 2122/2157/2175 2125/2161/2179 1886/1907/1925 1885/1906/1924
f 2126/2162/2180 2125/2161/2179 2122/2157/2175 2123/2158/2176
f 2127/2163/2181 2126/2162/2180 2123/2158/2176 2124/2159/2177
f 101/2164/2182 2127/2163/2181 2124/2159/2177 100/2160/2178
f 2125/2161/2179 2128/2165/2183 1887/1908/1926 1886/1907/1925
f 1888/1909/1927 1887/1908/1926 2128/2165/2183 2129/2166/2184
f 2126/2162/2180 2130/2167/2185 2128/2165/2183 2125/2161/2179
f 2131/2168/2186 2129/2166/2184 2128/2165/2183 2130/2167/2185
f 1890/1911/1929 1888/1909/1927 2129/2166/2184 2132/2169/2187
f 2133/2170/2188 2132/2169/2187 2129/2166/2184 2131/2168/2186
f 1894/6496/1933 1890/1911/1929 2132/2169/2187 2134/6495/2189
f 2134/6495/2189 2132/2169/2187 2133/2170/2188 2135/6489/2190
f 2136/2173/2191 2130/2167/2185 2126/2162/2180 2127/2163/2181
f 102/2174/2192 2136/2173/2191 2127/2163/2181 101/2164/2182
f 2137/2175/2193 2136/2173/2191 102/2174/2192 103/2176/2194
f 2137/2175/2193 2131/2168/2186 2130/2167/2185 2136/2173/2191
f 2138/2177/2195 2133/2170/2188 2131/2168/2186 2137/2175/2193
f 2139/2178/2196 2135/6489/2190 2133/2170/2188 2138/2177/2195
f 1901/1925/1943 2140/2179/2197 104/2180/2198 99/1924/1942
f 2143/6494/2199 2142/6491/2200 2141/2183/2201 2150/2184/2202
f 2144/6493/2203 2143/6494/2199 2150/2184/2202 2151/2186/2204
f 2145/6492/2205 2144/6493/2203 2151/2186/2204 2152/2188/2206
f 2152/2188/2206 2153/2189/2207 2146/6601/2208 2145/6492/2205
f 3134/2191/2209 3135/2192/2210 2148/2193/2211 2147/6488/2212
f 2141/2183/2201 2149/2195/2213 105/2196/2214 106/2197/2215
f 2150/2184/2202 2141/2183/2201 106/2197/2215 107/2198/2216
f 2151/2186/2204 2150/2184/2202 107/2198/2216 108/2199/2217
f 2152/2188/2206 2151/2186/2204 108/2199/2217 109/2200/2218
f 109/2200/2218 110/2201/2219 2153/2189/2207 2152/2188/2206
f 3135/2192/2210 3052/2202/2220 111/2203/2221 2148/2193/2211
f 2154/2204/2222 2148/2193/2211 111/2203/2221 112/2205/2223
f 2158/2206/2224 2157/2207/2225 2251/2208/2226 2252/2209/2227
f 2159/2210/2228 2158/2206/2224 2252/2209/2227 2253/2211/2229
f 2142/6491/2200 2163/6490/2230 2149/2195/2213 2141/2183/2201
f 3053/2213/2231 3054/6483/2232 2164/2215/2233 2165/2216/2234
f 2139/2178/2196 2165/2216/2234 2164/2215/2233 2135/6489/2190
f 2148/2193/2211 2154/2204/2222 2166/6487/2235 2147/6488/2212
f 2154/2204/2222 112/2205/2223 104/2180/2198 2140/2179/2197
f 2166/6487/2235 2154/2204/2222 2140/2179/2197 2167/6486/2236
f 2241/2219/2237 3055/2220/2238 3056/2221/2239 2169/2222/2240
f 2242/2223/2241 2243/2224/2242 2170/2225/2243 2168/2226/2244
f 2243/2224/2242 2244/2227/2245 2171/2228/2246 2170/2225/2243
f 2172/2229/2247 2171/2228/2246 2244/2227/2245 2245/2230/2248
f 2245/2230/2248 2246/2231/2249 2173/2232/2250 2172/2229/2247
f 2246/2231/2249 2247/2233/2251 2174/6604/2252 2173/2232/2250
f 3132/2235/2253 3133/2236/2254 2248/2237/2255 2175/2238/2256
f 2175/2238/2256 2248/2237/2255 2249/2239/2257 2176/2240/2258
f 2249/2239/2257 2250/2241/2259 2177/2242/2260 2176/2240/2258
f 1902/6485/1956 2167/6486/2236 1897/1921/1939 1900/1920/1938
f 1897/1921/1939 2178/2243/2261 1903/1927/1945 1898/1922/1940
f 1903/1927/1945 2178/2243/2261 2140/2179/2197 1901/1925/1943
f 2178/2243/2261 1897/1921/1939 2167/6486/2236 2140/2179/2197
f 2250/2241/2259 2251/2208/2226 2157/2207/2225 2177/2242/2260
f 2155/2244/2262 2240/2245/2263 2241/2219/2237 2169/2222/2240
f 2162/2246/2264 2160/2247/2265 2256/2248/2266 2257/2249/2267
f 1893/1914/1932 1894/1915/1933 2180/2250/2268 2179/2251/2269
f 2181/2252/2270 2180/2250/2268 1894/1915/1933 2134/2171/2189
f 2257/2249/2267 2258/2253/2271 2161/2254/2272 2162/2246/2264
f 2134/2171/2189 2135/2172/2190 2182/2255/2273 2181/2252/2270
f 2182/2255/2273 2135/2172/2190 2164/6484/2233 2156/2256/2274
f 2259/2257/2275 2240/2245/2263 2155/2244/2262 2183/2258/2276
f 2179/2251/2269 2184/2259/2277 2185/2260/2278 1893/1914/1932
f 1893/1914/1932 2185/2260/2278 1919/1943/1961 1891/1912/1930
f 2185/2260/2278 2186/2261/2279 1922/1946/1964 1919/1943/1961
f 2186/2261/2279 2185/2260/2278 2184/2259/2277 2187/2262/2280
f 1923/1947/1965 1922/1946/1964 2186/2261/2279 2187/2262/2280
f 2253/2211/2229 2254/2263/2281 2188/2264/2282 2159/2210/2228
f 2189/2265/2283 2255/2266/2284 2256/2248/2266 2160/2247/2265
f 2188/2264/2282 2254/2263/2281 2255/2266/2284 2189/2265/2283
f 2258/2253/2271 2259/2257/2275 2183/2258/2276 2161/2254/2272
f 2157/2207/2225 2158/2206/2224 2280/2267/2285 2281/2268/2286
f 2158/2206/2224 2159/2210/2228 2299/2269/2287 2280/2267/2285
f 2162/2246/2264 2161/2254/2272 2294/2270/2288 2295/2271/2289
f 2160/2247/2265 2162/2246/2264 2295/2271/2289 2296/2272/2290
f 2169/2222/2240 3056/2221/2239 3057/2273/2291 2291/2274/2292
f 2168/2226/2244 2170/2225/2243 2289/2275/2293 2290/2276/2294
f 2170/2225/2243 2171/2228/2246 2288/2277/2295 2289/2275/2293
f 2171/2228/2246 2172/2229/2247 2287/2278/2296 2288/2277/2295
f 2172/2229/2247 2173/2232/2250 2286/2279/2297 2287/2278/2296
f 2173/2232/2250 2174/6604/2252 2285/6599/2298 2286/2279/2297
f 3131/2281/2299 3132/2235/2253 2175/2238/2256 2284/2282/2300
f 2175/2238/2256 2176/2240/2258 2283/2283/2301 2284/2282/2300
f 2176/2240/2258 2177/2242/2260 2282/2284/2302 2283/2283/2301
f 2177/2242/2260 2157/2207/2225 2281/2268/2286 2282/2284/2302
f 2155/2244/2262 2169/2222/2240 2291/2274/2292 2292/2285/2303
f 2183/2258/2276 2155/2244/2262 2292/2285/2303 2293/2286/2304
f 2159/2210/2228 2188/2264/2282 2298/2287/2305 2299/2269/2287
f 2189/2265/2283 2160/2247/2265 2296/2272/2290 2297/2288/2306
f 2188/2264/2282 2189/2265/2283 2297/2288/2306 2298/2287/2305
f 2161/2254/2272 2183/2258/2276 2293/2286/2304 2294/2270/2288
f 2207/2289/2307 2206/2290/2308 2210/2291/2309 2211/2292/2310
f 2213/2293/2311 2207/2289/2307 2211/2292/2310 2212/2294/2312
f 2197/2295/2313 2214/2296/2314 2210/2291/2309 2206/2290/2308
f 3060/2297/2315 3061/2298/2316 2214/2296/2314 2197/2295/2313
f 2217/2299/2317 2215/2300/2318 2196/2301/2319 2216/2302/2320
f 2221/2303/2321 2218/2304/2322 2219/2305/2323 2220/2306/2324
f 2223/2307/2325 2217/2299/2317 2216/2302/2320 2222/2308/2326
f 2220/2306/2324 2223/2307/2325 2222/2308/2326 2221/2303/2321
f 3061/2298/2316 3062/2309/2327 2224/2310/2328 2214/2296/2314
f 3065/2311/2329 3066/2312/2330 2225/2313/2331 2226/2314/2332
f 3064/2315/2333 3065/2311/2329 2226/2314/2332 2227/2316/2334
f 3062/2309/2327 3063/2317/2335 2228/2318/2336 2224/2310/2328
f 2227/2316/2334 2228/2318/2336 3063/2317/2335 3064/2315/2333
f 2224/2310/2328 2229/2319/2337 2210/2291/2309 2214/2296/2314
f 2229/2319/2337 2212/2294/2312 2211/2292/2310 2210/2291/2309
f 2212/2294/2312 2230/2320/2338 2231/2321/2339 2213/2293/2311
f 2229/2319/2337 2232/2322/2340 2230/2320/2338 2212/2294/2312
f 2228/2318/2336 2232/2322/2340 2229/2319/2337 2224/2310/2328
f 2227/2316/2334 2233/2323/2341 2232/2322/2340 2228/2318/2336
f 2234/2324/2342 2230/2320/2338 2232/2322/2340 2233/2323/2341
f 2235/2325/2343 2231/2321/2339 2230/2320/2338 2234/2324/2342
f 2226/2314/2332 2236/2326/2344 2233/2323/2341 2227/2316/2334
f 2225/2313/2331 2237/2327/2345 2236/2326/2344 2226/2314/2332
f 2238/2328/2346 2234/2324/2342 2233/2323/2341 2236/2326/2344
f 2238/2328/2346 2236/2326/2344 2237/2327/2345 2239/2329/2347
f 2234/2324/2342 2238/2328/2346 2239/2329/2347 2235/2325/2343
f 2241/2219/2237 2240/2245/2263 2156/2256/2274 2164/6484/2233
f 3054/2214/2232 3055/2220/2238 2241/2219/2237 2164/6484/2233
f 2142/2182/2200 2243/2224/2242 2242/2223/2241 2163/2212/2230
f 2143/2181/2199 2244/2227/2245 2243/2224/2242 2142/2182/2200
f 2245/2230/2248 2244/2227/2245 2143/2181/2199 2144/2185/2203
f 2145/2187/2205 2246/2231/2249 2245/2230/2248 2144/2185/2203
f 2146/6482/2208 2247/2233/2251 2246/2231/2249 2145/2187/2205
f 2147/2194/2212 2248/2237/2255 3133/2236/2254 3134/6481/2209
f 2249/2239/2257 2248/2237/2255 2147/2194/2212 2166/2217/2235
f 2167/2218/2236 2250/2241/2259 2249/2239/2257 2166/2217/2235
f 1902/1938/1956 2251/2208/2226 2250/2241/2259 2167/2218/2236
f 2252/2209/2227 2251/2208/2226 1902/1938/1956 1914/1937/1955
f 2253/2211/2229 2252/2209/2227 1914/1937/1955 1923/1947/1965
f 2187/2262/2280 2254/2263/2281 2253/2211/2229 1923/1947/1965
f 2255/2266/2284 2254/2263/2281 2187/2262/2280 2184/2259/2277
f 2256/2248/2266 2255/2266/2284 2184/2259/2277 2179/2251/2269
f 2257/2249/2267 2256/2248/2266 2179/2251/2269 2180/2250/2268
f 2180/2250/2268 2181/2252/2270 2258/2253/2271 2257/2249/2267
f 2182/2255/2273 2259/2257/2275 2258/2253/2271 2181/2252/2270
f 2156/2256/2274 2240/2245/2263 2259/2257/2275 2182/2255/2273
f 2261/2330/2348 2260/2331/2349 2300/2332/2350 2301/2333/2351
f 2262/2334/2352 2261/2330/2348 2301/2333/2351 2302/2335/2353
f 2263/2336/2354 2262/2334/2352 2302/2335/2353 2303/2337/2355
f 2264/2338/2356 2263/2336/2354 2303/2337/2355 2304/2339/2357
f 3129/2340/2358 3130/2341/2359 2264/2338/2356 2304/2339/2357
f 2266/2342/2360 2265/6600/2361 2305/6598/2362 2306/2345/2363
f 2267/2346/2364 2266/2342/2360 2306/2345/2363 2307/2347/2365
f 2268/2348/2366 2267/2346/2364 2307/2347/2365 2308/2349/2367
f 2269/2350/2368 2268/2348/2366 2308/2349/2367 2309/2351/2369
f 2270/2352/2370 2269/2350/2368 2309/2351/2369 2310/2353/2371
f 2271/2354/2372 3058/2355/2373 3059/2356/2374 2311/2357/2375
f 2272/2358/2376 2271/2354/2372 2311/2357/2375 2312/2359/2377
f 2273/2360/2378 2272/2358/2376 2312/2359/2377 2313/2361/2379
f 2274/2362/2380 2273/2360/2378 2313/2361/2379 2314/2363/2381
f 2275/2364/2382 2274/2362/2380 2314/2363/2381 2315/2365/2383
f 2276/2366/2384 2275/2364/2382 2315/2365/2383 2316/2367/2385
f 2277/2368/2386 2276/2366/2384 2316/2367/2385 2317/2369/2387
f 2278/2370/2388 2277/2368/2386 2317/2369/2387 2318/2371/2389
f 2279/2372/2390 2278/2370/2388 2318/2371/2389 2319/2373/2391
f 2260/2331/2349 2279/2372/2390 2319/2373/2391 2300/2332/2350
f 2281/2268/2286 2280/2267/2285 2260/2331/2349 2261/2330/2348
f 2282/2284/2302 2281/2268/2286 2261/2330/2348 2262/2334/2352
f 2283/2283/2301 2282/2284/2302 2262/2334/2352 2263/2336/2354
f 2284/2282/2300 2283/2283/2301 2263/2336/2354 2264/2338/2356
f 3130/2341/2359 3131/2281/2299 2284/2282/2300 2264/2338/2356
f 2286/2279/2297 2285/6599/2298 2265/6600/2361 2266/2342/2360
f 2287/2278/2296 2286/2279/2297 2266/2342/2360 2267/2346/2364
f 2288/2277/2295 2287/2278/2296 2267/2346/2364 2268/2348/2366
f 2289/2275/2293 2288/2277/2295 2268/2348/2366 2269/2350/2368
f 2290/2276/2294 2289/2275/2293 2269/2350/2368 2270/2352/2370
f 2291/2274/2292 3057/2273/2291 3058/2355/2373 2271/2354/2372
f 2292/2285/2303 2291/2274/2292 2271/2354/2372 2272/2358/2376
f 2293/2286/2304 2292/2285/2303 2272/2358/2376 2273/2360/2378
f 2294/2270/2288 2293/2286/2304 2273/2360/2378 2274/2362/2380
f 2295/2271/2289 2294/2270/2288 2274/2362/2380 2275/2364/2382
f 2296/2272/2290 2295/2271/2289 2275/2364/2382 2276/2366/2384
f 2297/2288/2306 2296/2272/2290 2276/2366/2384 2277/2368/2386
f 2298/2287/2305 2297/2288/2306 2277/2368/2386 2278/2370/2388
f 2299/2269/2287 2298/2287/2305 2278/2370/2388 2279/2372/2390
f 2280/2267/2285 2299/2269/2287 2279/2372/2390 2260/2331/2349
f 2301/2333/2351 2300/2332/2350 2190/2374/2392 2191/2375/2393
f 2302/2335/2353 2301/2333/2351 2191/2375/2393 2205/2376/2394
f 2303/2337/2355 2302/2335/2353 2205/2376/2394 2204/2377/2395
f 2304/2339/2357 2303/2337/2355 2204/2377/2395 2203/2378/2396
f 3128/2379/2397 3129/2340/2358 2304/2339/2357 2203/2378/2396
f 2306/2345/2363 2305/6598/2362 2202/6597/2398 2201/2381/2399
f 2307/2347/2365 2306/2345/2363 2201/2381/2399 2200/2382/2400
f 2308/2349/2367 2307/2347/2365 2200/2382/2400 2199/2383/2401
f 2309/2351/2369 2308/2349/2367 2199/2383/2401 2198/2384/2402
f 2310/2353/2371 2309/2351/2369 2198/2384/2402 2196/2301/2319
f 2311/2357/2375 3059/2356/2374 3060/2297/2315 2197/2295/2313
f 2312/2359/2377 2311/2357/2375 2197/2295/2313 2206/2290/2308
f 2313/2361/2379 2312/2359/2377 2206/2290/2308 2207/2289/2307
f 2314/2363/2381 2313/2361/2379 2207/2289/2307 2193/2385/2403
f 2315/2365/2383 2314/2363/2381 2193/2385/2403 2194/2386/2404
f 2316/2367/2385 2315/2365/2383 2194/2386/2404 2195/2387/2405
f 2317/2369/2387 2316/2367/2385 2195/2387/2405 2209/2388/2406
f 2318/2371/2389 2317/2369/2387 2209/2388/2406 2208/2389/2407
f 2319/2373/2391 2318/2371/2389 2208/2389/2407 2192/2390/2408
f 2300/2332/2350 2319/2373/2391 2192/2390/2408 2190/2374/2392
f 2207/2289/2307 2213/2293/2311 2320/2391/2409 2193/2385/2403
f 2321/2392/2410 2194/2386/2404 2193/2385/2403 2320/2391/2409
f 2322/2393/2411 2195/2387/2405 2194/2386/2404 2321/2392/2410
f 2323/2394/2412 2320/2391/2409 2213/2293/2311 2231/2321/2339
f 2324/2395/2413 2321/2392/2410 2320/2391/2409 2323/2394/2412
f 2325/2396/2414 2322/2393/2411 2321/2392/2410 2324/2395/2413
f 2326/2397/2415 2323/2394/2412 2231/2321/2339 2235/2325/2343
f 2327/2398/2416 2324/2395/2413 2323/2394/2412 2326/2397/2415
f 2328/2399/2417 2325/2396/2414 2324/2395/2413 2327/2398/2416
f 2216/2302/2320 2196/2301/2319 2198/2384/2402 2329/2400/2418
f 2199/2383/2401 2330/2401/2419 2329/2400/2418 2198/2384/2402
f 2329/2400/2418 2331/2402/2420 2222/2308/2326 2216/2302/2320
f 2330/2401/2419 2332/2403/2421 2331/2402/2420 2329/2400/2418
f 2331/2402/2420 2333/2404/2422 2221/2303/2321 2222/2308/2326
f 2332/2403/2421 2334/2405/2423 2333/2404/2422 2331/2402/2420
f 2218/2304/2322 2221/2303/2321 2333/2404/2422 2335/2406/2424
f 2334/2405/2423 2336/2407/2425 2335/2406/2424 2333/2404/2422
f 2235/2325/2343 2239/2329/2347 2337/2408/2426 2326/2397/2415
f 2326/2397/2415 2337/2408/2426 2338/2409/2427 2327/2398/2416
f 2339/2410/2428 2328/2399/2417 2327/2398/2416 2338/2409/2427
f 2200/2382/2400 2340/2411/2429 2330/2401/2419 2199/2383/2401
f 2332/2403/2421 2330/2401/2419 2340/2411/2429 2341/2412/2430
f 2341/2412/2430 2342/2413/2431 2334/2405/2423 2332/2403/2421
f 2342/2413/2431 2343/2414/2432 2336/2407/2425 2334/2405/2423
f 2195/2387/2405 2322/2393/2411 2344/2415/2433 2209/2388/2406
f 2345/2416/2434 2344/2415/2433 2322/2393/2411 2325/2396/2414
f 2346/2417/2435 2208/2389/2407 2209/2388/2406 2344/2415/2433
f 2347/2418/2436 2346/2417/2435 2344/2415/2433 2345/2416/2434
f 2348/2419/2437 2345/2416/2434 2325/2396/2414 2328/2399/2417
f 2349/2420/2438 2347/2418/2436 2345/2416/2434 2348/2419/2437
f 2350/2421/2439 2348/2419/2437 2328/2399/2417 2339/2410/2428
f 2351/2422/2440 2349/2420/2438 2348/2419/2437 2350/2421/2439
f 2340/2411/2429 2200/2382/2400 2201/2381/2399 2352/2423/2441
f 2352/2423/2441 2201/2381/2399 2202/6597/2398 2353/6596/2442
f 2341/2412/2430 2340/2411/2429 2352/2423/2441 2354/2425/2443
f 2353/6596/2442 2355/6595/2444 2354/2425/2443 2352/2423/2441
f 2354/2425/2443 2356/2427/2445 2342/2413/2431 2341/2412/2430
f 2356/2427/2445 2354/2425/2443 2355/6595/2444 2357/6594/2446
f 2343/2414/2432 2342/2413/2431 2356/2427/2445 2358/2429/2447
f 2357/6594/2446 2359/6593/2448 2358/2429/2447 2356/2427/2445
f 2203/2378/2396 2360/2431/2449 3127/2432/2450 3128/2379/2397
f 3126/2433/2451 3127/2432/2450 2360/2431/2449 2361/2434/2452
f 2361/2434/2452 2362/2435/2453 3125/2436/2454 3126/2433/2451
f 2362/2435/2453 2363/2437/2455 3124/2438/2456 3125/2436/2454
f 2204/2377/2395 2364/2439/2457 2360/2431/2449 2203/2378/2396
f 2205/2376/2394 2365/2440/2458 2364/2439/2457 2204/2377/2395
f 2364/2439/2457 2366/2441/2459 2361/2434/2452 2360/2431/2449
f 2366/2441/2459 2367/2442/2460 2362/2435/2453 2361/2434/2452
f 2367/2442/2460 2368/2443/2461 2363/2437/2455 2362/2435/2453
f 2369/2444/2462 2365/2440/2458 2205/2376/2394 2191/2375/2393
f 2370/2445/2463 2369/2444/2462 2191/2375/2393 2190/2374/2392
f 2371/2446/2464 2192/2390/2408 2208/2389/2407 2346/2417/2435
f 2192/2390/2408 2371/2446/2464 2370/2445/2463 2190/2374/2392
f 3156/2447/2465 3157/2448/2466 2373/2449/2467 2374/2450/2468
f 2374/2450/2468 2376/2451/2469 3155/2452/2470 3156/2447/2465
f 3157/2448/2466 3158/2453/2471 2379/2454/2472 2373/2449/2467
f 3154/2455/2473 3155/2452/2470 2376/2451/2469 2380/2456/2474
f 2381/2457/2475 2379/2454/2472 3158/2453/2471 3159/2458/2476
f 3159/2458/2476 3160/2459/2477 2382/2460/2478 2381/2457/2475
f 2383/2461/2479 3153/2462/2480 3154/2455/2473 2380/2456/2474
f 2383/2461/2479 2384/2463/2481 3152/2464/2482 3153/2462/2480
f 3160/2459/2477 3161/2465/2483 2387/2466/2484 2382/2460/2478
f 2365/2440/2458 2388/2467/2485 2366/2441/2459 2364/2439/2457
f 2377/2468/2486 2367/2442/2460 2366/2441/2459 2388/2467/2485
f 2389/2469/2487 2371/2446/2464 2346/2417/2435 2347/2418/2436
f 2347/2418/2436 2349/2420/2438 2378/2470/2488 2389/2469/2487
f 2391/2471/2489 2390/2472/2490 2369/2444/2462 2370/2445/2463
f 2389/2469/2487 2391/2471/2489 2370/2445/2463 2371/2446/2464
f 2378/2470/2488 2372/2473/2491 2391/2471/2489 2389/2469/2487
f 2372/2473/2491 2375/2474/2492 2390/2472/2490 2391/2471/2489
f 2388/2467/2485 2390/2472/2490 2375/2474/2492 2377/2468/2486
f 2390/2472/2490 2388/2467/2485 2365/2440/2458 2369/2444/2462
f 2393/2475/2493 2374/2450/2468 2373/2449/2467 2392/2476/2494
f 2376/2451/2469 2374/2450/2468 2393/2475/2493 2380/2456/2474
f 2379/2454/2472 2381/2457/2475 2392/2476/2494 2373/2449/2467
f 2394/2477/2495 2383/2461/2479 2380/2456/2474 2393/2475/2493
f 2395/2478/2496 2394/2477/2495 2393/2475/2493 2392/2476/2494
f 2382/2460/2478 2395/2478/2496 2392/2476/2494 2381/2457/2475
f 2396/2479/2497 2384/2463/2481 2383/2461/2479 2394/2477/2495
f 2397/2480/2498 2396/2479/2497 2394/2477/2495 2395/2478/2496
f 2387/2466/2484 2397/2480/2498 2395/2478/2496 2382/2460/2478
f 2399/2481/2499 2387/2466/2484 3161/2465/2483 3162/2482/2500
f 2384/2463/2481 2400/2483/2501 3151/2484/2502 3152/2464/2482
f 2403/2485/2503 2396/2479/2497 2397/2480/2498 2402/2486/2504
f 2400/2483/2501 2384/2463/2481 2396/2479/2497 2403/2485/2503
f 2402/2486/2504 2397/2480/2498 2387/2466/2484 2399/2481/2499
f 2350/2421/2439 2404/2487/2505 2386/2488/2506 2351/2422/2440
f 2404/2487/2505 2405/2489/2507 2398/2490/2508 2386/2488/2506
f 2339/2410/2428 2406/2491/2509 2404/2487/2505 2350/2421/2439
f 2405/2489/2507 2404/2487/2505 2406/2491/2509 2407/2492/2510
f 2338/2409/2427 2408/2493/2511 2406/2491/2509 2339/2410/2428
f 2408/2493/2511 2409/2494/2512 2407/2492/2510 2406/2491/2509
f 2337/2408/2426 2410/2495/2513 2408/2493/2511 2338/2409/2427
f 2410/2495/2513 2337/2408/2426 2239/2329/2347 2411/2496/2514
f 2410/2495/2513 2412/2497/2515 2409/2494/2512 2408/2493/2511
f 2411/2496/2514 2413/2498/2516 2412/2497/2515 2410/2495/2513
f 2411/2496/2514 2239/2329/2347 2237/2327/2345 2414/2499/2517
f 2414/2499/2517 2415/2500/2518 2413/2498/2516 2411/2496/2514
f 2414/2499/2517 2237/2327/2345 2225/2313/2331 2416/2501/2519
f 2416/2501/2519 2417/2502/2520 2415/2500/2518 2414/2499/2517
f 2416/2501/2519 2225/2313/2331 3066/2312/2330 3067/2503/2521
f 3067/2503/2521 3068/2504/2522 2417/2502/2520 2416/2501/2519
f 2418/2505/2523 2218/2304/2322 2335/2406/2424 2420/2506/2524
f 2419/2507/2525 2418/2505/2523 2420/2506/2524 2421/2508/2526
f 2336/2407/2425 2422/2509/2527 2420/2506/2524 2335/2406/2424
f 2422/2509/2527 2423/2510/2528 2421/2508/2526 2420/2506/2524
f 2343/2414/2432 2424/2511/2529 2422/2509/2527 2336/2407/2425
f 2424/2511/2529 2425/2512/2530 2423/2510/2528 2422/2509/2527
f 2424/2511/2529 2343/2414/2432 2358/2429/2447 2426/2513/2531
f 2359/6593/2448 2427/6592/2532 2426/2513/2531 2358/2429/2447
f 3123/2515/2533 3124/2438/2456 2363/2437/2455 2428/2516/2534
f 2428/2516/2534 2363/2437/2455 2368/2443/2461 2385/2517/2535
f 2425/2512/2530 2424/2511/2529 2426/2513/2531 2429/2518/2536
f 2427/6592/2532 2430/6591/2537 2429/2518/2536 2426/2513/2531
f 3122/2520/2538 3123/2515/2533 2428/2516/2534 2431/2521/2539
f 2431/2521/2539 2428/2516/2534 2385/2517/2535 2401/2522/2540
f 2399/2481/2499 3162/2482/2500 3163/2523/2541 2492/2524/2542
f 3150/2525/2543 3151/2484/2502 2400/2483/2501 2495/2526/2544
f 2403/2485/2503 2402/2486/2504 2493/2527/2545 2494/2528/2546
f 2400/2483/2501 2403/2485/2503 2494/2528/2546 2495/2526/2544
f 2402/2486/2504 2399/2481/2499 2492/2524/2542 2493/2527/2545
f 2398/2490/2508 2405/2489/2507 2510/2529/2547 2491/2530/2548
f 2405/2489/2507 2407/2492/2510 2509/2531/2549 2510/2529/2547
f 2407/2492/2510 2409/2494/2512 2508/2532/2550 2509/2531/2549
f 2409/2494/2512 2412/2497/2515 2507/2533/2551 2508/2532/2550
f 2412/2497/2515 2413/2498/2516 2506/2534/2552 2507/2533/2551
f 2413/2498/2516 2415/2500/2518 2505/2535/2553 2506/2534/2552
f 2415/2500/2518 2417/2502/2520 2504/2536/2554 2505/2535/2553
f 2417/2502/2520 3068/2504/2522 3069/2537/2555 2504/2536/2554
f 2419/2507/2525 2421/2508/2526 2502/2538/2556 2503/2539/2557
f 2421/2508/2526 2423/2510/2528 2501/2540/2558 2502/2538/2556
f 2423/2510/2528 2425/2512/2530 2500/2541/2559 2501/2540/2558
f 2425/2512/2530 2429/2518/2536 2499/2542/2560 2500/2541/2559
f 2429/2518/2536 2430/6591/2537 2498/6589/2561 2499/2542/2560
f 3121/2544/2562 3122/2520/2538 2431/2521/2539 2497/2545/2563
f 2431/2521/2539 2401/2522/2540 2496/2546/2564 2497/2545/2563
f 2452/2547/2565 3166/2548/2566 3167/2549/2567 2512/2550/2568
f 2453/2551/2569 2452/2547/2565 2512/2550/2568 2513/2552/2570
f 2454/2553/2571 2453/2551/2569 2513/2552/2570 2514/2554/2572
f 2455/2555/2573 2454/2553/2571 2514/2554/2572 2515/2556/2574
f 3146/2557/2575 3147/2558/2576 2455/2555/2573 2515/2556/2574
f 2457/2559/2577 2456/2560/2578 2516/2561/2579 2517/2562/2580
f 3117/2563/2581 3118/2564/2582 2457/2559/2577 2517/2562/2580
f 2459/2565/2583 2458/6590/2584 2518/6588/2585 2519/2568/2586
f 2460/2569/2587 2459/2565/2583 2519/2568/2586 2520/2570/2588
f 2461/2571/2589 2460/2569/2587 2520/2570/2588 2521/2572/2590
f 2462/2573/2591 2461/2571/2589 2521/2572/2590 2522/2574/2592
f 2463/2575/2593 2462/2573/2591 2522/2574/2592 2523/2576/2594
f 2464/2577/2595 3072/2578/2596 3073/2579/2597 2524/2580/2598
f 2465/2581/2599 2464/2577/2595 2524/2580/2598 2525/2582/2600
f 2466/2583/2601 2465/2581/2599 2525/2582/2600 2526/2584/2602
f 2467/2585/2603 2466/2583/2601 2526/2584/2602 2527/2586/2604
f 2468/2587/2605 2467/2585/2603 2527/2586/2604 2528/2588/2606
f 2469/2589/2607 2468/2587/2605 2528/2588/2606 2529/2590/2608
f 2470/2591/2609 2469/2589/2607 2529/2590/2608 2530/2592/2610
f 2451/2593/2611 2470/2591/2609 2530/2592/2610 2511/2594/2612
f 2472/2595/2613 3165/2596/2614 3166/2548/2566 2452/2547/2565
f 2473/2597/2615 2472/2595/2613 2452/2547/2565 2453/2551/2569
f 2474/2598/2616 2473/2597/2615 2453/2551/2569 2454/2553/2571
f 2475/2599/2617 2474/2598/2616 2454/2553/2571 2455/2555/2573
f 3147/2558/2576 3148/2600/2618 2475/2599/2617 2455/2555/2573
f 2477/2601/2619 2476/2602/2620 2456/2560/2578 2457/2559/2577
f 3118/2564/2582 3119/2603/2621 2477/2601/2619 2457/2559/2577
f 2479/2604/2622 2478/6586/2623 2458/6590/2584 2459/2565/2583
f 2480/2606/2624 2479/2604/2622 2459/2565/2583 2460/2569/2587
f 2481/2607/2625 2480/2606/2624 2460/2569/2587 2461/2571/2589
f 2482/2608/2626 2481/2607/2625 2461/2571/2589 2462/2573/2591
f 2483/2609/2627 2482/2608/2626 2462/2573/2591 2463/2575/2593
f 2484/2610/2628 3071/2611/2629 3072/2578/2596 2464/2577/2595
f 2485/2612/2630 2484/2610/2628 2464/2577/2595 2465/2581/2599
f 2486/2613/2631 2485/2612/2630 2465/2581/2599 2466/2583/2601
f 2487/2614/2632 2486/2613/2631 2466/2583/2601 2467/2585/2603
f 2488/2615/2633 2487/2614/2632 2467/2585/2603 2468/2587/2605
f 2489/2616/2634 2488/2615/2633 2468/2587/2605 2469/2589/2607
f 2490/2617/2635 2489/2616/2634 2469/2589/2607 2470/2591/2609
f 2471/2618/2636 2490/2617/2635 2470/2591/2609 2451/2593/2611
f 2492/2524/2542 3163/2523/2541 3164/2619/2637 2552/2620/2638
f 2493/2527/2545 2492/2524/2542 2552/2620/2638 2553/2621/2639
f 2494/2528/2546 2493/2527/2545 2553/2621/2639 2554/2622/2640
f 2495/2526/2544 2494/2528/2546 2554/2622/2640 2555/2623/2641
f 3149/2624/2642 3150/2525/2543 2495/2526/2544 2555/2623/2641
f 2497/2545/2563 2496/2546/2564 2556/2625/2643 2557/2626/2644
f 3120/2627/2645 3121/2544/2562 2497/2545/2563 2557/2626/2644
f 2499/2542/2560 2498/6589/2561 2558/6585/2646 2559/2629/2647
f 2500/2541/2559 2499/2542/2560 2559/2629/2647 2560/2630/2648
f 2501/2540/2558 2500/2541/2559 2560/2630/2648 2561/2631/2649
f 2502/2538/2556 2501/2540/2558 2561/2631/2649 2562/2632/2650
f 2503/2539/2557 2502/2538/2556 2562/2632/2650 2563/2633/2651
f 2504/2536/2554 3069/2537/2555 3070/2634/2652 2564/2635/2653
f 2505/2535/2553 2504/2536/2554 2564/2635/2653 2565/2636/2654
f 2506/2534/2552 2505/2535/2553 2565/2636/2654 2566/2637/2655
f 2507/2533/2551 2506/2534/2552 2566/2637/2655 2567/2638/2656
f 2508/2532/2550 2507/2533/2551 2567/2638/2656 2568/2639/2657
f 2509/2531/2549 2508/2532/2550 2568/2639/2657 2569/2640/2658
f 2510/2529/2547 2509/2531/2549 2569/2640/2658 2570/2641/2659
f 2491/2530/2548 2510/2529/2547 2570/2641/2659 2551/2642/2660
f 2512/2550/2568 3167/2549/2567 3168/2643/2661 2532/2644/2662
f 2513/2552/2570 2512/2550/2568 2532/2644/2662 2533/2645/2663
f 2514/2554/2572 2513/2552/2570 2533/2645/2663 2534/2646/2664
f 2515/2556/2574 2514/2554/2572 2534/2646/2664 2535/2647/2665
f 3145/2648/2666 3146/2557/2575 2515/2556/2574 2535/2647/2665
f 2517/2562/2580 2516/2561/2579 2536/2649/2667 2537/2650/2668
f 3116/2651/2669 3117/2563/2581 2517/2562/2580 2537/2650/2668
f 2519/2568/2586 2518/6588/2585 2538/6587/2670 2539/2653/2671
f 2520/2570/2588 2519/2568/2586 2539/2653/2671 2540/2654/2672
f 2521/2572/2590 2520/2570/2588 2540/2654/2672 2541/2655/2673
f 2522/2574/2592 2521/2572/2590 2541/2655/2673 2542/2656/2674
f 2523/2576/2594 2522/2574/2592 2542/2656/2674 2543/2657/2675
f 2524/2580/2598 3073/2579/2597 3074/2658/2676 2544/2659/2677
f 2525/2582/2600 2524/2580/2598 2544/2659/2677 2545/2660/2678
f 2526/2584/2602 2525/2582/2600 2545/2660/2678 2546/2661/2679
f 2527/2586/2604 2526/2584/2602 2546/2661/2679 2547/2662/2680
f 2528/2588/2606 2527/2586/2604 2547/2662/2680 2548/2663/2681
f 2529/2590/2608 2528/2588/2606 2548/2663/2681 2549/2664/2682
f 2530/2592/2610 2529/2590/2608 2549/2664/2682 2550/2665/2683
f 2511/2594/2612 2530/2592/2610 2550/2665/2683 2531/2666/2684
f 2532/2644/2662 3168/2643/2661 3169/2667/2685 2618/2668/2686
f 2533/2645/2663 2532/2644/2662 2618/2668/2686 2619/2669/2687
f 2534/2646/2664 2533/2645/2663 2619/2669/2687 2620/2670/2688
f 2535/2647/2665 2534/2646/2664 2620/2670/2688 2621/2671/2689
f 3144/2672/2690 3145/2648/2666 2535/2647/2665 2621/2671/2689
f 2537/2650/2668 2536/2649/2667 2622/2673/2691 2623/2674/2692
f 3115/2675/2693 3116/2651/2669 2537/2650/2668 2623/2674/2692
f 2539/2653/2671 2538/6587/2670 2624/6572/2694 2625/2677/2695
f 2540/2654/2672 2539/2653/2671 2625/2677/2695 2626/2678/2696
f 2541/2655/2673 2540/2654/2672 2626/2678/2696 2627/2679/2697
f 2542/2656/2674 2541/2655/2673 2627/2679/2697 2628/2680/2698
f 2543/2657/2675 2542/2656/2674 2628/2680/2698 2629/2681/2699
f 2544/2659/2677 3074/2658/2676 3075/2682/2700 2630/2683/2701
f 2545/2660/2678 2544/2659/2677 2630/2683/2701 2631/2684/2702
f 2546/2661/2679 2545/2660/2678 2631/2684/2702 2632/2685/2703
f 2547/2662/2680 2546/2661/2679 2632/2685/2703 2633/2686/2704
f 2548/2663/2681 2547/2662/2680 2633/2686/2704 2634/2687/2705
f 2549/2664/2682 2548/2663/2681 2634/2687/2705 2635/2688/2706
f 2550/2665/2683 2549/2664/2682 2635/2688/2706 2636/2689/2707
f 2531/2666/2684 2550/2665/2683 2636/2689/2707 2617/2690/2708
f 2552/2620/2638 3164/2619/2637 3165/2596/2614 2472/2595/2613
f 2553/2621/2639 2552/2620/2638 2472/2595/2613 2473/2597/2615
f 2554/2622/2640 2553/2621/2639 2473/2597/2615 2474/2598/2616
f 2555/2623/2641 2554/2622/2640 2474/2598/2616 2475/2599/2617
f 3148/2600/2618 3149/2624/2642 2555/2623/2641 2475/2599/2617
f 2557/2626/2644 2556/2625/2643 2476/2602/2620 2477/2601/2619
f 3119/2603/2621 3120/2627/2645 2557/2626/2644 2477/2601/2619
f 2559/2629/2647 2558/6585/2646 2478/6586/2623 2479/2604/2622
f 2560/2630/2648 2559/2629/2647 2479/2604/2622 2480/2606/2624
f 2561/2631/2649 2560/2630/2648 2480/2606/2624 2481/2607/2625
f 2562/2632/2650 2561/2631/2649 2481/2607/2625 2482/2608/2626
f 2563/2633/2651 2562/2632/2650 2482/2608/2626 2483/2609/2627
f 2564/2635/2653 3070/2634/2652 3071/2611/2629 2484/2610/2628
f 2565/2636/2654 2564/2635/2653 2484/2610/2628 2485/2612/2630
f 2566/2637/2655 2565/2636/2654 2485/2612/2630 2486/2613/2631
f 2567/2638/2656 2566/2637/2655 2486/2613/2631 2487/2614/2632
f 2568/2639/2657 2567/2638/2656 2487/2614/2632 2488/2615/2633
f 2569/2640/2658 2568/2639/2657 2488/2615/2633 2489/2616/2634
f 2570/2641/2659 2569/2640/2658 2489/2616/2634 2490/2617/2635
f 2551/2642/2660 2570/2641/2659 2490/2617/2635 2471/2618/2636
f 2434/2691/2709 2571/6584/2710 2572/6568/2711 2450/2694/2712
f 2574/2695/2713 2572/2693/2711 2571/2692/2710 2573/2696/2714
f 2576/2697/2715 2832/2698/2716 2833/2699/2717 2575/2700/2718
f 2578/6583/2719 2435/2702/2720 2432/2703/2721 2577/2704/2722
f 2577/6556/2722 2579/2705/2723 2580/2706/2724 2578/2701/2719
f 2838/2707/2725 2839/2708/2726 2581/2709/2727 2582/2710/2728
f 2433/6582/2729 2583/2712/2730 3141/2713/2731 3142/6557/2732
f 2436/6581/2733 2585/2716/2734 2583/2712/2730 2433/6582/2729
f 2585/2716/2734 2436/6581/2733 2435/6580/2720 2586/2717/2735
f 2587/2718/2736 2586/2717/2735 2435/6580/2720 2578/2701/2719
f 2584/2719/2737 2588/2720/2738 2571/2692/2710 2434/6558/2709
f 2589/2721/2739 3140/2722/2740 3141/2713/2731 2583/2712/2730
f 2585/2716/2734 2590/2723/2741 2589/2721/2739 2583/2712/2730
f 2587/2718/2736 2590/2723/2741 2585/2716/2734 2586/2717/2735
f 2573/2696/2714 2571/2692/2710 2588/2720/2738 2591/2724/2742
f 2592/2725/2743 2587/2718/2736 2578/2701/2719 2580/2706/2724
f 2594/2726/2744 2589/2721/2739 2590/2723/2741 2593/2727/2745
f 2593/2727/2745 2590/2723/2741 2587/2718/2736 2592/2725/2743
f 3139/2728/2746 3140/2722/2740 2589/2721/2739 2594/2726/2744
f 2595/2729/2747 2837/2730/2748 2838/2707/2725 2582/2710/2728
f 2836/2731/2749 2837/2730/2748 2595/2729/2747 2596/2732/2750
f 2597/2733/2751 2835/2734/2752 2836/2731/2749 2596/2732/2750
f 3137/2735/2753 3138/2736/2754 2835/2734/2752 2597/2733/2751
f 2833/2699/2717 2834/2737/2755 2598/2738/2756 2575/2700/2718
f 2599/2739/2757 2596/2732/2750 2595/2729/2747 2582/2710/2728
f 2581/2709/2727 2600/2740/2758 2599/2739/2757 2582/2710/2728
f 2597/2733/2751 2601/2741/2759 3136/2742/2760 3137/2735/2753
f 2601/2741/2759 2597/2733/2751 2596/2732/2750 2599/2739/2757
f 2600/2740/2758 2602/2743/2761 2601/2741/2759 2599/2739/2757
f 2604/2744/2762 2867/2745/2763 2868/2746/2764 2603/2747/2765
f 2868/2746/2764 3080/2748/2766 3081/2749/2767 2603/2747/2765
f 2869/2750/2768 2870/2751/2769 2606/2752/2770 2605/2753/2771
f 2608/6579/2772 2607/6577/2773 2442/2756/2774 2443/2757/2775
f 3077/2758/2776 3078/6562/2777 2608/6579/2772 2443/2757/2775
f 2445/2760/2778 2610/6578/2779 2609/6563/2780 2444/2763/2781
f 2611/6571/2782 2610/6578/2779 2445/2760/2778 2446/2765/2783
f 2612/6576/2784 2441/2767/2785 2442/2756/2774 2607/6577/2773
f 2441/2767/2785 2612/6576/2784 2613/6575/2786 2440/2769/2787
f 2440/2769/2787 2613/6575/2786 2614/6574/2788 2439/2771/2789
f 2615/6573/2790 2438/2773/2791 2439/2771/2789 2614/6574/2788
f 2438/2773/2791 2615/6573/2790 2616/6565/2792 2437/2775/2793
f 2618/2668/2686 3169/2667/2685 3170/2776/2794 2647/2777/2795
f 2619/2669/2687 2618/2668/2686 2647/2777/2795 2648/2778/2796
f 2620/2670/2688 2619/2669/2687 2648/2778/2796 2649/2779/2797
f 2621/2671/2689 2620/2670/2688 2649/2779/2797 2650/2780/2798
f 3143/2781/2799 3144/2672/2690 2621/2671/2689 2650/2780/2798
f 2623/2674/2692 2622/2673/2691 2651/2782/2800 2652/2783/2801
f 3114/2784/2802 3115/2675/2693 2623/2674/2692 2652/2783/2801
f 2625/2677/2695 2624/6572/2694 2653/6566/2803 2654/2786/2804
f 2626/2678/2696 2625/2677/2695 2654/2786/2804 2655/2787/2805
f 2627/2679/2697 2626/2678/2696 2655/2787/2805 2656/2788/2806
f 2628/2680/2698 2627/2679/2697 2656/2788/2806 2657/2789/2807
f 2629/2681/2699 2628/2680/2698 2657/2789/2807 2658/2790/2808
f 2630/2683/2701 3075/2682/2700 3076/2791/2809 2659/2792/2810
f 2631/2684/2702 2630/2683/2701 2659/2792/2810 2660/2793/2811
f 2632/2685/2703 2631/2684/2702 2660/2793/2811 2661/2794/2812
f 2633/2686/2704 2632/2685/2703 2661/2794/2812 2662/2795/2813
f 2634/2687/2705 2633/2686/2704 2662/2795/2813 2663/2796/2814
f 2635/2688/2706 2634/2687/2705 2663/2796/2814 2664/2797/2815
f 2636/2689/2707 2635/2688/2706 2664/2797/2815 2665/2798/2816
f 2617/2690/2708 2636/2689/2707 2665/2798/2816 2646/2799/2817
f 2447/2800/2818 2637/6570/2819 2611/6571/2782 2446/2765/2783
f 2448/2802/2820 2638/6569/2821 2637/6570/2819 2447/2800/2818
f 2638/6569/2821 2448/2802/2820 2449/6567/2822 2639/6560/2823
f 3112/2806/2824 3113/2807/2825 2450/2694/2712 2572/6568/2711
f 2839/2708/2726 3176/2808/2826 3177/2809/2827 2581/2709/2727
f 3111/2810/2828 3112/6559/2824 2572/2693/2711 2574/2695/2713
f 3109/2811/2829 3110/2812/2830 2832/2698/2716 2576/2697/2715
f 3177/2809/2827 3178/2813/2831 2600/2740/2758 2581/2709/2727
f 2648/2778/2796 2647/2777/2795 2432/2703/2721 2435/2702/2720
f 2649/2779/2797 2648/2778/2796 2435/2702/2720 2436/2715/2733
f 2650/2780/2798 2649/2779/2797 2436/2715/2733 2433/2711/2729
f 3142/2714/2732 3143/2781/2799 2650/2780/2798 2433/2711/2729
f 2652/2783/2801 2651/2782/2800 2434/2691/2709 2450/2694/2712
f 3113/2807/2825 3114/2784/2802 2652/2783/2801 2450/2694/2712
f 2654/2786/2804 2653/6566/2803 2449/6567/2822 2448/2802/2820
f 2655/2787/2805 2654/2786/2804 2448/2802/2820 2447/2800/2818
f 2656/2788/2806 2655/2787/2805 2447/2800/2818 2446/2765/2783
f 2657/2789/2807 2656/2788/2806 2446/2765/2783 2445/2760/2778
f 2658/2790/2808 2657/2789/2807 2445/2760/2778 2444/2763/2781
f 2659/2792/2810 3076/2791/2809 3077/2758/2776 2443/2757/2775
f 2660/2793/2811 2659/2792/2810 2443/2757/2775 2442/2756/2774
f 2661/2794/2812 2660/2793/2811 2442/2756/2774 2441/2767/2785
f 2662/2795/2813 2661/2794/2812 2441/2767/2785 2440/2769/2787
f 2663/2796/2814 2662/2795/2813 2440/2769/2787 2439/2771/2789
f 2664/2797/2815 2663/2796/2814 2439/2771/2789 2438/2773/2791
f 2665/2798/2816 2664/2797/2815 2438/2773/2791 2437/2775/2793
f 2669/2814/2832 2763/6635/2833 2764/6719/2834 2668/6661/2835
f 3018/2818/2836 3019/2819/2837 2670/2820/2838 2671/2821/2839
f 2673/2822/2840 3027/2823/2841 3028/2824/2842 2672/2825/2843
f 2765/2826/2844 2766/2827/2845 2674/2828/2846 2704/2829/2847
f 2677/2830/2848 2744/2831/2849 2745/2832/2850 2706/2833/2851
f 2706/2833/2851 2707/2834/2852 2678/2835/2853 2677/2830/2848
f 2772/6715/2854 2773/6714/2855 2708/2838/2856 2680/2839/2857
f 2708/2838/2856 2709/2840/2858 2683/2841/2859 2680/2839/2857
f 2680/2839/2857 2683/2841/2859 2771/2842/2860 2772/6715/2854
f 3040/2843/2861 3041/6699/2862 2771/2842/2860 2683/2841/2859
f 3042/2845/2863 3043/2846/2864 2744/2831/2849 2677/2830/2848
f 2766/2827/2845 3047/2847/2865 3048/2848/2866 2674/2828/2846
f 2684/2849/2867 2742/2850/2868 2769/2851/2869 2770/2852/2870
f 2741/2853/2871 3051/2854/2872 3040/2843/2861 2683/2841/2859
f 2740/2855/2873 2741/2853/2871 2683/2841/2859 2709/2840/2858
f 2688/2856/2874 2738/2857/2875 3031/2858/2876 3032/2859/2877
f 3032/2859/2877 3033/2860/2878 2689/2861/2879 2688/2856/2874
f 3033/2860/2878 3034/2862/2880 2775/2863/2881 2689/2861/2879
f 2691/2864/2882 2690/2865/2883 3035/2866/2884 3036/2867/2885
f 3036/2867/2885 3037/2868/2886 2747/2869/2887 2691/2864/2882
f 2998/2870/2888 2999/2871/2889 2750/2872/2890 2701/2873/2891
f 2695/2874/2892 2748/2875/2893 3021/2876/2894 3022/2877/2895
f 2703/2878/2896 2762/2879/2897 3002/2880/2898 3003/2881/2899
f 3006/2882/2900 3007/2883/2901 2758/2884/2902 2702/2885/2903
f 2699/2886/2904 2756/2887/2905 3023/2888/2906 3024/2889/2907
f 2702/2885/2903 2753/2890/2908 3005/2891/2909 3006/2882/2900
f 3024/2889/2907 3025/2892/2910 2755/2893/2911 2699/2886/2904
f 2759/2894/2912 2760/2895/2913 2752/2896/2914 2697/2897/2915
f 3008/2898/2916 3009/2899/2917 2751/2900/2918 2693/2901/2919
f 3016/2902/2920 3017/2903/2921 2759/2894/2912 2697/2897/2915
f 2697/2897/2915 2752/2896/2914 3015/2904/2922 3016/2902/2920
f 2696/2905/2923 2761/2906/2924 3012/2907/2925 3013/2908/2926
f 2985/2909/2927 2986/2910/2928 2765/2826/2844 2704/2829/2847
f 2706/2833/2851 2745/2832/2850 2989/2911/2929 2990/2912/2930
f 2990/2912/2930 2991/2913/2931 2707/2834/2852 2706/2833/2851
f 2992/2914/2932 2993/2915/2933 2708/2838/2856 2773/6714/2855
f 2993/2915/2933 2994/2916/2934 2709/2840/2858 2708/2838/2856
f 2994/2916/2934 2995/2917/2935 2740/2855/2873 2709/2840/2858
f 3083/2918/2936 3084/2919/2937 3029/2920/2938 2710/2921/2939
f 3086/2922/2940 3087/2923/2941 2712/2924/2942 2997/2925/2943
f 3087/2923/2941 3088/2926/2944 2713/2927/2945 2712/2924/2942
f 3088/2926/2944 3089/2928/2946 3049/2929/2947 2713/2927/2945
f 3091/2930/2948 3092/2931/2949 2768/2932/2950 2714/2933/2951
f 2716/2934/2952 3045/2935/2953 3095/2936/2954 3096/2937/2955
f 2717/2938/2956 2716/2934/2952 3096/2937/2955 3097/2939/2957
f 3097/2939/2957 3098/2940/2958 2987/2941/2959 2717/2938/2956
f 3100/2942/2960 3101/2943/2961 2719/2944/2962 3039/2945/2963
f 3170/2776/2794 3171/2946/2964 2720/2947/2965 2647/2777/2795
f 2432/2703/2721 2647/2777/2795 2720/2947/2965 2722/2948/2966
f 2723/2949/2967 2721/2950/2968 2646/2799/2817 2665/2798/2816
f 2724/2951/2969 2723/2949/2967 2665/2798/2816 2437/2775/2793
f 2725/2952/2970 2721/2950/2968 2723/2949/2967 2724/2951/2969
f 3171/2946/2964 3172/2953/2971 2722/2948/2966 2720/2947/2965
f 2728/2954/2972 2726/2955/2973 2616/6565/2792 2727/6564/2974
f 2726/2955/2973 2724/2951/2969 2437/2775/2793 2616/6565/2792
f 2724/2951/2969 2726/2955/2973 2728/2954/2972 2725/2952/2970
f 2729/2957/2975 2722/2948/2966 3172/2953/2971 3173/2958/2976
f 2577/2704/2722 2729/2957/2975 3173/2958/2976 3174/6555/2977
f 2722/2948/2966 2729/2957/2975 2577/2704/2722 2432/2703/2721
f 3174/2959/2977 3175/2960/2978 2579/2705/2723 2577/6556/2722
f 2866/2961/2979 2867/2745/2763 2604/2744/2762 2730/2962/2980
f 2731/2963/2981 2865/2964/2982 2866/2961/2979 2730/2962/2980
f 2606/2752/2770 2732/2965/2983 2733/2966/2984 2605/2753/2771
f 2734/2967/2985 2603/2747/2765 3081/2749/2767 3082/2968/2986
f 2603/2747/2765 2734/2967/2985 2735/2969/2987 2604/2744/2762
f 2604/2744/2762 2735/2969/2987 2736/2970/2988 2730/2962/2980
f 2737/2971/2989 2731/2963/2981 2730/2962/2980 2736/2970/2988
f 3029/2920/2938 3030/2972/2990 2786/2973/2991 2710/2921/2939
f 2996/2974/2992 2997/2925/2943 2712/2924/2942 2784/2975/2993
f 2712/2924/2942 2713/2927/2945 2783/2976/2994 2784/2975/2993
f 2713/2927/2945 3049/2929/2947 3050/2977/2995 2783/2976/2994
f 2768/2932/2950 2781/2978/2996 2782/2979/2997 2714/2933/2951
f 2779/2980/2998 3044/2981/2999 3045/2935/2953 2716/2934/2952
f 2778/2982/3000 2779/2980/2998 2716/2934/2952 2717/2938/2956
f 2987/2941/2959 2988/2983/3001 2778/2982/3000 2717/2938/2956
f 3038/2984/3002 3039/2945/2963 2719/2944/2962 2776/2985/3003
f 3019/2819/2837 3020/2986/3004 2795/2987/3005 2670/2820/2838
f 2793/2988/3006 3000/2989/3007 3001/2990/3008 2700/2991/3009
f 2792/2992/3010 3010/2993/3011 3011/2994/3012 2692/2995/3013
f 2790/2996/3014 2791/2997/3015 2761/2906/2924 2696/2905/2923
f 3013/2908/2926 3014/2998/3016 2790/2996/3014 2696/2905/2923
f 3003/2881/2899 3004/2999/3017 2789/3000/3018 2703/2878/2896
f 2673/2822/2840 2787/3001/3019 3026/3002/3020 3027/2823/2841
f 3022/2877/2895 3023/6614/2906 2756/6619/2905 2695/2874/2892
f 3007/2883/2901 2998/2870/2888 2701/2873/2891 2758/2884/2902
f 2759/2894/2912 3017/2903/2921 3008/2898/2916 2693/2901/2919
f 2693/2901/2919 2751/2900/2918 2760/2895/2913 2759/2894/2912
f 2761/2906/2924 2791/2997/3015 2792/2992/3010 2692/2995/3013
f 3011/2994/3012 3012/2907/2925 2761/2906/2924 2692/2995/3013
f 3001/2990/3008 3002/2880/2898 2762/2879/2897 2700/2991/3009
f 2764/6669/2834 2763/6718/2833 2666/3003/3021 2667/3004/3022
f 2705/3005/3023 2765/2826/2844 2986/2910/2928 2764/2816/2834
f 2675/3006/3024 2766/2827/2845 2765/2826/2844 2705/3005/3023
f 3046/3007/3025 3047/2847/2865 2766/2827/2845 2675/3006/3024
f 2715/3008/3026 2768/2932/2950 3092/2931/2949 3093/3009/3027
f 2780/3010/3028 2781/2978/2996 2768/2932/2950 2715/3008/3026
f 2770/2852/2870 2769/2851/2869 2743/3011/3029 2685/3012/3030
f 2677/2830/2848 2771/6700/2860 3041/2844/2862 3042/2845/2863
f 2772/2836/2854 2771/6700/2860 2677/2830/2848 2678/2835/2853
f 2707/2834/2852 2773/2837/2855 2772/2836/2854 2678/2835/2853
f 2991/2913/2931 2992/6701/2932 2773/2837/2855 2707/2834/2852
f 2775/2863/2881 3034/2862/2880 3035/2866/2884 2690/2865/2883
f 2672/2825/2843 2733/2966/2984 2732/2965/2983 2673/2822/2840
f 2710/2921/2939 2734/2967/2985 3082/2968/2986 3083/2918/2936
f 3037/2868/2886 3038/2984/3002 2776/2985/3003 2747/2869/2887
f 2988/2983/3001 2989/2911/2929 2745/2832/2850 2778/2982/3000
f 2745/2832/2850 2744/2831/2849 2779/2980/2998 2778/2982/3000
f 2744/2831/2849 3043/2846/2864 3044/2981/2999 2779/2980/2998
f 2743/3011/3029 2769/2851/2869 2781/2978/2996 2780/3010/3028
f 2782/2979/2997 2781/2978/2996 2769/2851/2869 2742/2850/2868
f 2783/2976/2994 3050/2977/2995 3051/2854/2872 2741/2853/2871
f 2784/2975/2993 2783/2976/2994 2741/2853/2871 2740/2855/2873
f 2995/2917/2935 2996/2974/2992 2784/2975/2993 2740/2855/2873
f 3030/2972/2990 3031/2858/2876 2738/2857/2875 2786/2973/2991
f 2786/2973/2991 2735/2969/2987 2734/2967/2985 2710/2921/2939
f 2738/2857/2875 2736/2970/2988 2735/2969/2987 2786/2973/2991
f 2736/2970/2988 2738/2857/2875 2688/2856/2874 2737/2971/2989
f 3025/2892/2910 3026/3002/3020 2787/3001/3019 2755/2893/2911
f 3004/2999/3017 3005/2891/2909 2753/2890/2908 2789/3000/3018
f 3014/2998/3016 3015/2904/2922 2752/2896/2914 2790/2996/3014
f 2752/2896/2914 2760/2895/2913 2791/2997/3015 2790/2996/3014
f 2792/2992/3010 2791/2997/3015 2760/2895/2913 2751/2900/2918
f 2751/2900/2918 3009/2899/2917 3010/2993/3011 2792/2992/3010
f 2750/2872/2890 2999/2871/2889 3000/2989/3007 2793/2988/3006
f 3020/2986/3004 3021/2876/2894 2748/2875/2893 2795/2987/3005
f 2670/2820/2838 2796/3013/3031 2797/3014/3032 2671/2821/2839
f 3102/3015/3033 3103/3016/3034 2798/3017/3035 2799/3018/3036
f 2691/2864/2882 2800/3019/3037 2801/3020/3038 2690/2865/2883
f 2800/3019/3037 2804/3021/3039 2805/3022/3040 2801/3020/3038
f 2805/3022/3040 2804/3021/3039 2802/3023/3041 2803/3024/3042
f 2747/2869/2887 2806/3025/3043 2800/3019/3037 2691/2864/2882
f 2807/3026/3044 2804/3021/3039 2800/3019/3037 2806/3025/3043
f 2806/3025/3043 2808/3027/3045 2809/3028/3046 2807/3026/3044
f 2798/3017/3035 2809/3028/3046 2808/3027/3045 2799/3018/3036
f 2806/3025/3043 2747/2869/2887 2776/2985/3003 2808/3027/3045
f 2719/2944/2962 2799/3018/3036 2808/3027/3045 2776/2985/3003
f 2799/3018/3036 2719/2944/2962 3101/2943/2961 3102/3015/3033
f 3103/3016/3034 3104/3029/3047 2811/3030/3048 2798/3017/3035
f 2796/3013/3031 2670/2820/2838 2795/2987/3005 2810/3031/3049
f 2811/3030/3048 2812/3032/3050 2809/3028/3046 2798/3017/3035
f 2813/3033/3051 2807/3026/3044 2809/3028/3046 2812/3032/3050
f 2807/3026/3044 2813/3033/3051 2802/3023/3041 2804/3021/3039
f 2811/3030/3048 3104/3029/3047 3105/3034/3052 2815/3035/3053
f 2815/3035/3053 2816/3036/3054 2812/3032/3050 2811/3030/3048
f 2813/3033/3051 2812/3032/3050 2816/3036/3054 2817/3037/3055
f 2818/3038/3056 2802/3023/3041 2813/3033/3051 2817/3037/3055
f 2819/3039/3057 2803/3024/3042 2802/3023/3041 2818/3038/3056
f 2644/3040/3058 2820/3041/3059 2821/3042/3060 2645/3043/3061
f 2822/3044/3062 2820/3041/3059 2644/3040/3058 2641/3045/3063
f 2818/3038/3056 2823/3046/3064 2824/3047/3065 2819/3039/3057
f 2824/3047/3065 2823/3046/3064 2825/3048/3066 2826/3049/3067
f 2823/3046/3064 2818/3038/3056 2817/3037/3055 2825/3048/3066
f 2824/3047/3065 2826/3049/3067 2820/3041/3059 2822/3044/3062
f 2828/3050/3068 2816/3036/3054 2815/3035/3053 2827/3051/3069
f 2825/3048/3066 2828/3050/3068 2827/3051/3069 2826/3049/3067
f 2828/3050/3068 2825/3048/3066 2817/3037/3055 2816/3036/3054
f 2821/3042/3060 2820/3041/3059 2826/3049/3067 2827/3051/3069
f 3107/3052/3070 3108/3053/3071 2645/3043/3061 2821/3042/3060
f 3105/3034/3052 3106/3054/3072 2827/3051/3069 2815/3035/3053
f 3106/3054/3072 3107/3052/3070 2821/3042/3060 2827/3051/3069
f 2832/2698/2716 3110/2812/2830 3111/2810/2828 2574/2695/2713
f 2833/2699/2717 2832/2698/2716 2574/2695/2713 2573/2696/2714
f 2591/2724/2742 2834/2737/2755 2833/2699/2717 2573/2696/2714
f 2835/2734/2752 3138/2736/2754 3139/2728/2746 2594/2726/2744
f 2836/2731/2749 2835/2734/2752 2594/2726/2744 2593/2727/2745
f 2592/2725/2743 2837/2730/2748 2836/2731/2749 2593/2727/2745
f 2838/2707/2725 2837/2730/2748 2592/2725/2743 2580/2706/2724
f 2579/2705/2723 2839/2708/2726 2838/2707/2725 2580/2706/2724
f 3175/2960/2978 3176/2808/2826 2839/2708/2726 2579/2705/2723
f 2748/2875/2893 2841/3055/3073 2810/3031/3049 2795/2987/3005
f 2695/2874/2892 2842/3056/3074 2841/3055/3073 2748/2875/2893
f 2841/3055/3073 2843/3057/3075 2814/3058/3076 2810/3031/3049
f 2842/3056/3074 2844/3059/3077 2843/3057/3075 2841/3055/3073
f 2843/3057/3075 2845/3060/3078 2830/3061/3079 2814/3058/3076
f 2844/3059/3077 2846/3062/3080 2845/3060/3078 2843/3057/3075
f 2845/3060/3078 2847/3063/3081 2829/3064/3082 2830/3061/3079
f 2643/3065/3083 2829/3064/3082 2847/3063/3081 2831/3066/3084
f 2848/3067/3085 2642/3068/3086 2831/3066/3084 2847/3063/3081
f 2846/3062/3080 2848/3067/3085 2847/3063/3081 2845/3060/3078
f 2690/2865/2883 2801/3020/3038 2849/3069/3087 2775/2863/2881
f 2850/3070/3088 2849/3069/3087 2801/3020/3038 2805/3022/3040
f 2851/3071/3089 2850/3070/3088 2805/3022/3040 2803/3024/3042
f 2803/3024/3042 2819/3039/3057 2852/3072/3090 2851/3071/3089
f 2853/3073/3091 2852/3072/3090 2819/3039/3057 2824/3047/3065
f 2854/3074/3092 2853/3073/3091 2824/3047/3065 2822/3044/3062
f 2822/3044/3062 2641/3045/3063 2840/3075/3093 2854/3074/3092
f 2855/3076/3094 2787/3001/3019 2673/2822/2840 2732/2965/2983
f 2606/2752/2770 2870/2751/2769 2871/3077/3095 2856/3078/3096
f 2732/2965/2983 2606/2752/2770 2856/3078/3096 2855/3076/3094
f 2787/3001/3019 2855/3076/3094 2857/3079/3097 2755/2893/2911
f 2858/3080/3098 2857/3079/3097 2855/3076/3094 2856/3078/3096
f 2756/6619/2905 2859/6618/3099 2842/3056/3074 2695/2874/2892
f 2699/2886/2904 2860/3082/3100 2859/3081/3099 2756/2887/2905
f 2860/3082/3100 2699/2886/2904 2755/2893/2911 2857/3079/3097
f 2861/3083/3101 2860/3082/3100 2857/3079/3097 2858/3080/3098
f 2862/3084/3102 2859/3081/3099 2860/3082/3100 2861/3083/3101
f 2859/6618/3099 2862/6615/3102 2844/3059/3077 2842/3056/3074
f 2639/6613/2823 2642/3068/3086 2848/3067/3085 2863/6617/3103
f 2864/6616/3104 2863/6617/3103 2848/3067/3085 2846/3062/3080
f 2846/3062/3080 2844/3059/3077 2862/6615/3102 2864/6616/3104
f 2877/3087/3105 2878/3088/3106 2613/2768/2786 2612/2766/2784
f 2607/2755/2773 2876/3089/3107 2877/3087/3105 2612/2766/2784
f 2875/3090/3108 2876/3089/3107 2607/2755/2773 2608/2754/2772
f 2608/2754/2772 3078/2759/2777 3079/3091/3109 2875/3090/3108
f 2609/2762/2780 2610/2761/2779 2873/3092/3110 2874/3093/3111
f 2872/3094/3112 2873/3092/3110 2610/2761/2779 2611/2764/2782
f 2871/3077/3095 2870/2751/2769 2873/3092/3110 2872/3094/3112
f 2874/3093/3111 2873/3092/3110 2870/2751/2769 2869/2750/2768
f 2875/3090/3108 3079/3091/3109 3080/2748/2766 2868/2746/2764
f 2868/2746/2764 2867/2745/2763 2876/3089/3107 2875/3090/3108
f 2877/3087/3105 2876/3089/3107 2867/2745/2763 2866/2961/2979
f 2866/2961/2979 2865/2964/2982 2878/3088/3106 2877/3087/3105
f 2637/2801/2819 2879/3095/3113 2872/3094/3112 2611/2764/2782
f 2880/3096/3114 2638/2803/2821 2639/6561/2823 2863/3085/3103
f 2879/3095/3113 2637/2801/2819 2638/2803/2821 2880/3096/3114
f 2856/3078/3096 2871/3077/3095 2881/3097/3115 2858/3080/3098
f 2858/3080/3098 2881/3097/3115 2882/3098/3116 2861/3083/3101
f 2861/3083/3101 2882/3098/3116 2864/3086/3104 2862/3084/3102
f 2879/3095/3113 2881/3097/3115 2871/3077/3095 2872/3094/3112
f 2880/3096/3114 2882/3098/3116 2881/3097/3115 2879/3095/3113
f 2882/3098/3116 2880/3096/3114 2863/3085/3103 2864/3086/3104
f 2640/3099/3117 2727/2956/2974 2616/2774/2792 2883/3100/3118
f 2883/3100/3118 2616/2774/2792 2615/2772/2790 2884/3101/3119
f 2885/3102/3120 2614/2770/2788 2613/2768/2786 2878/3088/3106
f 2884/3101/3119 2615/2772/2790 2614/2770/2788 2885/3102/3120
f 2840/3075/3093 2640/3099/3117 2886/3103/3121 2854/3074/3092
f 2640/3099/3117 2883/3100/3118 2887/3104/3122 2886/3103/3121
f 2888/3105/3123 2887/3104/3122 2883/3100/3118 2884/3101/3119
f 2888/3105/3123 2884/3101/3119 2885/3102/3120 2889/3106/3124
f 2865/2964/2982 2889/3106/3124 2885/3102/3120 2878/3088/3106
f 2865/2964/2982 2890/3107/3125 2891/3108/3126 2889/3106/3124
f 2890/3107/3125 2865/2964/2982 2731/2963/2981 2892/3109/3127
f 2893/3110/3128 2888/3105/3123 2889/3106/3124 2891/3108/3126
f 2887/3104/3122 2888/3105/3123 2893/3110/3128 2894/3111/3129
f 2894/3111/3129 2854/3074/3092 2886/3103/3121 2887/3104/3122
f 2893/3110/3128 2853/3073/3091 2854/3074/3092 2894/3111/3129
f 2853/3073/3091 2893/3110/3128 2891/3108/3126 2852/3072/3090
f 2852/3072/3090 2891/3108/3126 2890/3107/3125 2851/3071/3089
f 2892/3109/3127 2850/3070/3088 2851/3071/3089 2890/3107/3125
f 2892/3109/3127 2731/2963/2981 2737/2971/2989 2895/3112/3130
f 2689/2861/2879 2895/3112/3130 2737/2971/2989 2688/2856/2874
f 2895/3112/3130 2689/2861/2879 2775/2863/2881 2849/3069/3087
f 2850/3070/3088 2892/3109/3127 2895/3112/3130 2849/3069/3087
f 2929/3113/3131 2897/3114/3132 2898/3115/3133 2930/3116/3134
f 2930/3116/3134 2898/3115/3133 2899/3117/3135 2931/3118/3136
f 2934/3119/3137 2900/3120/3138 2901/3121/3139 2935/3122/3140
f 2936/3123/3141 2902/3124/3142 2903/3125/3143 2937/3126/3144
f 2937/3126/3144 2903/3125/3143 2904/3127/3145 2938/3128/3146
f 2928/3129/3147 2905/3130/3148 2897/3114/3132 2929/3113/3131
f 2938/3128/3146 2904/3127/3145 2906/3131/3149 2939/3132/3150
f 2926/3133/3151 2896/3134/3152 2907/3135/3153 2927/3136/3154
f 2933/3137/3155 2908/3138/3156 2900/3120/3138 2934/3119/3137
f 2932/3139/3157 2910/7277/3158 2908/3138/3156 2933/3137/3155
f 2931/3118/3136 2899/3117/3135 2910/3140/3158 2932/7276/3157
f 2935/3122/3140 2901/3121/3139 2902/3124/3142 2936/3123/3141
f 2927/3136/3154 2907/3135/3153 2905/3130/3148 2928/3129/3147
f 2939/3132/3150 2906/3131/3149 2909/3141/3159 2940/3142/3160
f 2908/3138/3156 2910/7277/3158 2948/3143/3161 2941/3144/3162
f 2941/3144/3162 2912/3145/3163 2942/3146/3164 2943/3147/3165
f 2912/3145/3163 2911/3148/3166 2914/3149/3167 2915/3150/3168
f 2913/3151/3169 2942/3146/3164 2944/3152/3170 2916/3153/3171
f 2915/3150/3168 2914/3149/3167 2917/3154/3172 2918/3155/3173
f 2916/3153/3171 2944/3152/3170 2947/3156/3174 2919/3157/3175
f 2902/3124/3142 2901/3121/3139 2900/3120/3138 2913/3151/3169
f 2954/3158/3176 2911/3148/3166 2948/3143/3161 2949/3159/3177
f 2903/3125/3143 2902/3124/3142 2913/3151/3169 2916/3153/3171
f 2953/3160/3178 2914/3149/3167 2911/3148/3166 2954/3158/3176
f 2918/3155/3173 2917/3154/3172 2923/3161/3179 2924/3162/3180
f 2919/3157/3175 2947/3156/3174 2946/3163/3181 2925/3164/3182
f 2952/3165/3183 2917/3154/3172 2914/3149/3167 2953/3160/3178
f 2904/3127/3145 2903/3125/3143 2916/3153/3171 2919/3157/3175
f 2921/3166/3184 2920/3167/3185 114/3168/3186 115/3169/3187
f 2922/3170/3188 2945/3171/3189 117/3172/3190 116/3173/3191
f 2924/3162/3180 2923/3161/3179 2920/3167/3185 2921/3166/3184
f 2925/3164/3182 2946/3163/3181 2945/3171/3189 2922/3170/3188
f 2951/3174/3192 2923/3161/3179 2917/3154/3172 2952/3165/3183
f 2906/3131/3149 2904/3127/3145 2919/3157/3175 2925/3164/3182
f 2909/3141/3159 2906/3131/3149 2925/3164/3182 2922/3170/3188
f 2950/3175/3193 2920/3167/3185 2923/3161/3179 2951/3174/3192
f 116/3173/3191 113/3176/3194 3217/3177/3195 2909/3141/3159 2922/3170/3188
f 2900/3120/3138 2943/3147/3165 2942/3146/3164 2913/3151/3169
f 2942/3146/3164 2912/3145/3163 2915/3150/3168 2944/3152/3170
f 2945/3171/3189 2921/3166/3184 115/3169/3187 117/3172/3190
f 2946/3163/3181 2924/3162/3180 2921/3166/3184 2945/3171/3189
f 2947/3156/3174 2918/3155/3173 2924/3162/3180 2946/3163/3181
f 2944/3152/3170 2915/3150/3168 2918/3155/3173 2947/3156/3174
f 2900/3120/3138 2908/3138/3156 2941/3144/3162 2943/3147/3165
f 2899/3117/3135 2949/3159/3177 2948/3143/3161 2910/3140/3158
f 2948/3143/3161 2911/3148/3166 2912/3145/3163 2941/3144/3162
f 2907/3135/3153 2896/3134/3152 2950/3175/3193 2951/3174/3192
f 2905/3130/3148 2907/3135/3153 2951/3174/3192 2952/3165/3183
f 2897/3114/3132 2905/3130/3148 2952/3165/3183 2953/3160/3178
f 2898/3115/3133 2897/3114/3132 2953/3160/3178 2954/3158/3176
f 2899/3117/3135 2898/3115/3133 2954/3158/3176 2949/3159/3177
f 20/101/101 313/100/100 2956/266/284 2955/267/285
f 313/100/100 312/123/123 2957/265/283 2956/266/284
f 312/123/123 311/4/4 2958/263/281 2957/265/283
f 311/4/4 310/3/3 2959/264/282 2958/263/281
f 2960/279/297 2959/264/282 310/3/3 323/5/5
f 323/5/5 322/203/203 2961/278/296 2960/279/297
f 322/203/203 321/225/225 2962/277/295 2961/278/296
f 321/225/225 320/10/10 2963/276/294 2962/277/295
f 320/10/10 319/9/9 2964/275/293 2963/276/294
f 319/9/9 318/16/16 2965/274/292 2964/275/293
f 318/16/16 317/14/14 2966/273/291 2965/274/292
f 317/14/14 316/13/13 2967/272/290 2966/273/291
f 2968/270/288 2967/272/290 316/13/13 315/17/17
f 2969/271/289 2968/270/288 315/17/17 592/215/215
f 2970/268/286 2969/271/289 592/215/215 314/103/103
f 2971/269/287 2970/268/286 314/103/103 21/102/102
f 2770/2852/2870 2974/3178/3196 2973/6704/3197 2684/2849/2867
f 2975/3180/3198 2974/3178/3196 2770/2852/2870 2685/3012/3030
f 2685/3012/3030 2743/3011/3029 2976/3181/3199 2975/3180/3198
f 2977/6709/3200 2976/3181/3199 2743/3011/3029 2780/3010/3028
f 2978/3183/3201 2977/6709/3200 2780/3010/3028 2715/3008/3026
f 3093/3009/3027 3094/6695/3202 2978/3183/3201 2715/3008/3026
f 2686/3185/3203 2767/3186/3204 2980/6707/3205 2979/6696/3206
f 2981/3189/3207 2980/6707/3205 2767/3186/3204 2687/3190/3208
f 3090/3191/3209 3091/2930/2948 2714/2933/2951 2982/6698/3210
f 2983/3193/3211 2982/6698/3210 2714/2933/2951 2782/2979/2997
f 2984/6703/3212 2983/3193/3211 2782/2979/2997 2742/2850/2868
f 2973/6704/3197 2984/6703/3212 2742/2850/2868 2684/2849/2867
f 2764/2816/2834 2986/2910/2928 2985/2909/2927 2668/2817/2835
f 2718/3195/3213 2987/2941/2959 3098/2940/2958 3099/6658/3214
f 2777/6664/3215 2988/2983/3001 2987/2941/2959 2718/3195/3213
f 2746/3198/3216 2989/2911/2929 2988/2983/3001 2777/6664/3215
f 2990/2912/2930 2989/2911/2929 2746/3198/3216 2676/3199/3217
f 2679/6666/3218 2991/2913/2931 2990/2912/2930 2676/3199/3217
f 2774/6702/3219 2992/6701/2932 2991/2913/2931 2679/6666/3218
f 2681/3202/3220 2993/2915/2933 2992/2914/2932 2774/3201/3219
f 2681/3202/3220 2682/3203/3221 2994/2916/2934 2993/2915/2933
f 2739/6662/3222 2995/2917/2935 2994/2916/2934 2682/3203/3221
f 2785/3205/3223 2996/2974/2992 2995/2917/2935 2739/6662/3222
f 2711/6670/3224 2997/2925/2943 2996/2974/2992 2785/3205/3223
f 3085/3207/3225 3086/2922/2940 2997/2925/2943 2711/6670/3224
f 2694/3208/3226 2749/6631/3227 2999/2871/2889 2998/2870/2888
f 3000/2989/3007 2999/2871/2889 2749/6631/3227 2794/3210/3228
f 3001/2990/3008 3000/2989/3007 2794/3210/3228 2666/6636/3021
f 2763/2815/2833 3002/2880/2898 3001/2990/3008 2666/6636/3021
f 3003/2881/2899 3002/2880/2898 2763/2815/2833 2669/6640/2832
f 2788/6633/3229 3004/2999/3017 3003/2881/2899 2669/6640/2832
f 2754/3212/3230 3005/2891/2909 3004/2999/3017 2788/6633/3229
f 3006/2882/2900 3005/2891/2909 2754/3212/3230 2698/3213/3231
f 2757/6637/3232 3007/2883/2901 3006/2882/2900 2698/3213/3231
f 2694/3208/3226 2998/2870/2888 3007/2883/2901 2757/6637/3232
f 2701/2873/2891 2750/2872/2890 3009/2899/2917 3008/2898/2916
f 3010/2993/3011 3009/2899/2917 2750/2872/2890 2793/2988/3006
f 3011/2994/3012 3010/2993/3011 2793/2988/3006 2700/2991/3009
f 2762/2879/2897 3012/2907/2925 3011/2994/3012 2700/2991/3009
f 3013/2908/2926 3012/2907/2925 2762/2879/2897 2703/2878/2896
f 2789/3000/3018 3014/2998/3016 3013/2908/2926 2703/2878/2896
f 2753/2890/2908 3015/2904/2922 3014/2998/3016 2789/3000/3018
f 3016/2902/2920 3015/2904/2922 2753/2890/2908 2702/2885/2903
f 2702/2885/2903 2758/2884/2902 3017/2903/2921 3016/2902/2920
f 3008/2898/2916 3017/2903/2921 2758/2884/2902 2701/2873/2891
f 2666/3003/3021 3019/2819/2837 3018/2818/2836 2667/3004/3022
f 2794/6632/3228 3020/2986/3004 3019/2819/2837 2666/3003/3021
f 2749/3209/3227 3021/2876/2894 3020/2986/3004 2794/6632/3228
f 3022/2877/2895 3021/2876/2894 2749/3209/3227 2694/6639/3226
f 2757/6638/3232 3023/6614/2906 3022/2877/2895 2694/6639/3226
f 3024/2889/2907 3023/2888/2906 2757/3214/3232 2698/6641/3231
f 2754/6634/3230 3025/2892/2910 3024/2889/2907 2698/6641/3231
f 2788/3211/3229 3026/3002/3020 3025/2892/2910 2754/6634/3230
f 3027/2823/2841 3026/3002/3020 2788/3211/3229 2669/2814/2832
f 3028/2824/2842 3027/2823/2841 2669/2814/2832 2668/6661/2835
f 2711/3206/3224 3029/2920/2938 3084/2919/2937 3085/6660/3225
f 2785/6663/3223 3030/2972/2990 3029/2920/2938 2711/3206/3224
f 2739/3204/3222 3031/2858/2876 3030/2972/2990 2785/6663/3223
f 3032/2859/2877 3031/2858/2876 2739/3204/3222 2682/6673/3221
f 2682/6673/3221 2681/6672/3220 3033/2860/2878 3032/2859/2877
f 2681/6672/3220 2774/6667/3219 3034/2862/2880 3033/2860/2878
f 3035/2866/2884 3034/2862/2880 2774/6667/3219 2679/3200/3218
f 3036/2867/2885 3035/2866/2884 2679/3200/3218 2676/6671/3217
f 2746/6665/3216 3037/2868/2886 3036/2867/2885 2676/6671/3217
f 2777/3197/3215 3038/2984/3002 3037/2868/2886 2746/6665/3216
f 2718/6659/3213 3039/2945/2963 3038/2984/3002 2777/3197/3215
f 3099/3196/3214 3100/2942/2960 3039/2945/2963 2718/6659/3213
f 2973/3179/3197 2974/6712/3196 3041/6699/2862 3040/2843/2861
f 3042/2845/2863 3041/2844/2862 2974/6713/3196 2975/6711/3198
f 2975/6711/3198 2976/6710/3199 3043/2846/2864 3042/2845/2863
f 3044/2981/2999 3043/2846/2864 2976/6710/3199 2977/3182/3200
f 3045/2935/2953 3044/2981/2999 2977/3182/3200 2978/6708/3201
f 3094/3184/3202 3095/2936/2954 3045/2935/2953 2978/6708/3201
f 2979/3188/3206 2980/3187/3205 3047/2847/2865 3046/3007/3025
f 3048/2848/2866 3047/2847/2865 2980/3187/3205 2981/6706/3207
f 3089/2928/2946 3090/6697/3209 2982/3192/3210 3049/2929/2947
f 3050/2977/2995 3049/2929/2947 2982/3192/3210 2983/6705/3211
f 3051/2854/2872 3050/2977/2995 2983/6705/3211 2984/3194/3212
f 3040/2843/2861 3051/2854/2872 2984/3194/3212 2973/3179/3197
f 2163/6490/2230 3054/6483/2232 3053/2213/2231 2149/2195/2213
f 2163/2212/2230 2242/2223/2241 3055/2220/2238 3054/2214/2232
f 3056/2221/2239 3055/2220/2238 2242/2223/2241 2168/2226/2244
f 3057/2273/2291 3056/2221/2239 2168/2226/2244 2290/2276/2294
f 3058/2355/2373 3057/2273/2291 2290/2276/2294 2270/2352/2370
f 3059/2356/2374 3058/2355/2373 2270/2352/2370 2310/2353/2371
f 3060/2297/2315 3059/2356/2374 2310/2353/2371 2196/2301/2319
f 2196/2301/2319 2215/2300/2318 3061/2298/2316 3060/2297/2315
f 2217/2299/2317 3062/2309/2327 3061/2298/2316 2215/2300/2318
f 2223/2307/2325 3063/2317/2335 3062/2309/2327 2217/2299/2317
f 3064/2315/2333 3063/2317/2335 2223/2307/2325 2220/2306/2324
f 2219/2305/2323 3065/2311/2329 3064/2315/2333 2220/2306/2324
f 2218/2304/2322 3066/2312/2330 3065/2311/2329 2219/2305/2323
f 3067/2503/2521 3066/2312/2330 2218/2304/2322 2418/2505/2523
f 2418/2505/2523 2419/2507/2525 3068/2504/2522 3067/2503/2521
f 3069/2537/2555 3068/2504/2522 2419/2507/2525 2503/2539/2557
f 3070/2634/2652 3069/2537/2555 2503/2539/2557 2563/2633/2651
f 3071/2611/2629 3070/2634/2652 2563/2633/2651 2483/2609/2627
f 3072/2578/2596 3071/2611/2629 2483/2609/2627 2463/2575/2593
f 3073/2579/2597 3072/2578/2596 2463/2575/2593 2523/2576/2594
f 3074/2658/2676 3073/2579/2597 2523/2576/2594 2543/2657/2675
f 3075/2682/2700 3074/2658/2676 2543/2657/2675 2629/2681/2699
f 3076/2791/2809 3075/2682/2700 2629/2681/2699 2658/2790/2808
f 3077/2758/2776 3076/2791/2809 2658/2790/2808 2444/2763/2781
f 2444/2763/2781 2609/6563/2780 3078/6562/2777 3077/2758/2776
f 3079/3091/3109 3078/2759/2777 2609/2762/2780 2874/3093/3111
f 3080/2748/2766 3079/3091/3109 2874/3093/3111 2869/2750/2768
f 3081/2749/2767 3080/2748/2766 2869/2750/2768 2605/2753/2771
f 3082/2968/2986 3081/2749/2767 2605/2753/2771 2733/2966/2984
f 3083/2918/2936 3082/2968/2986 2733/2966/2984 2672/2825/2843
f 3028/2824/2842 3084/2919/2937 3083/2918/2936 2672/2825/2843
f 3085/6660/3225 3084/2919/2937 3028/2824/2842 2668/6661/2835
f 2985/2909/2927 3086/2922/2940 3085/3207/3225 2668/2817/2835
f 2704/2829/2847 3087/2923/2941 3086/2922/2940 2985/2909/2927
f 2674/2828/2846 3088/2926/2944 3087/2923/2941 2704/2829/2847
f 3048/2848/2866 3089/2928/2946 3088/2926/2944 2674/2828/2846
f 2981/6706/3207 3090/6697/3209 3089/2928/2946 3048/2848/2866
f 2687/3190/3208 3091/2930/2948 3090/3191/3209 2981/3189/3207
f 2767/3186/3204 3092/2931/2949 3091/2930/2948 2687/3190/3208
f 3093/3009/3027 3092/2931/2949 2767/3186/3204 2686/3185/3203
f 2979/6696/3206 3094/6695/3202 3093/3009/3027 2686/3185/3203
f 3046/3007/3025 3095/2936/2954 3094/3184/3202 2979/3188/3206
f 3096/2937/2955 3095/2936/2954 3046/3007/3025 2675/3006/3024
f 3097/2939/2957 3096/2937/2955 2675/3006/3024 2705/3005/3023
f 2764/2816/2834 3098/2940/2958 3097/2939/2957 2705/3005/3023
f 3099/6658/3214 3098/2940/2958 2764/2816/2834 2667/6668/3022
f 3018/2818/2836 3100/2942/2960 3099/3196/3214 2667/3004/3022
f 2671/2821/2839 3101/2943/2961 3100/2942/2960 3018/2818/2836
f 3102/3015/3033 3101/2943/2961 2671/2821/2839 2797/3014/3032
f 2796/3013/3031 3103/3016/3034 3102/3015/3033 2797/3014/3032
f 2796/3013/3031 2810/3031/3049 3104/3029/3047 3103/3016/3034
f 3105/3034/3052 3104/3029/3047 2810/3031/3049 2814/3058/3076
f 2814/3058/3076 2830/3061/3079 3106/3054/3072 3105/3034/3052
f 2830/3061/3079 2829/3064/3082 3107/3052/3070 3106/3054/3072
f 2829/3064/3082 2643/3065/3083 3108/3053/3071 3107/3052/3070
f 2643/3065/3083 2831/3066/3084 3110/2812/2830 3109/2811/2829
f 3111/2810/2828 3110/2812/2830 2831/3066/3084 2642/3068/3086
f 2642/3068/3086 2639/6613/2823 3112/6559/2824 3111/2810/2828
f 2639/2805/2823 2449/2804/2822 3113/2807/2825 3112/2806/2824
f 2653/2785/2803 3114/2784/2802 3113/2807/2825 2449/2804/2822
f 2624/2676/2694 3115/2675/2693 3114/2784/2802 2653/2785/2803
f 2538/2652/2670 3116/2651/2669 3115/2675/2693 2624/2676/2694
f 2518/2567/2585 3117/2563/2581 3116/2651/2669 2538/2652/2670
f 2458/2566/2584 3118/2564/2582 3117/2563/2581 2518/2567/2585
f 2478/2605/2623 3119/2603/2621 3118/2564/2582 2458/2566/2584
f 2558/2628/2646 3120/2627/2645 3119/2603/2621 2478/2605/2623
f 2498/2543/2561 3121/2544/2562 3120/2627/2645 2558/2628/2646
f 2430/2519/2537 3122/2520/2538 3121/2544/2562 2498/2543/2561
f 2430/2519/2537 2427/2514/2532 3123/2515/2533 3122/2520/2538
f 2427/2514/2532 2359/2430/2448 3124/2438/2456 3123/2515/2533
f 3125/2436/2454 3124/2438/2456 2359/2430/2448 2357/2428/2446
f 3126/2433/2451 3125/2436/2454 2357/2428/2446 2355/2426/2444
f 2355/2426/2444 2353/2424/2442 3127/2432/2450 3126/2433/2451
f 3128/2379/2397 3127/2432/2450 2353/2424/2442 2202/2380/2398
f 2305/2344/2362 3129/2340/2358 3128/2379/2397 2202/2380/2398
f 2265/2343/2361 3130/2341/2359 3129/2340/2358 2305/2344/2362
f 2285/2280/2298 3131/2281/2299 3130/2341/2359 2265/2343/2361
f 2174/2234/2252 3132/2235/2253 3131/2281/2299 2285/2280/2298
f 2247/6603/2251 3133/2236/2254 3132/2235/2253 2174/2234/2252
f 3134/6481/2209 3133/2236/2254 2247/6603/2251 2146/6602/2208
f 2153/6605/2207 3135/2192/2210 3134/2191/2209 2146/2190/2208
f 110/6553/2219 3052/2202/2220 3135/2192/2210 2153/6605/2207
f 3137/2735/2753 3136/2742/2760 2575/2700/2718 2598/2738/2756
f 2598/2738/2756 2834/2737/2755 3138/2736/2754 3137/2735/2753
f 3139/2728/2746 3138/2736/2754 2834/2737/2755 2591/2724/2742
f 2591/2724/2742 2588/2720/2738 3140/2722/2740 3139/2728/2746
f 3141/2713/2731 3140/2722/2740 2588/2720/2738 2584/2719/2737
f 3142/6557/2732 3141/2713/2731 2584/2719/2737 2434/6558/2709
f 2651/2782/2800 3143/2781/2799 3142/2714/2732 2434/2691/2709
f 2622/2673/2691 3144/2672/2690 3143/2781/2799 2651/2782/2800
f 2536/2649/2667 3145/2648/2666 3144/2672/2690 2622/2673/2691
f 2516/2561/2579 3146/2557/2575 3145/2648/2666 2536/2649/2667
f 2456/2560/2578 3147/2558/2576 3146/2557/2575 2516/2561/2579
f 2476/2602/2620 3148/2600/2618 3147/2558/2576 2456/2560/2578
f 2556/2625/2643 3149/2624/2642 3148/2600/2618 2476/2602/2620
f 2496/2546/2564 3150/2525/2543 3149/2624/2642 2556/2625/2643
f 2401/2522/2540 3151/2484/2502 3150/2525/2543 2496/2546/2564
f 3152/2464/2482 3151/2484/2502 2401/2522/2540 2385/2517/2535
f 3153/2462/2480 3152/2464/2482 2385/2517/2535 2368/2443/2461
f 3154/2455/2473 3153/2462/2480 2368/2443/2461 2367/2442/2460
f 2367/2442/2460 2377/2468/2486 3155/2452/2470 3154/2455/2473
f 3156/2447/2465 3155/2452/2470 2377/2468/2486 2375/2474/2492
f 2375/2474/2492 2372/2473/2491 3157/2448/2466 3156/2447/2465
f 2372/2473/2491 2378/2470/2488 3158/2453/2471 3157/2448/2466
f 3159/2458/2476 3158/2453/2471 2378/2470/2488 2349/2420/2438
f 2349/2420/2438 2351/2422/2440 3160/2459/2477 3159/2458/2476
f 2351/2422/2440 2386/2488/2506 3161/2465/2483 3160/2459/2477
f 3162/2482/2500 3161/2465/2483 2386/2488/2506 2398/2490/2508
f 3163/2523/2541 3162/2482/2500 2398/2490/2508 2491/2530/2548
f 3164/2619/2637 3163/2523/2541 2491/2530/2548 2551/2642/2660
f 3165/2596/2614 3164/2619/2637 2551/2642/2660 2471/2618/2636
f 3166/2548/2566 3165/2596/2614 2471/2618/2636 2451/2593/2611
f 3167/2549/2567 3166/2548/2566 2451/2593/2611 2511/2594/2612
f 3168/2643/2661 3167/2549/2567 2511/2594/2612 2531/2666/2684
f 3169/2667/2685 3168/2643/2661 2531/2666/2684 2617/2690/2708
f 3170/2776/2794 3169/2667/2685 2617/2690/2708 2646/2799/2817
f 2721/2950/2968 3171/2946/2964 3170/2776/2794 2646/2799/2817
f 2721/2950/2968 2725/2952/2970 3172/2953/2971 3171/2946/2964
f 3173/2958/2976 3172/2953/2971 2725/2952/2970 2728/2954/2972
f 3174/6555/2977 3173/2958/2976 2728/2954/2972 2727/6564/2974
f 2727/2956/2974 2640/3099/3117 3175/2960/2978 3174/2959/2977
f 2640/3099/3117 2840/3075/3093 3176/2808/2826 3175/2960/2978
f 3177/2809/2827 3176/2808/2826 2840/3075/3093 2641/3045/3063
f 2641/3045/3063 2644/3040/3058 3178/2813/2831 3177/2809/2827
f 3180/854/872 3179/853/871 80/878/896 805/877/895
f 3181/871/889 3180/854/872 805/877/895 807/876/894
f 808/875/893 3182/870/888 3181/871/889 807/876/894
f 3183/865/883 3182/870/888 808/875/893 809/874/892
f 810/873/891 3184/866/884 3183/865/883 809/874/892
f 3185/864/882 3184/866/884 810/873/891 816/862/880
f 3186/752/770 3185/864/882 816/862/880 753/829/847
f 3187/743/761 3186/752/770 753/829/847 749/828/846
f 750/831/849 3188/6750/762 3187/743/761 749/828/846
f 1797/833/851 3189/747/765 3188/744/762 750/6774/849
f 3190/761/779 3189/747/765 1797/833/851 751/835/853
f 758/827/845 3191/762/780 3190/761/779 751/835/853
f 3192/766/784 3191/762/780 758/827/845 759/798/816
f 771/793/811 3193/784/802 3192/766/784 759/798/816
f 3194/781/799 3193/784/802 771/793/811 766/792/810
f 3195/782/800 3194/781/799 766/792/810 767/797/815
f 3196/810/828 3195/782/800 767/797/815 787/808/826
f 3197/818/836 3196/810/828 787/808/826 72/816/834
f 1937/1964/1982 3199/1962/1980 3198/1848/1866 1818/1839/1857
f 3200/1961/1979 3199/1962/1980 1937/1964/1982 1936/1966/1984
f 3201/1960/1978 3200/1961/1979 1936/1966/1984 1935/1968/1986
f 3202/1959/1977 3201/1960/1978 1935/1968/1986 1934/1970/1988
f 3203/1958/1976 3202/1959/1977 1934/1970/1988 1933/1972/1990
f 3204/1957/1975 3203/1958/1976 1933/1972/1990 1932/1974/1992
f 3205/7032/1974 3204/1957/1975 1932/1974/1992 1931/7033/1994
f 3206/1954/1972 3205/1956/1974 1931/1976/1994 1930/1978/1996
f 3207/1953/1971 3206/1954/1972 1930/1978/1996 1929/1987/2005
f 3208/1952/1970 3207/1953/1971 1929/1987/2005 1928/1990/2008
f 3209/1951/1969 3208/1952/1970 1928/1990/2008 1927/1985/2003
f 3210/1950/1968 3209/1951/1969 1927/1985/2003 1926/1983/2001
f 3211/1949/1967 3210/1950/1968 1926/1983/2001 1925/1981/1999
f 1924/1979/1997 3212/1948/1966 3211/1949/1967 1925/1981/1999
f 3213/1847/1865 3212/1948/1966 1924/1979/1997 1819/1840/1858
f 3198/1848/1866 3213/1847/1865 1819/1840/1858 1818/1839/1857
f 3215/3215/3233 3214/3216/3234 2896/3134/3152 2926/3133/3151
f 3214/3216/3234 3216/3217/3235 2950/3175/3193 2896/3134/3152
f 114/3168/3186 2920/3167/3185 2950/3175/3193 3216/3217/3235
f 3217/3177/3195 3218/3218/3236 2940/3142/3160 2909/3141/3159
f 3/7252/3237 234/7258/3238 2940/3142/3160 3218/3218/3236
f 234/7258/3238 591/3221/3239 2939/3132/3150 2940/3142/3160
f 591/3221/3239 179/3222/3240 2938/3128/3146 2939/3132/3150
f 179/3222/3240 125/3223/3241 2937/3126/3144 2938/3128/3146
f 125/3223/3241 127/7262/3242 2936/3123/3141 2937/3126/3144
f 127/7262/3242 252/3225/3243 2935/3122/3140 2936/3123/3141
f 252/3225/3243 123/3226/3244 2934/3119/3137 2935/3122/3140
f 123/3226/3244 226/7265/3245 2933/3137/3155 2934/3119/3137
f 226/7265/3245 243/7275/3246 2932/3139/3157 2933/3137/3155
f 243/3228/3246 246/3229/3247 2931/3118/3136 2932/7276/3157
f 246/3229/3247 120/3230/3248 2930/3116/3134 2931/3118/3136
f 120/3230/3248 118/3231/3249 2929/3113/3131 2930/3116/3134
f 118/3231/3249 178/7268/3250 2928/3129/3147 2929/3113/3131
f 178/7268/3250 265/7260/3251 2927/3136/3154 2928/3129/3147
f 265/7260/3251 190/3234/3252 2926/3133/3151 2927/3136/3154
f 190/3234/3252 2972/7253/3253 3215/3215/3233 2926/3133/3151
f 3219/3236/3254 3108/3053/3071 2643/3065/3083 3109/2811/2829
f 3219/3236/3254 3220/3237/3255 2645/3043/3061 3108/3053/3071
f 2644/3040/3058 2645/3043/3061 3220/3237/3255 3178/2813/2831
f 2576/2697/2715 2575/2700/2718 3136/2742/2760 3221/3238/3256
f 3221/3238/3256 3136/2742/2760 2601/2741/2759 2602/2743/2761
f 3109/2811/2829 2576/2697/2715 3221/3238/3256 3219/3236/3254
f 3219/3236/3254 3221/3238/3256 2602/2743/2761 3220/3237/3255
f 3178/2813/2831 3220/3237/3255 2602/2743/2761 2600/2740/2758
f 3222/3239/3257 3223/3240/3258 2139/2178/2196 2138/2177/2195
f 3223/3240/3258 3224/3241/3259 2165/2216/2234 2139/2178/2196
f 6331/3242/3260 6332/3243/3261 3418/3244/3262 3417/3245/3263
f 3430/3246/3264 6330/3247/3265 6331/3242/3260 3417/3245/3263
f 6326/3248/3266 6327/3249/3267 3427/3250/3268 3426/3251/3269
f 6323/3252/3270 6324/3253/3271 3424/3254/3272 3423/3255/3273
f 6325/3256/3274 6326/3248/3266 3426/3251/3269 3425/3257/3275
f 3422/3258/3276 6322/3259/3277 6323/3252/3270 3423/3255/3273
f 5/19/19 3236/3260/3278 3373/3261/3279 19/20/20
f 3238/3262/3280 3374/3263/3281 3373/3261/3279 3236/3260/3278
f 6/25/25 4/28/28 3235/3264/3282 3237/3265/3283
f 3239/3266/3284 7/30/30 6/25/25 3237/3265/3283
f 3374/3263/3281 3238/3262/3280 3240/3267/3285 3375/3268/3286
f 3242/3269/3287 3377/3270/3288 3376/3271/3289 3274/3272/3290
f 3275/3273/3291 3241/3274/3292 8/39/39 10/38/38
f 3246/3275/3293 3245/3276/3294 3244/3277/3295 3243/3278/3296
f 3243/3278/3296 3244/3277/3295 3394/3279/3297 3393/3280/3298
f 3248/3281/3299 3250/3282/3300 3249/3283/3301 3247/3284/3302
f 3252/3285/3303 3249/3283/3301 3250/3282/3300 3251/3286/3304
f 3252/3285/3303 3251/3286/3304 3281/3287/3305 3280/3288/3306
f 3253/3289/3307 3254/3290/3308 3256/3291/3309 3255/3292/3310
f 3255/3292/3310 3256/3291/3309 3258/3293/3311 3257/3294/3312
f 3257/3294/3312 3258/3293/3311 3484/3295/3313 3483/3296/3314
f 3262/3297/3315 3261/3298/3316 3259/3299/3317 3260/3300/3318
f 3264/3301/3319 3263/3302/3320 3261/3298/3316 3262/3297/3315
f 3266/3303/3321 3265/3304/3322 3566/3305/3323 3565/3306/3324
f 3268/3307/3325 3267/3308/3326 3265/3304/3322 3266/3303/3321
f 3267/3308/3326 3268/3307/3325 3245/3276/3294 3246/3275/3293
f 3270/3309/3327 3378/3310/3328 3377/3270/3288 3242/3269/3287
f 3269/3311/3329 9/78/78 8/39/39 3241/3274/3292
f 3272/3312/3330 3271/3313/3331 3396/3314/3332 3395/3315/3333
f 3394/3279/3297 3244/3277/3295 3404/3316/3334 3403/3317/3335
f 3404/3316/3334 3244/3277/3295 3245/3276/3294 3405/3318/3336
f 3375/3268/3286 3240/3267/3285 3274/3272/3290 3376/3271/3289
f 7/30/30 3239/3266/3284 3275/3273/3291 10/38/38
f 3416/3319/3337 3250/3282/3300 3248/3281/3299 3401/3320/3338
f 3277/3321/3339 3276/3322/3340 3279/3323/3341 3278/3324/3342
f 3415/3325/3343 3251/3286/3304 3250/3282/3300 3416/3319/3337
f 3279/3323/3341 3240/3267/3285 3238/3262/3280 3278/3324/3342
f 3281/3287/3305 3254/3290/3308 3253/3289/3307 3280/3288/3306
f 3414/3326/3344 3281/3287/3305 3251/3286/3304 3415/3325/3343
f 3413/3327/3345 3254/3290/3308 3281/3287/3305 3414/3326/3344
f 3254/3290/3308 3413/3327/3345 3412/3328/3346 3256/3291/3309
f 3276/3322/3340 3277/3321/3339 3283/3329/3347 3282/3330/3348
f 6334/3331/3349 6335/98/98 20/101/101 3420/3332/3350
f 21/102/102 6319/105/105 6320/3333/3351 3421/3334/3352
f 3226/3335/3353 3284/3336/3354 3291/3337/3355 3290/3338/3356
f 3291/3337/3355 3289/3339/3357 3288/3340/3358 3290/3338/3356
f 3271/3313/3331 3272/3312/3330 3273/3341/3359 3295/3342/3360
f 3300/3343/3361 12/117/117 52/116/116 3744/3344/3362
f 13/118/118 12/117/117 3300/3343/3361 3299/3345/3363
f 3298/3346/3364 1/121/121 13/118/118 3299/3345/3363
f 6332/3243/3261 6333/3347/3365 3419/3348/3366 3418/3244/3262
f 3291/3337/3355 3284/3336/3354 3371/3349/3367 3370/3350/3368
f 3369/3351/3369 3289/3339/3357 3291/3337/3355 3370/3350/3368
f 3742/3352/3370 3289/3339/3357 3369/3351/3369 3743/3353/3371
f 3301/3354/3372 11/132/132 18/131/131 3365/3355/3373
f 3302/3356/3374 14/136/136 44/135/135 3676/3357/3375
f 3303/3358/3376 15/140/140 46/139/139 3692/3359/3377
f 3304/3360/3378 16/144/144 65/143/143 3818/3361/3379
f 3292/3362/3380 3367/3363/3381 3673/3364/3382 3672/3365/3383
f 3674/3366/3384 3306/3367/3385 3381/3368/3386 3675/3369/3387
f 3307/3370/3388 3379/3371/3389 3817/3372/3390 3816/3373/3391
f 3308/3374/3392 3228/3375/3393 3226/3335/3353 3290/3338/3356
f 3309/3376/3394 3308/3374/3392 3290/3338/3356 3288/3340/3358
f 3677/3377/3395 3294/3378/3396 3310/3379/3397 3678/3380/3398
f 3294/3378/3396 3296/3381/3399 3311/3382/3400 3310/3379/3397
f 3312/3383/3401 3311/3382/3400 3296/3381/3399 3295/3342/3360
f 3295/3342/3360 3273/3341/3359 3313/3384/3402 3312/3383/3401
f 3268/3307/3325 3406/3385/3403 3405/3318/3336 3245/3276/3294
f 3331/3386/3404 3314/3387/3405 3229/3388/3406 3332/3389/3407
f 3266/3303/3321 3407/3390/3408 3406/3385/3403 3268/3307/3325
f 3318/3391/3409 3315/3392/3410 3317/3393/3411 3316/3394/3412
f 3315/3392/3410 3318/3391/3409 3312/3383/3401 3313/3384/3402
f 3562/3395/3413 3317/3393/3411 3315/3392/3410 3563/3396/3414
f 3407/3390/3408 3266/3303/3321 3565/3306/3324 3564/3397/3415
f 3262/3297/3315 3409/3398/3416 3408/3399/3417 3264/3301/3319
f 3321/3400/3418 3322/3401/3419 3320/3402/3420 3319/3403/3421
f 3260/3300/3318 3410/3404/3422 3409/3398/3416 3262/3297/3315
f 3322/3401/3419 3321/3400/3418 3323/3405/3423 3324/3406/3424
f 3256/3291/3309 3412/3328/3346 3411/3407/3425 3258/3293/3311
f 3484/3295/3313 3258/3293/3311 3411/3407/3425 3485/3408/3426
f 3326/3409/3427 3325/3410/3428 3282/3330/3348 3283/3329/3347
f 3325/3410/3428 3326/3409/3427 3487/3411/3429 3486/3412/3430
f 3330/3413/3431 3329/3414/3432 3328/3415/3433 3327/3416/3434
f 3228/3375/3393 3308/3374/3392 3355/3417/3435 3354/3418/3436
f 6329/3419/3437 6330/3247/3265 3430/3246/3264 3429/3420/3438
f 3335/3421/3439 3334/3422/3440 3314/3387/3405 3331/3386/3404
f 3329/3414/3432 3330/3413/3431 3682/3423/3441 3681/3424/3442
f 3229/3388/3406 3314/3387/3405 3361/3425/3443 3360/3426/3444
f 3361/3425/3443 3314/3387/3405 3334/3422/3440 3362/3427/3445
f 3682/3423/3441 3330/3413/3431 3363/3428/3446 3683/3429/3447
f 3363/3428/3446 3330/3413/3431 3327/3416/3434 3364/3430/3448
f 6321/3431/3449 6322/3259/3277 3422/3258/3276 3699/3432/3450
f 3343/3433/3451 3342/3434/3452 3327/3416/3434 3328/3415/3433
f 3311/3382/3400 3312/3383/3401 3318/3391/3409 3344/3435/3453
f 3345/3436/3454 3344/3435/3453 3318/3391/3409 3316/3394/3412
f 3316/3394/3412 3343/3433/3451 3328/3415/3433 3345/3436/3454
f 3311/3382/3400 3344/3435/3453 3346/3437/3455 3310/3379/3397
f 3347/3438/3456 3346/3437/3455 3344/3435/3453 3345/3436/3454
f 3329/3414/3432 3347/3438/3456 3345/3436/3454 3328/3415/3433
f 3310/3379/3397 3346/3437/3455 3679/3439/3457 3678/3380/3398
f 3679/3439/3457 3346/3437/3455 3347/3438/3456 3680/3440/3458
f 3680/3440/3458 3347/3438/3456 3329/3414/3432 3681/3424/3442
f 6327/3249/3267 6328/3441/3459 3428/3442/3460 3427/3250/3268
f 3352/3443/3461 3331/3386/3404 3332/3389/3407 3351/3444/3462
f 6328/3441/3459 6329/3419/3437 3429/3420/3438 3428/3442/3460
f 3355/3417/3435 3352/3443/3461 3351/3444/3462 3354/3418/3436
f 3348/3445/3463 3349/3446/3464 3352/3443/3461 3355/3417/3435
f 3309/3376/3394 3348/3445/3463 3355/3417/3435 3308/3374/3392
f 3349/3446/3464 3335/3421/3439 3331/3386/3404 3352/3443/3461
f 3356/3447/3465 17/233/233 2/232/232 3340/3448/3466
f 3357/3449/3467 3701/3450/3468 3700/3451/3469 3287/3452/3470
f 3358/3453/3471 3357/3449/3467 3287/3452/3470 3231/3454/3472
f 3233/3455/3473 3336/3456/3474 3358/3453/3471 3231/3454/3472
f 6324/3253/3271 6325/3256/3274 3425/3257/3275 3424/3254/3272
f 3361/3425/3443 3336/3456/3474 3233/3455/3473 3360/3426/3444
f 3337/3457/3475 3336/3456/3474 3361/3425/3443 3362/3427/3445
f 3338/3458/3476 3684/3459/3477 3683/3429/3447 3363/3428/3446
f 3339/3460/3478 3338/3458/3476 3363/3428/3446 3364/3430/3448
f 18/131/131 14/136/136 3302/3356/3374 3365/3355/3373
f 3367/3363/3381 3306/3367/3385 3674/3366/3384 3673/3364/3382
f 3369/3351/3369 3300/3343/3361 3744/3344/3362 3743/3353/3371
f 3300/3343/3361 3369/3351/3369 3370/3350/3368 3299/3345/3363
f 3371/3349/3367 3298/3346/3364 3299/3345/3363 3370/3350/3368
f 6333/3347/3365 6334/3331/3349 3420/3332/3350 3419/3348/3366
f 3373/3261/3279 3235/3264/3282 4/28/28 19/20/20
f 3374/3263/3281 3237/3265/3283 3235/3264/3282 3373/3261/3279
f 3237/3265/3283 3374/3263/3281 3375/3268/3286 3239/3266/3284
f 3275/3273/3291 3239/3266/3284 3375/3268/3286 3376/3271/3289
f 3377/3270/3288 3241/3274/3292 3275/3273/3291 3376/3271/3289
f 3378/3310/3328 3269/3311/3329 3241/3274/3292 3377/3270/3288
f 3379/3371/3389 3304/3360/3378 3818/3361/3379 3817/3372/3390
f 3302/3356/3374 3676/3357/3375 3675/3369/3387 3381/3368/3386
f 3383/3461/3479 3292/3362/3380 3368/3462/3480 3382/3463/3481
f 3382/3463/3481 3368/3462/3480 3301/3354/3372 3384/3464/3482
f 3381/3368/3386 3386/3465/3483 3385/3466/3484 3302/3356/3374
f 3387/3467/3485 3365/3355/3373 3302/3356/3374 3385/3466/3484
f 3384/3464/3482 3301/3354/3372 3365/3355/3373 3387/3467/3485
f 3292/3362/3380 3383/3461/3479 3388/3468/3486 3367/3363/3381
f 3389/3469/3487 3306/3367/3385 3367/3363/3381 3388/3468/3486
f 3386/3465/3483 3381/3368/3386 3306/3367/3385 3389/3469/3487
f 3390/3470/3488 3386/3465/3483 3389/3469/3487 3388/3468/3486
f 3387/3467/3485 3385/3466/3484 3386/3465/3483 3390/3470/3488
f 3390/3470/3488 3382/3463/3481 3384/3464/3482 3387/3467/3485
f 3382/3463/3481 3390/3470/3488 3388/3468/3486 3383/3461/3479
f 3399/3471/3489 3248/3281/3299 3247/3284/3302 3400/3472/3490
f 3248/3281/3299 3399/3471/3489 3402/3473/3491 3401/3320/3338
f 3397/3474/3492 3270/3309/3327 3242/3269/3287 3398/3475/3493
f 3396/3314/3332 3397/3474/3492 3398/3475/3493 3395/3315/3333
f 3399/3471/3489 3394/3279/3297 3403/3317/3335 3402/3473/3491
f 3394/3279/3297 3399/3471/3489 3400/3472/3490 3393/3280/3298
f 3392/3476/3494 3307/3370/3388 3816/3373/3391 3815/3477/3495
f 3402/3473/3491 6477/7306/3496 6478/7307/3497 3401/3320/3338
f 3403/3317/3335 6494/7323/3498 6477/7306/3496 3402/3473/3491
f 3404/3316/3334 6493/7322/3499 6494/7323/3498 3403/3317/3335
f 6492/7321/3500 6493/7322/3499 3404/3316/3334 3405/3318/3336
f 3406/3385/3403 6491/7320/3501 6492/7321/3500 3405/3318/3336
f 3407/3390/3408 6490/7319/3502 6491/7320/3501 3406/3385/3403
f 6489/7318/3503 6490/7319/3502 3407/3390/3408 3564/3397/3415
f 3409/3398/3416 6487/7316/3504 6488/7317/3505 3408/3399/3417
f 3410/3404/3422 6486/7315/3506 6487/7316/3504 3409/3398/3416
f 3485/3408/3426 3411/3407/3425 6484/7313/3507 6485/7314/3508
f 3412/3328/3346 6483/7312/3509 6484/7313/3507 3411/3407/3425
f 3413/3327/3345 6482/7311/3510 6483/7312/3509 3412/3328/3346
f 6481/7310/3511 6482/7311/3510 3413/3327/3345 3414/3326/3344
f 6480/7309/3512 6481/7310/3511 3414/3326/3344 3415/3325/3343
f 6479/7308/3513 6480/7309/3512 3415/3325/3343 3416/3319/3337
f 6478/7307/3497 6479/7308/3513 3416/3319/3337 3401/3320/3338
f 6064/3478/3514 3284/3336/3354 3226/3335/3353 6065/3479/3515
f 6063/3480/3516 3371/3349/3367 3284/3336/3354 6064/3478/3514
f 6062/3481/3517 3298/3346/3364 3371/3349/3367 6063/3480/3516
f 2955/267/285 1/121/121 3298/3346/3364 6062/3481/3517
f 3340/3448/3466 2/232/232 2971/269/287 6076/3482/3518
f 3287/3452/3470 3700/3451/3469 6075/3483/3519 6074/3484/3520
f 3231/3454/3472 3287/3452/3470 6074/3484/3520 6073/3485/3521
f 6072/3486/3522 3233/3455/3473 3231/3454/3472 6073/3485/3521
f 6071/3487/3523 3360/3426/3444 3233/3455/3473 6072/3486/3522
f 6070/3488/3524 3229/3388/3406 3360/3426/3444 6071/3487/3523
f 6069/3489/3525 3332/3389/3407 3229/3388/3406 6070/3488/3524
f 6068/3490/3526 3351/3444/3462 3332/3389/3407 6069/3489/3525
f 6067/3491/3527 3354/3418/3436 3351/3444/3462 6068/3490/3526
f 6066/3492/3528 3228/3375/3393 3354/3418/3436 6067/3491/3527
f 3228/3375/3393 6066/3492/3528 6065/3479/3515 3226/3335/3353
f 3336/3456/3474 3337/3457/3475 3431/3493/3529 3358/3453/3471
f 3432/3494/3530 3357/3449/3467 3358/3453/3471 3431/3493/3529
f 3701/3450/3468 3357/3449/3467 3432/3494/3530 3702/3495/3531
f 22/283/301 17/233/233 3356/3447/3465 3433/3496/3532
f 3434/3497/3533 3685/3498/3534 3684/3459/3477 3338/3458/3476
f 3435/3499/3535 3686/3500/3536 3685/3498/3534 3434/3497/3533
f 3703/3501/3537 3686/3500/3536 3435/3499/3535 3704/3502/3538
f 3436/3503/3539 23/294/312 45/293/311 3687/3504/3540
f 3437/3505/3541 3364/3430/3448 3327/3416/3434 3342/3434/3452
f 3342/3434/3452 3439/3506/3542 3438/3507/3543 3437/3505/3541
f 3440/3508/3544 3339/3460/3478 3364/3430/3448 3437/3505/3541
f 3437/3505/3541 3438/3507/3543 3441/3509/3545 3440/3508/3544
f 3442/3510/3546 3434/3497/3533 3338/3458/3476 3339/3460/3478
f 3339/3460/3478 3440/3508/3544 3443/3511/3547 3442/3510/3546
f 3444/3512/3548 3443/3511/3547 3440/3508/3544 3441/3509/3545
f 3434/3497/3533 3442/3510/3546 3445/3513/3549 3435/3499/3535
f 3704/3502/3538 3435/3499/3535 3445/3513/3549 3705/3514/3550
f 24/305/323 23/294/312 3436/3503/3539 3446/3515/3551
f 3447/3516/3552 3445/3513/3549 3442/3510/3546 3443/3511/3547
f 3705/3514/3550 3445/3513/3549 3447/3516/3552 3706/3517/3553
f 25/309/327 24/305/323 3446/3515/3551 3448/3518/3554
f 3443/3511/3547 3444/3512/3548 3449/3519/3555 3447/3516/3552
f 3449/3519/3555 3707/3520/3556 3706/3517/3553 3447/3516/3552
f 25/309/327 3448/3518/3554 3450/3521/3557 26/313/331
f 3451/3522/3558 27/318/336 49/7197/335 3712/7172/3559
f 3724/7196/3560 3452/3525/3561 3708/3526/3562 3725/7171/3563
f 3452/3525/3561 3724/7196/3560 3723/7195/3564 3453/3529/3565
f 3453/3529/3565 3723/7195/3564 3722/7194/3566 3454/3531/3567
f 3456/3532/3568 3453/3529/3565 3454/3531/3567 3455/3533/3569
f 3454/3531/3567 3722/7194/3566 3721/7193/3570 3457/3535/3571
f 3441/3509/3545 3438/3507/3543 3459/3536/3572 3458/3537/3573
f 3459/3536/3572 3438/3507/3543 3439/3506/3542 3460/3538/3574
f 3462/3539/3575 3320/3402/3420 3322/3401/3419 3461/3540/3576
f 3464/3541/3577 3462/3539/3575 3461/3540/3576 3463/3542/3578
f 3560/3543/3579 3466/3544/3580 3465/3545/3581 3561/3546/3582
f 3561/3546/3582 3465/3545/3581 3317/3393/3411 3562/3395/3413
f 3465/3545/3581 3343/3433/3451 3316/3394/3412 3317/3393/3411
f 3343/3433/3451 3465/3545/3581 3466/3544/3580 3342/3434/3452
f 3439/3506/3542 3342/3434/3452 3466/3544/3580 3467/3547/3583
f 3460/3538/3574 3439/3506/3542 3467/3547/3583 3468/3548/3584
f 3467/3547/3583 3466/3544/3580 3560/3543/3579 3559/3549/3585
f 3468/3548/3584 3467/3547/3583 3559/3549/3585 3558/3550/3586
f 3324/3406/3424 3471/3551/3587 3461/3540/3576 3322/3401/3419
f 3463/3542/3578 3461/3540/3576 3471/3551/3587 3472/3552/3588
f 3469/3553/3589 3464/3541/3577 3463/3542/3578 3473/3554/3590
f 3470/3555/3591 3469/3553/3589 3473/3554/3590 3474/3556/3592
f 3473/3554/3590 3463/3542/3578 3472/3552/3588 3475/3557/3593
f 3475/3557/3593 3476/3558/3594 3474/3556/3592 3473/3554/3590
f 3236/3260/3278 3477/3559/3595 3278/3324/3342 3238/3262/3280
f 3477/3559/3595 3236/3260/3278 3761/3560/3596 3760/3561/3597
f 5/19/19 55/357/375 3761/3560/3596 3236/3260/3278
f 3278/3324/3342 3477/3559/3595 3480/3562/3598 3277/3321/3339
f 3481/3563/3599 3283/3329/3347 3277/3321/3339 3480/3562/3598
f 3482/3564/3600 3326/3409/3427 3283/3329/3347 3481/3563/3599
f 3326/3409/3427 3482/3564/3600 3488/3565/3601 3487/3411/3429
f 3484/3295/3313 3260/3300/3318 3259/3299/3317 3483/3296/3314
f 3410/3404/3422 3260/3300/3318 3484/3295/3313 3485/3408/3426
f 6485/7314/3508 6486/7315/3506 3410/3404/3422 3485/3408/3426
f 3487/3411/3429 3324/3406/3424 3323/3405/3423 3486/3412/3430
f 3488/3565/3601 3471/3551/3587 3324/3406/3424 3487/3411/3429
f 3782/3566/3602 3490/3567/3603 3488/3565/3601 3783/3568/3604
f 3488/3565/3601 3490/3567/3603 3472/3552/3588 3471/3551/3587
f 3783/3568/3604 3488/3565/3601 3482/3564/3600 3784/3569/3605
f 3784/3569/3605 3482/3564/3600 3481/3563/3599 3785/3570/3606
f 3785/3570/3606 3481/3563/3599 3480/3562/3598 3786/3571/3607
f 3786/3571/3607 3480/3562/3598 3477/3559/3595 3760/3561/3597
f 3495/3572/3608 3475/3557/3593 3472/3552/3588 3490/3567/3603
f 3496/3573/3609 3476/3558/3594 3475/3557/3593 3495/3572/3608
f 3781/3574/3610 3495/3572/3608 3490/3567/3603 3782/3566/3602
f 3780/3575/3611 3496/3573/3609 3495/3572/3608 3781/3574/3610
f 3499/3576/3612 3452/3525/3561 3453/3529/3565 3456/3532/3568
f 3708/3526/3562 3452/3525/3561 3499/3576/3612 3709/3577/3613
f 29/374/392 27/318/336 3451/3522/3558 3500/3578/3614
f 3504/3579/3615 3711/3580/3616 3710/3581/3617 3501/3582/3618
f 31/380/398 48/381/399 3711/3580/3616 3504/3579/3615
f 3503/3583/3619 30/385/403 32/384/402 3502/3584/3620
f 3502/3584/3620 32/384/402 29/374/392 3500/3578/3614
f 3709/3577/3613 3499/3576/3612 3501/3582/3618 3710/3581/3617
f 3499/3576/3612 3456/3532/3568 3505/3585/3621 3501/3582/3618
f 3504/3579/3615 3501/3582/3618 3505/3585/3621 3506/3586/3622
f 3505/3585/3621 3456/3532/3568 3455/3533/3569 3507/3587/3623
f 3506/3586/3622 3505/3585/3621 3507/3587/3623 3508/3588/3624
f 31/380/398 3504/3579/3615 3509/3589/3625 33/390/408
f 3510/3590/3626 3509/3589/3625 3504/3579/3615 3506/3586/3622
f 3511/3591/3627 3510/3590/3626 3506/3586/3622 3508/3588/3624
f 3454/3531/3567 3457/3535/3571 3512/3592/3628 3455/3533/3569
f 3507/3587/3623 3455/3533/3569 3512/3592/3628 3513/3593/3629
f 3508/3588/3624 3507/3587/3623 3513/3593/3629 3514/3594/3630
f 3511/3591/3627 3508/3588/3624 3514/3594/3630 3515/3595/3631
f 3460/3538/3574 3468/3548/3584 3597/3596/3632 3596/3597/3633
f 3519/3598/3634 3518/3599/3635 3548/3600/3636 3547/3601/3637
f 3521/3602/3638 3520/3603/3639 3518/3599/3635 3519/3598/3634
f 3523/3604/3640 3522/3605/3641 3520/3603/3639 3521/3602/3638
f 3522/3605/3641 3523/3604/3640 3529/3606/3642 3528/3607/3643
f 3527/3608/3644 3526/3609/3645 3524/3610/3646 3525/3611/3647
f 3776/3612/3648 3525/3611/3647 3524/3610/3646 3777/3613/3649
f 3529/3606/3642 3550/3614/3650 3549/3615/3651 3528/3607/3643
f 3533/3616/3652 3532/3617/3653 3526/3609/3645 3527/3608/3644
f 3532/3617/3653 3533/3616/3652 3772/3618/3654 3771/3619/3655
f 3554/3620/3656 3521/3602/3638 3519/3598/3634 3555/3621/3657
f 3537/3622/3658 3529/3606/3642 3523/3604/3640 3536/3623/3659
f 3550/3614/3650 3529/3606/3642 3537/3622/3658 3551/3624/3660
f 3539/3625/3661 3525/3611/3647 3776/3612/3648 3775/3626/3662
f 3525/3611/3647 3539/3625/3661 3540/3627/3663 3527/3608/3644
f 3527/3608/3644 3540/3627/3663 3541/3628/3664 3533/3616/3652
f 3772/3618/3654 3533/3616/3652 3541/3628/3664 3773/3629/3665
f 3521/3602/3638 3543/3630/3666 3536/3623/3659 3523/3604/3640
f 3521/3602/3638 3554/3620/3656 3553/3631/3667 3543/3630/3666
f 3551/3624/3660 3537/3622/3658 3536/3623/3659 3552/3632/3668
f 3774/3633/3669 3540/3627/3663 3539/3625/3661 3775/3626/3662
f 3773/3629/3665 3541/3628/3664 3540/3627/3663 3774/3633/3669
f 3552/3632/3668 3536/3623/3659 3543/3630/3666 3553/3631/3667
f 3532/3617/3653 3771/3619/3655 3770/3634/3670 3545/3635/3671
f 3767/3636/3672 3516/7234/3673 3517/3638/3674 3768/3639/3675
f 3550/3614/3650 3530/3640/3676 3531/3641/3677 3549/3615/3651
f 3538/3642/3678 3530/3640/3676 3550/3614/3650 3551/3624/3660
f 3538/3642/3678 3551/3624/3660 3552/3632/3668 3544/3643/3679
f 3544/3643/3679 3552/3632/3668 3553/3631/3667 3542/3644/3680
f 3554/3620/3656 3535/3645/3681 3542/3644/3680 3553/3631/3667
f 3535/3645/3681 3554/3620/3656 3555/3621/3657 3534/3646/3682
f 3556/3647/3683 3546/3648/3684 3534/3646/3682 3555/3621/3657
f 3555/3621/3657 3519/3598/3634 3547/3601/3637 3556/3647/3683
f 3768/3639/3675 3517/3638/3674 3557/3649/3685 3769/3650/3686
f 3557/3649/3685 3545/3635/3671 3770/3634/3670 3769/3650/3686
f 3559/3549/3585 3469/3553/3589 3470/3555/3591 3558/3550/3586
f 3560/3543/3579 3464/3541/3577 3469/3553/3589 3559/3549/3585
f 3464/3541/3577 3560/3543/3579 3561/3546/3582 3462/3539/3575
f 3462/3539/3575 3561/3546/3582 3562/3395/3413 3320/3402/3420
f 3320/3402/3420 3562/3395/3413 3563/3396/3414 3319/3403/3421
f 3564/3397/3415 3408/3399/3417 6488/7317/3505 6489/7318/3503
f 3565/3306/3324 3264/3301/3319 3408/3399/3417 3564/3397/3415
f 3566/3305/3323 3263/3302/3320 3264/3301/3319 3565/3306/3324
f 3597/3596/3632 3468/3548/3584 3558/3550/3586 3598/3651/3687
f 3598/3651/3687 3558/3550/3586 3470/3555/3591 3599/3652/3688
f 3474/3556/3592 3600/3653/3689 3599/3652/3688 3470/3555/3591
f 3474/3556/3592 3476/3558/3594 3601/3654/3690 3600/3653/3689
f 3601/3654/3690 3476/3558/3594 3496/3573/3609 3602/3655/3691
f 3602/3655/3691 3496/3573/3609 3780/3575/3611 3779/3656/3692
f 3459/3536/3572 3460/3538/3574 3596/3597/3633 3595/3657/3693
f 3458/3537/3573 3459/3536/3572 3595/3657/3693 3594/3658/3694
f 3457/3535/3571 3721/7193/3570 3720/7182/3695 3593/3660/3696
f 3592/3661/3697 3512/3592/3628 3457/3535/3571 3593/3660/3696
f 3567/3662/3698 3571/7179/3699 3572/7170/3700 3568/3665/3701
f 3573/3666/3702 3569/7192/3703 3718/7184/3704 3717/7168/3705
f 3574/3670/3706 3570/7190/3707 3569/7192/3703 3573/3666/3702
f 3513/3593/3629 3512/3592/3628 3592/3661/3697 3591/3672/3708
f 3514/3594/3630 3513/3593/3629 3591/3672/3708 3590/3673/3709
f 3515/3595/3631 3514/3594/3630 3590/3673/3709 3589/3674/3710
f 3579/3675/3711 3577/3676/3712 3576/7191/3713 3578/3678/3714
f 3580/3679/3715 3578/3678/3714 3576/7191/3713 3575/7189/3716
f 3574/3670/3706 3580/3679/3715 3575/7189/3716 3570/7190/3707
f 3516/7234/3673 3767/3636/3672 3766/3681/3717 3581/7180/3718
f 3582/7167/3719 3548/3600/3636 3518/3599/3635 3583/7188/3720
f 3583/7188/3720 3518/3599/3635 3520/3603/3639 3584/7187/3721
f 3584/7187/3721 3520/3603/3639 3522/3605/3641 3585/7186/3722
f 3585/7186/3722 3522/3605/3641 3528/3607/3643 3586/7185/3723
f 3586/7185/3723 3528/3607/3643 3549/3615/3651 3587/7177/3724
f 3587/7177/3724 3549/3615/3651 3531/3641/3677 3588/3689/3725
f 3617/3690/3726 3576/3677/3713 3577/7165/3712 3618/3691/3727
f 3616/3692/3728 3575/3680/3716 3576/3677/3713 3617/3690/3726
f 3615/3693/3729 3570/3671/3707 3575/3680/3716 3616/3692/3728
f 3570/7235/3707 3615/3693/3729 3614/3694/3730 3569/3667/3703
f 3718/7183/3704 3569/3667/3703 3614/3694/3730 3719/7181/3731
f 3612/3696/3732 3567/3662/3698 3568/3665/3701 3613/3697/3733
f 3611/3698/3734 3516/3637/3673 3567/3662/3698 3612/3696/3732
f 3610/3699/3735 3517/3638/3674 3516/7234/3673 3611/3698/3734
f 3557/3649/3685 3517/3638/3674 3610/3699/3735 3609/3700/3736
f 3545/3635/3671 3557/3649/3685 3609/3700/3736 3608/3701/3737
f 3607/3702/3738 3532/3617/3653 3545/3635/3671 3608/3701/3737
f 3606/3703/3739 3526/3609/3645 3532/3617/3653 3607/3702/3738
f 3524/3610/3646 3526/3609/3645 3606/3703/3739 3605/3704/3740
f 3777/3613/3649 3524/3610/3646 3605/3704/3740 3778/3705/3741
f 3605/3704/3740 3602/3655/3691 3779/3656/3692 3778/3705/3741
f 3606/3703/3739 3601/3654/3690 3602/3655/3691 3605/3704/3740
f 3601/3654/3690 3606/3703/3739 3607/3702/3738 3600/3653/3689
f 3600/3653/3689 3607/3702/3738 3608/3701/3737 3599/3652/3688
f 3609/3700/3736 3598/3651/3687 3599/3652/3688 3608/3701/3737
f 3610/3699/3735 3597/3596/3632 3598/3651/3687 3609/3700/3736
f 3597/3596/3632 3610/3699/3735 3611/3698/3734 3596/3597/3633
f 3596/3597/3633 3611/3698/3734 3612/3696/3732 3595/3657/3693
f 3595/3657/3693 3612/3696/3732 3613/3697/3733 3594/3658/3694
f 3719/7181/3731 3614/3694/3730 3593/3660/3696 3720/7182/3695
f 3615/3693/3729 3592/3661/3697 3593/3660/3696 3614/3694/3730
f 3592/3661/3697 3615/3693/3729 3616/3692/3728 3591/3672/3708
f 3591/3672/3708 3616/3692/3728 3617/3690/3726 3590/3673/3709
f 3590/3673/3709 3617/3690/3726 3618/3691/3727 3589/3674/3710
f 3604/3706/3742 3603/3707/3743 3588/3689/3725 3531/3641/3677
f 3567/3662/3698 3516/3637/3673 3581/7236/3718 3571/7179/3699
f 3581/3682/3718 3766/7166/3717 3765/3708/3744 3619/3709/3745
f 3571/3663/3699 3581/3682/3718 3619/3709/3745 3621/3710/3746
f 3622/3711/3747 3572/3664/3700 3571/3663/3699 3621/3710/3746
f 3716/7176/3748 3623/3713/3749 3573/3666/3702 3717/7168/3705
f 3624/3714/3750 3574/3670/3706 3573/3666/3702 3623/3713/3749
f 3574/3670/3706 3624/3714/3750 3625/3715/3751 3580/3679/3715
f 3626/3716/3752 3578/3678/3714 3580/3679/3715 3625/3715/3751
f 3627/3717/3753 3579/3675/3711 3578/3678/3714 3626/3716/3752
f 3620/3718/3754 3582/3683/3719 3583/3684/3720 3628/3719/3755
f 3629/3720/3756 3588/3689/3725 3603/3707/3743 3498/3721/3757
f 3587/7177/3724 3588/3689/3725 3629/3720/3756 3630/3722/3758
f 3619/3709/3745 3765/3708/3744 4894/3723/3759 4893/3724/3760
f 3620/3718/3754 3628/3719/3755 4896/3725/3761 4895/3726/3762
f 4896/3725/3761 3628/3719/3755 3635/3727/3763 4897/3728/3764
f 3584/3685/3721 3635/3727/3763 3628/3719/3755 3583/3684/3720
f 3635/3727/3763 3584/3685/3721 3585/3686/3722 3636/3729/3765
f 4897/3728/3764 3635/3727/3763 3636/3729/3765 4898/3730/3766
f 3636/3729/3765 3585/3686/3722 3586/3687/3723 3638/3731/3767
f 4898/3730/3766 3636/3729/3765 3638/3731/3767 4899/3732/3768
f 4900/3733/3769 3643/3734/3770 3642/3735/3771 4901/3736/3772
f 3643/3734/3770 3587/3688/3724 3630/7178/3758 3642/3735/3771
f 3586/3687/3723 3587/3688/3724 3643/3734/3770 3638/3731/3767
f 3638/3731/3767 3643/3734/3770 4900/3733/3769 4899/3732/3768
f 3621/3710/3746 3619/3709/3745 4893/3724/3760 4892/3737/3773
f 4891/3738/3774 3622/3711/3747 3621/3710/3746 4892/3737/3773
f 4889/3739/3775 3623/3713/3749 3716/7176/3748 4890/7161/3776
f 4888/3741/3777 3624/3714/3750 3623/3713/3749 4889/3739/3775
f 4887/3742/3778 3625/3715/3751 3624/3714/3750 4888/3741/3777
f 4886/3743/3779 3626/3716/3752 3625/3715/3751 4887/3742/3778
f 4885/3744/3780 3627/3717/3753 3626/3716/3752 4886/3743/3779
f 3714/7175/3781 3651/3746/3782 3646/3747/3783 3715/3748/3784
f 3651/3746/3782 3714/7175/3781 3713/7174/3785 3653/3750/3786
f 50/553/571 34/554/572 3653/3750/3786 3713/7174/3785
f 3655/3751/3787 3652/3752/3788 3645/3753/3789 3644/3754/3790
f 3656/3755/3791 3654/3756/3792 3652/3752/3788 3655/3751/3787
f 36/561/579 35/562/580 3654/3756/3792 3656/3755/3791
f 3657/3757/3793 3655/3751/3787 3644/3754/3790 3631/3758/3794
f 3655/3751/3787 3657/3757/3793 3658/3759/3795 3656/3755/3791
f 37/566/584 36/561/579 3656/3755/3791 3658/3759/3795
f 3763/3760/3796 3657/3757/3793 3631/3758/3794 3764/3761/3797
f 3762/3762/3798 3658/3759/3795 3657/3757/3793 3763/3760/3796
f 56/570/588 37/566/584 3658/3759/3795 3762/3762/3798
f 3632/3763/3799 3633/3764/3800 3661/3765/3801 3659/3766/3802
f 3662/3767/3803 3660/3768/3804 3659/3766/3802 3661/3765/3801
f 3660/3768/3804 3662/3767/3803 39/578/596 38/577/595
f 3663/3769/3805 3661/3765/3801 3633/3764/3800 3634/3770/3806
f 3664/3771/3807 3662/3767/3803 3661/3765/3801 3663/3769/3805
f 40/582/600 39/578/596 3662/3767/3803 3664/3771/3807
f 3634/3770/3806 3637/3772/3808 3665/3773/3809 3663/3769/3805
f 3663/3769/3805 3665/3773/3809 3666/3774/3810 3664/3771/3807
f 3664/3771/3807 3666/3774/3810 41/586/604 40/582/600
f 3667/3775/3811 3665/3773/3809 3637/3772/3808 3639/3776/3812
f 3668/3777/3813 3666/3774/3810 3665/3773/3809 3667/3775/3811
f 42/590/608 41/586/604 3666/3774/3810 3668/3777/3813
f 3669/3778/3814 3667/3775/3811 3639/3776/3812 3640/3779/3815
f 3670/3780/3816 3668/3777/3813 3667/3775/3811 3669/3778/3814
f 3668/3777/3813 3670/3780/3816 43/594/612 42/590/608
f 3296/3381/3399 3671/3781/3817 3271/3313/3331 3295/3342/3360
f 3391/3782/3818 3392/3476/3494 3815/3477/3495 3814/3783/3819
f 3696/3784/3820 3366/3785/3821 3293/3786/3822 3697/3787/3823
f 3695/3788/3824 3305/3789/3825 3366/3785/3821 3696/3784/3820
f 3380/3790/3826 3305/3789/3825 3695/3788/3824 3694/3791/3827
f 3693/3792/3828 3303/3358/3376 3380/3790/3826 3694/3791/3827
f 47/607/625 15/140/140 3303/3358/3376 3693/3792/3828
f 3288/3340/3358 3738/3793/3829 3737/3794/3830 3309/3376/3394
f 3736/3795/3831 3348/3445/3463 3309/3376/3394 3737/3794/3830
f 3349/3446/3464 3348/3445/3463 3736/3795/3831 3735/3796/3832
f 3335/3421/3439 3349/3446/3464 3735/3796/3832 3734/3797/3833
f 3733/3798/3834 3334/3422/3440 3335/3421/3439 3734/3797/3833
f 3362/3427/3445 3334/3422/3440 3733/3798/3834 3732/3799/3835
f 3731/3800/3836 3337/3457/3475 3362/3427/3445 3732/3799/3835
f 3730/3801/3837 3431/3493/3529 3337/3457/3475 3731/3800/3836
f 3729/3802/3838 3432/3494/3530 3431/3493/3529 3730/3801/3837
f 3702/3495/3531 3432/3494/3530 3729/3802/3838 3728/3803/3839
f 51/619/637 22/283/301 3433/3496/3532 3727/3804/3840
f 3288/3340/3358 3289/3339/3357 3742/3352/3370 3741/3805/3841
f 3366/3785/3821 3305/3789/3825 3690/3806/3842 3689/3807/3843
f 3380/3790/3826 3691/3808/3844 3690/3806/3842 3305/3789/3825
f 46/139/139 16/144/144 3304/3360/3378 3692/3359/3377
f 3303/3358/3376 3692/3359/3377 3691/3808/3844 3380/3790/3826
f 3692/3359/3377 3304/3360/3378 3379/3371/3389 3691/3808/3844
f 3690/3806/3842 3691/3808/3844 3379/3371/3389 3307/3370/3388
f 3307/3370/3388 3392/3476/3494 3689/3807/3843 3690/3806/3842
f 44/135/135 47/607/625 3693/3792/3828 3676/3357/3375
f 3676/3357/3375 3693/3792/3828 3694/3791/3827 3675/3369/3387
f 3695/3788/3824 3674/3366/3384 3675/3369/3387 3694/3791/3827
f 3674/3366/3384 3695/3788/3824 3696/3784/3820 3673/3364/3382
f 3673/3364/3382 3696/3784/3820 3697/3787/3823 3672/3365/3383
f 3392/3476/3494 3391/3782/3818 3688/3809/3845 3689/3807/3843
f 3421/3334/3352 6320/3333/3351 6321/3431/3449 3699/3432/3450
f 3700/3451/3469 3340/3448/3466 6076/3482/3518 6075/3483/3519
f 3701/3450/3468 3356/3447/3465 3340/3448/3466 3700/3451/3469
f 3433/3496/3532 3356/3447/3465 3701/3450/3468 3702/3495/3531
f 3727/3804/3840 3433/3496/3532 3702/3495/3531 3728/3803/3839
f 3436/3503/3539 3687/3504/3540 3703/3501/3537 3704/3502/3538
f 3446/3515/3551 3436/3503/3539 3704/3502/3538 3705/3514/3550
f 3448/3518/3554 3446/3515/3551 3705/3514/3550 3706/3517/3553
f 3707/3520/3556 3450/3521/3557 3448/3518/3554 3706/3517/3553
f 3708/3526/3562 3451/3522/3558 3712/7172/3559 3725/7171/3563
f 3500/3578/3614 3451/3522/3558 3708/3526/3562 3709/3577/3613
f 3500/3578/3614 3709/3577/3613 3710/3581/3617 3502/3584/3620
f 3711/3580/3616 3503/3583/3619 3502/3584/3620 3710/3581/3617
f 48/381/399 30/385/403 3503/3583/3619 3711/3580/3616
f 49/317/335 26/313/331 3450/3521/3557 3712/3523/3559
f 3654/3756/3792 35/562/580 50/7173/571 3713/3749/3785
f 3714/3745/3781 3652/3752/3788 3654/3756/3792 3713/3749/3785
f 3645/3753/3789 3652/3752/3788 3714/3745/3781 3715/7160/3784
f 3716/3712/3748 3622/3711/3747 4891/3738/3774 4890/3740/3776
f 3572/3664/3700 3622/3711/3747 3716/3712/3748 3717/7169/3705
f 3718/3668/3704 3568/3665/3701 3572/7170/3700 3717/3669/3705
f 3613/3697/3733 3568/3665/3701 3718/3668/3704 3719/3695/3731
f 3594/3658/3694 3613/3697/3733 3719/3695/3731 3720/3659/3695
f 3721/3534/3570 3458/3537/3573 3594/3658/3694 3720/3659/3695
f 3722/3530/3566 3441/3509/3545 3458/3537/3573 3721/3534/3570
f 3723/3528/3564 3444/3512/3548 3441/3509/3545 3722/3530/3566
f 3724/3524/3560 3449/3519/3555 3444/3512/3548 3723/3528/3564
f 3449/3519/3555 3724/3524/3560 3725/3527/3563 3707/3520/3556
f 3712/3523/3559 3450/3521/3557 3707/3520/3556 3725/3527/3563
f 3671/3781/3817 3296/3381/3399 3294/3378/3396 3726/3810/3846
f 45/293/311 51/619/637 3727/3804/3840 3687/3504/3540
f 3687/3504/3540 3727/3804/3840 3728/3803/3839 3703/3501/3537
f 3729/3802/3838 3686/3500/3536 3703/3501/3537 3728/3803/3839
f 3686/3500/3536 3729/3802/3838 3730/3801/3837 3685/3498/3534
f 3685/3498/3534 3730/3801/3837 3731/3800/3836 3684/3459/3477
f 3684/3459/3477 3731/3800/3836 3732/3799/3835 3683/3429/3447
f 3733/3798/3834 3682/3423/3441 3683/3429/3447 3732/3799/3835
f 3682/3423/3441 3733/3798/3834 3734/3797/3833 3681/3424/3442
f 3735/3796/3832 3680/3440/3458 3681/3424/3442 3734/3797/3833
f 3736/3795/3831 3679/3439/3457 3680/3440/3458 3735/3796/3832
f 3679/3439/3457 3736/3795/3831 3737/3794/3830 3678/3380/3398
f 3738/3793/3829 3677/3377/3395 3678/3380/3398 3737/3794/3830
f 3740/3811/3847 3738/3793/3829 3288/3340/3358 3741/3805/3841
f 3739/3812/3848 3677/3377/3395 3738/3793/3829 3740/3811/3847
f 3697/3787/3823 3293/3786/3822 3739/3812/3848 3740/3811/3847
f 3672/3365/3383 3697/3787/3823 3740/3811/3847 3741/3805/3841
f 3742/3352/3370 3292/3362/3380 3672/3365/3383 3741/3805/3841
f 3292/3362/3380 3742/3352/3370 3743/3353/3371 3368/3462/3480
f 3744/3344/3362 3301/3354/3372 3368/3462/3480 3743/3353/3371
f 52/116/116 11/132/132 3301/3354/3372 3744/3344/3362
f 3739/3812/3848 3726/3810/3846 3294/3378/3396 3677/3377/3395
f 3689/3807/3843 3688/3809/3845 3293/3786/3822 3366/3785/3821
f 3746/3813/3849 3745/3814/3850 3478/3815/3851 3479/3816/3852
f 53/633/651 3746/3813/3849 3479/3816/3852 28/634/652
f 3745/3814/3850 3747/3817/3853 3494/3818/3854 3478/3815/3851
f 3494/3818/3854 3747/3817/3853 3748/3819/3855 3493/3820/3856
f 3493/3820/3856 3748/3819/3855 3749/3821/3857 3492/3822/3858
f 3489/3823/3859 3492/3822/3858 3749/3821/3857 3750/3824/3860
f 3491/3825/3861 3489/3823/3859 3750/3824/3860 3751/3826/3862
f 3497/3827/3863 3491/3825/3861 3751/3826/3862 3752/3828/3864
f 3748/3819/3855 3754/3829/3865 3753/3830/3866 3749/3821/3857
f 3753/3830/3866 3754/3829/3865 3756/3831/3867 3755/3832/3868
f 3748/3819/3855 3747/3817/3853 3757/3833/3869 3754/3829/3865
f 3758/3834/3870 3757/3833/3869 3747/3817/3853 3745/3814/3850
f 3745/3814/3850 3746/3813/3849 3759/3835/3871 3758/3834/3870
f 3746/3813/3849 53/633/651 54/654/672 3759/3835/3871
f 3761/3560/3596 3479/3816/3852 3478/3815/3851 3760/3561/3597
f 55/357/375 28/634/652 3479/3816/3852 3761/3560/3596
f 38/577/595 56/570/588 3762/3762/3798 3660/3768/3804
f 3660/3768/3804 3762/3762/3798 3763/3760/3796 3659/3766/3802
f 3659/3766/3802 3763/3760/3796 3764/3761/3797 3632/3763/3799
f 3765/3708/3744 3620/3718/3754 4895/3726/3762 4894/3723/3759
f 3766/7166/3717 3582/3683/3719 3620/3718/3754 3765/3708/3744
f 3767/3636/3672 3548/3600/3636 3582/7167/3719 3766/3681/3717
f 3548/3600/3636 3767/3636/3672 3768/3639/3675 3547/3601/3637
f 3556/3647/3683 3547/3601/3637 3768/3639/3675 3769/3650/3686
f 3770/3634/3670 3546/3648/3684 3556/3647/3683 3769/3650/3686
f 3771/3619/3655 3534/3646/3682 3546/3648/3684 3770/3634/3670
f 3772/3618/3654 3535/3645/3681 3534/3646/3682 3771/3619/3655
f 3542/3644/3680 3535/3645/3681 3772/3618/3654 3773/3629/3665
f 3542/3644/3680 3773/3629/3665 3774/3633/3669 3544/3643/3679
f 3544/3643/3679 3774/3633/3669 3775/3626/3662 3538/3642/3678
f 3776/3612/3648 3530/3640/3676 3538/3642/3678 3775/3626/3662
f 3530/3640/3676 3776/3612/3648 3777/3613/3649 3531/3641/3677
f 3531/3641/3677 3777/3613/3649 3778/3705/3741 3604/3706/3742
f 3779/3656/3692 3603/3707/3743 3604/3706/3742 3778/3705/3741
f 3780/3575/3611 3498/3721/3757 3603/3707/3743 3779/3656/3692
f 3497/3827/3863 3498/3721/3757 3780/3575/3611 3781/3574/3610
f 3491/3825/3861 3497/3827/3863 3781/3574/3610 3782/3566/3602
f 3491/3825/3861 3782/3566/3602 3783/3568/3604 3489/3823/3859
f 3492/3822/3858 3489/3823/3859 3783/3568/3604 3784/3569/3605
f 3492/3822/3858 3784/3569/3605 3785/3570/3606 3493/3820/3856
f 3493/3820/3856 3785/3570/3606 3786/3571/3607 3494/3818/3854
f 3478/3815/3851 3494/3818/3854 3786/3571/3607 3760/3561/3597
f 3754/3829/3865 3757/3833/3869 3787/3836/3872 3756/3831/3867
f 3757/3833/3869 3758/3834/3870 3788/3837/3873 3787/3836/3872
f 3758/3834/3870 3759/3835/3871 3789/3838/3874 3788/3837/3873
f 3759/3835/3871 54/654/672 57/658/676 3789/3838/3874
f 3753/3830/3866 3755/3832/3868 3750/3824/3860 3749/3821/3857
f 3751/3826/3862 3750/3824/3860 3755/3832/3868 3790/3839/3875
f 3790/3839/3875 3791/3840/3876 3752/3828/3864 3751/3826/3862
f 3498/3721/3757 3497/3827/3863 3752/3828/3864 3792/3841/3877
f 3791/3840/3876 3793/3842/3878 3792/3841/3877 3752/3828/3864
f 3756/3831/3867 3794/3843/3879 3790/3839/3875 3755/3832/3868
f 3787/3836/3872 3795/3844/3880 3794/3843/3879 3756/3831/3867
f 3787/3836/3872 3788/3837/3873 3796/3845/3881 3795/3844/3880
f 3788/3837/3873 3789/3838/3874 3797/3846/3882 3796/3845/3881
f 58/667/685 3797/3846/3882 3789/3838/3874 57/658/676
f 3794/3843/3879 3798/3847/3883 3791/3840/3876 3790/3839/3875
f 3798/3847/3883 3799/3848/3884 3793/3842/3878 3791/3840/3876
f 3795/3844/3880 3800/3849/3885 3798/3847/3883 3794/3843/3879
f 3796/3845/3881 3801/3850/3886 3800/3849/3885 3795/3844/3880
f 3796/3845/3881 3797/3846/3882 3802/3851/3887 3801/3850/3886
f 3797/3846/3882 58/667/685 59/673/691 3802/3851/3887
f 3800/3849/3885 3803/3852/3888 3799/3848/3884 3798/3847/3883
f 3804/3853/3889 3803/3852/3888 3800/3849/3885 3801/3850/3886
f 3801/3850/3886 3802/3851/3887 3805/3854/3890 3804/3853/3889
f 3802/3851/3887 59/673/691 60/677/695 3805/3854/3890
f 3807/3855/3891 3806/3856/3892 3651/3746/3782 3653/3750/3786
f 61/680/698 3807/3855/3891 3653/3750/3786 34/554/572
f 3806/3856/3892 3647/3857/3893 3646/3747/3783 3651/3746/3782
f 3807/3855/3891 61/680/698 62/683/701 3808/3858/3894
f 3806/3856/3892 3807/3855/3891 3808/3858/3894 3809/3859/3895
f 3809/3859/3895 3648/3860/3896 3647/3857/3893 3806/3856/3892
f 3810/3861/3897 3649/3862/3898 3648/3860/3896 3809/3859/3895
f 3810/3861/3897 3809/3859/3895 3808/3858/3894 3811/3863/3899
f 63/689/707 3811/3863/3899 3808/3858/3894 62/683/701
f 64/690/708 3812/3864/3900 3811/3863/3899 63/689/707
f 3813/3865/3901 3810/3861/3897 3811/3863/3899 3812/3864/3900
f 3650/3866/3902 3649/3862/3898 3810/3861/3897 3813/3865/3901
f 3688/3809/3845 3391/3782/3818 3739/3812/3848 3293/3786/3822
f 3822/3867/3903 3397/3474/3492 3396/3314/3332 3823/3868/3904
f 3821/3869/3905 3270/3309/3327 3397/3474/3492 3822/3867/3903
f 3820/3870/3906 3378/3310/3328 3270/3309/3327 3821/3869/3905
f 3819/3871/3907 3269/3311/3329 3378/3310/3328 3820/3870/3906
f 66/699/717 9/78/78 3269/3311/3329 3819/3871/3907
f 3726/3810/3846 3739/3812/3848 3391/3782/3818 3814/3783/3819
f 65/143/143 66/699/717 3819/3871/3907 3818/3361/3379
f 3818/3361/3379 3819/3871/3907 3820/3870/3906 3817/3372/3390
f 3817/3372/3390 3820/3870/3906 3821/3869/3905 3816/3373/3391
f 3816/3373/3391 3821/3869/3905 3822/3867/3903 3815/3477/3495
f 3815/3477/3495 3822/3867/3903 3823/3868/3904 3814/3783/3819
f 3271/3313/3331 3671/3781/3817 3823/3868/3904 3396/3314/3332
f 3671/3781/3817 3726/3810/3846 3814/3783/3819 3823/3868/3904
f 68/700/718 67/703/721 3825/3872/3908 3824/3873/3909
f 3824/3873/3909 3825/3872/3908 3827/3874/3910 3826/3875/3911
f 3829/3876/3912 3828/3877/3913 70/708/726 69/707/725
f 3828/3877/3913 3829/3876/3912 3831/3878/3914 3830/3879/3915
f 3833/3880/3916 3832/3881/3917 3830/3879/3915 3831/3878/3914
f 3832/3881/3917 3833/3880/3916 3835/3882/3918 3834/3883/3919
f 3839/3884/3920 3838/3885/3921 3837/6739/3922 3836/6749/3923
f 3826/3875/3911 3827/3874/3910 3843/3888/3924 3842/3889/3925
f 3841/3890/3926 3840/3891/3927 4928/3892/3928 4927/3893/3929
f 3843/3888/3924 3839/3884/3920 3836/6749/3923 3842/3889/3925
f 3836/6749/3923 3955/6741/3930 3954/3895/3931 3842/3889/3925
f 3847/3896/3932 3844/3897/3933 3845/6740/3934 3846/6747/3935
f 67/703/721 71/733/751 3851/3900/3936 3825/3872/3908
f 3827/3874/3910 3825/3872/3908 3851/3900/3936 3850/3901/3937
f 3843/3888/3924 3849/3902/3938 3848/3903/3939 3839/3884/3920
f 3851/3900/3936 3509/3589/3625 3510/3590/3626 3850/3901/3937
f 71/733/751 33/390/408 3509/3589/3625 3851/3900/3936
f 3849/3902/3938 3843/3888/3924 3827/3874/3910 3850/3901/3937
f 3850/3901/3937 3510/3590/3626 3511/3591/3627 3849/3902/3938
f 3511/3591/3627 3515/3595/3631 3848/3903/3939 3849/3902/3938
f 4928/3892/3928 3840/3891/3927 3956/3904/3940 4929/3905/3941
f 4930/3906/3942 3852/3907/3943 3853/3908/3944 4931/3909/3945
f 6289/3910/3946 3929/3911/3947 3928/3912/3948 6290/6721/3949
f 6290/3913/3949 3928/6742/3948 4905/3914/3950 6291/3915/3951
f 3846/6747/3935 3854/6743/3952 3855/3917/3953 3847/3896/3932
f 3929/3911/3947 6289/3910/3946 6288/3918/3954 3930/3919/3955
f 3854/3916/3952 3846/6748/3935 4907/6731/3956 4906/3921/3957
f 4931/3909/3945 3853/3908/3944 4908/3922/3958 4932/3923/3959
f 3859/3924/3960 3861/6730/3961 3864/3926/3962 3863/3927/3963
f 6292/3928/3964 3943/3929/3965 3942/3930/3966 6293/3931/3967
f 3941/3932/3968 6294/3933/3969 6293/3931/3967 3942/3930/3966
f 3868/6746/3970 3867/3935/3971 3979/3936/3972 3978/6734/3973
f 3977/3938/3974 3869/3939/3975 4935/3940/3976 4934/3941/3977
f 4935/3940/3976 3869/3939/3975 3871/3942/3978 4936/3943/3979
f 3867/3935/3971 3868/6746/3970 3870/6745/3980 3872/3945/3981
f 3938/3946/3982 6297/3947/3983 6296/3948/3984 3939/3949/3985
f 3939/3949/3985 6296/3948/3984 6295/3950/3986 3940/3951/3987
f 6294/3933/3969 3941/3932/3968 3940/3951/3987 6295/3950/3986
f 3880/3952/3988 3879/3953/3989 3982/3954/3990 3981/3955/3991
f 3882/3956/3992 3881/3957/3993 3879/3953/3989 3880/3952/3988
f 3884/3958/3994 3883/3959/3995 3878/3960/3996 3873/3961/3997
f 3886/3962/3998 3885/3963/3999 3883/3959/3995 3884/3958/3994
f 3873/3961/3997 3874/3964/4000 3886/3962/3998 3884/3958/3994
f 3883/3959/3995 3885/3963/3999 3866/3965/4001 3878/3960/3996
f 3980/3966/4002 3887/3967/4003 3880/3952/3988 3981/3955/3991
f 3979/3936/3972 3867/3935/3971 3887/3967/4003 3980/3966/4002
f 3889/3968/4004 3888/3969/4005 3881/3957/3993 3882/3956/3992
f 3880/3952/3988 3887/3967/4003 3889/3968/4004 3882/3956/3992
f 3872/3945/3981 3889/3968/4004 3887/3967/4003 3867/3935/3971
f 3888/3969/4005 3889/3968/4004 3872/3945/3981 3890/3970/4006
f 3872/3945/3981 3870/6745/3980 3891/6732/4007 3890/3970/4006
f 3871/3942/3978 3892/3972/4008 4937/6930/4009 4936/3943/3979
f 3874/3964/4000 3894/3974/4010 3893/3975/4011 3886/3962/3998
f 3937/3976/4012 6298/3977/4013 6297/3947/3983 3938/3946/3982
f 3982/3954/3990 3879/3953/3989 3896/3978/4014 3983/3979/4015
f 3881/3957/3993 3897/3980/4016 3896/3978/4014 3879/3953/3989
f 3881/3957/3993 3888/3969/4005 3898/3981/4017 3897/3980/4016
f 3894/3974/4010 72/816/834 73/815/833 3893/3975/4011
f 84/817/835 3197/818/836 6298/3977/4013 3937/3976/4012
f 3983/3979/4015 3896/3978/4014 75/820/838 88/819/837
f 3897/3980/4016 76/821/839 75/820/838 3896/3978/4014
f 3898/3981/4017 77/822/840 76/821/839 3897/3980/4016
f 87/823/841 77/822/840 3898/3981/4017 3958/3982/4018
f 3898/3981/4017 3888/3969/4005 3959/3983/4019 3958/3982/4018
f 3899/3984/4020 3865/3985/4021 3866/3965/4001 3885/3963/3999
f 3834/3883/3919 3835/3882/3918 3860/3986/4022 3856/3987/4023
f 3900/6744/4024 3834/3883/3919 3856/3987/4023 3857/3989/4025
f 3900/3988/4024 3857/6720/4025 4904/3990/4026 4903/3991/4027
f 3901/3992/4028 3858/3993/4029 3865/3985/4021 3899/3984/4020
f 3834/3883/3919 3900/6744/4024 3903/6729/4030 3902/3995/4031
f 3834/3883/3919 3902/3995/4031 3904/3996/4032 3832/3881/3917
f 4902/3997/4033 3903/3994/4030 3900/3988/4024 4903/3991/4027
f 3901/3992/4028 3899/3984/4020 3906/3998/4034 3905/3999/4035
f 3907/4000/4036 3906/3998/4034 3899/3984/4020 3885/3963/3999
f 3885/3963/3999 3886/3962/3998 3908/4001/4037 3907/4000/4036
f 3893/3975/4011 73/815/833 78/845/863 3909/4002/4038
f 3909/4002/4038 3908/4001/4037 3886/3962/3998 3893/3975/4011
f 3910/4003/4039 3830/3879/3915 3832/3881/3917 3904/3996/4032
f 3911/4004/4040 3828/3877/3913 3830/3879/3915 3910/4003/4039
f 79/848/866 70/708/726 3828/3877/3913 3911/4004/4040
f 3829/3876/3912 69/707/725 82/850/868 3927/4005/4041
f 3936/4006/4042 6282/4007/4043 3179/853/871 83/852/870
f 3913/4008/4044 81/858/876 86/857/875 3951/4009/4045
f 3831/3878/3914 3829/3876/3912 3927/4005/4041 3926/4010/4046
f 3833/3880/3916 3831/3878/3914 3926/4010/4046 3925/4011/4047
f 3833/3880/3916 3925/4011/4047 3924/4012/4048 3835/3882/3918
f 3835/3882/3918 3924/4012/4048 3923/4013/4049 3860/3986/4022
f 3930/3919/3955 6288/3918/3954 6287/4014/4050 3931/4015/4051
f 6285/4016/4052 3933/4017/4053 3932/4018/4054 6286/4019/4055
f 3933/4017/4053 6285/4016/4052 6284/4020/4056 3934/4021/4057
f 6283/4022/4058 3935/4023/4059 3934/4021/4057 6284/4020/4056
f 3935/4023/4059 6283/4022/4058 6282/4007/4043 3936/4006/4042
f 3931/4015/4051 6287/4014/4050 6286/4019/4055 3932/4018/4054
f 3924/4012/4048 3916/4024/4060 3917/4025/4061 3923/4013/4049
f 3925/4011/4047 3915/4026/4062 3916/4024/4060 3924/4012/4048
f 3926/4010/4046 3914/4027/4063 3915/4026/4062 3925/4011/4047
f 3927/4005/4041 3912/4028/4064 3914/4027/4063 3926/4010/4046
f 82/850/868 80/878/896 3912/4028/4064 3927/4005/4041
f 3929/3911/3947 3855/3917/3953 3854/6743/3952 3928/3912/3948
f 3847/3896/3932 3855/3917/3953 3929/3911/3947 3930/3919/3955
f 3922/4029/4065 3847/3896/3932 3930/3919/3955 3931/4015/4051
f 3918/4030/4066 3922/4029/4065 3931/4015/4051 3932/4018/4054
f 3933/4017/4053 3919/4031/4067 3918/4030/4066 3932/4018/4054
f 3920/4032/4068 3919/4031/4067 3933/4017/4053 3934/4021/4057
f 3935/4023/4059 3921/4033/4069 3920/4032/4068 3934/4021/4057
f 3913/4008/4044 3921/4033/4069 3935/4023/4059 3936/4006/4042
f 81/858/876 3913/4008/4044 3936/4006/4042 83/852/870
f 3895/4034/4070 74/885/903 84/817/835 3937/3976/4012
f 3875/4035/4071 3895/4034/4070 3937/3976/4012 3938/3946/3982
f 3876/4036/4072 3875/4035/4071 3938/3946/3982 3939/3949/3985
f 3876/4036/4072 3939/3949/3985 3940/3951/3987 3877/4037/4073
f 3941/3932/3968 3864/3926/3962 3877/4037/4073 3940/3951/3987
f 3863/3927/3963 3864/3926/3962 3941/3932/3968 3942/3930/3966
f 3943/3929/3965 3859/3924/3960 3863/3927/3963 3942/3930/3966
f 3854/3916/3952 4906/3921/3957 4905/3914/3950 3928/6742/3948
f 3945/4038/4074 3826/3875/3911 3842/3889/3925 3944/4039/4075
f 3944/4039/4075 3842/3889/3925 3954/3895/3931 3953/4040/4076
f 85/892/910 68/700/718 3824/3873/3909 3947/4041/4077
f 3826/3875/3911 3945/4038/4074 3947/4041/4077 3824/3873/3909
f 3847/3896/3932 3922/4029/4065 3946/4042/4078 3844/3897/3933
f 3922/4029/4065 3918/4030/4066 3948/4043/4079 3946/4042/4078
f 3952/4044/4080 3949/4045/4081 3944/4039/4075 3953/4040/4076
f 3950/4046/4082 3945/4038/4074 3944/4039/4075 3949/4045/4081
f 86/857/875 85/892/910 3947/4041/4077 3951/4009/4045
f 3951/4009/4045 3947/4041/4077 3945/4038/4074 3950/4046/4082
f 3948/4043/4079 3952/4044/4080 3953/4040/4076 3946/4042/4078
f 3954/3895/3931 3844/3897/3933 3946/4042/4078 3953/4040/4076
f 3955/6741/3930 3845/6740/3934 3844/3897/3933 3954/3895/3931
f 4929/3905/3941 3956/3904/3940 3852/3907/3943 4930/3906/3942
f 3921/4033/4069 3913/4008/4044 3951/4009/4045 3950/4046/4082
f 3950/4046/4082 3949/4045/4081 3920/4032/4068 3921/4033/4069
f 3919/4031/4067 3920/4032/4068 3949/4045/4081 3952/4044/4080
f 3919/4031/4067 3952/4044/4080 3948/4043/4079 3918/4030/4066
f 3957/4047/4083 3848/3903/3939 3515/3595/3631 3589/3674/3710
f 3838/3885/3921 3839/3884/3920 3848/3903/3939 3957/4047/4083
f 3888/3969/4005 3890/3970/4006 3960/4048/4084 3959/3983/4019
f 3812/3864/3900 64/690/708 87/823/841 3958/3982/4018
f 3959/3983/4019 3813/3865/3901 3812/3864/3900 3958/3982/4018
f 3960/4048/4084 3650/3866/3902 3813/3865/3901 3959/3983/4019
f 3627/3717/3753 4885/3744/3780 4884/4049/4085 3961/4050/4086
f 3579/3675/3711 3627/3717/3753 3961/4050/4086 3962/4051/4087
f 3962/4051/4087 3963/4052/4088 3577/3676/3712 3579/3675/3711
f 3618/3691/3727 3577/7165/3712 3963/7164/4088 3964/4053/4089
f 3964/4053/4089 3957/4047/4083 3589/3674/3710 3618/3691/3727
f 3966/4054/4090 4940/4055/4091 4939/4056/4092 3975/4057/4093
f 4940/4055/4091 3966/4054/4090 3974/4058/4094 4941/4059/4095
f 3968/4060/4096 3841/3890/3926 4927/3893/3929 4942/4061/4097
f 3961/4050/4086 4884/4049/4085 4883/4062/4098 3969/4063/4099
f 3962/4051/4087 3961/4050/4086 3969/4063/4099 3970/4064/4100
f 3963/4052/4088 3962/4051/4087 3970/4064/4100 3971/4065/4101
f 3971/7163/4101 3972/4066/4102 3964/4053/4089 3963/7164/4088
f 3972/4066/4102 3838/3885/3921 3957/4047/4083 3964/4053/4089
f 3838/3885/3921 3972/4066/4102 3967/6738/4103 3837/6739/3922
f 3974/4058/4094 3968/4060/4096 4942/4061/4097 4941/4059/4095
f 3972/4066/4102 3971/7163/4101 3973/7162/4104 3967/6738/4103
f 3965/6736/4105 3973/6737/4104 3971/4065/4101 3970/4064/4100
f 4938/4070/4106 4881/4071/4107 3975/4057/4093 4939/4056/4092
f 3976/6735/4108 3965/6736/4105 3970/4064/4100 3969/4063/4099
f 3969/4063/4099 4883/4062/4098 4882/6733/4109 3976/6735/4108
f 4933/4074/4110 3862/4075/4111 3977/3938/3974 4934/3941/3977
f 3979/3936/3972 3864/3926/3962 3861/6730/3961 3978/6734/3973
f 3877/4037/4073 3864/3926/3962 3979/3936/3972 3980/3966/4002
f 3877/4037/4073 3980/3966/4002 3981/3955/3991 3876/4036/4072
f 3982/3954/3990 3875/4035/4071 3876/4036/4072 3981/3955/3991
f 3895/4034/4070 3875/4035/4071 3982/3954/3990 3983/3979/4015
f 74/885/903 3895/4034/4070 3983/3979/4015 88/819/837
f 4003/4076/4112 3988/4077/4113 4229/4078/4114 4228/4079/4115
f 4216/4080/4116 3990/4081/4117 4002/4082/4118 4217/4083/4119
f 4266/4084/4120 3988/4077/4113 4003/4076/4112 4267/4085/4121
f 4224/4086/4122 3996/4087/4123 4006/4088/4124 4225/4089/4125
f 4007/4090/4126 3998/4091/4127 4221/4092/4128 4220/4093/4129
f 4270/4094/4130 4006/4088/4124 3996/4087/4123 4271/4095/4131
f 3991/4096/4132 4218/4097/4133 4217/4083/4119 4002/4082/4118
f 4267/4085/4121 4003/4076/4112 3989/4098/4134 4268/4099/4135
f 3989/4098/4134 4003/4076/4112 4228/4079/4115 4227/4100/4136
f 3997/4101/4137 4226/4102/4138 4225/4089/4125 4006/4088/4124
f 4269/4103/4139 3997/4101/4137 4006/4088/4124 4270/4094/4130
f 3999/4104/4140 4007/4090/4126 4220/4093/4129 4219/4105/4141
f 4011/4106/4142 4049/4107/4143 4288/4108/4144 4287/4109/4145
f 4015/4110/4146 4045/4111/4147 4326/4112/4148 4325/4113/4149
f 4285/4114/4150 4052/4115/4151 4016/4116/4152 4286/4117/4153
f 4023/4118/4154 4073/4119/4155 4322/4120/4156 4321/4121/4157
f 4025/4122/4158 4046/4123/4159 4188/4124/4160 4187/4125/4161
f 4027/4126/4162 4074/4127/4163 4184/4128/4164 4183/4129/4165
f 4201/4130/4166 4055/4131/4167 4028/4132/4168 4202/4133/4169
f 4203/4134/4170 4030/4135/4171 4050/4136/4172 4204/4137/4173
f 4211/4138/4174 4033/4139/4175 4054/4140/4176 4212/4141/4177
f 4209/4142/4178 4051/4143/4179 4034/4144/4180 4210/4145/4181
f 4193/4146/4182 4047/4147/4183 4036/4148/4184 4194/4149/4185
f 4197/4150/4186 4075/4151/4187 4038/4152/4188 4198/4153/4189
f 4333/4154/4190 4046/4123/4159 4025/4122/4158 4334/4155/4191
f 4074/4127/4163 4027/4126/4162 4338/4156/4192 4337/4157/4193
f 4041/4158/4194 4022/4159/4195 4324/4160/4196 4323/4161/4197
f 4042/4162/4198 4026/4163/4199 4186/4164/4200 4185/4165/4201
f 4026/4163/4199 4042/4162/4198 4336/4166/4202 4335/4167/4203
f 4195/4168/4204 4039/4169/4205 4043/4170/4206 4196/4171/4207
f 4045/4111/4147 4014/4172/4208 4327/4173/4209 4326/4112/4148
f 4046/4123/4159 4024/4174/4210 4189/4175/4211 4188/4124/4160
f 4332/4176/4212 4024/4174/4210 4046/4123/4159 4333/4154/4190
f 4192/4177/4213 4037/4178/4214 4047/4147/4183 4193/4146/4182
f 4050/4136/4172 4030/4135/4171 4296/4179/4215 4295/4180/4216
f 4028/4132/4168 4055/4131/4167 4298/4181/4217 4297/4182/4218
f 4049/4107/4143 4010/4183/4219 4289/4184/4220 4288/4108/4144
f 4031/4185/4221 4205/4186/4222 4204/4137/4173 4050/4136/4172
f 4031/4185/4221 4050/4136/4172 4295/4180/4216 4294/4187/4223
f 4208/4188/4224 4035/4189/4225 4051/4143/4179 4209/4142/4178
f 4284/4190/4226 4017/4191/4227 4052/4115/4151 4285/4114/4150
f 4212/4141/4177 4054/4140/4176 4032/4192/4228 4213/4193/4229
f 4055/4131/4167 4029/4194/4230 4299/4195/4231 4298/4181/4217
f 4200/4196/4232 4029/4194/4230 4055/4131/4167 4201/4130/4166
f 4277/4197/4233 3994/4198/4234 3984/4199/4235 4278/4200/4236
f 4011/4106/4142 4287/4109/4145 4286/4117/4153 4016/4116/4152
f 4015/4110/4146 4325/4113/4149 4324/4160/4196 4022/4159/4195
f 4025/4122/4158 4187/4125/4161 4186/4164/4200 4026/4163/4199
f 4026/4163/4199 4335/4167/4203 4334/4155/4191 4025/4122/4158
f 4296/4179/4215 4030/4135/4171 4028/4132/4168 4297/4182/4218
f 4033/4139/4175 4211/4138/4174 4210/4145/4181 4034/4144/4180
f 4036/4148/4184 4039/4169/4205 4195/4168/4204 4194/4149/4185
f 3989/4098/4134 4227/4100/4136 4226/4102/4138 3997/4101/4137
f 4268/4099/4135 3989/4098/4134 3997/4101/4137 4269/4103/4139
f 4218/4097/4133 3991/4096/4132 3999/4104/4140 4219/4105/4141
f 4057/6826/4237 4017/4191/4227 4284/4190/4226 4283/4202/4238
f 4320/4203/4239 4058/4204/4240 4023/4118/4154 4321/4121/4157
f 4279/4205/4241 3987/4206/4242 4060/4207/4243 4280/6841/4244
f 4061/6844/4245 4063/4210/4246 4465/4211/4247 4464/4212/4248
f 4461/4213/4249 4064/4214/4250 4215/6849/4251 4462/4216/4252
f 4064/4214/4250 4461/4213/4249 4460/4217/4253 4066/4218/4254
f 4213/4193/4229 4032/4192/4228 4065/6820/4255 4214/6822/4256
f 4215/4215/4251 4064/6845/4250 3990/4081/4117 4216/4080/4116
f 4029/4194/4230 4068/6827/4257 4300/6819/4258 4299/4195/4231
f 4029/4194/4230 4200/4196/4232 4199/4223/4259 4068/6827/4257
f 4202/4133/4169 4028/4132/4168 4030/4135/4171 4203/4134/4170
f 4069/6851/4260 3988/4077/4113 4266/4084/4120 4265/4225/4261
f 3988/4077/4113 4069/6851/4260 4230/6847/4262 4229/4078/4114
f 4068/4221/4257 4467/4227/4263 4466/4228/4264 4070/4229/4265
f 4073/4119/4155 4041/4158/4194 4323/4161/4197 4322/4120/4156
f 4074/4127/4163 4042/4162/4198 4185/4165/4201 4184/4128/4164
f 4042/4162/4198 4074/4127/4163 4337/4157/4193 4336/4166/4202
f 4196/4171/4207 4043/4170/4206 4075/4151/4187 4197/4150/4186
f 4076/4230/4266 4057/4201/4237 4283/6816/4238 4282/4231/4267
f 4280/4208/4244 4060/6850/4243 4077/4232/4268 4281/4233/4269
f 4470/4234/4270 4057/4201/4237 4076/4230/4266 4471/4235/4271
f 4467/4227/4263 4068/4221/4257 4199/6824/4259 4468/4236/4272
f 4289/4184/4220 4010/4183/4219 4427/4237/4273 4426/4238/4274
f 4327/4173/4209 4014/4172/4208 4439/4239/4275 4438/4240/4276
f 3995/4241/4277 4276/4242/4278 4413/4243/4279 4412/4244/4280
f 4085/4245/4281 4331/4246/4282 4330/4247/4283 4190/4248/4284
f 4292/4249/4285 4206/4250/4286 4086/4251/4287 4293/4252/4288
f 4031/4185/4221 4294/4187/4223 4431/4253/4289 4430/4254/4290
f 4442/4255/4291 4024/4174/4210 4332/4176/4212 4443/4256/4292
f 4445/4257/4293 4037/4178/4214 4192/4177/4213 4446/4258/4294
f 4441/4259/4295 4189/4175/4211 4024/4174/4210 4442/4255/4291
f 4429/4260/4296 4205/4186/4222 4031/4185/4221 4430/4254/4290
f 4035/4189/4225 4208/4188/4224 4434/4261/4297 4433/4262/4298
f 4089/4263/4299 4223/4264/4300 4273/4265/4301 4272/4266/4302
f 4420/4267/4303 4271/4095/4131 3996/4087/4123 4421/4268/4304
f 4421/4268/4304 3996/4087/4123 4224/4086/4122 4422/4269/4305
f 4221/4092/4128 3998/4091/4127 4418/4270/4306 4417/4271/4307
f 4093/4272/4308 4092/4273/4309 4359/6865/4310 4358/4275/4311
f 4077/4232/4268 4060/6850/4243 4473/4276/4312 4472/4277/4313
f 4230/4226/4262 4069/4224/4260 4476/4278/4314 4475/4279/4315
f 4092/6874/4309 4391/4280/4316 4390/4281/4317 4359/4274/4310
f 4094/6875/4318 4394/4283/4319 4393/4284/4320 4231/6873/4321
f 4094/6875/4318 4372/6867/4322 4395/4287/4323 4394/4283/4319
f 4099/4288/4324 4242/6871/4325 4398/4290/4326 4397/4291/4327
f 4101/4292/4328 4097/4293/4329 4371/4294/4330 4370/4295/4331
f 4369/4296/4332 4102/4297/4333 4403/4298/4334 4402/4299/4335
f 4105/4300/4336 4102/4297/4333 4369/4296/4332 4368/4301/4337
f 4105/4300/4336 4368/4301/4337 4449/4302/4338 4448/4303/4339
f 4366/4304/4340 4236/4305/4341 4106/4306/4342 4367/4307/4343
f 4363/4308/4344 4110/4309/4345 4457/4310/4346 4456/4311/4347
f 4113/4312/4348 4110/4309/4345 4363/4308/4344 4362/4313/4349
f 4104/4314/4350 4103/4315/4351 4239/4316/4352 4238/4317/4353
f 4102/4297/4333 4105/4300/4336 4235/4318/4354 4234/4319/4355
f 4459/4320/4356 4235/4318/4354 4105/4300/4336 4448/4303/4339
f 4451/4321/4357 4104/4314/4350 4238/4317/4353 4452/4322/4358
f 4240/4323/4359 4100/4324/4360 4098/4325/4361 4241/4326/4362
f 4411/4327/4363 4239/4316/4352 4103/4315/4351 4400/4328/4364
f 4232/4329/4365 4097/4293/4329 4101/4292/4328 4233/4330/4366
f 4403/4298/4334 4102/4297/4333 4234/4319/4355 4404/4331/4367
f 4096/4332/4368 4115/4333/4369 4361/4334/4370 4360/4335/4371
f 4406/4336/4372 4113/4312/4348 4362/4313/4349 4407/4337/4373
f 4476/4278/4314 4069/4224/4260 4117/4338/4374 4477/4339/4375
f 4117/4338/4374 4069/4224/4260 4265/6842/4261 4264/4340/4376
f 4300/4222/4258 4068/4221/4257 4070/4229/4265 4301/4341/4377
f 4027/4126/4162 4118/4342/4378 4339/4343/4379 4338/4156/4192
f 4118/4342/4378 4027/4126/4162 4183/4129/4165 4182/4344/4380
f 4372/4286/4322 4094/4282/4318 4116/4345/4381 4373/4346/4382
f 4119/4347/4383 4243/4348/4384 4242/4289/4325 4099/6868/4324
f 4121/7031/4385 4023/4118/4154 4058/4204/4240 4120/4350/4386
f 4122/7030/4387 4073/4119/4155 4023/4118/4154 4121/7031/4385
f 4123/7029/4388 4041/4158/4194 4073/4119/4155 4122/7030/4387
f 4124/7028/4389 4022/4159/4195 4041/4158/4194 4123/7029/4388
f 4125/7027/4390 4015/4110/4146 4022/4159/4195 4124/7028/4389
f 4126/7026/4391 4045/4111/4147 4015/4110/4146 4125/7027/4390
f 4127/7025/4392 4014/4172/4208 4045/4111/4147 4126/7026/4391
f 4439/4239/4275 4014/4172/4208 4127/7025/4392 4440/6957/4393
f 4328/4358/4394 4081/4359/4395 4128/4360/4396 4329/6977/4397
f 4447/4362/4398 4130/7024/4399 4013/4364/4400 4436/4365/4401
f 4044/4366/4402 4013/4364/4400 4130/7024/4399 4131/7023/4403
f 4012/4368/4404 4044/4366/4402 4131/7023/4403 4132/7022/4405
f 4133/7021/4406 4021/4371/4407 4012/4368/4404 4132/7022/4405
f 4040/4372/4408 4021/4371/4407 4133/7021/4406 4134/7020/4409
f 4072/4374/4410 4040/4372/4408 4134/7020/4409 4135/7019/4411
f 4020/4376/4412 4072/4374/4410 4135/7019/4411 4136/6946/4413
f 4137/7017/4414 4057/4201/4237 4470/4234/4270 4469/4379/4415
f 4138/7016/4416 4017/4191/4227 4057/6826/4237 4137/6825/4414
f 4052/4115/4151 4017/4191/4227 4138/7016/4416 4139/7015/4417
f 4016/4116/4152 4052/4115/4151 4139/7015/4417 4140/7014/4418
f 4016/4116/4152 4140/7014/4418 4141/7013/4419 4011/4106/4142
f 4049/4107/4143 4011/4106/4142 4141/7013/4419 4142/7012/4420
f 4143/7011/4421 4010/4183/4219 4049/4107/4143 4142/7012/4420
f 4427/4237/4273 4010/4183/4219 4143/7011/4421 4428/6961/4422
f 4290/4387/4423 4079/4388/4424 4144/4389/4425 4291/6979/4426
f 4146/7010/4427 4009/4392/4428 4424/4393/4429 4435/4394/4430
f 4048/4395/4431 4009/4392/4428 4146/7010/4427 4147/7009/4432
f 4008/4397/4433 4048/4395/4431 4147/7009/4432 4148/7008/4434
f 4149/7007/4435 4019/4400/4436 4008/4397/4433 4148/7008/4434
f 4053/4401/4437 4019/4400/4436 4149/7007/4435 4150/7006/4438
f 4018/4403/4439 4053/4401/4437 4150/7006/4438 4151/7005/4440
f 4056/6821/4441 4018/4403/4439 4151/7005/4440 4152/6948/4442
f 4061/6844/4245 4464/4212/4248 4463/4407/4443 4153/7003/4444
f 3986/4409/4445 4061/4209/4245 4153/6848/4444 4154/7002/4446
f 4001/4411/4447 3986/4409/4445 4154/7002/4446 4155/7001/4448
f 4156/7000/4449 3985/4414/4450 4001/4411/4447 4155/7001/4448
f 3985/4414/4450 4156/7000/4449 4157/6999/4451 3993/4416/4452
f 4158/6998/4453 4004/4418/4454 3993/4416/4452 4157/6999/4451
f 4159/6997/4455 3992/4420/4456 4004/4418/4454 4158/6998/4453
f 3992/4420/4456 4159/6997/4455 4416/6965/4457 4415/4422/4458
f 4161/6963/4459 4082/4424/4460 4275/4425/4461 4274/4426/4462
f 4423/4427/4463 4162/6996/4464 3995/4241/4277 4412/4244/4280
f 4005/4429/4465 3995/4241/4277 4162/6996/4464 4163/6995/4466
f 4164/6994/4467 3994/4198/4234 4005/4429/4465 4163/6995/4466
f 4165/6993/4468 3984/4199/4235 3994/4198/4234 4164/6994/4467
f 4166/6992/4469 4000/4434/4470 3984/4199/4235 4165/6993/4468
f 4167/6991/4471 3987/4206/4242 4000/4434/4470 4166/6992/4469
f 4168/6989/4472 4060/4207/4243 3987/4206/4242 4167/6991/4471
f 4473/4276/4312 4060/6850/4243 4168/6846/4472 4474/6943/4473
f 4391/4280/4316 4092/6874/4309 4169/6872/4474 4392/6973/4475
f 4096/4332/4368 4170/4440/4476 4171/6969/4477 4115/4333/4369
f 4405/4442/4478 4172/6988/4479 4113/4312/4348 4406/4336/4372
f 4173/6987/4480 4110/4309/4345 4113/4312/4348 4172/6988/4479
f 4457/4310/4346 4110/4309/4345 4173/6987/4480 4458/6951/4481
f 4364/4446/4482 4108/4447/4483 4174/4448/4484 4365/6975/4485
f 4453/4450/4486 4176/6986/4487 4111/4452/4488 4454/4453/4489
f 4177/6985/4490 4112/4455/4491 4111/4452/4488 4176/6986/4487
f 4409/4456/4492 4112/4455/4491 4177/6985/4490 4410/6967/4493
f 4114/4458/4494 4178/4459/4495 4179/6971/4496 4095/4461/4497
f 4180/6983/4498 4091/6869/4499 4388/4464/4500 4399/4465/4501
f 4181/6942/4502 4090/4467/4503 4091/4463/4499 4180/6870/4498
f 4183/4129/4165 4121/4349/4385 4120/6940/4386 4182/4344/4380
f 4184/4128/4164 4122/4351/4387 4121/4349/4385 4183/4129/4165
f 4185/4165/4201 4123/4352/4388 4122/4351/4387 4184/4128/4164
f 4186/4164/4200 4124/4353/4389 4123/4352/4388 4185/4165/4201
f 4187/4125/4161 4125/4354/4390 4124/4353/4389 4186/4164/4200
f 4188/4124/4160 4126/4355/4391 4125/4354/4390 4187/4125/4161
f 4189/4175/4211 4127/4356/4392 4126/4355/4391 4188/4124/4160
f 4440/4357/4393 4127/4356/4392 4189/4175/4211 4441/4259/4295
f 4329/4361/4397 4128/6958/4396 4190/4248/4284 4330/4247/4283
f 4446/4258/4294 4192/4177/4213 4130/4363/4399 4447/6956/4398
f 4130/4363/4399 4192/4177/4213 4193/4146/4182 4131/4367/4403
f 4131/4367/4403 4193/4146/4182 4194/4149/4185 4132/4369/4405
f 4195/4168/4204 4133/4370/4406 4132/4369/4405 4194/4149/4185
f 4133/4370/4406 4195/4168/4204 4196/4171/4207 4134/4373/4409
f 4134/4373/4409 4196/4171/4207 4197/4150/4186 4135/4375/4411
f 4135/4375/4411 4197/4150/4186 4198/4153/4189 4136/4377/4413
f 4199/6824/4259 4137/4378/4414 4469/6947/4415 4468/4236/4272
f 4200/4196/4232 4138/4380/4416 4137/7018/4414 4199/4223/4259
f 4138/4380/4416 4200/4196/4232 4201/4130/4166 4139/4381/4417
f 4139/4381/4417 4201/4130/4166 4202/4133/4169 4140/4382/4418
f 4140/4382/4418 4202/4133/4169 4203/4134/4170 4141/4383/4419
f 4141/4383/4419 4203/4134/4170 4204/4137/4173 4142/4384/4420
f 4205/4186/4222 4143/4385/4421 4142/4384/4420 4204/4137/4173
f 4428/4386/4422 4143/4385/4421 4205/4186/4222 4429/4260/4296
f 4291/4390/4426 4144/6962/4425 4206/4250/4286 4292/4249/4285
f 4208/4188/4224 4146/4391/4427 4435/6960/4430 4434/4261/4297
f 4146/4391/4427 4208/4188/4224 4209/4142/4178 4147/4396/4432
f 4147/4396/4432 4209/4142/4178 4210/4145/4181 4148/4398/4434
f 4211/4138/4174 4149/4399/4435 4148/4398/4434 4210/4145/4181
f 4149/4399/4435 4211/4138/4174 4212/4141/4177 4150/4402/4438
f 4150/4402/4438 4212/4141/4177 4213/4193/4229 4151/4404/4440
f 4151/4404/4440 4213/4193/4229 4214/6822/4256 4152/6823/4442
f 4462/4216/4252 4215/6849/4251 4153/4408/4444 4463/6950/4443
f 4153/7004/4444 4215/4215/4251 4216/4080/4116 4154/4410/4446
f 4154/4410/4446 4216/4080/4116 4217/4083/4119 4155/4412/4448
f 4218/4097/4133 4156/4413/4449 4155/4412/4448 4217/4083/4119
f 4156/4413/4449 4218/4097/4133 4219/4105/4141 4157/4415/4451
f 4220/4093/4129 4158/4417/4453 4157/4415/4451 4219/4105/4141
f 4221/4092/4128 4159/4419/4455 4158/4417/4453 4220/4093/4129
f 4159/4419/4455 4221/4092/4128 4417/4271/4307 4416/4421/4457
f 4223/4264/4300 4161/4423/4459 4274/6982/4462 4273/4265/4301
f 4422/4269/4305 4224/4086/4122 4162/4428/4464 4423/6964/4463
f 4162/4428/4464 4224/4086/4122 4225/4089/4125 4163/4430/4466
f 4226/4102/4138 4164/4431/4467 4163/4430/4466 4225/4089/4125
f 4227/4100/4136 4165/4432/4468 4164/4431/4467 4226/4102/4138
f 4228/4079/4115 4166/4433/4469 4165/4432/4468 4227/4100/4136
f 4229/4078/4114 4167/4435/4471 4166/4433/4469 4228/4079/4115
f 4230/6847/4262 4168/4436/4472 4167/4435/4471 4229/4078/4114
f 4168/6990/4472 4230/4226/4262 4475/4279/4315 4474/4437/4473
f 4392/4439/4475 4169/6944/4474 4231/6873/4321 4393/4284/4320
f 4170/6974/4476 4232/4329/4365 4233/4330/4366 4171/4441/4477
f 4404/4331/4367 4234/4319/4355 4172/4443/4479 4405/6970/4478
f 4235/4318/4354 4173/4444/4480 4172/4443/4479 4234/4319/4355
f 4458/4445/4481 4173/4444/4480 4235/4318/4354 4459/4320/4356
f 4365/4449/4485 4174/6952/4484 4236/4305/4341 4366/4304/4340
f 4452/4322/4358 4238/4317/4353 4176/4451/4487 4453/6954/4486
f 4239/4316/4352 4177/4454/4490 4176/4451/4487 4238/4317/4353
f 4410/4457/4493 4177/4454/4490 4239/4316/4352 4411/4327/4363
f 4178/6968/4495 4240/4323/4359 4241/4326/4362 4179/4460/4496
f 4242/6871/4325 4180/4462/4498 4399/6972/4501 4398/4290/4326
f 4243/4348/4384 4181/4466/4502 4180/6984/4498 4242/4289/4325
f 4245/4468/4504 4064/4214/4250 4066/4218/4254 4244/4469/4505
f 4246/4470/4506 3990/4081/4117 4064/6845/4250 4245/6843/4504
f 4002/4082/4118 3990/4081/4117 4246/4470/4506 4247/4471/4507
f 3991/4096/4132 4002/4082/4118 4247/4471/4507 4248/4472/4508
f 3999/4104/4140 3991/4096/4132 4248/4472/4508 4249/4473/4509
f 4007/4090/4126 3999/4104/4140 4249/4473/4509 4250/4474/4510
f 3998/4091/4127 4007/4090/4126 4250/4474/4510 4251/4475/4511
f 4418/4270/4306 3998/4091/4127 4251/4475/4511 4419/4476/4512
f 4253/4477/4513 4222/4478/4514 4088/4479/4515 4252/4480/4516
f 4254/4481/4517 4160/6966/4518 4222/4478/4514 4253/4477/4513
f 4255/4483/4519 4083/4484/4520 4160/4482/4518 4254/6981/4517
f 4256/4485/4521 3992/4420/4456 4415/4422/4458 4414/4486/4522
f 4257/4487/4523 4004/4418/4454 3992/4420/4456 4256/4485/4521
f 4258/4488/4524 3993/4416/4452 4004/4418/4454 4257/4487/4523
f 3985/4414/4450 3993/4416/4452 4258/4488/4524 4259/4489/4525
f 4001/4411/4447 3985/4414/4450 4259/4489/4525 4260/4490/4526
f 4261/4491/4527 3986/4409/4445 4001/4411/4447 4260/4490/4526
f 4061/4209/4245 3986/4409/4445 4261/4491/4527 4262/4492/4528
f 4063/4210/4246 4061/6844/4245 4262/6840/4528 4263/4493/4529
f 4265/6842/4261 4245/4468/4504 4244/4469/4505 4264/4340/4376
f 4266/4084/4120 4246/4470/4506 4245/6843/4504 4265/4225/4261
f 4246/4470/4506 4266/4084/4120 4267/4085/4121 4247/4471/4507
f 4247/4471/4507 4267/4085/4121 4268/4099/4135 4248/4472/4508
f 4249/4473/4509 4269/4103/4139 4270/4094/4130 4250/4474/4510
f 4250/4474/4510 4270/4094/4130 4271/4095/4131 4251/4475/4511
f 4419/4476/4512 4251/4475/4511 4271/4095/4131 4420/4267/4303
f 4273/4265/4301 4253/4477/4513 4252/4480/4516 4272/4266/4302
f 4274/6982/4462 4254/4481/4517 4253/4477/4513 4273/4265/4301
f 4275/4425/4461 4255/4483/4519 4254/6981/4517 4274/4426/4462
f 4276/4242/4278 4256/4485/4521 4414/4486/4522 4413/4243/4279
f 4258/4488/4524 4277/4197/4233 4278/4200/4236 4259/4489/4525
f 4261/4491/4527 4279/4205/4241 4280/6841/4244 4262/4492/4528
f 4262/6840/4528 4280/4208/4244 4281/4233/4269 4263/4493/4529
f 4318/4494/4530 4056/4405/4441 4062/4495/4531 4319/4496/4532
f 4317/4497/4533 4018/4403/4439 4056/6821/4441 4318/6817/4530
f 4315/4498/4534 4008/4397/4433 4019/4400/4436 4316/4499/4535
f 4009/4392/4428 4314/4500/4536 4425/4501/4537 4424/4393/4429
f 4145/6959/4538 4078/4503/4539 4313/4504/4540 4312/4505/4541
f 4207/4506/4542 4145/4502/4538 4312/6980/4541 4311/4507/4543
f 4087/4508/4544 4207/4506/4542 4311/4507/4543 4310/4509/4545
f 4309/4510/4546 4035/4189/4225 4433/4262/4298 4432/4511/4547
f 4308/4512/4548 4051/4143/4179 4035/4189/4225 4309/4510/4546
f 4307/4513/4549 4034/4144/4180 4051/4143/4179 4308/4512/4548
f 4034/4144/4180 4307/4513/4549 4306/4514/4550 4033/4139/4175
f 4305/4515/4551 4054/4140/4176 4033/4139/4175 4306/4514/4550
f 4304/4516/4552 4032/4192/4228 4054/4140/4176 4305/4515/4551
f 4303/4517/4553 4065/6820/4255 4032/4192/4228 4304/4516/4552
f 4067/4518/4554 4065/4219/4255 4303/6818/4553 4302/4519/4555
f 4303/6818/4553 4300/4222/4258 4301/4341/4377 4302/4519/4555
f 4300/6819/4258 4303/4517/4553 4304/4516/4552 4299/4195/4231
f 4299/4195/4231 4304/4516/4552 4305/4515/4551 4298/4181/4217
f 4298/4181/4217 4305/4515/4551 4306/4514/4550 4297/4182/4218
f 4307/4513/4549 4296/4179/4215 4297/4182/4218 4306/4514/4550
f 4296/4179/4215 4307/4513/4549 4308/4512/4548 4295/4180/4216
f 4295/4180/4216 4308/4512/4548 4309/4510/4546 4294/4187/4223
f 4294/4187/4223 4309/4510/4546 4432/4511/4547 4431/4253/4289
f 4311/4507/4543 4292/4249/4285 4293/4252/4288 4310/4509/4545
f 4312/6980/4541 4291/4390/4426 4292/4249/4285 4311/4507/4543
f 4313/4504/4540 4290/4387/4423 4291/6979/4426 4312/4505/4541
f 4314/4500/4536 4289/4184/4220 4426/4238/4274 4425/4501/4537
f 4287/4109/4145 4315/4498/4534 4316/4499/4535 4286/4117/4153
f 4284/4190/4226 4317/4497/4533 4318/6817/4530 4283/4202/4238
f 4283/6816/4238 4318/4494/4530 4319/4496/4532 4282/4231/4267
f 4020/4376/4412 4059/4520/4556 4357/4521/4557 4356/4522/4558
f 4355/4523/4559 4072/4374/4410 4020/4376/4412 4356/4522/4558
f 4353/4524/4560 4012/4368/4404 4021/4371/4407 4354/4525/4561
f 4013/4364/4400 4352/4526/4562 4437/4527/4563 4436/4365/4401
f 4129/6955/4564 4080/4529/4565 4351/4530/4566 4350/4531/4567
f 4191/4532/4568 4129/4528/4564 4350/6978/4567 4349/4533/4569
f 4348/4534/4570 4084/4535/4571 4191/4532/4568 4349/4533/4569
f 4444/4536/4572 4347/4537/4573 4037/4178/4214 4445/4257/4293
f 4047/4147/4183 4037/4178/4214 4347/4537/4573 4346/4538/4574
f 4036/4148/4184 4047/4147/4183 4346/4538/4574 4345/4539/4575
f 4344/4540/4576 4039/4169/4205 4036/4148/4184 4345/4539/4575
f 4343/4541/4577 4043/4170/4206 4039/4169/4205 4344/4540/4576
f 4342/4542/4578 4075/4151/4187 4043/4170/4206 4343/4541/4577
f 4341/4543/4579 4038/4152/4188 4075/4151/4187 4342/4542/4578
f 4340/4544/4580 4071/4545/4581 4038/4152/4188 4341/4543/4579
f 4339/4343/4379 4340/4544/4580 4341/4543/4579 4338/4156/4192
f 4338/4156/4192 4341/4543/4579 4342/4542/4578 4337/4157/4193
f 4337/4157/4193 4342/4542/4578 4343/4541/4577 4336/4166/4202
f 4336/4166/4202 4343/4541/4577 4344/4540/4576 4335/4167/4203
f 4335/4167/4203 4344/4540/4576 4345/4539/4575 4334/4155/4191
f 4346/4538/4574 4333/4154/4190 4334/4155/4191 4345/4539/4575
f 4347/4537/4573 4332/4176/4212 4333/4154/4190 4346/4538/4574
f 4443/4256/4292 4332/4176/4212 4347/4537/4573 4444/4536/4572
f 4331/4246/4282 4348/4534/4570 4349/4533/4569 4330/4247/4283
f 4350/6978/4567 4329/4361/4397 4330/4247/4283 4349/4533/4569
f 4351/4530/4566 4328/4358/4394 4329/6977/4397 4350/4531/4567
f 4352/4526/4562 4327/4173/4209 4438/4240/4276 4437/4527/4563
f 4325/4113/4149 4353/4524/4560 4354/4525/4561 4324/4160/4196
f 4322/4120/4156 4355/4523/4559 4356/4522/4558 4321/4121/4157
f 4357/4521/4557 4320/4203/4239 4321/4121/4157 4356/4522/4558
f 4386/4546/4582 4091/4463/4499 4090/4467/4503 4387/4547/4583
f 4388/4464/4500 4091/6869/4499 4386/6864/4582 4389/4548/4584
f 4111/4452/4488 4384/4549/4585 4455/4550/4586 4454/4453/4489
f 4175/6953/4587 4109/4552/4588 4383/4553/4589 4382/4554/4590
f 4237/4555/4591 4175/4551/4587 4382/6976/4590 4381/4556/4592
f 4107/4557/4593 4237/4555/4591 4381/4556/4592 4380/4558/4594
f 4379/4559/4595 4104/4314/4350 4451/4321/4357 4450/4560/4596
f 4378/4561/4597 4103/4315/4351 4104/4314/4350 4379/4559/4595
f 4103/4315/4351 4378/4561/4597 4401/4562/4598 4400/4328/4364
f 4376/4563/4599 4098/4325/4361 4100/4324/4360 4377/4564/4600
f 4375/4565/4601 4099/4288/4324 4397/4291/4327 4396/4566/4602
f 4119/4347/4383 4099/6868/4324 4375/6866/4601 4374/4567/4603
f 4375/6866/4601 4372/4286/4322 4373/4346/4382 4374/4567/4603
f 4372/6867/4322 4375/4565/4601 4396/4566/4602 4395/4287/4323
f 4371/4294/4330 4376/4563/4599 4377/4564/4600 4370/4295/4331
f 4378/4561/4597 4369/4296/4332 4402/4299/4335 4401/4562/4598
f 4369/4296/4332 4378/4561/4597 4379/4559/4595 4368/4301/4337
f 4368/4301/4337 4379/4559/4595 4450/4560/4596 4449/4302/4338
f 4381/4556/4592 4366/4304/4340 4367/4307/4343 4380/4558/4594
f 4382/6976/4590 4365/4449/4485 4366/4304/4340 4381/4556/4592
f 4383/4553/4589 4364/4446/4482 4365/6975/4485 4382/4554/4590
f 4384/4549/4585 4363/4308/4344 4456/4311/4347 4455/4550/4586
f 4389/4548/4584 4386/6864/4582 4359/4274/4310 4390/4281/4317
f 4359/6865/4310 4386/4546/4582 4387/4547/4583 4358/4275/4311
f 4391/4280/4316 4096/4332/4368 4360/4335/4371 4390/4281/4317
f 4170/4440/4476 4096/4332/4368 4391/4280/4316 4392/6973/4475
f 4232/4329/4365 4170/6974/4476 4392/4439/4475 4393/4284/4320
f 4394/4283/4319 4097/4293/4329 4232/4329/4365 4393/4284/4320
f 4395/4287/4323 4371/4294/4330 4097/4293/4329 4394/4283/4319
f 4396/4566/4602 4376/4563/4599 4371/4294/4330 4395/4287/4323
f 4397/4291/4327 4098/4325/4361 4376/4563/4599 4396/4566/4602
f 4398/4290/4326 4241/4326/4362 4098/4325/4361 4397/4291/4327
f 4399/6972/4501 4179/4460/4496 4241/4326/4362 4398/4290/4326
f 4388/4464/4500 4095/4461/4497 4179/6971/4496 4399/4465/4501
f 4401/4562/4598 4377/4564/4600 4100/4324/4360 4400/4328/4364
f 4402/4299/4335 4370/4295/4331 4377/4564/4600 4401/4562/4598
f 4403/4298/4334 4101/4292/4328 4370/4295/4331 4402/4299/4335
f 4233/4330/4366 4101/4292/4328 4403/4298/4334 4404/4331/4367
f 4171/4441/4477 4233/4330/4366 4404/4331/4367 4405/6970/4478
f 4115/4333/4369 4171/6969/4477 4405/4442/4478 4406/4336/4372
f 4361/4334/4370 4115/4333/4369 4406/4336/4372 4407/4337/4373
f 4385/4568/4604 4361/4334/4370 4407/4337/4373 4408/4569/4605
f 4114/4458/4494 4385/4568/4604 4408/4569/4605 4409/4456/4492
f 4178/4459/4495 4114/4458/4494 4409/4456/4492 4410/6967/4493
f 4240/4323/4359 4178/6968/4495 4410/4457/4493 4411/4327/4363
f 4100/4324/4360 4240/4323/4359 4411/4327/4363 4400/4328/4364
f 4413/4243/4279 4275/4425/4461 4082/4424/4460 4412/4244/4280
f 4414/4486/4522 4255/4483/4519 4275/4425/4461 4413/4243/4279
f 4415/4422/4458 4083/4484/4520 4255/4483/4519 4414/4486/4522
f 4416/6965/4457 4160/4482/4518 4083/4484/4520 4415/4422/4458
f 4417/4271/4307 4222/4478/4514 4160/6966/4518 4416/4421/4457
f 4418/4270/4306 4088/4479/4515 4222/4478/4514 4417/4271/4307
f 4252/4480/4516 4088/4479/4515 4418/4270/4306 4419/4476/4512
f 4272/4266/4302 4252/4480/4516 4419/4476/4512 4420/4267/4303
f 4089/4263/4299 4272/4266/4302 4420/4267/4303 4421/4268/4304
f 4223/4264/4300 4089/4263/4299 4421/4268/4304 4422/4269/4305
f 4161/4423/4459 4223/4264/4300 4422/4269/4305 4423/6964/4463
f 4082/4424/4460 4161/6963/4459 4423/4427/4463 4412/4244/4280
f 4425/4501/4537 4313/4504/4540 4078/4503/4539 4424/4393/4429
f 4426/4238/4274 4290/4387/4423 4313/4504/4540 4425/4501/4537
f 4427/4237/4273 4079/4388/4424 4290/4387/4423 4426/4238/4274
f 4144/4389/4425 4079/4388/4424 4427/4237/4273 4428/6961/4422
f 4206/4250/4286 4144/6962/4425 4428/4386/4422 4429/4260/4296
f 4086/4251/4287 4206/4250/4286 4429/4260/4296 4430/4254/4290
f 4431/4253/4289 4293/4252/4288 4086/4251/4287 4430/4254/4290
f 4432/4511/4547 4310/4509/4545 4293/4252/4288 4431/4253/4289
f 4433/4262/4298 4087/4508/4544 4310/4509/4545 4432/4511/4547
f 4434/4261/4297 4207/4506/4542 4087/4508/4544 4433/4262/4298
f 4435/6960/4430 4145/4502/4538 4207/4506/4542 4434/4261/4297
f 4424/4393/4429 4078/4503/4539 4145/6959/4538 4435/4394/4430
f 4437/4527/4563 4351/4530/4566 4080/4529/4565 4436/4365/4401
f 4438/4240/4276 4328/4358/4394 4351/4530/4566 4437/4527/4563
f 4439/4239/4275 4081/4359/4395 4328/4358/4394 4438/4240/4276
f 4128/4360/4396 4081/4359/4395 4439/4239/4275 4440/6957/4393
f 4190/4248/4284 4128/6958/4396 4440/4357/4393 4441/4259/4295
f 4085/4245/4281 4190/4248/4284 4441/4259/4295 4442/4255/4291
f 4331/4246/4282 4085/4245/4281 4442/4255/4291 4443/4256/4292
f 4348/4534/4570 4331/4246/4282 4443/4256/4292 4444/4536/4572
f 4084/4535/4571 4348/4534/4570 4444/4536/4572 4445/4257/4293
f 4191/4532/4568 4084/4535/4571 4445/4257/4293 4446/4258/4294
f 4129/4528/4564 4191/4532/4568 4446/4258/4294 4447/6956/4398
f 4080/4529/4565 4129/6955/4564 4447/4362/4398 4436/4365/4401
f 4449/4302/4338 4367/4307/4343 4106/4306/4342 4448/4303/4339
f 4450/4560/4596 4380/4558/4594 4367/4307/4343 4449/4302/4338
f 4451/4321/4357 4107/4557/4593 4380/4558/4594 4450/4560/4596
f 4237/4555/4591 4107/4557/4593 4451/4321/4357 4452/4322/4358
f 4175/4551/4587 4237/4555/4591 4452/4322/4358 4453/6954/4486
f 4109/4552/4588 4175/6953/4587 4453/4450/4486 4454/4453/4489
f 4455/4550/4586 4383/4553/4589 4109/4552/4588 4454/4453/4489
f 4456/4311/4347 4364/4446/4482 4383/4553/4589 4455/4550/4586
f 4457/4310/4346 4108/4447/4483 4364/4446/4482 4456/4311/4347
f 4174/4448/4484 4108/4447/4483 4457/4310/4346 4458/6951/4481
f 4236/4305/4341 4174/6952/4484 4458/4445/4481 4459/4320/4356
f 4106/4306/4342 4236/4305/4341 4459/4320/4356 4448/4303/4339
f 4461/4213/4249 4065/4219/4255 4067/4518/4554 4460/4217/4253
f 4214/4220/4256 4065/4219/4255 4461/4213/4249 4462/4216/4252
f 4152/4406/4442 4214/4220/4256 4462/4216/4252 4463/6950/4443
f 4464/4212/4248 4056/4405/4441 4152/6949/4442 4463/4407/4443
f 4465/4211/4247 4062/4495/4531 4056/4405/4441 4464/4212/4248
f 4467/4227/4263 4038/4152/4188 4071/4545/4581 4466/4228/4264
f 4038/4152/4188 4467/4227/4263 4468/4236/4272 4198/4153/4189
f 4469/6947/4415 4136/4377/4413 4198/4153/4189 4468/4236/4272
f 4470/4234/4270 4020/4376/4412 4136/6946/4413 4469/4379/4415
f 4059/4520/4556 4020/4376/4412 4470/4234/4270 4471/4235/4271
f 4473/4276/4312 4092/4273/4309 4093/4272/4308 4472/4277/4313
f 4092/4273/4309 4473/4276/4312 4474/6943/4473 4169/4438/4474
f 4475/4279/4315 4231/4285/4321 4169/6945/4474 4474/4437/4473
f 4476/4278/4314 4094/4282/4318 4231/4285/4321 4475/4279/4315
f 4094/4282/4318 4476/4278/4314 4477/4339/4375 4116/4345/4381
f 4248/4472/4508 4268/4099/4135 4269/4103/4139 4249/4473/4509
f 4479/4570/4606 4018/4403/4439 4317/4497/4533 4478/4571/4607
f 4053/4401/4437 4018/4403/4439 4479/4570/4606 4480/4572/4608
f 4481/4573/4609 4019/4400/4436 4053/4401/4437 4480/4572/4608
f 4482/4574/4610 4316/4499/4535 4019/4400/4436 4481/4573/4609
f 4483/4575/4611 4286/4117/4153 4316/4499/4535 4482/4574/4610
f 4286/4117/4153 4483/4575/4611 4484/4576/4612 4285/4114/4150
f 4284/4190/4226 4285/4114/4150 4484/4576/4612 4485/4577/4613
f 4478/4571/4607 4317/4497/4533 4284/4190/4226 4485/4577/4613
f 4482/4574/4610 4486/4578/4614 4484/4576/4612 4483/4575/4611
f 4481/4573/4609 4480/4572/4608 4486/4578/4614 4482/4574/4610
f 4486/4578/4614 4478/4571/4607 4485/4577/4613 4484/4576/4612
f 4478/4571/4607 4486/4578/4614 4480/4572/4608 4479/4570/4606
f 4488/4579/4615 4259/4489/4525 4278/4200/4236 4487/4580/4616
f 4489/4581/4617 4260/4490/4526 4259/4489/4525 4488/4579/4615
f 4261/4491/4527 4260/4490/4526 4489/4581/4617 4490/4582/4618
f 4491/4583/4619 4279/4205/4241 4261/4491/4527 4490/4582/4618
f 4492/4584/4620 3987/4206/4242 4279/4205/4241 4491/4583/4619
f 4492/4584/4620 4493/4585/4621 4000/4434/4470 3987/4206/4242
f 4000/4434/4470 4493/4585/4621 4494/4586/4622 3984/4199/4235
f 4487/4580/4616 4278/4200/4236 3984/4199/4235 4494/4586/4622
f 4487/4580/4616 4495/4587/4623 4489/4581/4617 4488/4579/4615
f 4495/4587/4623 4487/4580/4616 4494/4586/4622 4493/4585/4621
f 4490/4582/4618 4489/4581/4617 4495/4587/4623 4491/4583/4619
f 4493/4585/4621 4492/4584/4620 4491/4583/4619 4495/4587/4623
f 4287/4109/4145 4497/4588/4624 4496/4589/4625 4315/4498/4534
f 4499/4590/4626 4289/4184/4220 4314/4500/4536 4498/4591/4627
f 4499/4590/4626 4500/4592/4628 4288/4108/4144 4289/4184/4220
f 4500/4592/4628 4497/4588/4624 4287/4109/4145 4288/4108/4144
f 4315/4498/4534 4496/4589/4625 4501/4593/4629 4008/4397/4433
f 4048/4395/4431 4008/4397/4433 4501/4593/4629 4502/4594/4630
f 4498/4591/4627 4314/4500/4536 4009/4392/4428 4503/4595/4631
f 4048/4395/4431 4502/4594/4630 4503/4595/4631 4009/4392/4428
f 4498/4591/4627 4504/4596/4632 4500/4592/4628 4499/4590/4626
f 4503/4595/4631 4502/4594/4630 4504/4596/4632 4498/4591/4627
f 4504/4596/4632 4496/4589/4625 4497/4588/4624 4500/4592/4628
f 4496/4589/4625 4504/4596/4632 4502/4594/4630 4501/4593/4629
f 4005/4429/4465 3994/4198/4234 4506/4597/4633 4505/4598/4634
f 3995/4241/4277 4005/4429/4465 4505/4598/4634 4507/4599/4635
f 4508/4600/4636 4276/4242/4278 3995/4241/4277 4507/4599/4635
f 4506/4597/4633 3994/4198/4234 4277/4197/4233 4509/4601/4637
f 4510/4602/4638 4256/4485/4521 4276/4242/4278 4508/4600/4636
f 4511/4603/4639 4257/4487/4523 4256/4485/4521 4510/4602/4638
f 4512/4604/4640 4258/4488/4524 4257/4487/4523 4511/4603/4639
f 4258/4488/4524 4512/4604/4640 4509/4601/4637 4277/4197/4233
f 4508/4600/4636 4513/4605/4641 4511/4603/4639 4510/4602/4638
f 4507/4599/4635 4505/4598/4634 4513/4605/4641 4508/4600/4636
f 4513/4605/4641 4509/4601/4637 4512/4604/4640 4511/4603/4639
f 4509/4601/4637 4513/4605/4641 4505/4598/4634 4506/4597/4633
f 4515/4606/4642 4352/4526/4562 4013/4364/4400 4514/4607/4643
f 4352/4526/4562 4515/4606/4642 4516/4608/4644 4327/4173/4209
f 4518/4609/4645 4012/4368/4404 4353/4524/4560 4517/4610/4646
f 4519/4611/4647 4517/4610/4646 4353/4524/4560 4325/4113/4149
f 4520/4612/4648 4514/4607/4643 4013/4364/4400 4044/4366/4402
f 4518/4609/4645 4520/4612/4648 4044/4366/4402 4012/4368/4404
f 4327/4173/4209 4516/4608/4644 4521/4613/4649 4326/4112/4148
f 4325/4113/4149 4326/4112/4148 4521/4613/4649 4519/4611/4647
f 4515/4606/4642 4522/4614/4650 4521/4613/4649 4516/4608/4644
f 4522/4614/4650 4517/4610/4646 4519/4611/4647 4521/4613/4649
f 4514/4607/4643 4520/4612/4648 4522/4614/4650 4515/4606/4642
f 4517/4610/4646 4522/4614/4650 4520/4612/4648 4518/4609/4645
f 4524/4615/4651 4355/4523/4559 4322/4120/4156 4523/4616/4652
f 4525/4617/4653 4072/4374/4410 4355/4523/4559 4524/4615/4651
f 4527/4618/4654 4354/4525/4561 4021/4371/4407 4526/4619/4655
f 4354/4525/4561 4527/4618/4654 4528/4620/4656 4324/4160/4196
f 4529/4621/4657 4526/4619/4655 4021/4371/4407 4040/4372/4408
f 4040/4372/4408 4072/4374/4410 4525/4617/4653 4529/4621/4657
f 4528/4620/4656 4530/4622/4658 4323/4161/4197 4324/4160/4196
f 4322/4120/4156 4323/4161/4197 4530/4622/4658 4523/4616/4652
f 4527/4618/4654 4531/4623/4659 4530/4622/4658 4528/4620/4656
f 4523/4616/4652 4530/4622/4658 4531/4623/4659 4524/4615/4651
f 4526/4619/4655 4529/4621/4657 4531/4623/4659 4527/4618/4654
f 4529/4621/4657 4525/4617/4653 4524/4615/4651 4531/4623/4659
f 4533/4624/4660 4388/4464/4500 4389/4548/4584 4532/4625/4661
f 4532/4625/4661 4389/4548/4584 4390/4281/4317 4534/4626/4662
f 4390/4281/4317 4360/4335/4371 4535/4627/4663 4534/4626/4662
f 4361/4334/4370 4536/4628/4664 4535/4627/4663 4360/4335/4371
f 4536/4628/4664 4361/4334/4370 4385/4568/4604 4537/4629/4665
f 4537/4629/4665 4385/4568/4604 4114/4458/4494 4538/4630/4666
f 4095/4461/4497 4388/4464/4500 4533/4624/4660 4539/4631/4667
f 4539/4631/4667 4538/4630/4666 4114/4458/4494 4095/4461/4497
f 4535/4627/4663 4536/4628/4664 4537/4629/4665 4540/4632/4668
f 4540/4632/4668 4532/4625/4661 4534/4626/4662 4535/4627/4663
f 4532/4625/4661 4540/4632/4668 4539/4631/4667 4533/4624/4660
f 4540/4632/4668 4537/4629/4665 4538/4630/4666 4539/4631/4667
f 4542/4633/4669 4111/4452/4488 4112/4455/4491 4541/4634/4670
f 4112/4455/4491 4409/4456/4492 4543/4635/4671 4541/4634/4670
f 4409/4456/4492 4408/4569/4605 4544/4636/4672 4543/4635/4671
f 4544/4636/4672 4408/4569/4605 4407/4337/4373 4545/4637/4673
f 4546/4638/4674 4384/4549/4585 4111/4452/4488 4542/4633/4669
f 4547/4639/4675 4363/4308/4344 4384/4549/4585 4546/4638/4674
f 4548/4640/4676 4362/4313/4349 4363/4308/4344 4547/4639/4675
f 4548/4640/4676 4545/4637/4673 4407/4337/4373 4362/4313/4349
f 4548/4640/4676 4547/4639/4675 4546/4638/4674 4549/4641/4677
f 4541/4634/4670 4549/4641/4677 4546/4638/4674 4542/4633/4669
f 4545/4637/4673 4548/4640/4676 4549/4641/4677 4544/4636/4672
f 4541/4634/4670 4543/4635/4671 4544/4636/4672 4549/4641/4677
f 4551/4642/4678 4550/4643/4679 4076/4230/4266 4282/4231/4267
f 4282/4231/4267 4319/4496/4532 4552/4644/4680 4551/4642/4678
f 4319/4496/4532 4062/4495/4531 4553/4645/4681 4552/4644/4680
f 4554/4646/4682 4553/4645/4681 4062/4495/4531 4465/4211/4247
f 4556/4647/4683 4555/4648/4684 4553/4645/4681 4554/4646/4682
f 4555/4648/4684 4556/4647/4683 4558/4649/4685 4557/4650/4686
f 4555/4648/4684 4557/4650/4686 4552/4644/4680 4553/4645/4681
f 4557/4650/4686 4559/4651/4687 4551/4642/4678 4552/4644/4680
f 4560/4652/4688 4559/4651/4687 4557/4650/4686 4558/4649/4685
f 4559/4651/4687 4560/4652/4688 4550/4643/4679 4551/4642/4678
f 4562/4653/4689 4561/4654/4690 4357/4521/4557 4059/4520/4556
f 4320/4203/4239 4357/4521/4557 4561/4654/4690 4563/4655/4691
f 4059/4520/4556 4471/4235/4271 4564/4656/4692 4562/4653/4689
f 4058/4204/4240 4320/4203/4239 4563/4655/4691 4565/4657/4693
f 4567/4658/4694 4566/4659/4695 4561/4654/4690 4562/4653/4689
f 4563/4655/4691 4561/4654/4690 4566/4659/4695 4568/4660/4696
f 4569/4661/4697 4567/4658/4694 4562/4653/4689 4564/4656/4692
f 4570/4662/4698 4566/4659/4695 4567/4658/4694 4569/4661/4697
f 4571/4663/4699 4568/4660/4696 4566/4659/4695 4570/4662/4698
f 4568/4660/4696 4571/4663/4699 4565/4657/4693 4563/4655/4691
f 4471/4235/4271 4076/4230/4266 4550/4643/4679 4564/4656/4692
f 4569/4661/4697 4564/4656/4692 4550/4643/4679 4560/4652/4688
f 4573/4664/4700 4572/4665/4701 4063/4210/4246 4263/4493/4529
f 4575/4666/4702 4574/4667/4703 4572/4665/4701 4573/4664/4700
f 4577/4668/4704 4576/4669/4705 4574/4667/4703 4575/4666/4702
f 4578/4670/4706 4573/4664/4700 4263/4493/4529 4281/4233/4269
f 4577/4668/4704 4575/4666/4702 4573/4664/4700 4578/4670/4706
f 4576/4669/4705 4577/4668/4704 4580/4671/4707 4579/4672/4708
f 4580/4671/4707 4577/4668/4704 4578/4670/4706 4581/4673/4709
f 4581/4673/4709 4582/4674/4710 4579/4672/4708 4580/4671/4707
f 4281/4233/4269 4077/4232/4268 4581/4673/4709 4578/4670/4706
f 4582/4674/4710 4581/4673/4709 4077/4232/4268 4472/4277/4313
f 4572/4665/4701 4554/4646/4682 4465/4211/4247 4063/4210/4246
f 4556/4647/4683 4554/4646/4682 4572/4665/4701 4574/4667/4703
f 4387/4547/4583 4090/4467/4503 4584/4675/4711 4583/4676/4712
f 4583/4676/4712 4585/4677/4713 4358/4275/4311 4387/4547/4583
f 4090/4467/4503 4181/6942/4502 4586/6941/4714 4584/4675/4711
f 4093/4272/4308 4358/4275/4311 4585/4677/4713 4587/4679/4715
f 4589/4680/4716 4588/4681/4717 4587/4679/4715 4585/4677/4713
f 4591/4682/4718 4590/4683/4719 4588/4681/4717 4589/4680/4716
f 4585/4677/4713 4583/4676/4712 4591/4682/4718 4589/4680/4716
f 4592/4684/4720 4591/4682/4718 4583/4676/4712 4584/4675/4711
f 4593/6938/4721 4592/4684/4720 4584/4675/4711 4586/6941/4714
f 4590/4683/4719 4591/4682/4718 4592/4684/4720 4593/6938/4721
f 4587/4679/4715 4582/4674/4710 4472/4277/4313 4093/4272/4308
f 4588/4681/4717 4579/4672/4708 4582/4674/4710 4587/4679/4715
f 4181/4466/4502 4243/4348/4384 4594/4686/4722 4586/4678/4714
f 4594/4686/4722 4595/4687/4723 4593/4685/4721 4586/4678/4714
f 4243/4348/4384 4119/4347/4383 4596/4688/4724 4594/4686/4722
f 4596/4688/4724 4597/4689/4725 4595/4687/4723 4594/4686/4722
f 4596/4688/4724 4119/4347/4383 4374/4567/4603 4598/4690/4726
f 4373/4346/4382 4599/4691/4727 4598/4690/4726 4374/4567/4603
f 4373/4346/4382 4116/4345/4381 4600/4692/4728 4599/4691/4727
f 4604/4693/4729 4603/4694/4730 4602/4695/4731 4601/4696/4732
f 4601/4696/4732 4602/4695/4731 4695/4697/4733 4694/4698/4734
f 4605/4699/4735 4606/4700/4736 4608/4701/4737 4607/4702/4738
f 4607/4702/4738 4608/4701/4737 4661/4703/4739 4660/4704/4740
f 4612/4705/4741 4611/4706/4742 4609/4707/4743 4610/4708/4744
f 4611/4706/4742 4612/4705/4741 4663/4709/4745 4662/4710/4746
f 4616/4711/4747 4615/4712/4748 4680/4713/4749 4679/4714/4750
f 4615/4712/4748 4616/4711/4747 4682/4715/4751 4681/4716/4752
f 4620/4717/4753 4618/4718/4754 4617/4719/4755 4619/4720/4756
f 4622/4721/4757 4614/4722/4758 4613/4723/4759 4621/4724/4760
f 4624/4725/4761 4623/4726/4762 4626/4727/4763 4625/4728/4764
f 4626/4727/4763 4118/4342/4378 4182/4344/4380 4625/4728/4764
f 4339/4343/4379 4118/4342/4378 4626/4727/4763 4627/4729/4765
f 4340/4544/4580 4339/4343/4379 4627/4729/4765 4628/4730/4766
f 4071/4545/4581 4340/4544/4580 4628/4730/4766 4629/4731/4767
f 4466/4228/4264 4071/4545/4581 4629/4731/4767 4630/4732/4768
f 4070/4229/4265 4466/4228/4264 4630/4732/4768 4631/4733/4769
f 4632/4734/4770 4301/4341/4377 4070/4229/4265 4631/4733/4769
f 4302/4519/4555 4301/4341/4377 4632/4734/4770 4633/4735/4771
f 4634/4736/4772 4067/4518/4554 4302/4519/4555 4633/4735/4771
f 4460/4217/4253 4067/4518/4554 4634/4736/4772 4635/4737/4773
f 4636/4738/4774 4066/4218/4254 4460/4217/4253 4635/4737/4773
f 4637/4739/4775 4244/4469/4505 4066/4218/4254 4636/4738/4774
f 4638/4740/4776 4264/4340/4376 4244/4469/4505 4637/4739/4775
f 4639/4741/4777 4117/4338/4374 4264/4340/4376 4638/4740/4776
f 4640/4742/4778 4477/4339/4375 4117/4338/4374 4639/4741/4777
f 4640/4742/4778 4600/4692/4728 4116/4345/4381 4477/4339/4375
f 4058/4204/4240 4565/4657/4693 4641/4743/4779 4120/4350/4386
f 4182/4344/4380 4120/6940/4386 4641/6939/4779 4625/4728/4764
f 4565/4657/4693 4571/4663/4699 4642/4744/4780 4641/4743/4779
f 4624/4725/4761 4625/4728/4764 4641/6939/4779 4642/6932/4780
f 4644/4745/4781 4643/4746/4782 4637/4739/4775 4636/4738/4774
f 4643/4746/4782 4644/4745/4781 4646/4747/4783 4645/4748/4784
f 4637/4739/4775 4643/4746/4782 4645/4748/4784 4638/4740/4776
f 4645/4748/4784 4646/4747/4783 4639/4741/4777 4638/4740/4776
f 4648/4749/4785 4647/4750/4786 4634/4736/4772 4633/4735/4771
f 4650/4751/4787 4649/4752/4788 4632/4734/4770 4631/4733/4769
f 4599/4691/4727 4600/4692/4728 4652/4753/4789 4651/4754/4790
f 4651/4754/4790 4652/4753/4789 4597/4689/4725 4653/4755/4791
f 4599/4691/4727 4651/4754/4790 4653/4755/4791 4598/4690/4726
f 4653/4755/4791 4597/4689/4725 4596/4688/4724 4598/4690/4726
f 4648/4749/4785 4633/4735/4771 4632/4734/4770 4649/4752/4788
f 4647/4750/4786 4648/4749/4785 4649/4752/4788 4650/4751/4787
f 4647/4750/4786 4654/4756/4792 4635/4737/4773 4634/4736/4772
f 4654/4756/4792 4644/4745/4781 4636/4738/4774 4635/4737/4773
f 4646/4747/4783 4655/4757/4793 4640/4742/4778 4639/4741/4777
f 4652/4753/4789 4600/4692/4728 4640/4742/4778 4655/4757/4793
f 4657/4758/4794 4656/4759/4795 4629/4731/4767 4628/4730/4766
f 4658/4760/4796 4623/4726/4762 4656/4759/4795 4657/4758/4794
f 4627/4729/4765 4626/4727/4763 4623/4726/4762 4658/4760/4796
f 4657/4758/4794 4628/4730/4766 4627/4729/4765 4658/4760/4796
f 4630/4732/4768 4629/4731/4767 4656/4759/4795 4659/4761/4797
f 4650/4751/4787 4631/4733/4769 4630/4732/4768 4659/4761/4797
f 4661/4703/4739 4610/4708/4744 4609/4707/4743 4660/4704/4740
f 4610/4708/4744 4661/4703/4739 4647/4750/4786 4650/4751/4787
f 4661/4703/4739 4608/4701/4737 4654/4756/4792 4647/4750/4786
f 4612/4705/4741 4610/4708/4744 4650/4751/4787 4659/4761/4797
f 4663/4709/4745 4622/4721/4757 4621/4724/4760 4662/4710/4746
f 4659/4761/4797 4656/4759/4795 4663/4709/4745 4612/4705/4741
f 4656/4759/4795 4623/4726/4762 4622/4721/4757 4663/4709/4745
f 4614/4722/4758 4622/4721/4757 4623/4726/4762 4624/4725/4761
f 4606/4700/4736 4669/4762/4798 4668/4763/4799 4608/4701/4737
f 4667/4764/4800 4665/4765/4801 4664/4766/4802 4666/4767/4803
f 4666/4767/4803 4664/4766/4802 4655/4757/4793 4646/4747/4783
f 4669/4762/4798 4667/4764/4800 4666/4767/4803 4668/4763/4799
f 4668/4763/4799 4666/4767/4803 4646/4747/4783 4644/4745/4781
f 4608/4701/4737 4668/4763/4799 4644/4745/4781 4654/4756/4792
f 4671/6895/4804 4670/6892/4805 4675/4770/4806 4674/4771/4807
f 4673/4772/4808 4664/4766/4802 4665/4765/4801 4672/4773/4809
f 4652/4753/4789 4655/4757/4793 4664/4766/4802 4673/4772/4808
f 4675/4770/4806 4673/4772/4808 4672/4773/4809 4674/4771/4807
f 4673/4772/4808 4675/4770/4806 4597/4689/4725 4652/4753/4789
f 4675/4770/4806 4670/6892/4805 4595/4687/4723 4597/4689/4725
f 4602/4695/4731 4676/4774/4810 4696/4775/4811 4695/4697/4733
f 4676/4774/4810 4677/4776/4812 4697/4777/4813 4696/4775/4811
f 4697/4777/4813 4677/4776/4812 4678/4778/4814 4698/4779/4815
f 4693/4780/4816 4604/4693/4729 4601/4696/4732 4694/4698/4734
f 4680/4713/4749 4603/4694/4730 4604/4693/4729 4679/4714/4750
f 4692/4781/4817 4679/4714/4750 4604/4693/4729 4693/4780/4816
f 4691/4782/4818 4616/4711/4747 4679/4714/4750 4692/4781/4817
f 4688/4783/4819 4620/4717/4753 4619/4720/4756 4689/4784/4820
f 4690/4785/4821 4682/4715/4751 4616/4711/4747 4691/4782/4818
f 4603/4694/4730 4683/4786/4822 4676/4774/4810 4602/4695/4731
f 4678/4778/4814 4684/4787/4823 4699/4788/4824 4698/4779/4815
f 4683/4786/4822 4685/4789/4825 4677/4776/4812 4676/4774/4810
f 4678/4778/4814 4677/4776/4812 4685/4789/4825 4686/4790/4826
f 4684/4787/4823 4678/4778/4814 4686/4790/4826 4687/4791/4827
f 4682/4715/4751 4688/4783/4819 4689/4784/4820 4681/4716/4752
f 4609/4707/4743 4611/4706/4742 4690/4785/4821 4691/4782/4818
f 4660/4704/4740 4609/4707/4743 4691/4782/4818 4692/4781/4817
f 4607/4702/4738 4660/4704/4740 4692/4781/4817 4693/4780/4816
f 4605/4699/4735 4607/4702/4738 4693/4780/4816 4694/4698/4734
f 4695/4697/4733 4606/4700/4736 4605/4699/4735 4694/4698/4734
f 4696/4775/4811 4669/4762/4798 4606/4700/4736 4695/4697/4733
f 4697/4777/4813 4667/4764/4800 4669/4762/4798 4696/4775/4811
f 4665/4765/4801 4667/4764/4800 4697/4777/4813 4698/4779/4815
f 4699/4788/4824 4672/4773/4809 4665/4765/4801 4698/4779/4815
f 4700/4792/4828 4690/4785/4821 4611/4706/4742 4662/4710/4746
f 4690/4785/4821 4700/4792/4828 4688/4783/4819 4682/4715/4751
f 4701/4793/4829 4700/4792/4828 4662/4710/4746 4621/4724/4760
f 4700/4792/4828 4701/4793/4829 4620/4717/4753 4688/4783/4819
f 4702/4794/4830 4701/4793/4829 4621/4724/4760 4613/4723/4759
f 4618/4718/4754 4620/4717/4753 4701/4793/4829 4702/4794/4830
f 4687/4791/4827 4704/4795/4831 4703/4796/4832 4684/4787/4823
f 4705/4797/4833 4699/4788/4824 4684/4787/4823 4703/4796/4832
f 4699/4788/4824 4705/4797/4833 4674/4771/4807 4672/4773/4809
f 4671/6895/4804 4674/4771/4807 4707/4798/4834 4706/6894/4835
f 4708/4800/4836 4707/4798/4834 4674/4771/4807 4705/4797/4833
f 4710/4801/4837 4709/6893/4838 4706/6894/4835 4707/4798/4834
f 4707/4798/4834 4708/4800/4836 4711/4803/4839 4710/4801/4837
f 4708/4800/4836 4705/4797/4833 4703/4796/4832 4712/4804/4840
f 4713/4805/4841 4711/4803/4839 4708/4800/4836 4712/4804/4840
f 4712/4804/4840 4703/4796/4832 4704/4795/4831 4714/4806/4842
f 4712/4804/4840 4714/4806/4842 4715/4807/4843 4713/4805/4841
f 4717/4808/4844 4590/4683/4719 4593/6938/4721 4716/6937/4845
f 4719/6889/4846 4718/4811/4847 4746/4812/4848 4745/4813/4849
f 4709/6893/4838 4710/4801/4837 4749/4814/4850 4748/4815/4851
f 4749/4814/4850 4710/4801/4837 4711/4803/4839 4750/4816/4852
f 4750/4816/4852 4711/4803/4839 4713/4805/4841 4751/4817/4853
f 4751/4817/4853 4713/4805/4841 4715/4807/4843 4752/4818/4854
f 4726/4819/4855 4725/4820/4856 4724/6796/4857 4723/4822/4858
f 4725/4820/4856 4726/4819/4855 4728/4823/4859 4727/4824/4860
f 4730/4825/4861 4729/4826/4862 4727/4824/4860 4728/4823/4859
f 4729/4826/4862 4730/4825/4861 4732/4827/4863 4731/6795/4864
f 4729/4826/4862 4731/6795/4864 4733/6797/4865 4727/4824/4860
f 4725/4820/4856 4727/4824/4860 4733/6797/4865 4724/6796/4857
f 4603/4694/4730 4680/4713/4749 4730/4825/4861 4728/4823/4859
f 4728/4823/4859 4726/4819/4855 4683/4786/4822 4603/4694/4730
f 4680/4713/4749 4615/4712/4748 4732/4827/4863 4730/4825/4861
f 4726/4819/4855 4723/4822/4858 4685/4789/4825 4683/4786/4822
f 4734/4830/4866 4732/4827/4863 4615/4712/4748 4681/4716/4752
f 4735/4831/4867 4734/4830/4866 4681/4716/4752 4689/4784/4820
f 4736/4832/4868 4735/4831/4867 4689/4784/4820 4619/4720/4756
f 4737/6792/4869 4736/4832/4868 4619/4720/4756 4617/4719/4755
f 4595/4687/4723 4670/6892/4805 4716/6891/4845 4593/4685/4721
f 4670/4769/4805 4671/4768/4804 4739/4834/4870 4738/4835/4871
f 4671/4768/4804 4706/4799/4835 4740/4836/4872 4739/4834/4870
f 4741/4837/4873 4716/7282/4845 4670/4769/4805 4738/4835/4871
f 4742/4838/4874 4719/4810/4846 4745/6890/4849 4744/4839/4875
f 4706/4799/4835 4709/4802/4838 4743/4840/4876 4740/4836/4872
f 4743/4840/4876 4709/4802/4838 4748/6888/4851 4747/4841/4877
f 4745/6890/4849 4716/4809/4845 4741/7280/4873 4744/4839/4875
f 4746/4812/4848 4717/4808/4844 4716/6937/4845 4745/4813/4849
f 4748/6888/4851 4719/4810/4846 4742/4838/4874 4747/4841/4877
f 4749/4814/4850 4718/4811/4847 4719/6889/4846 4748/4815/4851
f 4720/4842/4878 4718/4811/4847 4749/4814/4850 4750/4816/4852
f 4721/4843/4879 4720/4842/4878 4750/4816/4852 4751/4817/4853
f 4722/4844/4880 4721/4843/4879 4751/4817/4853 4752/4818/4854
f 4754/4845/4881 4753/4846/4882 4778/4847/4883 4777/4848/4884
f 4756/4849/4885 4755/4850/4886 4753/4846/4882 4754/4845/4881
f 4755/4850/4886 4756/4849/4885 4768/4851/4887 4767/4852/4888
f 4760/4853/4889 4759/4854/4890 4757/4855/4891 4758/4856/4892
f 4759/4854/4890 4760/4853/4889 4782/4857/4893 4781/4858/4894
f 4761/4859/4895 4754/4845/4881 4777/4848/4884 4784/4860/4896
f 4753/4846/4882 4762/4861/4897 4779/4862/4898 4778/4847/4883
f 4763/4863/4899 4761/4859/4895 4784/4860/4896 4783/4864/4900
f 4782/4857/4893 4760/4853/4889 4763/4863/4899 4783/4864/4900
f 4780/4865/4901 4764/7281/4902 4759/4854/4890 4781/4858/4894
f 4779/4862/4898 4762/4861/4897 4764/4866/4902 4780/7278/4901
f 4766/4867/4903 4758/4856/4892 4757/4855/4891 4765/4868/4904
f 4768/4851/4887 4766/4867/4903 4765/4868/4904 4767/4852/4888
f 4759/4854/4890 4764/7281/4902 4765/4868/4904 4757/4855/4891
f 4767/4852/4888 4765/4868/4904 4764/4866/4902 4762/4861/4897
f 4753/4846/4882 4755/4850/4886 4767/4852/4888 4762/4861/4897
f 4761/4859/4895 4768/4851/4887 4756/4849/4885 4754/4845/4881
f 4761/4859/4895 4763/4863/4899 4766/4867/4903 4768/4851/4887
f 4758/4856/4892 4766/4867/4903 4763/4863/4899 4760/4853/4889
f 4770/4869/4905 4739/4834/4870 4740/4836/4872 4769/4870/4906
f 4771/4871/4907 4738/4835/4871 4739/4834/4870 4770/4869/4905
f 4741/4837/4873 4738/4835/4871 4771/4871/4907 4772/4872/4908
f 4744/4839/4875 4741/7280/4873 4772/7279/4908 4773/4873/4909
f 4774/4874/4910 4742/4838/4874 4744/4839/4875 4773/4873/4909
f 4747/4841/4877 4742/4838/4874 4774/4874/4910 4775/4875/4911
f 4776/4876/4912 4743/4840/4876 4747/4841/4877 4775/4875/4911
f 4769/4870/4906 4740/4836/4872 4743/4840/4876 4776/4876/4912
f 4778/4847/4883 4770/4869/4905 4769/4870/4906 4777/4848/4884
f 4779/4862/4898 4771/4871/4907 4770/4869/4905 4778/4847/4883
f 4771/4871/4907 4779/4862/4898 4780/7278/4901 4772/4872/4908
f 4772/7279/4908 4780/4865/4901 4781/4858/4894 4773/4873/4909
f 4782/4857/4893 4774/4874/4910 4773/4873/4909 4781/4858/4894
f 4774/4874/4910 4782/4857/4893 4783/4864/4900 4775/4875/4911
f 4784/4860/4896 4776/4876/4912 4775/4875/4911 4783/4864/4900
f 4777/4848/4884 4769/4870/4906 4776/4876/4912 4784/4860/4896
f 4723/4822/4858 4785/4877/4913 4686/4790/4826 4685/4789/4825
f 4785/4877/4913 4786/4878/4914 4687/4791/4827 4686/4790/4826
f 4788/4879/4915 4787/4880/4916 4715/4807/4843 4714/4806/4842
f 4752/4818/4854 4715/4807/4843 4787/4880/4916 4789/4881/4917
f 4791/4882/4918 4790/4883/4919 4787/4880/4916 4788/4879/4915
f 4791/4882/4918 4788/4879/4915 4714/4806/4842 4704/4795/4831
f 4786/4878/4914 4791/4882/4918 4704/4795/4831 4687/4791/4827
f 4787/4880/4916 4790/4883/4919 4792/4884/4920 4789/4881/4917
f 4722/4844/4880 4752/4818/4854 4789/4881/4917 4792/4884/4920
f 4791/4882/4918 4786/4878/4914 4793/4885/4921 4790/4883/4919
f 4785/4877/4913 4794/6791/4922 4793/4885/4921 4786/4878/4914
f 4724/6796/4857 4794/6791/4922 4785/4877/4913 4723/4822/4858
f 4795/6794/4923 4731/6795/4864 4732/4827/4863 4734/4830/4866
f 4734/4830/4866 4735/4831/4867 4796/6793/4924 4795/6794/4923
f 4737/6792/4869 4796/6793/4924 4735/4831/4867 4736/4832/4868
f 4617/4719/4755 4798/6936/4925 4797/6923/4926 4737/6792/4869
f 4618/4718/4754 4799/6935/4927 4798/6936/4925 4617/4719/4755
f 4799/6935/4927 4618/4718/4754 4702/4794/4830 4800/6934/4928
f 4702/4794/4830 4613/4723/4759 4801/6933/4929 4800/6934/4928
f 4802/6931/4930 4801/6933/4929 4613/4723/4759 4614/4722/4758
f 4642/6932/4780 4802/6931/4930 4614/4722/4758 4624/4725/4761
f 4717/4808/4844 4803/4895/4931 4588/4681/4717 4590/4683/4719
f 4804/4896/4932 4803/4895/4931 4717/4808/4844 4746/4812/4848
f 4718/4811/4847 4720/4842/4878 4804/4896/4932 4746/4812/4848
f 4805/4897/4933 4804/4896/4932 4720/4842/4878 4721/4843/4879
f 4804/4896/4932 4805/4897/4933 4806/4898/4934 4803/4895/4931
f 4803/4895/4931 4806/4898/4934 4579/4672/4708 4588/4681/4717
f 4807/4899/4935 4805/4897/4933 4721/4843/4879 4722/4844/4880
f 4792/4884/4920 4808/4900/4936 4807/4899/4935 4722/4844/4880
f 4806/4898/4934 4809/4901/4937 4576/4669/4705 4579/4672/4708
f 4805/4897/4933 4810/4902/4938 4809/4901/4937 4806/4898/4934
f 4807/4899/4935 4811/4903/4939 4810/4902/4938 4805/4897/4933
f 4811/4903/4939 4807/4899/4935 4808/4900/4936 4812/4904/4940
f 4809/4901/4937 4813/4905/4941 4574/4667/4703 4576/4669/4705
f 4571/4663/4699 4814/4906/4942 4802/4894/4930 4642/4744/4780
f 4814/4906/4942 4571/4663/4699 4570/4662/4698 4815/4907/4943
f 4569/4661/4697 4816/4908/4944 4815/4907/4943 4570/4662/4698
f 4560/4652/4688 4817/4909/4945 4816/4908/4944 4569/4661/4697
f 4818/4910/4946 4817/4909/4945 4560/4652/4688 4558/4649/4685
f 4558/4649/4685 4556/4647/4683 4819/4911/4947 4818/4910/4946
f 4556/4647/4683 4574/4667/4703 4813/4905/4941 4819/4911/4947
f 4813/4905/4941 4809/4901/4937 4810/4902/4938 4820/4912/4948
f 4819/4911/4947 4813/4905/4941 4820/4912/4948 4821/4913/4949
f 4818/4910/4946 4819/4911/4947 4821/4913/4949 4822/4914/4950
f 4817/4909/4945 4818/4910/4946 4822/4914/4950 4823/4915/4951
f 4816/4908/4944 4817/4909/4945 4823/4915/4951 4824/4916/4952
f 4824/4916/4952 4825/4917/4953 4815/4907/4943 4816/4908/4944
f 4825/4917/4953 4826/4918/4954 4814/4906/4942 4815/4907/4943
f 4801/4893/4929 4802/4894/4930 4814/4906/4942 4826/4918/4954
f 4827/4919/4955 4800/4892/4928 4801/4893/4929 4826/4918/4954
f 4828/4920/4956 4799/4891/4927 4800/4892/4928 4827/4919/4955
f 4829/4921/4957 4798/4889/4925 4799/4891/4927 4828/4920/4956
f 4793/4885/4921 4830/4922/4958 4792/4884/4920 4790/4883/4919
f 4808/4900/4936 4792/4884/4920 4830/4922/4958 4831/4923/4959
f 4812/4904/4940 4808/4900/4936 4831/4923/4959 4832/4924/4960
f 4793/4885/4921 4794/6791/4922 4833/6790/4961 4830/4922/4958
f 4834/6789/4962 4831/4923/4959 4830/4922/4958 4833/6790/4961
f 4835/6781/4963 4832/4924/4960 4831/4923/4959 4834/6789/4962
f 4811/4903/4939 4836/4928/4964 4820/4912/4948 4810/4902/4938
f 4836/4928/4964 4837/4929/4965 4821/4913/4949 4820/4912/4948
f 4822/4914/4950 4821/4913/4949 4837/4929/4965 4838/4930/4966
f 4838/4930/4966 4839/4931/4967 4823/4915/4951 4822/4914/4950
f 4824/4916/4952 4823/4915/4951 4839/4931/4967 4840/4932/4968
f 4825/4917/4953 4824/4916/4952 4840/4932/4968 4841/4933/4969
f 4841/4933/4969 4827/4919/4955 4826/4918/4954 4825/4917/4953
f 4827/4919/4955 4841/4933/4969 4842/4934/4970 4828/4920/4956
f 4843/4935/4971 4842/4934/4970 4841/4933/4969 4840/4932/4968
f 4844/4936/4972 4843/4935/4971 4840/4932/4968 4839/4931/4967
f 4845/4937/4973 4844/4936/4972 4839/4931/4967 4838/4930/4966
f 4838/4930/4966 4837/4929/4965 4846/4938/4974 4845/4937/4973
f 4847/4939/4975 4846/4938/4974 4837/4929/4965 4836/4928/4964
f 4836/4928/4964 4811/4903/4939 4812/4904/4940 4847/4939/4975
f 4828/4920/4956 4842/4934/4970 4848/4940/4976 4829/4921/4957
f 4842/4934/4970 4843/4935/4971 4849/4941/4977 4848/4940/4976
f 4843/4935/4971 4844/4936/4972 4850/4942/4978 4849/4941/4977
f 4851/4943/4979 4850/4942/4978 4844/4936/4972 4845/4937/4973
f 4845/4937/4973 4846/4938/4974 4852/4944/4980 4851/4943/4979
f 4846/4938/4974 4847/4939/4975 4853/4945/4981 4852/4944/4980
f 4847/4939/4975 4812/4904/4940 4832/4924/4960 4853/4945/4981
f 4798/4889/4925 4829/4921/4957 4854/6787/4982 4797/6788/4926
f 4829/4921/4957 4848/4940/4976 4855/6786/4983 4854/6787/4982
f 4848/4940/4976 4849/4941/4977 4856/6785/4984 4855/6786/4983
f 4857/6784/4985 4856/6785/4984 4849/4941/4977 4850/4942/4978
f 4858/6783/4986 4857/6784/4985 4850/4942/4978 4851/4943/4979
f 4851/4943/4979 4852/4944/4980 4859/6782/4987 4858/6783/4986
f 4852/4944/4980 4853/4945/4981 4860/6780/4988 4859/6782/4987
f 4853/4945/4981 4832/4924/4960 4835/6781/4963 4860/6780/4988
f 4862/4953/4989 4861/4954/4990 4858/4950/4986 4859/4951/4987
f 4864/4955/4991 4863/4956/4992 4861/4954/4990 4862/4953/4989
f 4859/4951/4987 4860/4952/4988 4864/4955/4991 4862/4953/4989
f 4857/4949/4985 4858/4950/4986 4861/4954/4990 4865/4957/4993
f 4856/4948/4984 4857/4949/4985 4865/4957/4993 4866/4958/4994
f 4866/4958/4994 4867/4959/4995 4855/4947/4983 4856/4948/4984
f 4868/4960/4996 4865/4957/4993 4861/4954/4990 4863/4956/4992
f 4865/4957/4993 4868/4960/4996 4867/4959/4995 4866/4958/4994
f 4860/4952/4988 4835/4927/4963 4869/4961/4997 4864/4955/4991
f 4854/4946/4982 4855/4947/4983 4867/4959/4995 4870/4962/4998
f 4737/4833/4869 4872/4963/4999 4873/4964/5000 4796/4888/4924
f 4796/4888/4924 4873/4964/5000 4874/4965/5001 4795/4887/4923
f 4869/4961/4997 4835/4927/4963 4834/4926/4962 4875/4966/5002
f 4875/4966/5002 4834/4926/4962 4833/4925/4961 4876/4967/5003
f 4794/4886/4922 4877/4968/5004 4876/4967/5003 4833/4925/4961
f 4877/4968/5004 4794/4886/4922 4724/4821/4857 4878/4969/5005
f 4879/4970/5006 4731/4828/4864 4795/4887/4923 4874/4965/5001
f 4879/4970/5006 4880/4971/5007 4733/4829/4865 4731/4828/4864
f 4724/4821/4857 4733/4829/4865 4880/4971/5007 4878/4969/5005
f 4937/3973/4009 3892/6917/4008 4881/4071/4107 4938/4070/4106
f 4883/4062/4098 3890/3970/4006 3891/6928/4007 4882/6733/4109
f 4884/4049/4085 3960/4048/4084 3890/3970/4006 4883/4062/4098
f 4885/3744/3780 3650/3866/3902 3960/4048/4084 4884/4049/4085
f 3650/3866/3902 4885/3744/3780 4886/3743/3779 3649/3862/3898
f 3649/3862/3898 4886/3743/3779 4887/3742/3778 3648/3860/3896
f 3648/3860/3896 4887/3742/3778 4888/3741/3777 3647/3857/3893
f 3647/3857/3893 4888/3741/3777 4889/3739/3775 3646/3747/3783
f 3646/3747/3783 4889/3739/3775 4890/7161/3776 3715/3748/3784
f 4891/3738/3774 3645/3753/3789 3715/7160/3784 4890/3740/3776
f 3645/3753/3789 4891/3738/3774 4892/3737/3773 3644/3754/3790
f 4893/3724/3760 3631/3758/3794 3644/3754/3790 4892/3737/3773
f 4894/3723/3759 3764/3761/3797 3631/3758/3794 4893/3724/3760
f 4895/3726/3762 3632/3763/3799 3764/3761/3797 4894/3723/3759
f 4896/3725/3761 3633/3764/3800 3632/3763/3799 4895/3726/3762
f 3633/3764/3800 4896/3725/3761 4897/3728/3764 3634/3770/3806
f 3634/3770/3806 4897/3728/3764 4898/3730/3766 3637/3772/3808
f 3637/3772/3808 4898/3730/3766 4899/3732/3768 3639/3776/3812
f 4900/3733/3769 3640/3779/3815 3639/3776/3812 4899/3732/3768
f 3641/4972/5008 3640/3779/3815 4900/3733/3769 4901/3736/3772
f 3905/3999/4035 4902/3997/4033 4903/3991/4027 3901/3992/4028
f 4904/3990/4026 3858/3993/4029 3901/3992/4028 4903/3991/4027
f 3943/3929/3965 6292/3928/3964 6291/3915/3951 4905/3914/3950
f 4906/3921/3957 3859/3924/3960 3943/3929/3965 4905/3914/3950
f 4907/6731/3956 3861/6730/3961 3859/3924/3960 4906/3921/3957
f 3862/4075/4111 4933/4074/4110 4932/3923/3959 4908/3922/3958
f 4921/4973/5009 3852/3907/3943 3956/3904/3940 4922/4974/5010
f 5208/4975/5011 4914/4976/5012 4911/4977/5013 5189/4978/5014
f 5228/4979/5015 4918/4980/5016 4917/4981/5017 5209/4982/5018
f 4923/4983/5019 4912/4984/5020 4915/4985/5021 4924/4986/5022
f 4925/4987/5023 4909/4988/5024 4916/4989/5025 4926/4990/5026
f 4918/4980/5016 4915/4985/5021 4912/4984/5020 4917/4981/5017
f 4910/4991/5027 4913/4992/5028 4919/4993/5029 4920/4994/5030
f 4913/4992/5028 4910/4991/5027 4921/4973/5009 4922/4974/5010
f 4916/4989/5025 4909/4988/5024 4923/4983/5019 4924/4986/5022
f 4876/4967/5003 4877/4968/5004 6299/4995/5031 6314/4996/5032
f 4928/3892/3928 3836/3887/3923 3837/3886/3922 4927/3893/3929
f 3955/3894/3930 3836/3887/3923 4928/3892/3928 4929/3905/3941
f 3845/3898/3934 3955/3894/3930 4929/3905/3941 4930/3906/3942
f 3845/3898/3934 4930/3906/3942 4931/3909/3945 3846/3899/3935
f 4907/3920/3956 3846/3899/3935 4931/3909/3945 4932/3923/3959
f 4933/4074/4110 3861/3925/3961 4907/3920/3956 4932/3923/3959
f 3861/3925/3961 4933/4074/4110 4934/3941/3977 3978/3937/3973
f 4935/3940/3976 3868/3934/3970 3978/3937/3973 4934/3941/3977
f 3868/3934/3970 4935/3940/3976 4936/3943/3979 3870/3944/3980
f 4937/6930/4009 3891/3971/4007 3870/3944/3980 4936/3943/3979
f 4882/4073/4109 3891/6929/4007 4937/3973/4009 4938/4070/4106
f 3976/4072/4108 4882/4073/4109 4938/4070/4106 4939/4056/4092
f 4940/4055/4091 3965/4069/4105 3976/4072/4108 4939/4056/4092
f 3965/4069/4105 4940/4055/4091 4941/4059/4095 3973/4068/4104
f 4942/4061/4097 3967/4067/4103 3973/4068/4104 4941/4059/4095
f 4927/3893/3929 3837/3886/3922 3967/4067/4103 4942/4061/4097
f 4943/4997/5033 89/1850/1868 79/848/866 3911/4004/4040
f 3911/4004/4040 3910/4003/4039 4944/4998/5034 4943/4997/5033
f 3910/4003/4039 3904/3996/4032 4945/4999/5035 4944/4998/5034
f 4946/5000/5036 4945/4999/5035 3904/3996/4032 3902/3995/4031
f 4947/6725/5037 4946/5000/5036 3902/3995/4031 3903/6729/4030
f 4948/5002/5038 4947/5001/5037 3903/3994/4030 4902/3997/4033
f 4949/5003/5039 4948/5002/5038 4902/3997/4033 3905/3999/4035
f 4950/5004/5040 4949/5003/5039 3905/3999/4035 3906/3998/4034
f 3906/3998/4034 3907/4000/4036 4951/5005/5041 4950/5004/5040
f 4952/5006/5042 4951/5005/5041 3907/4000/4036 3908/4001/4037
f 4953/5007/5043 4952/5006/5042 3908/4001/4037 3909/4002/4038
f 90/1861/1879 4953/5007/5043 3909/4002/4038 78/845/863
f 4957/5008/5044 4956/5009/5045 4962/5010/5046 4961/5011/5047
f 4956/5009/5045 4957/5008/5044 4959/5012/5048 4958/5013/5049
f 4958/5013/5049 4959/5012/5048 92/1869/1887 91/1868/1886
f 92/1869/1887 4959/5012/5048 4957/5008/5044 93/1870/1888
f 93/1870/1888 4957/5008/5044 4960/5014/5050 94/1871/1889
f 4962/5010/5046 4955/5015/5051 4954/5016/5052 4961/5011/5047
f 4963/5017/5053 95/1876/1894 94/1871/1889 4960/5014/5050
f 96/1877/1895 4964/5018/5054 4953/5007/5043 90/1861/1879
f 95/1876/1894 4963/5017/5053 4964/5018/5054 96/1877/1895
f 4957/5008/5044 4961/5011/5047 4965/5019/5055 4960/5014/5050
f 4960/5014/5050 4965/5019/5055 4966/5020/5056 4963/5017/5053
f 4964/5018/5054 4967/5021/5057 4952/5006/5042 4953/5007/5043
f 4967/5021/5057 4964/5018/5054 4963/5017/5053 4966/5020/5056
f 4951/5005/5041 4952/5006/5042 4967/5021/5057 4968/5022/5058
f 4968/5022/5058 4967/5021/5057 4966/5020/5056 4969/5023/5059
f 4965/5019/5055 4970/5024/5060 4969/5023/5059 4966/5020/5056
f 4970/5024/5060 4965/5019/5055 4961/5011/5047 4954/5016/5052
f 4972/5025/5061 4971/5026/5062 4954/5016/5052 4955/5015/5051
f 4970/5024/5060 4954/5016/5052 4971/5026/5062 4973/5027/5063
f 4969/5023/5059 4970/5024/5060 4973/5027/5063 4974/5028/5064
f 4975/5029/5065 4950/5004/5040 4951/5005/5041 4968/5022/5058
f 4974/5028/5064 4975/5029/5065 4968/5022/5058 4969/5023/5059
f 4975/5029/5065 4976/5030/5066 4949/5003/5039 4950/5004/5040
f 4976/5030/5066 4977/5031/5067 4948/5002/5038 4949/5003/5039
f 4971/5026/5062 4972/5025/5061 4981/5032/5068 4980/5033/5069
f 4981/5032/5068 4979/5034/5070 4978/5035/5071 4980/5033/5069
f 4982/5036/5072 4973/5027/5063 4971/5026/5062 4980/5033/5069
f 4983/5037/5073 4974/5028/5064 4973/5027/5063 4982/5036/5072
f 4976/5030/5066 4975/5029/5065 4974/5028/5064 4983/5037/5073
f 4977/5031/5067 4976/5030/5066 4983/5037/5073 4984/5038/5074
f 4982/5036/5072 4985/5039/5075 4984/5038/5074 4983/5037/5073
f 4980/5033/5069 4978/5035/5071 4985/5039/5075 4982/5036/5072
f 4987/5040/5076 4986/5041/5077 4978/5035/5071 4979/5034/5070
f 4978/5035/5071 4989/5042/5078 4988/6728/5079 4985/5039/5075
f 4990/6727/5080 4984/5038/5074 4985/5039/5075 4988/6728/5079
f 4984/5038/5074 4990/6727/5080 4991/6726/5081 4977/5031/5067
f 4977/5031/5067 4991/6726/5081 4947/5001/5037 4948/5002/5038
f 4946/5000/5036 4947/6725/5037 4991/5045/5081 4992/5046/5082
f 4992/5046/5082 4991/5045/5081 4990/5044/5080 4993/5047/5083
f 4988/5043/5079 4994/5048/5084 4993/5047/5083 4990/5044/5080
f 4989/6724/5078 4995/5049/5085 4994/5048/5084 4988/5043/5079
f 4986/5041/5077 4996/5050/5086 4989/5042/5078 4978/5035/5071
f 4995/5049/5085 4989/6724/5078 4996/6722/5086 4997/5051/5087
f 4986/5041/5077 4987/5040/5076 4999/5052/5088 4998/5053/5089
f 4998/5053/5089 5000/6480/5090 4996/5050/5086 4986/5041/5077
f 4997/5051/5087 4996/6722/5086 5000/6723/5090 5001/6474/5091
f 97/1916/1934 5002/5056/5092 4958/5013/5049 91/1868/1886
f 5002/5056/5092 97/1916/1934 98/1919/1937 5003/5057/5093
f 5007/5058/5094 5006/5059/5095 5005/5060/5096 5004/5061/5097
f 99/1924/1942 5008/5062/5098 5003/5057/5093 98/1919/1937
f 5011/5063/5099 5003/5057/5093 5008/5062/5098 5010/5064/5100
f 5012/5065/5101 5002/5056/5092 5003/5057/5093 5011/5063/5099
f 4956/5009/5045 4958/5013/5049 5002/5056/5092 5012/5065/5101
f 5010/5064/5100 5005/5060/5096 5013/5066/5102 5011/5063/5099
f 5011/5063/5099 5013/5066/5102 5014/5067/5103 5012/5065/5101
f 5012/5065/5101 5014/5067/5103 4962/5010/5046 4956/5009/5045
f 5015/5068/5104 5013/5066/5102 5005/5060/5096 5006/5059/5095
f 5016/5069/5105 5014/5067/5103 5013/5066/5102 5015/5068/5104
f 5014/5067/5103 5016/5069/5105 4955/5015/5051 4962/5010/5046
f 5016/5069/5105 5017/5070/5106 4972/5025/5061 4955/5015/5051
f 5017/5070/5106 5016/5069/5105 5015/5068/5104 5018/5071/5107
f 5018/5071/5107 5015/5068/5104 5006/5059/5095 5019/5072/5108
f 5006/5059/5095 5007/5058/5094 5020/5073/5109 5019/5072/5108
f 5021/6476/5110 5020/5073/5109 5007/5058/5094 5009/6463/5111
f 5017/5070/5106 5022/5076/5112 4981/5032/5068 4972/5025/5061
f 5022/5076/5112 4987/5040/5076 4979/5034/5070 4981/5032/5068
f 5022/5076/5112 5017/5070/5106 5018/5071/5107 5023/5077/5113
f 4999/5052/5088 4987/5040/5076 5022/5076/5112 5023/5077/5113
f 5023/5077/5113 5018/5071/5107 5019/5072/5108 5024/5078/5114
f 4999/5052/5088 5023/5077/5113 5024/5078/5114 5025/5079/5115
f 4998/5053/5089 4999/5052/5088 5025/5079/5115 5026/6478/5116
f 5027/5081/5117 5024/5078/5114 5019/5072/5108 5020/5073/5109
f 5025/5079/5115 5024/5078/5114 5027/5081/5117 5028/5082/5118
f 5026/6478/5116 5025/5079/5115 5028/5082/5118 5029/6477/5119
f 5027/5081/5117 5030/6475/5120 5029/6477/5119 5028/5082/5118
f 5021/6476/5110 5030/6475/5120 5027/5081/5117 5020/5073/5109
f 4875/4966/5002 4876/4967/5003 6314/4996/5032 6313/5085/5121
f 6312/5086/5122 4869/4961/4997 4875/4966/5002 6313/5085/5121
f 4864/4955/4991 4869/4961/4997 6312/5086/5122 6311/5087/5123
f 4863/4956/4992 4864/4955/4991 6311/5087/5123 6310/5088/5124
f 4868/4960/4996 4863/4956/4992 6310/5088/5124 6309/5089/5125
f 4867/4959/4995 4868/4960/4996 6309/5089/5125 6308/5090/5126
f 4870/4962/4998 4867/4959/4995 6308/5090/5126 6307/5091/5127
f 4871/6925/5128 4870/4962/4998 6307/5091/5127 6306/5093/5129
f 4872/4963/4999 4871/5092/5128 6306/6904/5129 6305/5094/5130
f 4873/4964/5000 4872/4963/4999 6305/5094/5130 6304/5095/5131
f 4874/4965/5001 4873/4964/5000 6304/5095/5131 6303/5096/5132
f 4879/4970/5006 4874/4965/5001 6303/5096/5132 6302/5097/5133
f 4880/4971/5007 4879/4970/5006 6302/5097/5133 6301/5098/5134
f 4878/4969/5005 4880/4971/5007 6301/5098/5134 6300/5099/5135
f 6299/4995/5031 4877/4968/5004 4878/4969/5005 6300/5099/5135
f 4925/4987/5023 5044/5100/5136 5045/5101/5137 4909/4988/5024
f 5046/5102/5138 5045/5101/5137 5044/5100/5136 5043/5103/5139
f 5047/5104/5140 5046/5102/5138 5043/5103/5139 5042/5105/5141
f 5048/5106/5142 5047/5104/5140 5042/5105/5141 5041/5107/5143
f 5049/5108/5144 5048/5106/5142 5041/5107/5143 5040/5109/5145
f 5050/5110/5146 5049/5108/5144 5040/5109/5145 5039/5111/5147
f 5051/6927/5148 5050/5110/5146 5039/5111/5147 5038/5113/5149
f 5052/5114/5150 5051/5112/5148 5038/6905/5149 5037/5115/5151
f 5031/5116/5152 4926/4990/5026 4916/4989/5025 5053/5117/5153
f 5032/5118/5154 5031/5116/5152 5053/5117/5153 5054/5119/5155
f 5033/5120/5156 5032/5118/5154 5054/5119/5155 5055/5121/5157
f 5034/5122/5158 5033/5120/5156 5055/5121/5157 5056/5123/5159
f 5036/5124/5160 5035/5125/5161 5058/5126/5162 5057/5127/5163
f 5056/5123/5159 5058/5126/5162 5035/5125/5161 5034/5122/5158
f 5057/5127/5163 5052/5114/5150 5037/5115/5151 5036/5124/5160
f 5059/5128/5164 4923/4983/5019 4909/4988/5024 5045/5101/5137
f 4923/4983/5019 5059/5128/5164 5060/5129/5165 4912/4984/5020
f 5061/5130/5166 5059/5128/5164 5045/5101/5137 5046/5102/5138
f 5062/5131/5167 5060/5129/5165 5059/5128/5164 5061/5130/5166
f 5063/5132/5168 5061/5130/5166 5046/5102/5138 5047/5104/5140
f 5061/5130/5166 5063/5132/5168 5064/5133/5169 5062/5131/5167
f 5065/5134/5170 5063/5132/5168 5047/5104/5140 5048/5106/5142
f 5066/5135/5171 5064/5133/5169 5063/5132/5168 5065/5134/5170
f 5067/5136/5172 5065/5134/5170 5048/5106/5142 5049/5108/5144
f 5068/5137/5173 5066/5135/5171 5065/5134/5170 5067/5136/5172
f 5069/5138/5174 5067/5136/5172 5049/5108/5144 5050/5110/5146
f 5070/5139/5175 5068/5137/5173 5067/5136/5172 5069/5138/5174
f 5071/6926/5176 5069/5138/5174 5050/5110/5146 5051/6927/5148
f 5072/6918/5177 5070/5139/5175 5069/5138/5174 5071/6926/5176
f 5073/5142/5178 5071/5140/5176 5051/5112/5148 5052/5114/5150
f 5074/5143/5179 5072/5141/5177 5071/5140/5176 5073/5142/5178
f 5076/5144/5180 4924/4986/5022 4915/4985/5021 5075/5145/5181
f 4924/4986/5022 5076/5144/5180 5053/5117/5153 4916/4989/5025
f 5076/5144/5180 5077/5146/5182 5054/5119/5155 5053/5117/5153
f 5077/5146/5182 5076/5144/5180 5075/5145/5181 5078/5147/5183
f 5055/5121/5157 5054/5119/5155 5077/5146/5182 5079/5148/5184
f 5079/5148/5184 5077/5146/5182 5078/5147/5183 5080/5149/5185
f 5056/5123/5159 5055/5121/5157 5079/5148/5184 5081/5150/5186
f 5082/5151/5187 5073/5142/5178 5052/5114/5150 5057/5127/5163
f 5057/5127/5163 5058/5126/5162 5083/5152/5188 5082/5151/5187
f 5058/5126/5162 5056/5123/5159 5081/5150/5186 5083/5152/5188
f 5081/5150/5186 5079/5148/5184 5080/5149/5185 5084/5153/5189
f 5083/5152/5188 5081/5150/5186 5084/5153/5189 5085/5154/5190
f 5073/5142/5178 5082/5151/5187 5086/5155/5191 5074/5143/5179
f 5085/5154/5190 5086/5155/5191 5082/5151/5187 5083/5152/5188
f 5075/5145/5181 4915/4985/5021 4918/4980/5016 5087/5156/5192
f 5089/5157/5193 5088/5158/5194 4871/5092/5128 4872/4963/4999
f 4870/4962/4998 4871/6925/5128 5088/6922/5194 5090/5159/5195
f 5092/5160/5196 4797/4890/4926 4854/4946/4982 5091/5161/5197
f 4737/4833/4869 4797/6924/4926 5092/6921/5196 5093/5162/5198
f 5091/5161/5197 4854/4946/4982 4870/4962/4998 5090/5159/5195
f 5089/5157/5193 4872/4963/4999 4737/4833/4869 5093/5162/5198
f 5095/5163/5199 5089/5157/5193 5093/5162/5198 5094/5164/5200
f 5097/5165/5201 5091/5161/5197 5090/5159/5195 5096/5166/5202
f 5098/6920/5203 5096/5166/5202 5090/5159/5195 5088/6922/5194
f 5095/5163/5199 5098/5167/5203 5088/5158/5194 5089/5157/5193
f 5099/5168/5204 5092/5160/5196 5091/5161/5197 5097/5165/5201
f 5094/5164/5200 5093/5162/5198 5092/6921/5196 5099/6919/5204
f 5096/5166/5202 5098/6920/5203 5099/5168/5204 5097/5165/5201
f 5094/5164/5200 5099/6919/5204 5098/5167/5203 5095/5163/5199
f 5078/5147/5183 5075/5145/5181 5087/5156/5192 5100/5169/5205
f 5080/5149/5185 5078/5147/5183 5100/5169/5205 5101/5170/5206
f 5084/5153/5189 5080/5149/5185 5101/5170/5206 5102/5171/5207
f 5102/5171/5207 5103/5172/5208 5085/5154/5190 5084/5153/5189
f 5104/5173/5209 4917/4981/5017 4912/4984/5020 5060/5129/5165
f 5060/5129/5165 5062/5131/5167 5105/5174/5210 5104/5173/5209
f 5106/5175/5211 5105/5174/5210 5062/5131/5167 5064/5133/5169
f 5107/5176/5212 5106/5175/5211 5064/5133/5169 5066/5135/5171
f 5108/5177/5213 5107/5176/5212 5066/5135/5171 5068/5137/5173
f 5109/5178/5214 5108/5177/5213 5068/5137/5173 5070/5139/5175
f 5110/6914/5215 5109/5178/5214 5070/5139/5175 5072/6918/5177
f 5072/5141/5177 5074/5143/5179 5111/5180/5216 5110/5179/5215
f 5112/5181/5217 5111/5180/5216 5074/5143/5179 5086/5155/5191
f 5103/5172/5208 5112/5181/5217 5086/5155/5191 5085/5154/5190
f 5113/5182/5218 4922/4974/5010 3956/3904/3940 3840/3891/3927
f 5114/5183/5219 4913/4992/5028 4922/4974/5010 5113/5182/5218
f 5115/5184/5220 4919/4993/5029 4913/4992/5028 5114/5183/5219
f 5116/5185/5221 4914/4976/5012 5208/4975/5011 5207/5186/5222
f 5087/5156/5192 4918/4980/5016 5228/4979/5015 5227/5187/5223
f 5118/5188/5224 5116/5185/5221 5207/5186/5222 5206/5189/5225
f 5226/5190/5226 5100/5169/5205 5087/5156/5192 5227/5187/5223
f 5117/5191/5227 5115/5184/5220 5114/5183/5219 5119/5192/5228
f 5120/5193/5229 5113/5182/5218 3840/3891/3927 3841/3890/3926
f 5119/5192/5228 5114/5183/5219 5113/5182/5218 5120/5193/5229
f 5101/5170/5206 5100/5169/5205 5226/5190/5226 5225/5194/5230
f 3841/3890/3926 3968/4060/4096 5122/5195/5231 5120/5193/5229
f 5120/5193/5229 5122/5195/5231 5123/5196/5232 5119/5192/5228
f 5124/5197/5233 5117/5191/5227 5119/5192/5228 5123/5196/5232
f 5205/5198/5234 5121/5199/5235 5118/5188/5224 5206/5189/5225
f 5102/5171/5207 5101/5170/5206 5225/5194/5230 5224/5200/5236
f 5204/5201/5237 5125/5202/5238 5121/5199/5235 5205/5198/5234
f 5126/5203/5239 5124/5197/5233 5123/5196/5232 5127/5204/5240
f 3968/4060/4096 3974/4058/4094 5128/5205/5241 5122/5195/5231
f 5122/5195/5231 5128/5205/5241 5127/5204/5240 5123/5196/5232
f 3853/3908/3944 3852/3907/3943 4921/4973/5009 5129/5206/5242
f 5129/5206/5242 4921/4973/5009 4910/4991/5027 5130/5207/5243
f 5130/5207/5243 4910/4991/5027 4920/4994/5030 5131/5208/5244
f 5189/4978/5014 4911/4977/5013 5132/5209/5245 5190/5210/5246
f 5209/4982/5018 4917/4981/5017 5104/5173/5209 5210/5211/5247
f 5210/5211/5247 5104/5173/5209 5105/5174/5210 5211/5212/5248
f 5190/5210/5246 5132/5209/5245 5133/5213/5249 5191/5214/5250
f 5135/5215/5251 5130/5207/5243 5131/5208/5244 5134/5216/5252
f 4908/3922/3958 3853/3908/3944 5129/5206/5242 5136/5217/5253
f 5136/5217/5253 5129/5206/5242 5130/5207/5243 5135/5215/5251
f 5211/5212/5248 5105/5174/5210 5106/5175/5211 5212/5218/5254
f 5191/5214/5250 5133/5213/5249 5137/5219/5255 5192/5220/5256
f 5139/5221/5257 5135/5215/5251 5134/5216/5252 5138/5222/5258
f 3862/4075/4111 4908/3922/3958 5136/5217/5253 5140/5223/5259
f 5140/5223/5259 5136/5217/5253 5135/5215/5251 5139/5221/5257
f 5212/5218/5254 5106/5175/5211 5107/5176/5212 5213/5224/5260
f 5192/5220/5256 5137/5219/5255 5141/5225/5261 5193/5226/5262
f 5143/5227/5263 5139/5221/5257 5138/5222/5258 5142/5228/5264
f 5144/5229/5265 5140/5223/5259 5139/5221/5257 5143/5227/5263
f 3977/3938/3974 3862/4075/4111 5140/5223/5259 5144/5229/5265
f 5213/5224/5260 5107/5176/5212 5108/5177/5213 5214/5230/5266
f 5141/5225/5261 5145/5231/5267 5194/5232/5268 5193/5226/5262
f 5112/5181/5217 5103/5172/5208 5223/5233/5269 5222/5234/5270
f 5111/5180/5216 5112/5181/5217 5222/5234/5270 5221/5235/5271
f 5223/5233/5269 5103/5172/5208 5102/5171/5207 5224/5200/5236
f 5152/5236/5272 5125/5202/5238 5204/5201/5237 5203/5237/5273
f 5151/5238/5274 5152/5236/5272 5203/5237/5273 5202/5239/5275
f 5149/5240/5276 5151/5238/5274 5202/5239/5275 5201/5241/5277
f 3974/4058/4094 3966/4054/4090 5155/5242/5278 5128/5205/5241
f 5156/5243/5279 5127/5204/5240 5128/5205/5241 5155/5242/5278
f 5127/5204/5240 5156/5243/5279 5153/5244/5280 5126/5203/5239
f 5157/5245/5281 5155/5242/5278 3966/4054/4090 3975/4057/4093
f 5158/5246/5282 5157/5245/5281 3975/4057/4093 4881/4071/4107
f 5159/6916/5283 5158/5246/5282 4881/4071/4107 3892/6917/4008
f 5160/5248/5284 5159/5247/5283 3892/3972/4008 3871/3942/3978
f 5161/5249/5285 5160/5248/5284 3871/3942/3978 3869/3939/3975
f 3869/3939/3975 3977/3938/3974 5144/5229/5265 5161/5249/5285
f 5162/5250/5286 5156/5243/5279 5155/5242/5278 5157/5245/5281
f 5154/5251/5287 5153/5244/5280 5156/5243/5279 5162/5250/5286
f 5161/5249/5285 5144/5229/5265 5143/5227/5263 5163/5252/5288
f 5163/5252/5288 5143/5227/5263 5142/5228/5264 5146/5253/5289
f 5160/5248/5284 5161/5249/5285 5163/5252/5288 5164/5254/5290
f 5164/5254/5290 5163/5252/5288 5146/5253/5289 5147/5255/5291
f 5159/5247/5283 5160/5248/5284 5164/5254/5290 5165/6915/5292
f 5165/6915/5292 5164/5254/5290 5147/5255/5291 5148/5257/5293
f 5165/5256/5292 5166/5258/5294 5158/5246/5282 5159/6916/5283
f 5148/6913/5293 5150/5259/5295 5166/5258/5294 5165/5256/5292
f 5157/5245/5281 5158/5246/5282 5166/5258/5294 5162/5250/5286
f 5150/5259/5295 5154/5251/5287 5162/5250/5286 5166/5258/5294
f 5214/5230/5266 5108/5177/5213 5167/5260/5296 5215/5261/5297
f 5194/5232/5268 5145/5231/5267 5168/5262/5298 5195/5263/5299
f 5171/5264/5300 5149/5240/5276 5201/5241/5277 5200/5265/5301
f 5220/5266/5302 5172/5267/5303 5111/5180/5216 5221/5235/5271
f 5110/5179/5215 5111/5180/5216 5172/5267/5303 5173/5268/5304
f 5174/5269/5305 5167/5260/5296 5108/5177/5213 5109/5178/5214
f 5173/6912/5304 5174/5269/5305 5109/5178/5214 5110/6914/5215
f 5175/6911/5306 5170/5271/5307 5150/5259/5295 5148/6913/5293
f 5176/5272/5308 5175/5270/5306 5148/5257/5293 5147/5255/5291
f 5169/5273/5309 5176/5272/5308 5147/5255/5291 5146/5253/5289
f 5167/5260/5296 5178/5274/5310 5216/5275/5311 5215/5261/5297
f 5180/5276/5312 5172/5267/5303 5220/5266/5302 5219/5277/5313
f 5173/5268/5304 5172/5267/5303 5180/5276/5312 5181/5278/5314
f 5182/5279/5315 5178/5274/5310 5167/5260/5296 5174/5269/5305
f 5181/6910/5314 5182/5279/5315 5174/5269/5305 5173/6912/5304
f 5195/5263/5299 5168/5262/5298 5177/5280/5316 5196/5281/5317
f 5183/5282/5318 5184/5283/5319 5176/5272/5308 5169/5273/5309
f 5185/5284/5320 5175/5270/5306 5176/5272/5308 5184/5283/5319
f 5170/5271/5307 5175/6911/5306 5185/6909/5320 5186/5285/5321
f 5199/5286/5322 5179/5287/5323 5171/5264/5300 5200/5265/5301
f 5218/5288/5324 5181/5278/5314 5180/5276/5312 5219/5277/5313
f 5178/5274/5310 5182/5279/5315 5217/5289/5325 5216/5275/5311
f 5182/5279/5315 5181/6910/5314 5218/6906/5324 5217/5289/5325
f 5177/5280/5316 5188/5290/5326 5197/5291/5327 5196/5281/5317
f 5198/5292/5328 5187/6907/5329 5179/5287/5323 5199/5286/5322
f 5197/5291/5327 5188/5290/5326 5187/5293/5329 5198/6908/5328
f 5131/5208/5244 4920/4994/5030 5189/4978/5014 5190/5210/5246
f 5134/5216/5252 5131/5208/5244 5190/5210/5246 5191/5214/5250
f 5138/5222/5258 5134/5216/5252 5191/5214/5250 5192/5220/5256
f 5142/5228/5264 5138/5222/5258 5192/5220/5256 5193/5226/5262
f 5194/5232/5268 5146/5253/5289 5142/5228/5264 5193/5226/5262
f 5169/5273/5309 5146/5253/5289 5194/5232/5268 5195/5263/5299
f 5183/5282/5318 5169/5273/5309 5195/5263/5299 5196/5281/5317
f 5197/5291/5327 5184/5283/5319 5183/5282/5318 5196/5281/5317
f 5185/5284/5320 5184/5283/5319 5197/5291/5327 5198/6908/5328
f 5186/5285/5321 5185/6909/5320 5198/5292/5328 5199/5286/5322
f 5170/5271/5307 5186/5285/5321 5199/5286/5322 5200/5265/5301
f 5201/5241/5277 5150/5259/5295 5170/5271/5307 5200/5265/5301
f 5202/5239/5275 5154/5251/5287 5150/5259/5295 5201/5241/5277
f 5203/5237/5273 5153/5244/5280 5154/5251/5287 5202/5239/5275
f 5204/5201/5237 5126/5203/5239 5153/5244/5280 5203/5237/5273
f 5124/5197/5233 5126/5203/5239 5204/5201/5237 5205/5198/5234
f 5117/5191/5227 5124/5197/5233 5205/5198/5234 5206/5189/5225
f 5207/5186/5222 5115/5184/5220 5117/5191/5227 5206/5189/5225
f 5208/4975/5011 4919/4993/5029 5115/5184/5220 5207/5186/5222
f 4919/4993/5029 5208/4975/5011 5189/4978/5014 4920/4994/5030
f 5132/5209/5245 4911/4977/5013 5209/4982/5018 5210/5211/5247
f 5133/5213/5249 5132/5209/5245 5210/5211/5247 5211/5212/5248
f 5137/5219/5255 5133/5213/5249 5211/5212/5248 5212/5218/5254
f 5141/5225/5261 5137/5219/5255 5212/5218/5254 5213/5224/5260
f 5145/5231/5267 5141/5225/5261 5213/5224/5260 5214/5230/5266
f 5168/5262/5298 5145/5231/5267 5214/5230/5266 5215/5261/5297
f 5216/5275/5311 5177/5280/5316 5168/5262/5298 5215/5261/5297
f 5217/5289/5325 5188/5290/5326 5177/5280/5316 5216/5275/5311
f 5218/6906/5324 5187/5293/5329 5188/5290/5326 5217/5289/5325
f 5179/5287/5323 5187/6907/5329 5218/5288/5324 5219/5277/5313
f 5220/5266/5302 5171/5264/5300 5179/5287/5323 5219/5277/5313
f 5149/5240/5276 5171/5264/5300 5220/5266/5302 5221/5235/5271
f 5222/5234/5270 5151/5238/5274 5149/5240/5276 5221/5235/5271
f 5223/5233/5269 5152/5236/5272 5151/5238/5274 5222/5234/5270
f 5125/5202/5238 5152/5236/5272 5223/5233/5269 5224/5200/5236
f 5225/5194/5230 5121/5199/5235 5125/5202/5238 5224/5200/5236
f 5226/5190/5226 5118/5188/5224 5121/5199/5235 5225/5194/5230
f 5116/5185/5221 5118/5188/5224 5226/5190/5226 5227/5187/5223
f 5228/4979/5015 4914/4976/5012 5116/5185/5221 5227/5187/5223
f 4911/4977/5013 4914/4976/5012 5228/4979/5015 5209/4982/5018
f 4945/4999/5035 4946/5000/5036 4992/5046/5082 5229/5294/5330
f 4944/4998/5034 4945/4999/5035 5229/5294/5330 5230/5295/5331
f 5231/5296/5332 4943/4997/5033 4944/4998/5034 5230/5295/5331
f 100/2160/2178 89/1850/1868 4943/4997/5033 5231/5296/5332
f 5229/5294/5330 4992/5046/5082 4993/5047/5083 5232/5297/5333
f 5233/5298/5334 5230/5295/5331 5229/5294/5330 5232/5297/5333
f 5234/5299/5335 5231/5296/5332 5230/5295/5331 5233/5298/5334
f 101/2164/2182 100/2160/2178 5231/5296/5332 5234/5299/5335
f 5232/5297/5333 4993/5047/5083 4994/5048/5084 5235/5300/5336
f 4995/5049/5085 5236/5301/5337 5235/5300/5336 4994/5048/5084
f 5233/5298/5334 5232/5297/5333 5235/5300/5336 5237/5302/5338
f 5238/5303/5339 5237/5302/5338 5235/5300/5336 5236/5301/5337
f 4997/5051/5087 5239/5304/5340 5236/5301/5337 4995/5049/5085
f 5240/5305/5341 5238/5303/5339 5236/5301/5337 5239/5304/5340
f 5001/6474/5091 5241/6473/5342 5239/5304/5340 4997/5051/5087
f 5241/6473/5342 5242/6468/5343 5240/5305/5341 5239/5304/5340
f 5243/5308/5344 5234/5299/5335 5233/5298/5334 5237/5302/5338
f 102/2174/2192 101/2164/2182 5234/5299/5335 5243/5308/5344
f 5244/5309/5345 103/2176/2194 102/2174/2192 5243/5308/5344
f 5244/5309/5345 5243/5308/5344 5237/5302/5338 5238/5303/5339
f 5245/5310/5346 5244/5309/5345 5238/5303/5339 5240/5305/5341
f 5246/5311/5347 5245/5310/5346 5240/5305/5341 5242/6468/5343
f 5008/5062/5098 99/1924/1942 104/2180/2198 5247/5312/5348
f 5250/6472/5349 5257/5314/5350 5248/5315/5351 5249/6469/5352
f 5251/6471/5353 5258/5318/5354 5257/5314/5350 5250/6472/5349
f 5252/6470/5355 5259/5320/5356 5258/5318/5354 5251/6471/5353
f 5259/5320/5356 5252/6470/5355 5253/6460/5357 5260/6554/5358
f 6237/5323/5359 5254/6466/5360 5255/5325/5361 6238/5326/5362
f 5248/5315/5351 106/2197/2215 105/2196/2214 5256/5327/5363
f 5257/5314/5350 107/2198/2216 106/2197/2215 5248/5315/5351
f 5258/5318/5354 108/2199/2217 107/2198/2216 5257/5314/5350
f 5259/5320/5356 109/2200/2218 108/2199/2217 5258/5318/5354
f 109/2200/2218 5259/5320/5356 5260/6554/5358 110/2201/2219
f 6238/5326/5362 5255/5325/5361 111/2203/2221 3052/2202/2220
f 5261/5328/5364 112/2205/2223 111/2203/2221 5255/5325/5361
f 5265/5329/5365 5359/5330/5366 5358/5331/5367 5264/5332/5368
f 5266/5333/5369 5360/5334/5370 5359/5330/5366 5265/5329/5365
f 5249/6469/5352 5248/5315/5351 5256/5327/5363 5270/5335/5371
f 6156/5336/5372 5272/5337/5373 5271/6467/5374 6157/6462/5375
f 5246/5311/5347 5242/6468/5343 5271/6467/5374 5272/5337/5373
f 5255/5325/5361 5254/6466/5360 5273/6465/5376 5261/5328/5364
f 5261/5328/5364 5247/5312/5348 104/2180/2198 112/2205/2223
f 5273/6465/5376 5274/6464/5377 5247/5312/5348 5261/5328/5364
f 5348/5342/5378 5276/5343/5379 6159/5344/5380 6158/5345/5381
f 5349/5346/5382 5275/5347/5383 5277/5348/5384 5350/5349/5385
f 5350/5349/5385 5277/5348/5384 5278/5350/5386 5351/5351/5387
f 5279/5352/5388 5352/5353/5389 5351/5351/5387 5278/5350/5386
f 5352/5353/5389 5279/5352/5388 5280/5354/5390 5353/5355/5391
f 5353/5355/5391 5280/5354/5390 5281/6552/5392 5354/6551/5393
f 6235/5358/5394 5282/5359/5395 5355/5360/5396 6236/5361/5397
f 5282/5359/5395 5283/5362/5398 5356/5363/5399 5355/5360/5396
f 5356/5363/5399 5283/5362/5398 5284/5364/5400 5357/5365/5401
f 5009/6463/5111 5007/5058/5094 5004/5061/5097 5274/6464/5377
f 5004/5061/5097 5005/5060/5096 5010/5064/5100 5285/5366/5402
f 5010/5064/5100 5008/5062/5098 5247/5312/5348 5285/5366/5402
f 5285/5366/5402 5247/5312/5348 5274/6464/5377 5004/5061/5097
f 5357/5365/5401 5284/5364/5400 5264/5332/5368 5358/5331/5367
f 5262/5367/5403 5276/5343/5379 5348/5342/5378 5347/5368/5404
f 5269/5369/5405 5364/5370/5406 5363/5371/5407 5267/5372/5408
f 5000/5054/5090 5286/5373/5409 5287/5374/5410 5001/5055/5091
f 5288/5375/5411 5241/5306/5342 5001/5055/5091 5287/5374/5410
f 5364/5370/5406 5269/5369/5405 5268/5376/5412 5365/5377/5413
f 5241/5306/5342 5288/5375/5411 5289/5378/5414 5242/5307/5343
f 5289/5378/5414 5263/5379/5415 5271/5338/5374 5242/5307/5343
f 5366/5380/5416 5290/5381/5417 5262/5367/5403 5347/5368/5404
f 5286/5373/5409 5000/5054/5090 5292/5382/5418 5291/5383/5419
f 5000/5054/5090 4998/6479/5089 5026/5080/5116 5292/5382/5418
f 5292/5382/5418 5026/5080/5116 5029/5083/5119 5293/5384/5420
f 5293/5384/5420 5294/5385/5421 5291/5383/5419 5292/5382/5418
f 5030/5084/5120 5294/5385/5421 5293/5384/5420 5029/5083/5119
f 5360/5334/5370 5266/5333/5369 5295/5386/5422 5361/5387/5423
f 5296/5388/5424 5267/5372/5408 5363/5371/5407 5362/5389/5425
f 5295/5386/5422 5296/5388/5424 5362/5389/5425 5361/5387/5423
f 5365/5377/5413 5268/5376/5412 5290/5381/5417 5366/5380/5416
f 5264/5332/5368 5388/5390/5426 5387/5391/5427 5265/5329/5365
f 5265/5329/5365 5387/5391/5427 5406/5392/5428 5266/5333/5369
f 5269/5369/5405 5402/5393/5429 5401/5394/5430 5268/5376/5412
f 5267/5372/5408 5403/5395/5431 5402/5393/5429 5269/5369/5405
f 5276/5343/5379 5398/5396/5432 6160/5397/5433 6159/5344/5380
f 5275/5347/5383 5397/5398/5434 5396/5399/5435 5277/5348/5384
f 5277/5348/5384 5396/5399/5435 5395/5400/5436 5278/5350/5386
f 5278/5350/5386 5395/5400/5436 5394/5401/5437 5279/5352/5388
f 5279/5352/5388 5394/5401/5437 5393/5402/5438 5280/5354/5390
f 5280/5354/5390 5393/5402/5438 5392/6547/5439 5281/6552/5392
f 6234/5404/5440 5391/5405/5441 5282/5359/5395 6235/5358/5394
f 5282/5359/5395 5391/5405/5441 5390/5406/5442 5283/5362/5398
f 5283/5362/5398 5390/5406/5442 5389/5407/5443 5284/5364/5400
f 5284/5364/5400 5389/5407/5443 5388/5390/5426 5264/5332/5368
f 5262/5367/5403 5399/5408/5444 5398/5396/5432 5276/5343/5379
f 5290/5381/5417 5400/5409/5445 5399/5408/5444 5262/5367/5403
f 5266/5333/5369 5406/5392/5428 5405/5410/5446 5295/5386/5422
f 5296/5388/5424 5404/5411/5447 5403/5395/5431 5267/5372/5408
f 5295/5386/5422 5405/5410/5446 5404/5411/5447 5296/5388/5424
f 5268/5376/5412 5401/5394/5430 5400/5409/5445 5290/5381/5417
f 5314/5412/5448 5318/5413/5449 5317/5414/5450 5313/5415/5451
f 5320/5416/5452 5319/5417/5453 5318/5413/5449 5314/5412/5448
f 5304/5418/5454 5313/5415/5451 5317/5414/5450 5321/5419/5455
f 6163/5420/5456 5304/5418/5454 5321/5419/5455 6164/5421/5457
f 5324/5422/5458 5323/5423/5459 5303/5424/5460 5322/5425/5461
f 5328/5426/5462 5327/5427/5463 5326/5428/5464 5325/5429/5465
f 5330/5430/5466 5329/5431/5467 5323/5423/5459 5324/5422/5458
f 5327/5427/5463 5328/5426/5462 5329/5431/5467 5330/5430/5466
f 6164/5421/5457 5321/5419/5455 5331/5432/5468 6165/5433/5469
f 6168/5434/5470 5333/5435/5471 5332/5436/5472 6169/5437/5473
f 6167/5438/5474 5334/5439/5475 5333/5435/5471 6168/5434/5470
f 6165/5433/5469 5331/5432/5468 5335/5440/5476 6166/5441/5477
f 5334/5439/5475 6167/5438/5474 6166/5441/5477 5335/5440/5476
f 5331/5432/5468 5321/5419/5455 5317/5414/5450 5336/5442/5478
f 5336/5442/5478 5317/5414/5450 5318/5413/5449 5319/5417/5453
f 5319/5417/5453 5320/5416/5452 5338/5443/5479 5337/5444/5480
f 5336/5442/5478 5319/5417/5453 5337/5444/5480 5339/5445/5481
f 5335/5440/5476 5331/5432/5468 5336/5442/5478 5339/5445/5481
f 5334/5439/5475 5335/5440/5476 5339/5445/5481 5340/5446/5482
f 5341/5447/5483 5340/5446/5482 5339/5445/5481 5337/5444/5480
f 5342/5448/5484 5341/5447/5483 5337/5444/5480 5338/5443/5479
f 5333/5435/5471 5334/5439/5475 5340/5446/5482 5343/5449/5485
f 5332/5436/5472 5333/5435/5471 5343/5449/5485 5344/5450/5486
f 5345/5451/5487 5343/5449/5485 5340/5446/5482 5341/5447/5483
f 5345/5451/5487 5346/5452/5488 5344/5450/5486 5343/5449/5485
f 5341/5447/5483 5342/5448/5484 5346/5452/5488 5345/5451/5487
f 5348/5342/5378 5271/5338/5374 5263/5379/5415 5347/5368/5404
f 6157/5339/5375 5271/5338/5374 5348/5342/5378 6158/5345/5381
f 5249/5316/5352 5270/6461/5371 5349/5346/5382 5350/5349/5385
f 5250/5313/5349 5249/5316/5352 5350/5349/5385 5351/5351/5387
f 5352/5353/5389 5251/5317/5353 5250/5313/5349 5351/5351/5387
f 5252/5319/5355 5251/5317/5353 5352/5353/5389 5353/5355/5391
f 5253/6549/5357 5252/5319/5355 5353/5355/5391 5354/6551/5393
f 5254/5324/5360 6237/6459/5359 6236/5361/5397 5355/5360/5396
f 5356/5363/5399 5273/5340/5376 5254/5324/5360 5355/5360/5396
f 5274/5341/5377 5273/5340/5376 5356/5363/5399 5357/5365/5401
f 5009/5075/5111 5274/5341/5377 5357/5365/5401 5358/5331/5367
f 5359/5330/5366 5021/5074/5110 5009/5075/5111 5358/5331/5367
f 5360/5334/5370 5030/5084/5120 5021/5074/5110 5359/5330/5366
f 5294/5385/5421 5030/5084/5120 5360/5334/5370 5361/5387/5423
f 5362/5389/5425 5291/5383/5419 5294/5385/5421 5361/5387/5423
f 5363/5371/5407 5286/5373/5409 5291/5383/5419 5362/5389/5425
f 5364/5370/5406 5287/5374/5410 5286/5373/5409 5363/5371/5407
f 5287/5374/5410 5364/5370/5406 5365/5377/5413 5288/5375/5411
f 5289/5378/5414 5288/5375/5411 5365/5377/5413 5366/5380/5416
f 5263/5379/5415 5289/5378/5414 5366/5380/5416 5347/5368/5404
f 5368/5453/5489 5408/5454/5490 5407/5455/5491 5367/5456/5492
f 5369/5457/5493 5409/5458/5494 5408/5454/5490 5368/5453/5489
f 5370/5459/5495 5410/5460/5496 5409/5458/5494 5369/5457/5493
f 5371/5461/5497 5411/5462/5498 5410/5460/5496 5370/5459/5495
f 6232/5463/5499 5411/5462/5498 5371/5461/5497 6233/5464/5500
f 5373/5465/5501 5413/5466/5502 5412/6546/5503 5372/6548/5504
f 5374/5469/5505 5414/5470/5506 5413/5466/5502 5373/5465/5501
f 5375/5471/5507 5415/5472/5508 5414/5470/5506 5374/5469/5505
f 5376/5473/5509 5416/5474/5510 5415/5472/5508 5375/5471/5507
f 5377/5475/5511 5417/5476/5512 5416/5474/5510 5376/5473/5509
f 5378/5477/5513 5418/5478/5514 6162/5479/5515 6161/5480/5516
f 5379/5481/5517 5419/5482/5518 5418/5478/5514 5378/5477/5513
f 5380/5483/5519 5420/5484/5520 5419/5482/5518 5379/5481/5517
f 5381/5485/5521 5421/5486/5522 5420/5484/5520 5380/5483/5519
f 5382/5487/5523 5422/5488/5524 5421/5486/5522 5381/5485/5521
f 5383/5489/5525 5423/5490/5526 5422/5488/5524 5382/5487/5523
f 5384/5491/5527 5424/5492/5528 5423/5490/5526 5383/5489/5525
f 5385/5493/5529 5425/5494/5530 5424/5492/5528 5384/5491/5527
f 5386/5495/5531 5426/5496/5532 5425/5494/5530 5385/5493/5529
f 5367/5456/5492 5407/5455/5491 5426/5496/5532 5386/5495/5531
f 5388/5390/5426 5368/5453/5489 5367/5456/5492 5387/5391/5427
f 5389/5407/5443 5369/5457/5493 5368/5453/5489 5388/5390/5426
f 5390/5406/5442 5370/5459/5495 5369/5457/5493 5389/5407/5443
f 5391/5405/5441 5371/5461/5497 5370/5459/5495 5390/5406/5442
f 6233/5464/5500 5371/5461/5497 5391/5405/5441 6234/5404/5440
f 5393/5402/5438 5373/5465/5501 5372/6548/5504 5392/6547/5439
f 5394/5401/5437 5374/5469/5505 5373/5465/5501 5393/5402/5438
f 5395/5400/5436 5375/5471/5507 5374/5469/5505 5394/5401/5437
f 5396/5399/5435 5376/5473/5509 5375/5471/5507 5395/5400/5436
f 5397/5398/5434 5377/5475/5511 5376/5473/5509 5396/5399/5435
f 5398/5396/5432 5378/5477/5513 6161/5480/5516 6160/5397/5433
f 5399/5408/5444 5379/5481/5517 5378/5477/5513 5398/5396/5432
f 5400/5409/5445 5380/5483/5519 5379/5481/5517 5399/5408/5444
f 5401/5394/5430 5381/5485/5521 5380/5483/5519 5400/5409/5445
f 5402/5393/5429 5382/5487/5523 5381/5485/5521 5401/5394/5430
f 5403/5395/5431 5383/5489/5525 5382/5487/5523 5402/5393/5429
f 5404/5411/5447 5384/5491/5527 5383/5489/5525 5403/5395/5431
f 5405/5410/5446 5385/5493/5529 5384/5491/5527 5404/5411/5447
f 5406/5392/5428 5386/5495/5531 5385/5493/5529 5405/5410/5446
f 5387/5391/5427 5367/5456/5492 5386/5495/5531 5406/5392/5428
f 5408/5454/5490 5298/5497/5533 5297/5498/5534 5407/5455/5491
f 5409/5458/5494 5312/5499/5535 5298/5497/5533 5408/5454/5490
f 5410/5460/5496 5311/5500/5536 5312/5499/5535 5409/5458/5494
f 5411/5462/5498 5310/5501/5537 5311/5500/5536 5410/5460/5496
f 6231/5502/5538 5310/5501/5537 5411/5462/5498 6232/5463/5499
f 5413/5466/5502 5308/5503/5539 5309/6545/5540 5412/6546/5503
f 5414/5470/5506 5307/5505/5541 5308/5503/5539 5413/5466/5502
f 5415/5472/5508 5306/5506/5542 5307/5505/5541 5414/5470/5506
f 5416/5474/5510 5305/5507/5543 5306/5506/5542 5415/5472/5508
f 5417/5476/5512 5303/5424/5460 5305/5507/5543 5416/5474/5510
f 5418/5478/5514 5304/5418/5454 6163/5420/5456 6162/5479/5515
f 5419/5482/5518 5313/5415/5451 5304/5418/5454 5418/5478/5514
f 5420/5484/5520 5314/5412/5448 5313/5415/5451 5419/5482/5518
f 5421/5486/5522 5300/5508/5544 5314/5412/5448 5420/5484/5520
f 5422/5488/5524 5301/5509/5545 5300/5508/5544 5421/5486/5522
f 5423/5490/5526 5302/5510/5546 5301/5509/5545 5422/5488/5524
f 5424/5492/5528 5316/5511/5547 5302/5510/5546 5423/5490/5526
f 5425/5494/5530 5315/5512/5548 5316/5511/5547 5424/5492/5528
f 5426/5496/5532 5299/5513/5549 5315/5512/5548 5425/5494/5530
f 5407/5455/5491 5297/5498/5534 5299/5513/5549 5426/5496/5532
f 5314/5412/5448 5300/5508/5544 5427/5514/5550 5320/5416/5452
f 5428/5515/5551 5427/5514/5550 5300/5508/5544 5301/5509/5545
f 5429/5516/5552 5428/5515/5551 5301/5509/5545 5302/5510/5546
f 5430/5517/5553 5338/5443/5479 5320/5416/5452 5427/5514/5550
f 5431/5518/5554 5430/5517/5553 5427/5514/5550 5428/5515/5551
f 5432/5519/5555 5431/5518/5554 5428/5515/5551 5429/5516/5552
f 5433/5520/5556 5342/5448/5484 5338/5443/5479 5430/5517/5553
f 5434/5521/5557 5433/5520/5556 5430/5517/5553 5431/5518/5554
f 5435/5522/5558 5434/5521/5557 5431/5518/5554 5432/5519/5555
f 5323/5423/5459 5436/5523/5559 5305/5507/5543 5303/5424/5460
f 5306/5506/5542 5305/5507/5543 5436/5523/5559 5437/5524/5560
f 5436/5523/5559 5323/5423/5459 5329/5431/5467 5438/5525/5561
f 5437/5524/5560 5436/5523/5559 5438/5525/5561 5439/5526/5562
f 5438/5525/5561 5329/5431/5467 5328/5426/5462 5440/5527/5563
f 5439/5526/5562 5438/5525/5561 5440/5527/5563 5441/5528/5564
f 5325/5429/5465 5442/5529/5565 5440/5527/5563 5328/5426/5462
f 5441/5528/5564 5440/5527/5563 5442/5529/5565 5443/5530/5566
f 5342/5448/5484 5433/5520/5556 5444/5531/5567 5346/5452/5488
f 5433/5520/5556 5434/5521/5557 5445/5532/5568 5444/5531/5567
f 5446/5533/5569 5445/5532/5568 5434/5521/5557 5435/5522/5558
f 5307/5505/5541 5306/5506/5542 5437/5524/5560 5447/5534/5570
f 5439/5526/5562 5448/5535/5571 5447/5534/5570 5437/5524/5560
f 5448/5535/5571 5439/5526/5562 5441/5528/5564 5449/5536/5572
f 5449/5536/5572 5441/5528/5564 5443/5530/5566 5450/5537/5573
f 5302/5510/5546 5316/5511/5547 5451/5538/5574 5429/5516/5552
f 5452/5539/5575 5432/5519/5555 5429/5516/5552 5451/5538/5574
f 5453/5540/5576 5451/5538/5574 5316/5511/5547 5315/5512/5548
f 5454/5541/5577 5452/5539/5575 5451/5538/5574 5453/5540/5576
f 5455/5542/5578 5435/5522/5558 5432/5519/5555 5452/5539/5575
f 5456/5543/5579 5455/5542/5578 5452/5539/5575 5454/5541/5577
f 5457/5544/5580 5446/5533/5569 5435/5522/5558 5455/5542/5578
f 5458/5545/5581 5457/5544/5580 5455/5542/5578 5456/5543/5579
f 5447/5534/5570 5459/5546/5582 5308/5503/5539 5307/5505/5541
f 5459/5546/5582 5460/6544/5583 5309/6545/5540 5308/5503/5539
f 5448/5535/5571 5461/5548/5584 5459/5546/5582 5447/5534/5570
f 5460/6544/5583 5459/5546/5582 5461/5548/5584 5462/6543/5585
f 5461/5548/5584 5448/5535/5571 5449/5536/5572 5463/5550/5586
f 5463/5550/5586 5464/6542/5587 5462/6543/5585 5461/5548/5584
f 5450/5537/5573 5465/5552/5588 5463/5550/5586 5449/5536/5572
f 5464/6542/5587 5463/5550/5586 5465/5552/5588 5466/6541/5589
f 5310/5501/5537 6231/5502/5538 6230/5554/5590 5467/5555/5591
f 6229/5556/5592 5468/5557/5593 5467/5555/5591 6230/5554/5590
f 5468/5557/5593 6229/5556/5592 6228/5558/5594 5469/5559/5595
f 5469/5559/5595 6228/5558/5594 6227/5560/5596 5470/5561/5597
f 5311/5500/5536 5310/5501/5537 5467/5555/5591 5471/5562/5598
f 5312/5499/5535 5311/5500/5536 5471/5562/5598 5472/5563/5599
f 5471/5562/5598 5467/5555/5591 5468/5557/5593 5473/5564/5600
f 5473/5564/5600 5468/5557/5593 5469/5559/5595 5474/5565/5601
f 5474/5565/5601 5469/5559/5595 5470/5561/5597 5475/5566/5602
f 5476/5567/5603 5298/5497/5533 5312/5499/5535 5472/5563/5599
f 5477/5568/5604 5297/5498/5534 5298/5497/5533 5476/5567/5603
f 5478/5569/5605 5453/5540/5576 5315/5512/5548 5299/5513/5549
f 5299/5513/5549 5297/5498/5534 5477/5568/5604 5478/5569/5605
f 6259/5570/5606 5481/5571/5607 5480/5572/5608 6260/5573/5609
f 5481/5571/5607 6259/5570/5606 6258/5574/5610 5483/5575/5611
f 6260/5573/5609 5480/5572/5608 5486/5576/5612 6261/5577/5613
f 6257/5578/5614 5487/5579/5615 5483/5575/5611 6258/5574/5610
f 5488/5580/5616 6262/5581/5617 6261/5577/5613 5486/5576/5612
f 6262/5581/5617 5488/5580/5616 5489/5582/5618 6263/5583/5619
f 5490/5584/5620 5487/5579/5615 6257/5578/5614 6256/5585/5621
f 5490/5584/5620 6256/5585/5621 6255/5586/5622 5491/5587/5623
f 6263/5583/5619 5489/5582/5618 5494/5588/5624 6264/5589/5625
f 5472/5563/5599 5471/5562/5598 5473/5564/5600 5495/5590/5626
f 5484/5591/5627 5495/5590/5626 5473/5564/5600 5474/5565/5601
f 5496/5592/5628 5454/5541/5577 5453/5540/5576 5478/5569/5605
f 5454/5541/5577 5496/5592/5628 5485/5593/5629 5456/5543/5579
f 5498/5594/5630 5477/5568/5604 5476/5567/5603 5497/5595/5631
f 5496/5592/5628 5478/5569/5605 5477/5568/5604 5498/5594/5630
f 5485/5593/5629 5496/5592/5628 5498/5594/5630 5479/5596/5632
f 5479/5596/5632 5498/5594/5630 5497/5595/5631 5482/5597/5633
f 5495/5590/5626 5484/5591/5627 5482/5597/5633 5497/5595/5631
f 5497/5595/5631 5476/5567/5603 5472/5563/5599 5495/5590/5626
f 5500/5598/5634 5499/5599/5635 5480/5572/5608 5481/5571/5607
f 5483/5575/5611 5487/5579/5615 5500/5598/5634 5481/5571/5607
f 5486/5576/5612 5480/5572/5608 5499/5599/5635 5488/5580/5616
f 5501/5600/5636 5500/5598/5634 5487/5579/5615 5490/5584/5620
f 5502/5601/5637 5499/5599/5635 5500/5598/5634 5501/5600/5636
f 5489/5582/5618 5488/5580/5616 5499/5599/5635 5502/5601/5637
f 5503/5602/5638 5501/5600/5636 5490/5584/5620 5491/5587/5623
f 5504/5603/5639 5502/5601/5637 5501/5600/5636 5503/5602/5638
f 5494/5588/5624 5489/5582/5618 5502/5601/5637 5504/5603/5639
f 5506/5604/5640 6265/5605/5641 6264/5589/5625 5494/5588/5624
f 5491/5587/5623 6255/5586/5622 6254/5606/5642 5507/5607/5643
f 5510/5608/5644 5509/5609/5645 5504/5603/5639 5503/5602/5638
f 5507/5607/5643 5510/5608/5644 5503/5602/5638 5491/5587/5623
f 5509/5609/5645 5506/5604/5640 5494/5588/5624 5504/5603/5639
f 5457/5544/5580 5458/5545/5581 5493/5610/5646 5511/5611/5647
f 5511/5611/5647 5493/5610/5646 5505/5612/5648 5512/5613/5649
f 5446/5533/5569 5457/5544/5580 5511/5611/5647 5513/5614/5650
f 5512/5613/5649 5514/5615/5651 5513/5614/5650 5511/5611/5647
f 5445/5532/5568 5446/5533/5569 5513/5614/5650 5515/5616/5652
f 5515/5616/5652 5513/5614/5650 5514/5615/5651 5516/5617/5653
f 5444/5531/5567 5445/5532/5568 5515/5616/5652 5517/5618/5654
f 5517/5618/5654 5518/5619/5655 5346/5452/5488 5444/5531/5567
f 5517/5618/5654 5515/5616/5652 5516/5617/5653 5519/5620/5656
f 5518/5619/5655 5517/5618/5654 5519/5620/5656 5520/5621/5657
f 5518/5619/5655 5521/5622/5658 5344/5450/5486 5346/5452/5488
f 5521/5622/5658 5518/5619/5655 5520/5621/5657 5522/5623/5659
f 5521/5622/5658 5523/5624/5660 5332/5436/5472 5344/5450/5486
f 5523/5624/5660 5521/5622/5658 5522/5623/5659 5524/5625/5661
f 5523/5624/5660 6170/5626/5662 6169/5437/5473 5332/5436/5472
f 6170/5626/5662 5523/5624/5660 5524/5625/5661 6171/5627/5663
f 5525/5628/5664 5527/5629/5665 5442/5529/5565 5325/5429/5465
f 5526/5630/5666 5528/5631/5667 5527/5629/5665 5525/5628/5664
f 5443/5530/5566 5442/5529/5565 5527/5629/5665 5529/5632/5668
f 5529/5632/5668 5527/5629/5665 5528/5631/5667 5530/5633/5669
f 5450/5537/5573 5443/5530/5566 5529/5632/5668 5531/5634/5670
f 5531/5634/5670 5529/5632/5668 5530/5633/5669 5532/5635/5671
f 5531/5634/5670 5533/5636/5672 5465/5552/5588 5450/5537/5573
f 5466/6541/5589 5465/5552/5588 5533/5636/5672 5534/6540/5673
f 6226/5638/5674 5535/5639/5675 5470/5561/5597 6227/5560/5596
f 5535/5639/5675 5492/5640/5676 5475/5566/5602 5470/5561/5597
f 5532/5635/5671 5536/5641/5677 5533/5636/5672 5531/5634/5670
f 5534/6540/5673 5533/5636/5672 5536/5641/5677 5537/6539/5678
f 6225/5643/5679 5538/5644/5680 5535/5639/5675 6226/5638/5674
f 5538/5644/5680 5508/5645/5681 5492/5640/5676 5535/5639/5675
f 5506/5604/5640 5599/5646/5682 6266/5647/5683 6265/5605/5641
f 6253/5648/5684 5602/5649/5685 5507/5607/5643 6254/5606/5642
f 5510/5608/5644 5601/5650/5686 5600/5651/5687 5509/5609/5645
f 5507/5607/5643 5602/5649/5685 5601/5650/5686 5510/5608/5644
f 5509/5609/5645 5600/5651/5687 5599/5646/5682 5506/5604/5640
f 5505/5612/5648 5598/5652/5688 5617/5653/5689 5512/5613/5649
f 5512/5613/5649 5617/5653/5689 5616/5654/5690 5514/5615/5651
f 5514/5615/5651 5616/5654/5690 5615/5655/5691 5516/5617/5653
f 5516/5617/5653 5615/5655/5691 5614/5656/5692 5519/5620/5656
f 5519/5620/5656 5614/5656/5692 5613/5657/5693 5520/5621/5657
f 5520/5621/5657 5613/5657/5693 5612/5658/5694 5522/5623/5659
f 5522/5623/5659 5612/5658/5694 5611/5659/5695 5524/5625/5661
f 5524/5625/5661 5611/5659/5695 6172/5660/5696 6171/5627/5663
f 5526/5630/5666 5610/5661/5697 5609/5662/5698 5528/5631/5667
f 5528/5631/5667 5609/5662/5698 5608/5663/5699 5530/5633/5669
f 5530/5633/5669 5608/5663/5699 5607/5664/5700 5532/5635/5671
f 5532/5635/5671 5607/5664/5700 5606/5665/5701 5536/5641/5677
f 5536/5641/5677 5606/5665/5701 5605/6537/5702 5537/6539/5678
f 6224/5667/5703 5604/5668/5704 5538/5644/5680 6225/5643/5679
f 5538/5644/5680 5604/5668/5704 5603/5669/5705 5508/5645/5681
f 5559/5670/5706 5619/5671/5707 6270/5672/5708 6269/5673/5709
f 5560/5674/5710 5620/5675/5711 5619/5671/5707 5559/5670/5706
f 5561/5676/5712 5621/5677/5713 5620/5675/5711 5560/5674/5710
f 5562/5678/5714 5622/5679/5715 5621/5677/5713 5561/5676/5712
f 6249/5680/5716 5622/5679/5715 5562/5678/5714 6250/5681/5717
f 5564/5682/5718 5624/5683/5719 5623/5684/5720 5563/5685/5721
f 6220/5686/5722 5624/5683/5719 5564/5682/5718 6221/5687/5723
f 5566/5688/5724 5626/5689/5725 5625/6536/5726 5565/6538/5727
f 5567/5692/5728 5627/5693/5729 5626/5689/5725 5566/5688/5724
f 5568/5694/5730 5628/5695/5731 5627/5693/5729 5567/5692/5728
f 5569/5696/5732 5629/5697/5733 5628/5695/5731 5568/5694/5730
f 5570/5698/5734 5630/5699/5735 5629/5697/5733 5569/5696/5732
f 5571/5700/5736 5631/5701/5737 6176/5702/5738 6175/5703/5739
f 5572/5704/5740 5632/5705/5741 5631/5701/5737 5571/5700/5736
f 5573/5706/5742 5633/5707/5743 5632/5705/5741 5572/5704/5740
f 5574/5708/5744 5634/5709/5745 5633/5707/5743 5573/5706/5742
f 5575/5710/5746 5635/5711/5747 5634/5709/5745 5574/5708/5744
f 5576/5712/5748 5636/5713/5749 5635/5711/5747 5575/5710/5746
f 5577/5714/5750 5637/5715/5751 5636/5713/5749 5576/5712/5748
f 5558/5716/5752 5618/5717/5753 5637/5715/5751 5577/5714/5750
f 5579/5718/5754 5559/5670/5706 6269/5673/5709 6268/5719/5755
f 5580/5720/5756 5560/5674/5710 5559/5670/5706 5579/5718/5754
f 5581/5721/5757 5561/5676/5712 5560/5674/5710 5580/5720/5756
f 5582/5722/5758 5562/5678/5714 5561/5676/5712 5581/5721/5757
f 6250/5681/5717 5562/5678/5714 5582/5722/5758 6251/5723/5759
f 5584/5724/5760 5564/5682/5718 5563/5685/5721 5583/5725/5761
f 6221/5687/5723 5564/5682/5718 5584/5724/5760 6222/5726/5762
f 5586/5727/5763 5566/5688/5724 5565/6538/5727 5585/6534/5764
f 5587/5729/5765 5567/5692/5728 5566/5688/5724 5586/5727/5763
f 5588/5730/5766 5568/5694/5730 5567/5692/5728 5587/5729/5765
f 5589/5731/5767 5569/5696/5732 5568/5694/5730 5588/5730/5766
f 5590/5732/5768 5570/5698/5734 5569/5696/5732 5589/5731/5767
f 5591/5733/5769 5571/5700/5736 6175/5703/5739 6174/5734/5770
f 5592/5735/5771 5572/5704/5740 5571/5700/5736 5591/5733/5769
f 5593/5736/5772 5573/5706/5742 5572/5704/5740 5592/5735/5771
f 5594/5737/5773 5574/5708/5744 5573/5706/5742 5593/5736/5772
f 5595/5738/5774 5575/5710/5746 5574/5708/5744 5594/5737/5773
f 5596/5739/5775 5576/5712/5748 5575/5710/5746 5595/5738/5774
f 5597/5740/5776 5577/5714/5750 5576/5712/5748 5596/5739/5775
f 5578/5741/5777 5558/5716/5752 5577/5714/5750 5597/5740/5776
f 5599/5646/5682 5659/5742/5778 6267/5743/5779 6266/5647/5683
f 5600/5651/5687 5660/5744/5780 5659/5742/5778 5599/5646/5682
f 5601/5650/5686 5661/5745/5781 5660/5744/5780 5600/5651/5687
f 5602/5649/5685 5662/5746/5782 5661/5745/5781 5601/5650/5686
f 6252/5747/5783 5662/5746/5782 5602/5649/5685 6253/5648/5684
f 5604/5668/5704 5664/5748/5784 5663/5749/5785 5603/5669/5705
f 6223/5750/5786 5664/5748/5784 5604/5668/5704 6224/5667/5703
f 5606/5665/5701 5666/5751/5787 5665/6533/5788 5605/6537/5702
f 5607/5664/5700 5667/5753/5789 5666/5751/5787 5606/5665/5701
f 5608/5663/5699 5668/5754/5790 5667/5753/5789 5607/5664/5700
f 5609/5662/5698 5669/5755/5791 5668/5754/5790 5608/5663/5699
f 5610/5661/5697 5670/5756/5792 5669/5755/5791 5609/5662/5698
f 5611/5659/5695 5671/5757/5793 6173/5758/5794 6172/5660/5696
f 5612/5658/5694 5672/5759/5795 5671/5757/5793 5611/5659/5695
f 5613/5657/5693 5673/5760/5796 5672/5759/5795 5612/5658/5694
f 5614/5656/5692 5674/5761/5797 5673/5760/5796 5613/5657/5693
f 5615/5655/5691 5675/5762/5798 5674/5761/5797 5614/5656/5692
f 5616/5654/5690 5676/5763/5799 5675/5762/5798 5615/5655/5691
f 5617/5653/5689 5677/5764/5800 5676/5763/5799 5616/5654/5690
f 5598/5652/5688 5658/5765/5801 5677/5764/5800 5617/5653/5689
f 5619/5671/5707 5639/5766/5802 6271/5767/5803 6270/5672/5708
f 5620/5675/5711 5640/5768/5804 5639/5766/5802 5619/5671/5707
f 5621/5677/5713 5641/5769/5805 5640/5768/5804 5620/5675/5711
f 5622/5679/5715 5642/5770/5806 5641/5769/5805 5621/5677/5713
f 6248/5771/5807 5642/5770/5806 5622/5679/5715 6249/5680/5716
f 5624/5683/5719 5644/5772/5808 5643/5773/5809 5623/5684/5720
f 6219/5774/5810 5644/5772/5808 5624/5683/5719 6220/5686/5722
f 5626/5689/5725 5646/5775/5811 5645/6535/5812 5625/6536/5726
f 5627/5693/5729 5647/5777/5813 5646/5775/5811 5626/5689/5725
f 5628/5695/5731 5648/5778/5814 5647/5777/5813 5627/5693/5729
f 5629/5697/5733 5649/5779/5815 5648/5778/5814 5628/5695/5731
f 5630/5699/5735 5650/5780/5816 5649/5779/5815 5629/5697/5733
f 5631/5701/5737 5651/5781/5817 6177/5782/5818 6176/5702/5738
f 5632/5705/5741 5652/5783/5819 5651/5781/5817 5631/5701/5737
f 5633/5707/5743 5653/5784/5820 5652/5783/5819 5632/5705/5741
f 5634/5709/5745 5654/5785/5821 5653/5784/5820 5633/5707/5743
f 5635/5711/5747 5655/5786/5822 5654/5785/5821 5634/5709/5745
f 5636/5713/5749 5656/5787/5823 5655/5786/5822 5635/5711/5747
f 5637/5715/5751 5657/5788/5824 5656/5787/5823 5636/5713/5749
f 5618/5717/5753 5638/5789/5825 5657/5788/5824 5637/5715/5751
f 5639/5766/5802 5725/5790/5826 6272/5791/5827 6271/5767/5803
f 5640/5768/5804 5726/5792/5828 5725/5790/5826 5639/5766/5802
f 5641/5769/5805 5727/5793/5829 5726/5792/5828 5640/5768/5804
f 5642/5770/5806 5728/5794/5830 5727/5793/5829 5641/5769/5805
f 6247/5795/5831 5728/5794/5830 5642/5770/5806 6248/5771/5807
f 5644/5772/5808 5730/5796/5832 5729/5797/5833 5643/5773/5809
f 6218/5798/5834 5730/5796/5832 5644/5772/5808 6219/5774/5810
f 5646/5775/5811 5732/5799/5835 5731/6520/5836 5645/6535/5812
f 5647/5777/5813 5733/5801/5837 5732/5799/5835 5646/5775/5811
f 5648/5778/5814 5734/5802/5838 5733/5801/5837 5647/5777/5813
f 5649/5779/5815 5735/5803/5839 5734/5802/5838 5648/5778/5814
f 5650/5780/5816 5736/5804/5840 5735/5803/5839 5649/5779/5815
f 5651/5781/5817 5737/5805/5841 6178/5806/5842 6177/5782/5818
f 5652/5783/5819 5738/5807/5843 5737/5805/5841 5651/5781/5817
f 5653/5784/5820 5739/5808/5844 5738/5807/5843 5652/5783/5819
f 5654/5785/5821 5740/5809/5845 5739/5808/5844 5653/5784/5820
f 5655/5786/5822 5741/5810/5846 5740/5809/5845 5654/5785/5821
f 5656/5787/5823 5742/5811/5847 5741/5810/5846 5655/5786/5822
f 5657/5788/5824 5743/5812/5848 5742/5811/5847 5656/5787/5823
f 5638/5789/5825 5724/5813/5849 5743/5812/5848 5657/5788/5824
f 5659/5742/5778 5579/5718/5754 6268/5719/5755 6267/5743/5779
f 5660/5744/5780 5580/5720/5756 5579/5718/5754 5659/5742/5778
f 5661/5745/5781 5581/5721/5757 5580/5720/5756 5660/5744/5780
f 5662/5746/5782 5582/5722/5758 5581/5721/5757 5661/5745/5781
f 6251/5723/5759 5582/5722/5758 5662/5746/5782 6252/5747/5783
f 5664/5748/5784 5584/5724/5760 5583/5725/5761 5663/5749/5785
f 6222/5726/5762 5584/5724/5760 5664/5748/5784 6223/5750/5786
f 5666/5751/5787 5586/5727/5763 5585/6534/5764 5665/6533/5788
f 5667/5753/5789 5587/5729/5765 5586/5727/5763 5666/5751/5787
f 5668/5754/5790 5588/5730/5766 5587/5729/5765 5667/5753/5789
f 5669/5755/5791 5589/5731/5767 5588/5730/5766 5668/5754/5790
f 5670/5756/5792 5590/5732/5768 5589/5731/5767 5669/5755/5791
f 5671/5757/5793 5591/5733/5769 6174/5734/5770 6173/5758/5794
f 5672/5759/5795 5592/5735/5771 5591/5733/5769 5671/5757/5793
f 5673/5760/5796 5593/5736/5772 5592/5735/5771 5672/5759/5795
f 5674/5761/5797 5594/5737/5773 5593/5736/5772 5673/5760/5796
f 5675/5762/5798 5595/5738/5774 5594/5737/5773 5674/5761/5797
f 5676/5763/5799 5596/5739/5775 5595/5738/5774 5675/5762/5798
f 5677/5764/5800 5597/5740/5776 5596/5739/5775 5676/5763/5799
f 5658/5765/5801 5578/5741/5777 5597/5740/5776 5677/5764/5800
f 5541/6506/5850 5557/5815/5851 5679/5816/5852 5678/6532/5853
f 5681/5818/5854 5680/5819/5855 5678/5817/5853 5679/6516/5852
f 5683/5820/5856 5682/5821/5857 5940/5822/5858 5939/5823/5859
f 5685/6531/5860 5684/6512/5861 5539/5826/5862 5542/5827/5863
f 5684/5825/5861 5685/5824/5860 5687/5828/5864 5686/5829/5865
f 5945/5830/5866 5689/5831/5867 5688/5832/5868 5946/5833/5869
f 5540/6530/5870 6245/6505/5871 6244/5836/5872 5690/5837/5873
f 5543/6529/5874 5540/6530/5870 5690/5837/5873 5692/5839/5875
f 5692/5839/5875 5693/5840/5876 5542/6528/5863 5543/6529/5874
f 5694/5841/5877 5685/5824/5860 5542/6528/5863 5693/5840/5876
f 5691/5842/5878 5541/5814/5850 5678/5817/5853 5695/5843/5879
f 5696/5844/5880 5690/5837/5873 6244/5836/5872 6243/5845/5881
f 5692/5839/5875 5690/5837/5873 5696/5844/5880 5697/5846/5882
f 5694/5841/5877 5693/5840/5876 5692/5839/5875 5697/5846/5882
f 5680/5819/5855 5698/5847/5883 5695/5843/5879 5678/5817/5853
f 5699/5848/5884 5687/5828/5864 5685/5824/5860 5694/5841/5877
f 5701/5849/5885 5700/5850/5886 5697/5846/5882 5696/5844/5880
f 5700/5850/5886 5699/5848/5884 5694/5841/5877 5697/5846/5882
f 6242/5851/5887 5701/5849/5885 5696/5844/5880 6243/5845/5881
f 5702/5852/5888 5689/5831/5867 5945/5830/5866 5944/5853/5889
f 5943/5854/5890 5703/5855/5891 5702/5852/5888 5944/5853/5889
f 5704/5856/5892 5703/5855/5891 5943/5854/5890 5942/5857/5893
f 6240/5858/5894 5704/5856/5892 5942/5857/5893 6241/5859/5895
f 5940/5822/5858 5682/5821/5857 5705/5860/5896 5941/5861/5897
f 5706/5862/5898 5689/5831/5867 5702/5852/5888 5703/5855/5891
f 5688/5832/5868 5689/5831/5867 5706/5862/5898 5707/5863/5899
f 5704/5856/5892 6240/5858/5894 6239/5864/5900 5708/5865/5901
f 5708/5865/5901 5706/5862/5898 5703/5855/5891 5704/5856/5892
f 5707/5863/5899 5706/5862/5898 5708/5865/5901 5709/5866/5902
f 5711/5867/5903 5710/5868/5904 5975/5869/5905 5974/5870/5906
f 5975/5869/5905 5710/5868/5904 6184/5871/5907 6183/5872/5908
f 5976/5873/5909 5712/5874/5910 5713/5875/5911 5977/5876/5912
f 5715/6527/5913 5550/5878/5914 5549/5879/5915 5714/6525/5916
f 6180/5881/5917 5550/5878/5914 5715/6527/5913 6181/6510/5918
f 5552/5883/5919 5551/5884/5920 5716/5885/5921 5717/6526/5922
f 5718/6519/5923 5553/5888/5924 5552/5883/5919 5717/6526/5922
f 5719/6524/5925 5714/6525/5916 5549/5879/5915 5548/5890/5926
f 5548/5890/5926 5547/5891/5927 5720/6523/5928 5719/6524/5925
f 5547/5891/5927 5546/5893/5929 5721/6522/5930 5720/6523/5928
f 5722/6521/5931 5721/6522/5930 5546/5893/5929 5545/5896/5932
f 5545/5896/5932 5544/5897/5933 5723/6513/5934 5722/6521/5931
f 5725/5790/5826 5754/5899/5935 6273/5900/5936 6272/5791/5827
f 5726/5792/5828 5755/5901/5937 5754/5899/5935 5725/5790/5826
f 5727/5793/5829 5756/5902/5938 5755/5901/5937 5726/5792/5828
f 5728/5794/5830 5757/5903/5939 5756/5902/5938 5727/5793/5829
f 6246/5904/5940 5757/5903/5939 5728/5794/5830 6247/5795/5831
f 5730/5796/5832 5759/5905/5941 5758/5906/5942 5729/5797/5833
f 6217/5907/5943 5759/5905/5941 5730/5796/5832 6218/5798/5834
f 5732/5799/5835 5761/5908/5944 5760/6514/5945 5731/6520/5836
f 5733/5801/5837 5762/5910/5946 5761/5908/5944 5732/5799/5835
f 5734/5802/5838 5763/5911/5947 5762/5910/5946 5733/5801/5837
f 5735/5803/5839 5764/5912/5948 5763/5911/5947 5734/5802/5838
f 5736/5804/5840 5765/5913/5949 5764/5912/5948 5735/5803/5839
f 5737/5805/5841 5766/5914/5950 6179/5915/5951 6178/5806/5842
f 5738/5807/5843 5767/5916/5952 5766/5914/5950 5737/5805/5841
f 5739/5808/5844 5768/5917/5953 5767/5916/5952 5738/5807/5843
f 5740/5809/5845 5769/5918/5954 5768/5917/5953 5739/5808/5844
f 5741/5810/5846 5770/5919/5955 5769/5918/5954 5740/5809/5845
f 5742/5811/5847 5771/5920/5956 5770/5919/5955 5741/5810/5846
f 5743/5812/5848 5772/5921/5957 5771/5920/5956 5742/5811/5847
f 5724/5813/5849 5753/5922/5958 5772/5921/5957 5743/5812/5848
f 5554/5923/5959 5553/5888/5924 5718/6519/5923 5744/6518/5960
f 5555/5925/5961 5554/5923/5959 5744/6518/5960 5745/6517/5962
f 5745/6517/5962 5746/6508/5963 5556/6515/5964 5555/5925/5961
f 6215/5929/5965 5679/5816/5852 5557/5815/5851 6216/5930/5966
f 5946/5833/5869 5688/5832/5868 6280/5931/5967 6279/5932/5968
f 6214/5933/5969 5681/5818/5854 5679/6516/5852 6215/6507/5965
f 6212/5934/5970 5683/5820/5856 5939/5823/5859 6213/5935/5971
f 6280/5931/5967 5688/5832/5868 5707/5863/5899 6281/5936/5972
f 5755/5901/5937 5542/5827/5863 5539/5826/5862 5754/5899/5935
f 5756/5902/5938 5543/5838/5874 5542/5827/5863 5755/5901/5937
f 5757/5903/5939 5540/5834/5870 5543/5838/5874 5756/5902/5938
f 6245/5835/5871 5540/5834/5870 5757/5903/5939 6246/5904/5940
f 5759/5905/5941 5557/5815/5851 5541/6506/5850 5758/5906/5942
f 6216/5930/5966 5557/5815/5851 5759/5905/5941 6217/5907/5943
f 5761/5908/5944 5555/5925/5961 5556/6515/5964 5760/6514/5945
f 5762/5910/5946 5554/5923/5959 5555/5925/5961 5761/5908/5944
f 5763/5911/5947 5553/5888/5924 5554/5923/5959 5762/5910/5946
f 5764/5912/5948 5552/5883/5919 5553/5888/5924 5763/5911/5947
f 5765/5913/5949 5551/5884/5920 5552/5883/5919 5764/5912/5948
f 5766/5914/5950 5550/5878/5914 6180/5881/5917 6179/5915/5951
f 5767/5916/5952 5549/5879/5915 5550/5878/5914 5766/5914/5950
f 5768/5917/5953 5548/5890/5926 5549/5879/5915 5767/5916/5952
f 5769/5918/5954 5547/5891/5927 5548/5890/5926 5768/5917/5953
f 5770/5919/5955 5546/5893/5929 5547/5891/5927 5769/5918/5954
f 5771/5920/5956 5545/5896/5932 5546/5893/5929 5770/5919/5955
f 5772/5921/5957 5544/5897/5933 5545/5896/5932 5771/5920/5956
f 5776/5937/5973 5775/5938/5974 5871/6657/5975 5870/6716/5976
f 6122/5941/5977 5778/5942/5978 5777/5943/5979 6123/5944/5980
f 5780/5945/5981 5779/5946/5982 6132/5947/5983 6131/5948/5984
f 5872/5949/5985 5811/5950/5986 5781/5951/5987 5873/5952/5988
f 5784/5953/5989 5813/5954/5990 5852/5955/5991 5851/5956/5992
f 5813/5954/5990 5784/5953/5989 5785/5957/5993 5814/5958/5994
f 5879/6694/5995 5787/5960/5996 5815/5961/5997 5880/6692/5998
f 5815/5961/5997 5787/5960/5996 5790/5963/5999 5816/5964/6000
f 5787/5960/5996 5879/6694/5995 5878/6693/6001 5790/5963/5999
f 6144/5966/6002 5790/5963/5999 5878/6693/6001 6145/6680/6003
f 6146/5968/6004 5784/5953/5989 5851/5956/5992 6147/5969/6005
f 5873/5952/5988 5781/5951/5987 6152/5970/6006 6151/5971/6007
f 5791/5972/6008 5877/5973/6009 5876/5974/6010 5849/5975/6011
f 5848/5976/6012 5790/5963/5999 6144/5966/6002 6155/5977/6013
f 5847/5978/6014 5816/5964/6000 5790/5963/5999 5848/5976/6012
f 5795/5979/6015 6136/5980/6016 6135/5981/6017 5845/5982/6018
f 6136/5980/6016 5795/5979/6015 5796/5983/6019 6137/5984/6020
f 6137/5984/6020 5796/5983/6019 5882/5985/6021 6138/5986/6022
f 5798/5987/6023 6140/5988/6024 6139/5989/6025 5797/5990/6026
f 6140/5988/6024 5798/5987/6023 5854/5991/6027 6141/5992/6028
f 6102/5993/6029 5808/5994/6030 5857/5995/6031 6103/5996/6032
f 5802/5997/6033 6126/5998/6034 6125/5999/6035 5855/6000/6036
f 5810/6001/6037 6107/6002/6038 6106/6003/6039 5869/6004/6040
f 6110/6005/6041 5809/6006/6042 5865/6007/6043 6111/6008/6044
f 5806/6009/6045 6128/6010/6046 6127/6011/6047 5863/6612/6048
f 5809/6006/6042 6110/6005/6041 6109/6013/6049 5860/6014/6050
f 6128/6010/6046 5806/6009/6045 5862/6015/6051 6129/6016/6052
f 5866/6017/6053 5804/6018/6054 5859/6019/6055 5867/6020/6056
f 6112/6021/6057 5800/6022/6058 5858/6023/6059 6113/6024/6060
f 6120/6025/6061 5804/6018/6054 5866/6017/6053 6121/6026/6062
f 5804/6018/6054 6120/6025/6061 6119/6027/6063 5859/6019/6055
f 5803/6028/6064 6117/6029/6065 6116/6030/6066 5868/6031/6067
f 6089/6032/6068 5811/5950/5986 5872/5949/5985 6090/6033/6069
f 5813/5954/5990 6094/6034/6070 6093/6035/6071 5852/5955/5991
f 6094/6034/6070 5813/5954/5990 5814/5958/5994 6095/6036/6072
f 6096/6037/6073 5880/6692/5998 5815/5961/5997 6097/6038/6074
f 6097/6038/6074 5815/5961/5997 5816/5964/6000 6098/6039/6075
f 6098/6039/6075 5816/5964/6000 5847/5978/6014 6099/6040/6076
f 6186/6041/6077 5817/6042/6078 6133/6043/6079 6187/6044/6080
f 6189/6045/6081 6101/6046/6082 5819/6047/6083 6190/6048/6084
f 6190/6048/6084 5819/6047/6083 5820/6049/6085 6191/6050/6086
f 6191/6050/6086 5820/6049/6085 6153/6051/6087 6192/6052/6088
f 6194/6053/6089 5821/6054/6090 5875/6055/6091 6195/6056/6092
f 5823/6057/6093 6199/6058/6094 6198/6059/6095 6149/6060/6096
f 5824/6061/6097 6200/6062/6098 6199/6058/6094 5823/6057/6093
f 6200/6062/6098 5824/6061/6097 6091/6063/6099 6201/6064/6100
f 6203/6065/6101 6143/6066/6102 5826/6067/6103 6204/6068/6104
f 6273/5900/5936 5754/5899/5935 5827/6069/6105 6274/6070/6106
f 5539/5826/5862 5829/6071/6107 5827/6069/6105 5754/5899/5935
f 5830/6072/6108 5772/5921/5957 5753/5922/5958 5828/6073/6109
f 5831/6074/6110 5544/5897/5933 5772/5921/5957 5830/6072/6108
f 5832/6075/6111 5831/6074/6110 5830/6072/6108 5828/6073/6109
f 6274/6070/6106 5827/6069/6105 5829/6071/6107 6275/6076/6112
f 5835/6077/6113 5834/6078/6114 5723/6513/5934 5833/6079/6115
f 5833/6079/6115 5723/6513/5934 5544/5897/5933 5831/6074/6110
f 5831/6074/6110 5832/6075/6111 5835/6077/6113 5833/6079/6115
f 5836/6080/6116 6276/6081/6117 6275/6076/6112 5829/6071/6107
f 5684/6512/5861 6277/6504/6118 6276/6081/6117 5836/6080/6116
f 5829/6071/6107 5539/5826/5862 5684/6512/5861 5836/6080/6116
f 6277/6082/6118 5684/5825/5861 5686/5829/5865 6278/6083/6119
f 5973/6084/6120 5837/6085/6121 5711/5867/5903 5974/5870/5906
f 5838/6086/6122 5837/6085/6121 5973/6084/6120 5972/6087/6123
f 5713/5875/5911 5712/5874/5910 5840/6088/6124 5839/6089/6125
f 5841/6090/6126 6185/6091/6127 6184/5871/5907 5710/5868/5904
f 5710/5868/5904 5711/5867/5903 5842/6092/6128 5841/6090/6126
f 5711/5867/5903 5837/6085/6121 5843/6093/6129 5842/6092/6128
f 5844/6094/6130 5843/6093/6129 5837/6085/6121 5838/6086/6122
f 6133/6043/6079 5817/6042/6078 5893/6095/6131 6134/6096/6132
f 6100/6097/6133 5891/6098/6134 5819/6047/6083 6101/6046/6082
f 5819/6047/6083 5891/6098/6134 5890/6099/6135 5820/6049/6085
f 5820/6049/6085 5890/6099/6135 6154/6100/6136 6153/6051/6087
f 5875/6055/6091 5821/6054/6090 5889/6101/6137 5888/6102/6138
f 5886/6103/6139 5823/6057/6093 6149/6060/6096 6148/6104/6140
f 5885/6105/6141 5824/6061/6097 5823/6057/6093 5886/6103/6139
f 6091/6063/6099 5824/6061/6097 5885/6105/6141 6092/6106/6142
f 6142/6107/6143 5883/6108/6144 5826/6067/6103 6143/6066/6102
f 6123/5944/5980 5777/5943/5979 5902/6109/6145 6124/6110/6146
f 5900/6111/6147 5807/6112/6148 6105/6113/6149 6104/6114/6150
f 5899/6115/6151 5799/6116/6152 6115/6117/6153 6114/6118/6154
f 5897/6119/6155 5803/6028/6064 5868/6031/6067 5898/6120/6156
f 6117/6029/6065 5803/6028/6064 5897/6119/6155 6118/6121/6157
f 6107/6002/6038 5810/6001/6037 5896/6122/6158 6108/6123/6159
f 5780/5945/5981 6131/5948/5984 6130/6124/6160 5894/6125/6161
f 6126/5998/6034 5802/5997/6033 5863/6012/6048 6127/6607/6047
f 6111/6008/6044 5865/6007/6043 5808/5994/6030 6102/5993/6029
f 5866/6017/6053 5800/6022/6058 6112/6021/6057 6121/6026/6062
f 5800/6022/6058 5866/6017/6053 5867/6020/6056 5858/6023/6059
f 5868/6031/6067 5799/6116/6152 5899/6115/6151 5898/6120/6156
f 6115/6117/6153 5799/6116/6152 5868/6031/6067 6116/6030/6066
f 6105/6113/6149 5807/6112/6148 5869/6004/6040 6106/6003/6039
f 5871/6717/5975 5774/6642/6162 5773/6127/6163 5870/6630/5976
f 5812/6128/6164 5871/5939/5975 6090/6033/6069 5872/5949/5985
f 5782/6129/6165 5812/6128/6164 5872/5949/5985 5873/5952/5988
f 6150/6130/6166 5782/6129/6165 5873/5952/5988 6151/5971/6007
f 5822/6131/6167 6196/6132/6168 6195/6056/6092 5875/6055/6091
f 5887/6133/6169 5822/6131/6167 5875/6055/6091 5888/6102/6138
f 5877/5973/6009 5792/6134/6170 5850/6135/6171 5876/5974/6010
f 5784/5953/5989 6146/5968/6004 6145/5967/6003 5878/5965/6001
f 5879/5959/5995 5785/5957/5993 5784/5953/5989 5878/5965/6001
f 5814/5958/5994 5785/5957/5993 5879/5959/5995 5880/5962/5998
f 6095/6036/6072 5814/5958/5994 5880/5962/5998 6096/6682/6073
f 5882/5985/6021 5797/5990/6026 6139/5989/6025 6138/5986/6022
f 5779/5946/5982 5780/5945/5981 5839/6089/6125 5840/6088/6124
f 5817/6042/6078 6186/6041/6077 6185/6091/6127 5841/6090/6126
f 6141/5992/6028 5854/5991/6027 5883/6108/6144 6142/6107/6143
f 6092/6106/6142 5885/6105/6141 5852/5955/5991 6093/6035/6071
f 5852/5955/5991 5885/6105/6141 5886/6103/6139 5851/5956/5992
f 5851/5956/5992 5886/6103/6139 6148/6104/6140 6147/5969/6005
f 5850/6135/6171 5887/6133/6169 5888/6102/6138 5876/5974/6010
f 5889/6101/6137 5849/5975/6011 5876/5974/6010 5888/6102/6138
f 5890/6099/6135 5848/5976/6012 6155/5977/6013 6154/6100/6136
f 5891/6098/6134 5847/5978/6014 5848/5976/6012 5890/6099/6135
f 6099/6040/6076 5847/5978/6014 5891/6098/6134 6100/6097/6133
f 6134/6096/6132 5893/6095/6131 5845/5982/6018 6135/5981/6017
f 5893/6095/6131 5817/6042/6078 5841/6090/6126 5842/6092/6128
f 5845/5982/6018 5893/6095/6131 5842/6092/6128 5843/6093/6129
f 5843/6093/6129 5844/6094/6130 5795/5979/6015 5845/5982/6018
f 6129/6016/6052 5862/6015/6051 5894/6125/6161 6130/6124/6160
f 6108/6123/6159 5896/6122/6158 5860/6014/6050 6109/6013/6049
f 6118/6121/6157 5897/6119/6155 5859/6019/6055 6119/6027/6063
f 5859/6019/6055 5897/6119/6155 5898/6120/6156 5867/6020/6056
f 5899/6115/6151 5858/6023/6059 5867/6020/6056 5898/6120/6156
f 5858/6023/6059 5899/6115/6151 6114/6118/6154 6113/6024/6060
f 5857/5995/6031 5900/6111/6147 6104/6114/6150 6103/5996/6032
f 6124/6110/6146 5902/6109/6145 5855/6000/6036 6125/5999/6035
f 5777/5943/5979 5778/5942/5978 5904/6136/6172 5903/6137/6173
f 6205/6138/6174 5906/6139/6175 5905/6140/6176 6206/6141/6177
f 5798/5987/6023 5797/5990/6026 5908/6142/6178 5907/6143/6179
f 5907/6143/6179 5908/6142/6178 5912/6144/6180 5911/6145/6181
f 5912/6144/6180 5910/6146/6182 5909/6147/6183 5911/6145/6181
f 5854/5991/6027 5798/5987/6023 5907/6143/6179 5913/6148/6184
f 5914/6149/6185 5913/6148/6184 5907/6143/6179 5911/6145/6181
f 5913/6148/6184 5914/6149/6185 5916/6150/6186 5915/6151/6187
f 5905/6140/6176 5906/6139/6175 5915/6151/6187 5916/6150/6186
f 5913/6148/6184 5915/6151/6187 5883/6108/6144 5854/5991/6027
f 5826/6067/6103 5883/6108/6144 5915/6151/6187 5906/6139/6175
f 5906/6139/6175 6205/6138/6174 6204/6068/6104 5826/6067/6103
f 6206/6141/6177 5905/6140/6176 5918/6152/6188 6207/6153/6189
f 5903/6137/6173 5917/6154/6190 5902/6109/6145 5777/5943/5979
f 5918/6152/6188 5905/6140/6176 5916/6150/6186 5919/6155/6191
f 5920/6156/6192 5919/6155/6191 5916/6150/6186 5914/6149/6185
f 5914/6149/6185 5911/6145/6181 5909/6147/6183 5920/6156/6192
f 5918/6152/6188 5922/6157/6193 6208/6158/6194 6207/6153/6189
f 5922/6157/6193 5918/6152/6188 5919/6155/6191 5923/6159/6195
f 5920/6156/6192 5924/6160/6196 5923/6159/6195 5919/6155/6191
f 5925/6161/6197 5924/6160/6196 5920/6156/6192 5909/6147/6183
f 5926/6162/6198 5925/6161/6197 5909/6147/6183 5910/6146/6182
f 5751/6163/6199 5752/6164/6200 5928/6165/6201 5927/6166/6202
f 5929/6167/6203 5748/6168/6204 5751/6163/6199 5927/6166/6202
f 5925/6161/6197 5926/6162/6198 5931/6169/6205 5930/6170/6206
f 5931/6169/6205 5933/6171/6207 5932/6172/6208 5930/6170/6206
f 5930/6170/6206 5932/6172/6208 5924/6160/6196 5925/6161/6197
f 5931/6169/6205 5929/6167/6203 5927/6166/6202 5933/6171/6207
f 5935/6173/6209 5934/6174/6210 5922/6157/6193 5923/6159/6195
f 5932/6172/6208 5933/6171/6207 5934/6174/6210 5935/6173/6209
f 5935/6173/6209 5923/6159/6195 5924/6160/6196 5932/6172/6208
f 5928/6165/6201 5934/6174/6210 5933/6171/6207 5927/6166/6202
f 6210/6175/6211 5928/6165/6201 5752/6164/6200 6211/6176/6212
f 6208/6158/6194 5922/6157/6193 5934/6174/6210 6209/6177/6213
f 6209/6177/6213 5934/6174/6210 5928/6165/6201 6210/6175/6211
f 5939/5823/5859 5681/5818/5854 6214/5933/5969 6213/5935/5971
f 5940/5822/5858 5680/5819/5855 5681/5818/5854 5939/5823/5859
f 5698/5847/5883 5680/5819/5855 5940/5822/5858 5941/5861/5897
f 5942/5857/5893 5701/5849/5885 6242/5851/5887 6241/5859/5895
f 5943/5854/5890 5700/5850/5886 5701/5849/5885 5942/5857/5893
f 5699/5848/5884 5700/5850/5886 5943/5854/5890 5944/5853/5889
f 5945/5830/5866 5687/5828/5864 5699/5848/5884 5944/5853/5889
f 5686/5829/5865 5687/5828/5864 5945/5830/5866 5946/5833/5869
f 6278/6083/6119 5686/5829/5865 5946/5833/5869 6279/5932/5968
f 5855/6000/6036 5902/6109/6145 5917/6154/6190 5948/6178/6214
f 5802/5997/6033 5855/6000/6036 5948/6178/6214 5949/6179/6215
f 5948/6178/6214 5917/6154/6190 5921/6180/6216 5950/6181/6217
f 5949/6179/6215 5948/6178/6214 5950/6181/6217 5951/6182/6218
f 5950/6181/6217 5921/6180/6216 5937/6183/6219 5952/6184/6220
f 5951/6182/6218 5950/6181/6217 5952/6184/6220 5953/6185/6221
f 5952/6184/6220 5937/6183/6219 5936/6186/6222 5954/6187/6223
f 5750/6188/6224 5938/6189/6225 5954/6187/6223 5936/6186/6222
f 5955/6190/6226 5954/6187/6223 5938/6189/6225 5749/6191/6227
f 5953/6185/6221 5952/6184/6220 5954/6187/6223 5955/6190/6226
f 5797/5990/6026 5882/5985/6021 5956/6192/6228 5908/6142/6178
f 5957/6193/6229 5912/6144/6180 5908/6142/6178 5956/6192/6228
f 5958/6194/6230 5910/6146/6182 5912/6144/6180 5957/6193/6229
f 5910/6146/6182 5958/6194/6230 5959/6195/6231 5926/6162/6198
f 5960/6196/6232 5931/6169/6205 5926/6162/6198 5959/6195/6231
f 5961/6197/6233 5929/6167/6203 5931/6169/6205 5960/6196/6232
f 5929/6167/6203 5961/6197/6233 5947/6198/6234 5748/6168/6204
f 5962/6199/6235 5839/6089/6125 5780/5945/5981 5894/6125/6161
f 5713/5875/5911 5963/6200/6236 5978/6201/6237 5977/5876/5912
f 5839/6089/6125 5962/6199/6235 5963/6200/6236 5713/5875/5911
f 5894/6125/6161 5862/6015/6051 5964/6202/6238 5962/6199/6235
f 5965/6203/6239 5963/6200/6236 5962/6199/6235 5964/6202/6238
f 5863/6012/6048 5802/5997/6033 5949/6179/6215 5966/6204/6240
f 5806/6009/6045 5863/6612/6048 5966/6611/6240 5967/6205/6241
f 5967/6205/6241 5964/6202/6238 5862/6015/6051 5806/6009/6045
f 5968/6206/6242 5965/6203/6239 5964/6202/6238 5967/6205/6241
f 5969/6608/6243 5968/6206/6242 5967/6205/6241 5966/6611/6240
f 5966/6204/6240 5949/6179/6215 5951/6182/6218 5969/6207/6243
f 5746/5927/5963 5970/6610/6244 5955/6190/6226 5749/6191/6227
f 5971/6609/6245 5953/6185/6221 5955/6190/6226 5970/6610/6244
f 5953/6185/6221 5971/6609/6245 5969/6207/6243 5951/6182/6218
f 5984/6210/6246 5719/5889/5925 5720/5892/5928 5985/6211/6247
f 5714/5880/5916 5719/5889/5925 5984/6210/6246 5983/6212/6248
f 5982/6213/6249 5715/5877/5913 5714/5880/5916 5983/6212/6248
f 5715/5877/5913 5982/6213/6249 6182/6214/6250 6181/5882/5918
f 5716/6511/5921 5981/6215/6251 5980/6216/6252 5717/5886/5922
f 5979/6217/6253 5718/5887/5923 5717/5886/5922 5980/6216/6252
f 5978/6201/6237 5979/6217/6253 5980/6216/6252 5977/5876/5912
f 5981/6215/6251 5976/5873/5909 5977/5876/5912 5980/6216/6252
f 5982/6213/6249 5975/5869/5905 6183/5872/5908 6182/6214/6250
f 5975/5869/5905 5982/6213/6249 5983/6212/6248 5974/5870/5906
f 5984/6210/6246 5973/6084/6120 5974/5870/5906 5983/6212/6248
f 5973/6084/6120 5984/6210/6246 5985/6211/6247 5972/6087/6123
f 5744/5924/5960 5718/5887/5923 5979/6217/6253 5986/6218/6254
f 5987/6219/6255 5970/6208/6244 5746/6606/5963 5745/5926/5962
f 5986/6218/6254 5987/6219/6255 5745/5926/5962 5744/5924/5960
f 5963/6200/6236 5965/6203/6239 5988/6220/6256 5978/6201/6237
f 5965/6203/6239 5968/6206/6242 5989/6221/6257 5988/6220/6256
f 5968/6206/6242 5969/6608/6243 5971/6209/6245 5989/6221/6257
f 5986/6218/6254 5979/6217/6253 5978/6201/6237 5988/6220/6256
f 5987/6219/6255 5986/6218/6254 5988/6220/6256 5989/6221/6257
f 5989/6221/6257 5971/6209/6245 5970/6208/6244 5987/6219/6255
f 5747/6222/6258 5990/6223/6259 5723/5898/5934 5834/6503/6114
f 5990/6223/6259 5991/6224/6260 5722/5895/5931 5723/5898/5934
f 5992/6225/6261 5985/6211/6247 5720/5892/5928 5721/5894/5930
f 5991/6224/6260 5992/6225/6261 5721/5894/5930 5722/5895/5931
f 5947/6198/6234 5961/6197/6233 5993/6226/6262 5747/6222/6258
f 5747/6222/6258 5993/6226/6262 5994/6227/6263 5990/6223/6259
f 5995/6228/6264 5991/6224/6260 5990/6223/6259 5994/6227/6263
f 5995/6228/6264 5996/6229/6265 5992/6225/6261 5991/6224/6260
f 5972/6087/6123 5985/6211/6247 5992/6225/6261 5996/6229/6265
f 5972/6087/6123 5996/6229/6265 5998/6230/6266 5997/6231/6267
f 5997/6231/6267 5999/6232/6268 5838/6086/6122 5972/6087/6123
f 6000/6233/6269 5998/6230/6266 5996/6229/6265 5995/6228/6264
f 5994/6227/6263 6001/6234/6270 6000/6233/6269 5995/6228/6264
f 6001/6234/6270 5994/6227/6263 5993/6226/6262 5961/6197/6233
f 6000/6233/6269 6001/6234/6270 5961/6197/6233 5960/6196/6232
f 5960/6196/6232 5959/6195/6231 5998/6230/6266 6000/6233/6269
f 5959/6195/6231 5958/6194/6230 5997/6231/6267 5998/6230/6266
f 5999/6232/6268 5997/6231/6267 5958/6194/6230 5957/6193/6229
f 5999/6232/6268 6002/6235/6271 5844/6094/6130 5838/6086/6122
f 5796/5983/6019 5795/5979/6015 5844/6094/6130 6002/6235/6271
f 6002/6235/6271 5956/6192/6228 5882/5985/6021 5796/5983/6019
f 5957/6193/6229 5956/6192/6228 6002/6235/6271 5999/6232/6268
f 6036/6236/6272 6037/6237/6273 6005/6238/6274 6004/6239/6275
f 6037/6237/6273 6038/6240/6276 6006/6241/6277 6005/6238/6274
f 6041/6242/6278 6042/6243/6279 6008/6244/6280 6007/6245/6281
f 6043/6246/6282 6044/6247/6283 6010/6248/6284 6009/6249/6285
f 6044/6247/6283 6045/6250/6286 6011/6251/6287 6010/6248/6284
f 6035/6252/6288 6036/6236/6272 6004/6239/6275 6012/6253/6289
f 6045/6250/6286 6046/6254/6290 6013/6255/6291 6011/6251/6287
f 6033/6256/6292 6034/6257/6293 6014/6258/6294 6003/6259/6295
f 6040/6260/6296 6041/6242/6278 6007/6245/6281 6015/6261/6297
f 6039/7273/6298 6040/6260/6296 6015/6261/6297 6017/6263/6299
f 6038/6240/6276 6039/6262/6298 6017/7274/6299 6006/6241/6277
f 6042/6243/6279 6043/6246/6282 6009/6249/6285 6008/6244/6280
f 6034/6257/6293 6035/6252/6288 6012/6253/6289 6014/6258/6294
f 6046/6254/6290 6047/6264/6300 6016/6265/6301 6013/6255/6291
f 6015/6261/6297 6048/6266/6302 6055/6267/6303 6017/6263/6299
f 6048/6266/6302 6050/6268/6304 6049/6269/6305 6019/6270/6306
f 6019/6270/6306 6022/6271/6307 6021/6272/6308 6018/6273/6309
f 6020/6274/6310 6023/6275/6311 6051/6276/6312 6049/6269/6305
f 6022/6271/6307 6025/6277/6313 6024/6278/6314 6021/6272/6308
f 6023/6275/6311 6026/6279/6315 6054/6280/6316 6051/6276/6312
f 6009/6249/6285 6020/6274/6310 6007/6245/6281 6008/6244/6280
f 6061/6281/6317 6056/6282/6318 6055/6267/6303 6018/6273/6309
f 6010/6248/6284 6023/6275/6311 6020/6274/6310 6009/6249/6285
f 6060/6283/6319 6061/6281/6317 6018/6273/6309 6021/6272/6308
f 6025/6277/6313 6031/6284/6320 6030/6285/6321 6024/6278/6314
f 6026/6279/6315 6032/6286/6322 6053/6287/6323 6054/6280/6316
f 6059/6288/6324 6060/6283/6319 6021/6272/6308 6024/6278/6314
f 6011/6251/6287 6026/6279/6315 6023/6275/6311 6010/6248/6284
f 6028/6289/6325 115/3169/3187 114/3168/3186 6027/6290/6326
f 6029/6291/6327 116/3173/3191 117/3172/3190 6052/6292/6328
f 6031/6284/6320 6028/6289/6325 6027/6290/6326 6030/6285/6321
f 6032/6286/6322 6029/6291/6327 6052/6292/6328 6053/6287/6323
f 6058/6293/6329 6059/6288/6324 6024/6278/6314 6030/6285/6321
f 6013/6255/6291 6032/6286/6322 6026/6279/6315 6011/6251/6287
f 6016/6265/6301 6029/6291/6327 6032/6286/6322 6013/6255/6291
f 6057/6294/6330 6058/6293/6329 6030/6285/6321 6027/6290/6326
f 116/3173/3191 6029/6291/6327 6016/6265/6301 3217/3177/3195 113/3176/3194
f 6007/6245/6281 6020/6274/6310 6049/6269/6305 6050/6268/6304
f 6049/6269/6305 6051/6276/6312 6022/6271/6307 6019/6270/6306
f 6052/6292/6328 117/3172/3190 115/3169/3187 6028/6289/6325
f 6053/6287/6323 6052/6292/6328 6028/6289/6325 6031/6284/6320
f 6054/6280/6316 6053/6287/6323 6031/6284/6320 6025/6277/6313
f 6051/6276/6312 6054/6280/6316 6025/6277/6313 6022/6271/6307
f 6007/6245/6281 6050/6268/6304 6048/6266/6302 6015/6261/6297
f 6006/6241/6277 6017/7274/6299 6055/6267/6303 6056/6282/6318
f 6055/6267/6303 6048/6266/6302 6019/6270/6306 6018/6273/6309
f 6014/6258/6294 6058/6293/6329 6057/6294/6330 6003/6259/6295
f 6012/6253/6289 6059/6288/6324 6058/6293/6329 6014/6258/6294
f 6004/6239/6275 6060/6283/6319 6059/6288/6324 6012/6253/6289
f 6005/6238/6274 6061/6281/6317 6060/6283/6319 6004/6239/6275
f 6006/6241/6277 6056/6282/6318 6061/6281/6317 6005/6238/6274
f 20/101/101 2955/267/285 6062/3481/3517 3420/3332/3350
f 3420/3332/3350 6062/3481/3517 6063/3480/3516 3419/3348/3366
f 3419/3348/3366 6063/3480/3516 6064/3478/3514 3418/3244/3262
f 3418/3244/3262 6064/3478/3514 6065/3479/3515 3417/3245/3263
f 6066/3492/3528 3430/3246/3264 3417/3245/3263 6065/3479/3515
f 3430/3246/3264 6066/3492/3528 6067/3491/3527 3429/3420/3438
f 3429/3420/3438 6067/3491/3527 6068/3490/3526 3428/3442/3460
f 3428/3442/3460 6068/3490/3526 6069/3489/3525 3427/3250/3268
f 3427/3250/3268 6069/3489/3525 6070/3488/3524 3426/3251/3269
f 3426/3251/3269 6070/3488/3524 6071/3487/3523 3425/3257/3275
f 3425/3257/3275 6071/3487/3523 6072/3486/3522 3424/3254/3272
f 3424/3254/3272 6072/3486/3522 6073/3485/3521 3423/3255/3273
f 6074/3484/3520 3422/3258/3276 3423/3255/3273 6073/3485/3521
f 6075/3483/3519 3699/3432/3450 3422/3258/3276 6074/3484/3520
f 6076/3482/3518 3421/3334/3352 3699/3432/3450 6075/3483/3519
f 2971/269/287 21/102/102 3421/3334/3352 6076/3482/3518
f 5877/5973/6009 5791/5972/6008 6077/6684/6331 6078/6678/6332
f 6079/6691/6333 5792/6134/6170 5877/5973/6009 6078/6678/6332
f 5792/6134/6170 6079/6691/6333 6080/6690/6334 5850/6135/6171
f 6081/6689/6335 5887/6133/6169 5850/6135/6171 6080/6690/6334
f 6082/6688/6336 5822/6131/6167 5887/6133/6169 6081/6689/6335
f 6196/6132/6168 5822/6131/6167 6082/6688/6336 6197/6674/6337
f 5793/6302/6338 6083/6303/6339 6084/6687/6340 5874/6305/6341
f 6085/6676/6342 5794/6307/6343 5874/6305/6341 6084/6687/6340
f 6193/6308/6344 6086/6686/6345 5821/6054/6090 6194/6053/6089
f 6087/6685/6346 5889/6101/6137 5821/6054/6090 6086/6686/6345
f 6088/6683/6347 5849/5975/6011 5889/6101/6137 6087/6685/6346
f 6077/6684/6331 5791/5972/6008 5849/5975/6011 6088/6683/6347
f 5871/5939/5975 5775/6645/5974 6089/6032/6068 6090/6033/6069
f 5825/6656/6348 6202/6643/6349 6201/6064/6100 6091/6063/6099
f 5884/6655/6350 5825/6656/6348 6091/6063/6099 6092/6106/6142
f 5853/6654/6351 5884/6655/6350 6092/6106/6142 6093/6035/6071
f 6094/6034/6070 5783/6653/6352 5853/6654/6351 6093/6035/6071
f 5786/6652/6353 5783/6653/6352 6094/6034/6070 6095/6036/6072
f 5881/6681/6354 5786/6652/6353 6095/6036/6072 6096/6682/6073
f 5788/6650/6355 5881/6651/6354 6096/6037/6073 6097/6038/6074
f 5788/6650/6355 6097/6038/6074 6098/6039/6075 5789/6649/6356
f 5846/6648/6357 5789/6649/6356 6098/6039/6075 6099/6040/6076
f 5892/6647/6358 5846/6648/6357 6099/6040/6076 6100/6097/6133
f 5818/6646/6359 5892/6647/6358 6100/6097/6133 6101/6046/6082
f 6188/6324/6360 5818/6646/6359 6101/6046/6082 6189/6045/6081
f 5801/6622/6361 6102/5993/6029 6103/5996/6032 5856/6629/6362
f 6104/6114/6150 5901/6627/6363 5856/6629/6362 6103/5996/6032
f 6105/6113/6149 5773/6628/6163 5901/6627/6363 6104/6114/6150
f 5870/5940/5976 5773/6628/6163 6105/6113/6149 6106/6003/6039
f 6107/6002/6038 5776/6626/5973 5870/5940/5976 6106/6003/6039
f 5895/6625/6364 5776/6626/5973 6107/6002/6038 6108/6123/6159
f 5861/6624/6365 5895/6625/6364 6108/6123/6159 6109/6013/6049
f 6110/6005/6041 5805/6623/6366 5861/6624/6365 6109/6013/6049
f 5864/6620/6367 5805/6623/6366 6110/6005/6041 6111/6008/6044
f 5801/6622/6361 5864/6620/6367 6111/6008/6044 6102/5993/6029
f 5808/5994/6030 6112/6021/6057 6113/6024/6060 5857/5995/6031
f 6114/6118/6154 5900/6111/6147 5857/5995/6031 6113/6024/6060
f 6115/6117/6153 5807/6112/6148 5900/6111/6147 6114/6118/6154
f 5869/6004/6040 5807/6112/6148 6115/6117/6153 6116/6030/6066
f 6117/6029/6065 5810/6001/6037 5869/6004/6040 6116/6030/6066
f 5896/6122/6158 5810/6001/6037 6117/6029/6065 6118/6121/6157
f 5860/6014/6050 5896/6122/6158 6118/6121/6157 6119/6027/6063
f 6120/6025/6061 5809/6006/6042 5860/6014/6050 6119/6027/6063
f 5809/6006/6042 6120/6025/6061 6121/6026/6062 5865/6007/6043
f 6112/6021/6057 5808/5994/6030 5865/6007/6043 6121/6026/6062
f 5773/6127/6163 5774/6642/6162 6122/5941/5977 6123/5944/5980
f 5901/6327/6363 5773/6127/6163 6123/5944/5980 6124/6110/6146
f 5856/6326/6362 5901/6327/6363 6124/6110/6146 6125/5999/6035
f 6126/5998/6034 5801/6325/6361 5856/6326/6362 6125/5999/6035
f 5864/6331/6367 5801/6325/6361 6126/5998/6034 6127/6607/6047
f 6128/6010/6046 5805/6330/6366 5864/6621/6367 6127/6011/6047
f 5861/6329/6365 5805/6330/6366 6128/6010/6046 6129/6016/6052
f 5895/6328/6364 5861/6329/6365 6129/6016/6052 6130/6124/6160
f 6131/5948/5984 5776/5937/5973 5895/6328/6364 6130/6124/6160
f 6132/5947/5983 5775/5938/5974 5776/5937/5973 6131/5948/5984
f 5818/6323/6359 6188/6644/6360 6187/6044/6080 6133/6043/6079
f 5892/6322/6358 5818/6323/6359 6133/6043/6079 6134/6096/6132
f 5846/6321/6357 5892/6322/6358 6134/6096/6132 6135/5981/6017
f 6136/5980/6016 5789/6320/6356 5846/6321/6357 6135/5981/6017
f 5789/6320/6356 6136/5980/6016 6137/5984/6020 5788/6319/6355
f 5788/6319/6355 6137/5984/6020 6138/5986/6022 5881/6318/6354
f 6139/5989/6025 5786/6317/6353 5881/6318/6354 6138/5986/6022
f 6140/5988/6024 5783/6316/6352 5786/6317/6353 6139/5989/6025
f 5853/6315/6351 5783/6316/6352 6140/5988/6024 6141/5992/6028
f 5884/6314/6350 5853/6315/6351 6141/5992/6028 6142/6107/6143
f 5825/6312/6348 5884/6314/6350 6142/6107/6143 6143/6066/6102
f 6202/6313/6349 5825/6312/6348 6143/6066/6102 6203/6065/6101
f 6077/6295/6331 6144/5966/6002 6145/6680/6003 6078/6296/6332
f 6146/5968/6004 6079/6297/6333 6078/6679/6332 6145/5967/6003
f 6079/6297/6333 6146/5968/6004 6147/5969/6005 6080/6298/6334
f 6148/6104/6140 6081/6299/6335 6080/6298/6334 6147/5969/6005
f 6149/6060/6096 6082/6300/6336 6081/6299/6335 6148/6104/6140
f 6197/6301/6337 6082/6300/6336 6149/6060/6096 6198/6059/6095
f 6083/6675/6339 6150/6130/6166 6151/5971/6007 6084/6304/6340
f 6152/5970/6006 6085/6306/6342 6084/6304/6340 6151/5971/6007
f 6192/6052/6088 6153/6051/6087 6086/6309/6345 6193/6677/6344
f 6154/6100/6136 6087/6310/6346 6086/6309/6345 6153/6051/6087
f 6155/5977/6013 6088/6311/6347 6087/6310/6346 6154/6100/6136
f 6144/5966/6002 6077/6295/6331 6088/6311/6347 6155/5977/6013
f 5270/5335/5371 5256/5327/5363 6156/5336/5372 6157/6462/5375
f 5270/6461/5371 6157/5339/5375 6158/5345/5381 5349/5346/5382
f 6159/5344/5380 5275/5347/5383 5349/5346/5382 6158/5345/5381
f 6160/5397/5433 5397/5398/5434 5275/5347/5383 6159/5344/5380
f 6161/5480/5516 5377/5475/5511 5397/5398/5434 6160/5397/5433
f 6162/5479/5515 5417/5476/5512 5377/5475/5511 6161/5480/5516
f 6163/5420/5456 5303/5424/5460 5417/5476/5512 6162/5479/5515
f 5303/5424/5460 6163/5420/5456 6164/5421/5457 5322/5425/5461
f 5324/5422/5458 5322/5425/5461 6164/5421/5457 6165/5433/5469
f 5330/5430/5466 5324/5422/5458 6165/5433/5469 6166/5441/5477
f 6167/5438/5474 5327/5427/5463 5330/5430/5466 6166/5441/5477
f 5326/5428/5464 5327/5427/5463 6167/5438/5474 6168/5434/5470
f 5325/5429/5465 5326/5428/5464 6168/5434/5470 6169/5437/5473
f 6170/5626/5662 5525/5628/5664 5325/5429/5465 6169/5437/5473
f 5525/5628/5664 6170/5626/5662 6171/5627/5663 5526/5630/5666
f 6172/5660/5696 5610/5661/5697 5526/5630/5666 6171/5627/5663
f 6173/5758/5794 5670/5756/5792 5610/5661/5697 6172/5660/5696
f 6174/5734/5770 5590/5732/5768 5670/5756/5792 6173/5758/5794
f 6175/5703/5739 5570/5698/5734 5590/5732/5768 6174/5734/5770
f 6176/5702/5738 5630/5699/5735 5570/5698/5734 6175/5703/5739
f 6177/5782/5818 5650/5780/5816 5630/5699/5735 6176/5702/5738
f 6178/5806/5842 5736/5804/5840 5650/5780/5816 6177/5782/5818
f 6179/5915/5951 5765/5913/5949 5736/5804/5840 6178/5806/5842
f 6180/5881/5917 5551/5884/5920 5765/5913/5949 6179/5915/5951
f 5551/5884/5920 6180/5881/5917 6181/6510/5918 5716/5885/5921
f 6182/6214/6250 5981/6215/6251 5716/6511/5921 6181/5882/5918
f 6183/5872/5908 5976/5873/5909 5981/6215/6251 6182/6214/6250
f 6184/5871/5907 5712/5874/5910 5976/5873/5909 6183/5872/5908
f 6185/6091/6127 5840/6088/6124 5712/5874/5910 6184/5871/5907
f 6186/6041/6077 5779/5946/5982 5840/6088/6124 6185/6091/6127
f 6132/5947/5983 5779/5946/5982 6186/6041/6077 6187/6044/6080
f 6188/6644/6360 5775/5938/5974 6132/5947/5983 6187/6044/6080
f 6089/6032/6068 5775/6645/5974 6188/6324/6360 6189/6045/6081
f 5811/5950/5986 6089/6032/6068 6189/6045/6081 6190/6048/6084
f 5781/5951/5987 5811/5950/5986 6190/6048/6084 6191/6050/6086
f 6152/5970/6006 5781/5951/5987 6191/6050/6086 6192/6052/6088
f 6085/6306/6342 6152/5970/6006 6192/6052/6088 6193/6677/6344
f 5794/6307/6343 6085/6676/6342 6193/6308/6344 6194/6053/6089
f 5874/6305/6341 5794/6307/6343 6194/6053/6089 6195/6056/6092
f 6196/6132/6168 5793/6302/6338 5874/6305/6341 6195/6056/6092
f 6083/6303/6339 5793/6302/6338 6196/6132/6168 6197/6674/6337
f 6150/6130/6166 6083/6675/6339 6197/6301/6337 6198/6059/6095
f 6199/6058/6094 5782/6129/6165 6150/6130/6166 6198/6059/6095
f 6200/6062/6098 5812/6128/6164 5782/6129/6165 6199/6058/6094
f 5871/5939/5975 5812/6128/6164 6200/6062/6098 6201/6064/6100
f 6202/6643/6349 5774/6126/6162 5871/5939/5975 6201/6064/6100
f 6122/5941/5977 5774/6642/6162 6202/6313/6349 6203/6065/6101
f 5778/5942/5978 6122/5941/5977 6203/6065/6101 6204/6068/6104
f 6205/6138/6174 5904/6136/6172 5778/5942/5978 6204/6068/6104
f 5903/6137/6173 5904/6136/6172 6205/6138/6174 6206/6141/6177
f 5903/6137/6173 6206/6141/6177 6207/6153/6189 5917/6154/6190
f 6208/6158/6194 5921/6180/6216 5917/6154/6190 6207/6153/6189
f 5921/6180/6216 6208/6158/6194 6209/6177/6213 5937/6183/6219
f 5937/6183/6219 6209/6177/6213 6210/6175/6211 5936/6186/6222
f 5936/6186/6222 6210/6175/6211 6211/6176/6212 5750/6188/6224
f 5750/6188/6224 6212/5934/5970 6213/5935/5971 5938/6189/6225
f 6214/5933/5969 5749/6191/6227 5938/6189/6225 6213/5935/5971
f 5749/6191/6227 6214/5933/5969 6215/6507/5965 5746/5927/5963
f 5746/6509/5963 6215/5929/5965 6216/5930/5966 5556/5928/5964
f 5760/5909/5945 5556/5928/5964 6216/5930/5966 6217/5907/5943
f 5731/5800/5836 5760/5909/5945 6217/5907/5943 6218/5798/5834
f 5645/5776/5812 5731/5800/5836 6218/5798/5834 6219/5774/5810
f 5625/5690/5726 5645/5776/5812 6219/5774/5810 6220/5686/5722
f 5565/5691/5727 5625/5690/5726 6220/5686/5722 6221/5687/5723
f 5585/5728/5764 5565/5691/5727 6221/5687/5723 6222/5726/5762
f 5665/5752/5788 5585/5728/5764 6222/5726/5762 6223/5750/5786
f 5605/5666/5702 5665/5752/5788 6223/5750/5786 6224/5667/5703
f 5537/5642/5678 5605/5666/5702 6224/5667/5703 6225/5643/5679
f 5537/5642/5678 6225/5643/5679 6226/5638/5674 5534/5637/5673
f 5534/5637/5673 6226/5638/5674 6227/5560/5596 5466/5553/5589
f 6228/5558/5594 5464/5551/5587 5466/5553/5589 6227/5560/5596
f 6229/5556/5592 5462/5549/5585 5464/5551/5587 6228/5558/5594
f 5462/5549/5585 6229/5556/5592 6230/5554/5590 5460/5547/5583
f 6231/5502/5538 5309/5504/5540 5460/5547/5583 6230/5554/5590
f 5412/5467/5503 5309/5504/5540 6231/5502/5538 6232/5463/5499
f 5372/5468/5504 5412/5467/5503 6232/5463/5499 6233/5464/5500
f 5392/5403/5439 5372/5468/5504 6233/5464/5500 6234/5404/5440
f 5281/5356/5392 5392/5403/5439 6234/5404/5440 6235/5358/5394
f 5354/5357/5393 5281/5356/5392 6235/5358/5394 6236/5361/5397
f 6237/6459/5359 5253/5321/5357 5354/5357/5393 6236/5361/5397
f 5260/5322/5358 5253/6550/5357 6237/5323/5359 6238/5326/5362
f 110/6553/2219 5260/5322/5358 6238/5326/5362 3052/2202/2220
f 6240/5858/5894 5705/5860/5896 5682/5821/5857 6239/5864/5900
f 5705/5860/5896 6240/5858/5894 6241/5859/5895 5941/5861/5897
f 6242/5851/5887 5698/5847/5883 5941/5861/5897 6241/5859/5895
f 5698/5847/5883 6242/5851/5887 6243/5845/5881 5695/5843/5879
f 6244/5836/5872 5691/5842/5878 5695/5843/5879 6243/5845/5881
f 6245/6505/5871 5541/5814/5850 5691/5842/5878 6244/5836/5872
f 5758/5906/5942 5541/6506/5850 6245/5835/5871 6246/5904/5940
f 5729/5797/5833 5758/5906/5942 6246/5904/5940 6247/5795/5831
f 5643/5773/5809 5729/5797/5833 6247/5795/5831 6248/5771/5807
f 5623/5684/5720 5643/5773/5809 6248/5771/5807 6249/5680/5716
f 5563/5685/5721 5623/5684/5720 6249/5680/5716 6250/5681/5717
f 5583/5725/5761 5563/5685/5721 6250/5681/5717 6251/5723/5759
f 5663/5749/5785 5583/5725/5761 6251/5723/5759 6252/5747/5783
f 5603/5669/5705 5663/5749/5785 6252/5747/5783 6253/5648/5684
f 5508/5645/5681 5603/5669/5705 6253/5648/5684 6254/5606/5642
f 6255/5586/5622 5492/5640/5676 5508/5645/5681 6254/5606/5642
f 6256/5585/5621 5475/5566/5602 5492/5640/5676 6255/5586/5622
f 6257/5578/5614 5474/5565/5601 5475/5566/5602 6256/5585/5621
f 5474/5565/5601 6257/5578/5614 6258/5574/5610 5484/5591/5627
f 6259/5570/5606 5482/5597/5633 5484/5591/5627 6258/5574/5610
f 5482/5597/5633 6259/5570/5606 6260/5573/5609 5479/5596/5632
f 5479/5596/5632 6260/5573/5609 6261/5577/5613 5485/5593/5629
f 6262/5581/5617 5456/5543/5579 5485/5593/5629 6261/5577/5613
f 5456/5543/5579 6262/5581/5617 6263/5583/5619 5458/5545/5581
f 5458/5545/5581 6263/5583/5619 6264/5589/5625 5493/5610/5646
f 6265/5605/5641 5505/5612/5648 5493/5610/5646 6264/5589/5625
f 6266/5647/5683 5598/5652/5688 5505/5612/5648 6265/5605/5641
f 6267/5743/5779 5658/5765/5801 5598/5652/5688 6266/5647/5683
f 6268/5719/5755 5578/5741/5777 5658/5765/5801 6267/5743/5779
f 6269/5673/5709 5558/5716/5752 5578/5741/5777 6268/5719/5755
f 6270/5672/5708 5618/5717/5753 5558/5716/5752 6269/5673/5709
f 6271/5767/5803 5638/5789/5825 5618/5717/5753 6270/5672/5708
f 6272/5791/5827 5724/5813/5849 5638/5789/5825 6271/5767/5803
f 6273/5900/5936 5753/5922/5958 5724/5813/5849 6272/5791/5827
f 5828/6073/6109 5753/5922/5958 6273/5900/5936 6274/6070/6106
f 5828/6073/6109 6274/6070/6106 6275/6076/6112 5832/6075/6111
f 6276/6081/6117 5835/6077/6113 5832/6075/6111 6275/6076/6112
f 6277/6504/6118 5834/6078/6114 5835/6077/6113 6276/6081/6117
f 5834/6503/6114 6277/6082/6118 6278/6083/6119 5747/6222/6258
f 5747/6222/6258 6278/6083/6119 6279/5932/5968 5947/6198/6234
f 6280/5931/5967 5748/6168/6204 5947/6198/6234 6279/5932/5968
f 5748/6168/6204 6280/5931/5967 6281/5936/5972 5751/6163/6199
f 6282/4007/4043 3912/4028/4064 80/878/896 3179/853/871
f 6283/4022/4058 3914/4027/4063 3912/4028/4064 6282/4007/4043
f 3915/4026/4062 3914/4027/4063 6283/4022/4058 6284/4020/4056
f 6285/4016/4052 3916/4024/4060 3915/4026/4062 6284/4020/4056
f 3917/4025/4061 3916/4024/4060 6285/4016/4052 6286/4019/4055
f 6287/4014/4050 3923/4013/4049 3917/4025/4061 6286/4019/4055
f 6288/3918/3954 3860/3986/4022 3923/4013/4049 6287/4014/4050
f 6289/3910/3946 3856/3987/4023 3860/3986/4022 6288/3918/3954
f 3857/3989/4025 3856/3987/4023 6289/3910/3946 6290/6721/3949
f 4904/3990/4026 3857/6720/4025 6290/3913/3949 6291/3915/3951
f 6292/3928/3964 3858/3993/4029 4904/3990/4026 6291/3915/3951
f 3865/3985/4021 3858/3993/4029 6292/3928/3964 6293/3931/3967
f 6294/3933/3969 3866/3965/4001 3865/3985/4021 6293/3931/3967
f 3878/3960/3996 3866/3965/4001 6294/3933/3969 6295/3950/3986
f 6296/3948/3984 3873/3961/3997 3878/3960/3996 6295/3950/3986
f 6297/3947/3983 3874/3964/4000 3873/3961/3997 6296/3948/3984
f 6298/3977/4013 3894/3974/4010 3874/3964/4000 6297/3947/3983
f 3197/818/836 72/816/834 3894/3974/4010 6298/3977/4013
f 5044/5100/5136 4925/4987/5023 6299/4995/5031 6300/5099/5135
f 6301/5098/5134 5043/5103/5139 5044/5100/5136 6300/5099/5135
f 6302/5097/5133 5042/5105/5141 5043/5103/5139 6301/5098/5134
f 6303/5096/5132 5041/5107/5143 5042/5105/5141 6302/5097/5133
f 6304/5095/5131 5040/5109/5145 5041/5107/5143 6303/5096/5132
f 6305/5094/5130 5039/5111/5147 5040/5109/5145 6304/5095/5131
f 6306/6904/5129 5038/5113/5149 5039/5111/5147 6305/5094/5130
f 6307/5091/5127 5037/5115/5151 5038/6905/5149 6306/5093/5129
f 6308/5090/5126 5036/5124/5160 5037/5115/5151 6307/5091/5127
f 6309/5089/5125 5035/5125/5161 5036/5124/5160 6308/5090/5126
f 6310/5088/5124 5034/5122/5158 5035/5125/5161 6309/5089/5125
f 6311/5087/5123 5033/5120/5156 5034/5122/5158 6310/5088/5124
f 6312/5086/5122 5032/5118/5154 5033/5120/5156 6311/5087/5123
f 5031/5116/5152 5032/5118/5154 6312/5086/5122 6313/5085/5121
f 6314/4996/5032 4926/4990/5026 5031/5116/5152 6313/5085/5121
f 6299/4995/5031 4925/4987/5023 4926/4990/5026 6314/4996/5032
f 3215/3215/3233 6033/6256/6292 6003/6259/6295 3214/3216/3234
f 3214/3216/3234 6003/6259/6295 6057/6294/6330 3216/3217/3235
f 114/3168/3186 3216/3217/3235 6057/6294/6330 6027/6290/6326
f 3217/3177/3195 6016/6265/6301 6047/6264/6300 3218/3218/3236
f 3/7252/3237 3218/3218/3236 6047/6264/6300 3341/7241/6368
f 3341/7241/6368 6047/6264/6300 6046/6254/6290 3698/6333/6369
f 3698/6333/6369 6046/6254/6290 6045/6250/6286 3286/6334/6370
f 3286/6334/6370 6045/6250/6286 6044/6247/6283 3232/6335/6371
f 3232/6335/6371 6044/6247/6283 6043/6246/6282 3234/7245/6372
f 3234/7245/6372 6043/6246/6282 6042/6243/6279 3359/6337/6373
f 3359/6337/6373 6042/6243/6279 6041/6242/6278 3230/6338/6374
f 3230/6338/6374 6041/6242/6278 6040/6260/6296 3333/7248/6375
f 3333/7248/6375 6040/6260/6296 6039/7273/6298 3350/6340/6376
f 3350/7272/6376 6039/6262/6298 6038/6240/6276 3353/6341/6377
f 3353/6341/6377 6038/6240/6276 6037/6237/6273 3227/6342/6378
f 3227/6342/6378 6037/6237/6273 6036/6236/6272 3225/6343/6379
f 3225/6343/6379 6036/6236/6272 6035/6252/6288 3285/7251/6380
f 3285/7251/6380 6035/6252/6288 6034/6257/6293 3372/7243/6381
f 3372/7243/6381 6034/6257/6293 6033/6256/6292 3297/6346/6382
f 3297/6346/6382 6033/6256/6292 3215/3215/3233 2972/7253/3253
f 6315/6347/6383 6212/5934/5970 5750/6188/6224 6211/6176/6212
f 6315/6347/6383 6211/6176/6212 5752/6164/6200 6316/6348/6384
f 5751/6163/6199 6281/5936/5972 6316/6348/6384 5752/6164/6200
f 5683/5820/5856 6317/6349/6385 6239/5864/5900 5682/5821/5857
f 6317/6349/6385 5709/5866/5902 5708/5865/5901 6239/5864/5900
f 6212/5934/5970 6315/6347/6383 6317/6349/6385 5683/5820/5856
f 6315/6347/6383 6316/6348/6384 5709/5866/5902 6317/6349/6385
f 6281/5936/5972 5707/5863/5899 5709/5866/5902 6316/6348/6384
f 3222/3239/3257 5245/5310/5346 5246/5311/5347 3223/3240/3258
f 3223/3240/3258 5246/5311/5347 5272/5337/5373 3224/3241/3259
f 6318/6350/6386 3053/2213/2231 2165/2216/2234 3224/3241/3259
f 6156/5336/5372 6318/6350/6386 3224/3241/3259 5272/5337/5373
f 105/2196/2214 2149/2195/2213 3053/2213/2231 6318/6350/6386
f 5256/5327/5363 105/2196/2214 6318/6350/6386 6156/5336/5372
f 3222/3239/3257 2138/2177/2195 2137/2175/2193 103/2176/2194
f 5245/5310/5346 3222/3239/3257 103/2176/2194 5244/5309/5345
f 6320/3333/3351 6319/105/105 3/3219/3237 3341/6332/6368
f 6321/3431/3449 6320/3333/3351 3341/6332/6368 3698/7240/6369
f 3698/7240/6369 3286/7249/6370 6322/3259/3277 6321/3431/3449
f 6323/3252/3270 6322/3259/3277 3286/7249/6370 3232/7254/6371
f 3232/7254/6371 3234/6336/6372 6324/3253/3271 6323/3252/3270
f 3234/6336/6372 3359/7244/6373 6325/3256/3274 6324/3253/3271
f 3359/7244/6373 3230/7255/6374 6326/3248/3266 6325/3256/3274
f 3230/7255/6374 3333/6339/6375 6327/3249/3267 6326/3248/3266
f 3333/6339/6375 3350/7247/6376 6328/3441/3459 6327/3249/3267
f 3350/7247/6376 3353/7246/6377 6329/3419/3437 6328/3441/3459
f 3353/7246/6377 3227/7250/6378 6330/3247/3265 6329/3419/3437
f 6331/3242/3260 6330/3247/3265 3227/7250/6378 3225/7256/6379
f 3225/7256/6379 3285/6344/6380 6332/3243/3261 6331/3242/3260
f 3285/6344/6380 3372/6345/6381 6333/3347/3365 6332/3243/3261
f 3372/6345/6381 3297/7242/6382 6334/3331/3349 6333/3347/3365
f 3297/7242/6382 2972/3235/3253 6335/98/98 6334/3331/3349
f 190/7259/3252 6336/99/99 6335/98/98 2972/3235/3253
f 265/3233/3251 6337/122/122 6336/99/99 190/7259/3252
f 178/3232/3250 6338/1/1 6337/122/122 265/3233/3251
f 118/7271/3249 6339/2/2 6338/1/1 178/3232/3250
f 6340/6/6 6339/2/2 118/7271/3249 120/7267/3248
f 246/7263/3247 6341/202/202 6340/6/6 120/7267/3248
f 243/7264/3246 6342/224/224 6341/202/202 246/7263/3247
f 226/3227/3245 6343/7/7 6342/224/224 243/7264/3246
f 123/7270/3244 6344/8/8 6343/7/7 226/3227/3245
f 252/7261/3243 6345/15/15 6344/8/8 123/7270/3244
f 127/3224/3242 6346/11/11 6345/15/15 252/7261/3243
f 125/7269/3241 6347/12/12 6346/11/11 127/3224/3242
f 6348/18/18 6347/12/12 125/7269/3241 179/7266/3240
f 591/7257/3239 6349/214/214 6348/18/18 179/7266/3240
f 6350/104/104 6349/214/214 591/7257/3239 234/3220/3238
f 6319/105/105 6350/104/104 234/3220/3238 3/3219/3237
f 136/42/42 139/41/41 6423/6351/6387 6424/6352/6388
f 286/45/45 136/42/42 6424/6352/6388 6425/6353/6389
f 142/49/49 140/48/48 6427/6354/6390 6428/6355/6391
f 145/51/51 142/49/49 6428/6355/6391 6429/6356/6392
f 173/53/53 145/51/51 6429/6356/6392 6430/6357/6393
f 148/56/56 146/55/55 6431/6358/6394 6432/6359/6395
f 150/59/59 148/56/56 6432/6359/6395 6433/6360/6396
f 376/61/61 150/59/59 6433/6360/6396 6434/6361/6397
f 154/66/66 152/65/65 6435/6362/6398 6436/6363/6399
f 156/68/68 154/66/66 6436/6363/6399 6437/6364/6400
f 158/72/72 459/71/71 6438/6365/6401 6439/6366/6402
f 160/74/74 158/72/72 6439/6366/6402 6440/6367/6403
f 139/41/41 160/74/74 6440/6367/6403 6423/6351/6387
f 146/55/55 173/53/53 6430/6357/6393 6431/6358/6394
f 140/48/48 293/257/257 6426/6368/6404 6427/6354/6390
f 293/257/257 286/45/45 6425/6353/6389 6426/6368/6404
f 152/65/65 376/61/61 6434/6361/6397 6435/6362/6398
f 459/71/71 156/68/68 6437/6364/6400 6438/6365/6401
f 6441/6369/6405 6442/6370/6406 6370/6371/6407 6369/6372/6408
f 6442/6370/6406 6443/6373/6409 6371/6374/6410 6370/6371/6407
f 6445/6375/6411 6446/6376/6412 6373/6377/6413 6372/6378/6414
f 6446/6376/6412 6447/6379/6415 6374/6380/6416 6373/6377/6413
f 6447/6379/6415 6448/6381/6417 6375/6382/6418 6374/6380/6416
f 6449/6383/6419 6450/6384/6420 6377/6385/6421 6376/6386/6422
f 6450/6384/6420 6451/6387/6423 6378/6388/6424 6377/6385/6421
f 6451/6387/6423 6452/6389/6425 6379/6390/6426 6378/6388/6424
f 6453/6391/6427 6454/6392/6428 6381/6393/6429 6380/6394/6430
f 6454/6392/6428 6455/6395/6431 6382/6396/6432 6381/6393/6429
f 6456/6397/6433 6457/6398/6434 6384/6399/6435 6383/6400/6436
f 6457/6398/6434 6458/6401/6437 6385/6402/6438 6384/6399/6435
f 6458/6401/6437 6441/6369/6405 6369/6372/6408 6385/6402/6438
f 6448/6381/6417 6449/6383/6419 6376/6386/6422 6375/6382/6418
f 6444/6403/6439 6445/6375/6411 6372/6378/6414 6386/6404/6440
f 6443/6373/6409 6444/6403/6439 6386/6404/6440 6371/6374/6410
f 6452/6389/6425 6453/6391/6427 6380/6394/6430 6379/6390/6426
f 6455/6395/6431 6456/6397/6433 6383/6400/6436 6382/6396/6432
f 6352/6405/6441 6351/6406/6442 6387/6407/6443 6388/6408/6444
f 6353/6409/6445 6352/6405/6441 6388/6408/6444 6389/6410/6446
f 6355/6411/6447 6354/6412/6448 6390/6413/6449 6391/6414/6450
f 6356/6415/6451 6355/6411/6447 6391/6414/6450 6392/6416/6452
f 6357/6417/6453 6356/6415/6451 6392/6416/6452 6393/6418/6454
f 6359/6419/6455 6358/6420/6456 6394/6421/6457 6395/6422/6458
f 6360/6423/6459 6359/6419/6455 6395/6422/6458 6396/6424/6460
f 6361/6425/6461 6360/6423/6459 6396/6424/6460 6397/6426/6462
f 6363/6427/6463 6362/6428/6464 6398/6429/6465 6399/6430/6466
f 6364/6431/6467 6363/6427/6463 6399/6430/6466 6400/6432/6468
f 6366/6433/6469 6365/6434/6470 6401/6435/6471 6402/6436/6472
f 6367/6437/6473 6366/6433/6469 6402/6436/6472 6403/6438/6474
f 6351/6406/6442 6367/6437/6473 6403/6438/6474 6387/6407/6443
f 6358/6420/6456 6357/6417/6453 6393/6418/6454 6394/6421/6457
f 6354/6412/6448 6368/6439/6475 6404/6440/6476 6390/6413/6449
f 6368/6439/6475 6353/6409/6445 6389/6410/6446 6404/6440/6476
f 6362/6428/6464 6361/6425/6461 6397/6426/6462 6398/6429/6465
f 6365/6434/6470 6364/6431/6467 6400/6432/6468 6401/6435/6471
f 6369/6372/6408 6370/6371/6407 6406/6441/6477 6405/6442/6478
f 6370/6371/6407 6371/6374/6410 6407/6443/6479 6406/6441/6477
f 6372/6378/6414 6373/6377/6413 6409/6444/6480 6408/6445/6481
f 6373/6377/6413 6374/6380/6416 6410/6446/6482 6409/6444/6480
f 6374/6380/6416 6375/6382/6418 6411/6447/6483 6410/6446/6482
f 6376/6386/6422 6377/6385/6421 6413/6448/6484 6412/6449/6485
f 6377/6385/6421 6378/6388/6424 6414/6450/6486 6413/6448/6484
f 6378/6388/6424 6379/6390/6426 6415/6451/6487 6414/6450/6486
f 6380/6394/6430 6381/6393/6429 6417/6452/6488 6416/6453/6489
f 6381/6393/6429 6382/6396/6432 6418/6454/6490 6417/6452/6488
f 6383/6400/6436 6384/6399/6435 6420/6455/6491 6419/6456/6492
f 6384/6399/6435 6385/6402/6438 6421/6457/6493 6420/6455/6491
f 6385/6402/6438 6369/6372/6408 6405/6442/6478 6421/6457/6493
f 6375/6382/6418 6376/6386/6422 6412/6449/6485 6411/6447/6483
f 6386/6404/6440 6372/6378/6414 6408/6445/6481 6422/6458/6494
f 6371/6374/6410 6386/6404/6440 6422/6458/6494 6407/6443/6479
f 6379/6390/6426 6380/6394/6430 6416/6453/6489 6415/6451/6487
f 6382/6396/6432 6383/6400/6436 6419/6456/6492 6418/6454/6490
f 6424/6352/6388 6423/6351/6387 6351/6406/6442 6352/6405/6441
f 6425/6353/6389 6424/6352/6388 6352/6405/6441 6353/6409/6445
f 6426/6368/6404 6425/6353/6389 6353/6409/6445 6368/6439/6475
f 6427/6354/6390 6426/6368/6404 6368/6439/6475 6354/6412/6448
f 6428/6355/6391 6427/6354/6390 6354/6412/6448 6355/6411/6447
f 6429/6356/6392 6428/6355/6391 6355/6411/6447 6356/6415/6451
f 6430/6357/6393 6429/6356/6392 6356/6415/6451 6357/6417/6453
f 6431/6358/6394 6430/6357/6393 6357/6417/6453 6358/6420/6456
f 6432/6359/6395 6431/6358/6394 6358/6420/6456 6359/6419/6455
f 6433/6360/6396 6432/6359/6395 6359/6419/6455 6360/6423/6459
f 6434/6361/6397 6433/6360/6396 6360/6423/6459 6361/6425/6461
f 6435/6362/6398 6434/6361/6397 6361/6425/6461 6362/6428/6464
f 6436/6363/6399 6435/6362/6398 6362/6428/6464 6363/6427/6463
f 6437/6364/6400 6436/6363/6399 6363/6427/6463 6364/6431/6467
f 6438/6365/6401 6437/6364/6400 6364/6431/6467 6365/6434/6470
f 6439/6366/6402 6438/6365/6401 6365/6434/6470 6366/6433/6469
f 6440/6367/6403 6439/6366/6402 6366/6433/6469 6367/6437/6473
f 6423/6351/6387 6440/6367/6403 6367/6437/6473 6351/6406/6442
f 3246/3275/3293 3243/3278/3296 6442/6370/6406 6441/6369/6405
f 3243/3278/3296 3393/3280/3298 6443/6373/6409 6442/6370/6406
f 3393/3280/3298 3400/3472/3490 6444/6403/6439 6443/6373/6409
f 3400/3472/3490 3247/3284/3302 6445/6375/6411 6444/6403/6439
f 3247/3284/3302 3249/3283/3301 6446/6376/6412 6445/6375/6411
f 3249/3283/3301 3252/3285/3303 6447/6379/6415 6446/6376/6412
f 3252/3285/3303 3280/3288/3306 6448/6381/6417 6447/6379/6415
f 3280/3288/3306 3253/3289/3307 6449/6383/6419 6448/6381/6417
f 3253/3289/3307 3255/3292/3310 6450/6384/6420 6449/6383/6419
f 3255/3292/3310 3257/3294/3312 6451/6387/6423 6450/6384/6420
f 3257/3294/3312 3483/3296/3314 6452/6389/6425 6451/6387/6423
f 3483/3296/3314 3259/3299/3317 6453/6391/6427 6452/6389/6425
f 3259/3299/3317 3261/3298/3316 6454/6392/6428 6453/6391/6427
f 3261/3298/3316 3263/3302/3320 6455/6395/6431 6454/6392/6428
f 3263/3302/3320 3566/3305/3323 6456/6397/6433 6455/6395/6431
f 3566/3305/3323 3265/3304/3322 6457/6398/6434 6456/6397/6433
f 3265/3304/3322 3267/3308/3326 6458/6401/6437 6457/6398/6434
f 3267/3308/3326 3246/3275/3293 6441/6369/6405 6458/6401/6437
f 295/258/258 294/87/87 6460/7289/264 6459/7288/263
f 6461/7290/280 6460/7289/264 294/87/87 309/86/86
f 6462/7291/279 6461/7290/280 309/86/86 308/92/92
f 6463/7292/278 6462/7291/279 308/92/92 307/93/93
f 6464/7293/277 6463/7292/278 307/93/93 306/94/94
f 306/94/94 305/95/95 6465/7294/276 6464/7293/277
f 305/95/95 304/190/190 6466/7295/274 6465/7294/276
f 378/191/191 6467/7296/275 6466/7295/274 304/190/190
f 6468/7297/273 6467/7296/275 378/191/191 303/187/187
f 303/187/187 302/182/182 6469/7298/271 6468/7297/273
f 302/182/182 301/181/181 6470/7299/272 6469/7298/271
f 457/180/180 6471/7300/270 6470/7299/272 301/181/181
f 6472/7301/269 6471/7300/270 457/180/180 300/173/173
f 300/173/173 299/168/168 6473/7302/268 6472/7301/269
f 299/168/168 298/85/85 6474/7303/267 6473/7302/268
f 6475/7304/266 6474/7303/267 298/85/85 297/84/84
f 297/84/84 296/83/83 6476/7305/265 6475/7304/266
f 296/83/83 295/258/258 6459/7288/263 6476/7305/265
f 6478/7307/3497 6477/7306/3496 3398/3475/3493 3242/3269/3287
f 3242/3269/3287 3274/3272/3290 6479/7308/3513 6478/7307/3497
f 3274/3272/3290 3240/3267/3285 6480/7309/3512 6479/7308/3513
f 3240/3267/3285 3279/3323/3341 6481/7310/3511 6480/7309/3512
f 3279/3323/3341 3276/3322/3340 6482/7311/3510 6481/7310/3511
f 6483/7312/3509 6482/7311/3510 3276/3322/3340 3282/3330/3348
f 6484/7313/3507 6483/7312/3509 3282/3330/3348 3325/3410/3428
f 6485/7314/3508 6484/7313/3507 3325/3410/3428 3486/3412/3430
f 3323/3405/3423 6486/7315/3506 6485/7314/3508 3486/3412/3430
f 6487/7316/3504 6486/7315/3506 3323/3405/3423 3321/3400/3418
f 6488/7317/3505 6487/7316/3504 3321/3400/3418 3319/3403/3421
f 6489/7318/3503 6488/7317/3505 3319/3403/3421 3563/3396/3414
f 3315/3392/3410 6490/7319/3502 6489/7318/3503 3563/3396/3414
f 6491/7320/3501 6490/7319/3502 3315/3392/3410 3313/3384/3402
f 6492/7321/3500 6491/7320/3501 3313/3384/3402 3273/3341/3359
f 3272/3312/3330 6493/7322/3499 6492/7321/3500 3273/3341/3359
f 6494/7323/3498 6493/7322/3499 3272/3312/3330 3395/3315/3333
f 6477/7306/3496 6494/7323/3498 3395/3315/3333 3398/3475/3493
